thread_id,thread_title,comment_count,pair_count,mean_disagree_probability,hard_disagree_rate,self_bleu_2,self_bleu_3,self_bleu_4,self_bertscore_mean_precision,self_bertscore_mean_recall,self_bertscore_mean_f1,self_bertscore_median_f1,self_bertscore_top_k_mean_f1,semantic_mean_cosine,semantic_median_cosine,semantic_top_k_mean_cosine,semantic_p90_cosine,story_count,not_story_count,story_rate,mean_story_probability,emotion_entropy,emotion_entropy_normalized,avg_labels_per_comment,emotion_shift_rate,dominant_emotion,dominant_emotion_share,polite_rate,somewhat_polite_rate,neutral_rate,impolite_rate,length_std,length_iqr,length_cv,max_depth,avg_depth,avg_branching_factor,structural_virality,toxicity_mean,toxicity_max,toxicity_p90,severe_toxicity_mean,severe_toxicity_max,severe_toxicity_p90,obscene_mean,obscene_max,obscene_p90,threat_mean,threat_max,threat_p90,insult_mean,insult_max,insult_p90,identity_attack_mean,identity_attack_max,identity_attack_p90,aggression_score_mean,aggression_score_max,aggression_score_p90
0_1,Is the Wyndham Rewards Earner Plus Card actually worth it for someone who only stays at Wyndham prop,14,91,0.31981532488550457,0.21428571428571427,0.06475084464864972,0.04238738956653569,0.03371697052711709,0.5199060171515077,0.5251349361388238,0.5212411182922322,0.5251202583312988,0.6126489639282227,0.3610836863517761,0.369733065366745,0.7121090888977051,0.6569548845291138,2,12,0.14285714285714285,0.1407378808196102,1.4003265762311883,0.42024028595938745,1.0,0.7692307692307693,neutral,0.42857142857142855,0.5714285714285714,0.14285714285714285,0.0,0.2857142857142857,21.270968046439567,27.5,0.5161066770366619,1.0,1.0,0.0,0.0,0.002021146102509062,0.01698586717247963,0.003360421280376611,2.8517869249558965e-06,1.4319097317638807e-05,5.857618702975739e-06,0.0004112276298785998,0.005041874945163727,0.00016424242494395,3.6626253729212165e-05,0.00017458212096244097,4.745063160953577e-05,0.0003780780430783385,0.0019093806622549891,0.0012511473323684175,0.00011619954602792859,0.0003183920925948769,0.00020596352114807812,0.0004943548936913496,0.004074069348462217,0.0008351648019583985
0_2,Blue Cash Preferred vs Blue Cash Everyday - can someone talk me into or out of the $95 AF? So I'm lo,18,153,0.3047347284025616,0.05555555555555555,0.068243719373824,0.04259416241859277,0.03331212525646846,0.5006924628042707,0.5129334024744097,0.5059612738151177,0.5026770234107971,0.6209315061569214,0.3434210419654846,0.32965725660324097,0.7121090888977051,0.5916843414306641,2,16,0.1111111111111111,0.11427675280719995,1.4750080554560212,0.4426523194935796,0.8888888888888888,0.8235294117647058,neutral,0.4444444444444444,0.5,0.1111111111111111,0.05555555555555555,0.3333333333333333,14.852048119142806,11.0,0.34406289079095304,1.0,1.0,0.0,0.0,0.0016720959861736952,0.01698586717247963,0.0020557505777105715,2.5186865476219586e-06,1.4319097317638807e-05,3.638792236415615e-06,0.000326614260605614,0.005041874945163727,0.00014764582010684538,3.2799550859231706e-05,0.00017458212096244097,4.3391827421146456e-05,0.00032075326089398004,0.0019093806622549891,0.0006945369241293531,0.00010615570742326479,0.0003183920925948769,0.00020481204555835577,0.0004101562420839013,0.004074069348462217,0.0005192403030794902
100_1,"Thinking about the Wells Fargo Reflect Card for a big balance transfer — worth it? Hey everyone, lon",15,105,0.3279838263988495,0.4,0.06268981540329763,0.040426237669526265,0.03204842482341833,0.5091896576540811,0.5317568205651783,0.5180976921603793,0.5209728479385376,0.6195354461669922,0.35433244705200195,0.35629531741142273,0.7121090888977051,0.6485700607299805,2,13,0.13333333333333333,0.13290595250825088,1.3605138827424867,0.4082924318084403,0.9333333333333333,0.7857142857142857,neutral,0.4666666666666667,0.5333333333333333,0.13333333333333333,0.06666666666666667,0.26666666666666666,19.132752604427367,22.5,0.4584525384447452,1.0,1.0,0.0,0.0,0.001913214756253486,0.01698586717247963,0.0030342536047101008,2.7520908133737977e-06,1.4319097317638807e-05,5.302912086335707e-06,0.00038561977174443504,0.005041874945163727,0.00016009327373467386,3.5565574580687095e-05,0.00017458212096244097,4.643593056243844e-05,0.00035991208957663424,0.0019093806622549891,0.0011119947303086515,0.00011350121106564377,0.0003183920925948769,0.00020567565225064753,0.00046842758233904335,0.004074069348462217,0.0007561836772386715
100_2,OpenSky Secured Visa — is it actually worth it or just a predatory fee trap? Looking at the OpenSky ,17,136,0.32040883513057933,0.23529411764705882,0.06932570364710897,0.04536957661417456,0.03602857355860847,0.5173943378031254,0.5317865581635166,0.523329754743506,0.5229968726634979,0.6042168736457825,0.34991002082824707,0.35084736347198486,0.7121090888977051,0.6120748519897461,2,15,0.11764705882352941,0.11955982205622337,1.334592953237241,0.4005135186516717,0.8823529411764706,0.8125,neutral,0.47058823529411764,0.5294117647058824,0.11764705882352941,0.058823529411764705,0.29411764705882354,21.359017122909645,21.0,0.5172411553980968,1.0,1.0,0.0,0.0,0.001749324266497484,0.01698586717247963,0.0023819182533770813,2.5868218926916597e-06,1.4319097317638807e-05,4.1934988530556455e-06,0.0003443004530067008,0.005041874945163727,0.00015179497131612152,3.3665129462058434e-05,0.00017458212096244097,4.440652846824378e-05,0.0003338943073793095,0.0019093806622549891,0.0008336895261891192,0.00010827629226054448,0.0003183920925948769,0.00020509991445578636,0.00042867454508313145,0.004074069348462217,0.0005982214277992174
101_1,Venture X Business vs Amex Platinum for Business Travel - Is Venture X Business actually better now?,16,120,0.3064427077770233,0.125,0.05889407620460088,0.0406447765510128,0.03314233561681035,0.5118526178101699,0.5128674410283566,0.5092984507481257,0.5084783136844635,0.6658577919006348,0.35778364539146423,0.36365675926208496,0.7121090888977051,0.6220158934593201,2,14,0.125,0.12568000587634742,1.3686896376228386,0.41074598916225413,0.9375,0.8,neutral,0.4375,0.5625,0.125,0.0625,0.25,33.25041118166811,26.25,0.7676862610486145,1.0,1.0,0.0,0.0,0.001819422253902303,0.01698586717247963,0.002708085929043591,2.668427519836314e-06,1.4319097317638807e-05,4.748205469695677e-06,0.00036350332584333955,0.005041874945163727,0.0001559441225253977,3.451611610216787e-05,0.00017458212096244097,4.542122951534111e-05,0.00034417379310980323,0.0019093806622549891,0.0009728421282488853,0.00011073922814830439,0.0003183920925948769,0.00020538778335321695,0.00044583719077095907,0.004074069348462217,0.0006772025525189443
101_2,Delta Reserve Amex — is the $650 annual fee EVER worth it? I live in Atlanta and feel like I have no,16,120,0.32798086665570736,0.25,0.054144464239068275,0.03411419012556867,0.02680421645735772,0.5114628816644351,0.49864808693528173,0.5025271038214366,0.5046371519565582,0.5888078212738037,0.35778364539146423,0.36365675926208496,0.7121090888977051,0.6220158934593201,2,14,0.125,0.12568000587634742,1.3686896376228386,0.41074598916225413,0.9375,0.8,neutral,0.4375,0.5625,0.125,0.0625,0.25,30.777363333300663,28.5,0.5968943191912855,1.0,1.0,0.0,0.0,0.001819422253902303,0.01698586717247963,0.002708085929043591,2.668427519836314e-06,1.4319097317638807e-05,4.748205469695677e-06,0.00036350332584333955,0.005041874945163727,0.0001559441225253977,3.451611610216787e-05,0.00017458212096244097,4.542122951534111e-05,0.00034417379310980323,0.0019093806622549891,0.0009728421282488853,0.00011073922814830439,0.0003183920925948769,0.00020538778335321695,0.00044583719077095907,0.004074069348462217,0.0006772025525189443
102_1,"College sophomore here, just got approved for the Discover it Student Chrome! Some thoughts and a fe",17,136,0.32289717127295103,0.23529411764705882,0.06399253406889342,0.043709881071099035,0.03605674118458735,0.5176235746373149,0.513435718110379,0.5144777762539247,0.513177752494812,0.6114494800567627,0.34991002082824707,0.35084736347198486,0.7121090888977051,0.6120748519897461,2,15,0.11764705882352941,0.11955982205622337,1.334592953237241,0.4005135186516717,0.8823529411764706,0.8125,neutral,0.47058823529411764,0.5294117647058824,0.11764705882352941,0.058823529411764705,0.29411764705882354,11.889048783181023,12.0,0.32971260899523225,1.0,1.0,0.0,0.0,0.001749324266497484,0.01698586717247963,0.0023819182533770813,2.5868218926916597e-06,1.4319097317638807e-05,4.1934988530556455e-06,0.0003443004530067008,0.005041874945163727,0.00015179497131612152,3.3665129462058434e-05,0.00017458212096244097,4.440652846824378e-05,0.0003338943073793095,0.0019093806622549891,0.0008336895261891192,0.00010827629226054448,0.0003183920925948769,0.00020509991445578636,0.00042867454508313145,0.004074069348462217,0.0005982214277992174
102_2,Is the Delta SkyMiles Gold Amex actually worth it in 2024? Looking at the benefits and I'm on the fe,19,171,0.3155495900856821,0.10526315789473684,0.07338521479957526,0.045940688942167414,0.03621650567217104,0.5205619561741923,0.5257505774497986,0.522034799320656,0.5170505046844482,0.6140896677970886,0.3310185372829437,0.3201761841773987,0.7121090888977051,0.5569981932640076,3,16,0.15789473684210525,0.15733224398603565,1.485181756934977,0.4457054638752913,0.8947368421052632,0.8333333333333334,neutral,0.42105263157894735,0.47368421052631576,0.10526315789473684,0.05263157894736842,0.3684210526315789,27.34472658525151,17.5,0.6207285604776328,1.0,1.0,0.0,0.0,0.0016068161578579364,0.01698586717247963,0.0017295829020440555,2.4622015165445383e-06,1.4319097317638807e-05,3.0840856197755746e-06,0.0003110891970879349,0.005041874945163727,0.00014349666889756915,3.1995172704275896e-05,0.00017458212096244097,4.23771263740491e-05,0.00030904844109165043,0.0019093806622549891,0.0005553843220695843,0.0001042831714393718,0.0003183920925948769,0.00020452417666092513,0.00039428239028295236,0.004074069348462217,0.0004402591783597618
103_1,"Is the Discover it® Chrome actually worth it for road trips, or is the marketing overselling it? Bee",15,105,0.31102784276008605,0.06666666666666667,0.06461073871668188,0.04379367495391096,0.03560445963458884,0.5061168080284482,0.5140967096601213,0.5086204103061132,0.5088547468185425,0.6092764139175415,0.35433244705200195,0.35629531741142273,0.7121090888977051,0.6485700607299805,2,13,0.13333333333333333,0.13290595250825088,1.3605138827424867,0.4082924318084403,0.9333333333333333,0.7857142857142857,neutral,0.4666666666666667,0.5333333333333333,0.13333333333333333,0.06666666666666667,0.26666666666666666,18.612540575285973,16.0,0.487239282075549,1.0,1.0,0.0,0.0,0.001913214756253486,0.01698586717247963,0.0030342536047101008,2.7520908133737977e-06,1.4319097317638807e-05,5.302912086335707e-06,0.00038561977174443504,0.005041874945163727,0.00016009327373467386,3.5565574580687095e-05,0.00017458212096244097,4.643593056243844e-05,0.00035991208957663424,0.0019093806622549891,0.0011119947303086515,0.00011350121106564377,0.0003183920925948769,0.00020567565225064753,0.00046842758233904335,0.004074069348462217,0.0007561836772386715
103_2,Got a Synchrony Premier World Mastercard pre-approval in the mail. Can't find much info online — is ,18,153,0.30910784502824146,0.05555555555555555,0.06404842626564665,0.042707215068517976,0.03434137458924566,0.510171120462854,0.530919084751528,0.5192004572721868,0.5189281105995178,0.6141178011894226,0.3434210419654846,0.32965725660324097,0.7121090888977051,0.5916843414306641,2,16,0.1111111111111111,0.11427675280719995,1.4750080554560212,0.4426523194935796,0.8888888888888888,0.8235294117647058,neutral,0.4444444444444444,0.5,0.1111111111111111,0.05555555555555555,0.3333333333333333,25.914388967435748,30.25,0.6026602085450175,1.0,1.0,0.0,0.0,0.0016720959861736952,0.01698586717247963,0.0020557505777105715,2.5186865476219586e-06,1.4319097317638807e-05,3.638792236415615e-06,0.000326614260605614,0.005041874945163727,0.00014764582010684538,3.2799550859231706e-05,0.00017458212096244097,4.3391827421146456e-05,0.00032075326089398004,0.0019093806622549891,0.0006945369241293531,0.00010615570742326479,0.0003183920925948769,0.00020481204555835577,0.0004101562420839013,0.004074069348462217,0.0005192403030794902
104_1,Finally got approved for the Capital One Quicksilver Secured after months of rebuilding. Some though,15,105,0.32236507137616477,0.13333333333333333,0.08839831067288956,0.05918390784700843,0.04810476045455045,0.5122951229413351,0.5281924701872326,0.5195051153500875,0.5180322527885437,0.6058832406997681,0.35433244705200195,0.35629531741142273,0.7121090888977051,0.6485700607299805,2,13,0.13333333333333333,0.13290595250825088,1.3605138827424867,0.4082924318084403,0.9333333333333333,0.7857142857142857,neutral,0.4666666666666667,0.5333333333333333,0.13333333333333333,0.06666666666666667,0.26666666666666666,7.453559924999299,12.5,0.2378795720744457,1.0,1.0,0.0,0.0,0.001913214756253486,0.01698586717247963,0.0030342536047101008,2.7520908133737977e-06,1.4319097317638807e-05,5.302912086335707e-06,0.00038561977174443504,0.005041874945163727,0.00016009327373467386,3.5565574580687095e-05,0.00017458212096244097,4.643593056243844e-05,0.00035991208957663424,0.0019093806622549891,0.0011119947303086515,0.00011350121106564377,0.0003183920925948769,0.00020567565225064753,0.00046842758233904335,0.004074069348462217,0.0007561836772386715
104_2,Citi Simplicity vs Citi Diamond Preferred — am I missing something or are these basically the same c,17,136,0.3155963228029363,0.11764705882352941,0.06979222788261068,0.04652093001433094,0.037699938018824264,0.5186708788661396,0.5256378370172837,0.5213584753082079,0.5168905258178711,0.6765878200531006,0.34991002082824707,0.35084736347198486,0.7121090888977051,0.6120748519897461,2,15,0.11764705882352941,0.11955982205622337,1.334592953237241,0.4005135186516717,0.8823529411764706,0.8125,neutral,0.47058823529411764,0.5294117647058824,0.11764705882352941,0.058823529411764705,0.29411764705882354,16.867076507094932,15.0,0.4459413695499438,1.0,1.0,0.0,0.0,0.001749324266497484,0.01698586717247963,0.0023819182533770813,2.5868218926916597e-06,1.4319097317638807e-05,4.1934988530556455e-06,0.0003443004530067008,0.005041874945163727,0.00015179497131612152,3.3665129462058434e-05,0.00017458212096244097,4.440652846824378e-05,0.0003338943073793095,0.0019093806622549891,0.0008336895261891192,0.00010827629226054448,0.0003183920925948769,0.00020509991445578636,0.00042867454508313145,0.004074069348462217,0.0005982214277992174
106_1,Title: Pulled the trigger on the Delta SkyMiles® Gold Amex — am I crazy or is this actually a solid ,18,153,0.31725122531255084,0.2222222222222222,0.06094701471367076,0.04279431655175548,0.03608263408234096,0.5020444040594537,0.5194537951276194,0.5093264439526726,0.5143486857414246,0.6271470189094543,0.3434210419654846,0.32965725660324097,0.7121090888977051,0.5916843414306641,2,16,0.1111111111111111,0.11427675280719995,1.4750080554560212,0.4426523194935796,0.8888888888888888,0.8235294117647058,neutral,0.4444444444444444,0.5,0.1111111111111111,0.05555555555555555,0.3333333333333333,23.991317874042128,8.25,0.6695251499732686,1.0,1.0,0.0,0.0,0.0016720959861736952,0.01698586717247963,0.0020557505777105715,2.5186865476219586e-06,1.4319097317638807e-05,3.638792236415615e-06,0.000326614260605614,0.005041874945163727,0.00014764582010684538,3.2799550859231706e-05,0.00017458212096244097,4.3391827421146456e-05,0.00032075326089398004,0.0019093806622549891,0.0006945369241293531,0.00010615570742326479,0.0003183920925948769,0.00020481204555835577,0.0004101562420839013,0.004074069348462217,0.0005192403030794902
106_2,Title: Has anyone actually tried the Atmos™ Rewards Ascent Visa Signature? Can't find much info Body,20,190,0.31162413358688357,0.05,0.05340279831344863,0.037010348588188004,0.030719655838899355,0.5036053368919774,0.5131011417037562,0.5063866955669303,0.5032374262809753,0.6002508997917175,0.3119811713695526,0.29370176792144775,0.7121090888977051,0.5376409292221069,3,17,0.15,0.15124925179407,1.6094379124341003,0.48299493849177877,0.9,0.8421052631578947,neutral,0.4,0.5,0.1,0.05,0.35,34.26933760667107,26.75,0.7744483074953915,1.0,1.0,0.0,0.0,0.0015557224789517932,0.01698586717247963,0.0014034152263775513,2.4245950214663027e-06,1.4319097317638807e-05,2.5293790031355533e-06,0.00029742231454292777,0.005041874945163727,0.00013934751768829306,3.2022549203247766e-05,0.00017458212096244097,4.1362425326951794e-05,0.00029946009781269824,0.0019093806622549891,0.0004162317200098207,0.00010360212909290566,0.0003183920925948769,0.00020423630776349454,0.0003817756941041731,0.004074069348462217,0.00036127805364003613
107_1,Apple Card added 3% back at Hertz — is this actually worth caring about? I saw the announcement toda,13,78,0.31919408303040725,0.23076923076923078,0.06722328817060626,0.04541468064335497,0.03727003092026028,0.5173487529540673,0.5127281615367303,0.5141559965335406,0.5081462562084198,0.6081917881965637,0.3788752853870392,0.3768388330936432,0.7121090888977051,0.6767420768737793,2,11,0.15384615384615385,0.14899195358157158,1.2309316230479224,0.3694045846493381,0.8461538461538461,0.75,neutral,0.46153846153846156,0.5384615384615384,0.15384615384615385,0.0,0.3076923076923077,14.344864862695433,20.0,0.4171884635683235,1.0,1.0,0.0,0.0,0.0021307790974298348,0.01698586717247963,0.0036865889560431264,2.9534516600576285e-06,1.4319097317638807e-05,6.412325319615779e-06,0.0004398503480423152,0.005041874945163727,0.00016839157615322622,3.7462089004783105e-05,0.00017458212096244097,4.846533265663311e-05,0.0003965880818073996,0.0019093806622549891,0.0013902999344281863,0.00011804984947397876,0.0003183920925948769,0.00020625139004550876,0.0005209471529030615,0.004074069348462217,0.0009141459266781269
107_2,Considering BankAmericard for a balance transfer — is the no-annual-fee + low interest worth it over,16,120,0.3211371786892414,0.1875,0.06759175572907726,0.044710108182502685,0.0356030180886574,0.5140794783830642,0.539571438729763,0.5249933823943138,0.5273006558418274,0.6283083558082581,0.35778364539146423,0.36365675926208496,0.7121090888977051,0.6220158934593201,2,14,0.125,0.12568000587634742,1.3686896376228386,0.41074598916225413,0.9375,0.8,neutral,0.4375,0.5625,0.125,0.0625,0.25,21.114179921323014,14.5,0.5034677775576277,1.0,1.0,0.0,0.0,0.001819422253902303,0.01698586717247963,0.002708085929043591,2.668427519836314e-06,1.4319097317638807e-05,4.748205469695677e-06,0.00036350332584333955,0.005041874945163727,0.0001559441225253977,3.451611610216787e-05,0.00017458212096244097,4.542122951534111e-05,0.00034417379310980323,0.0019093806622549891,0.0009728421282488853,0.00011073922814830439,0.0003183920925948769,0.00020538778335321695,0.00044583719077095907,0.004074069348462217,0.0006772025525189443
108_1,Been using the Citi Double Cash for about 3 years now and honestly it's been... fine. Just fine. 2% ,17,136,0.30516963846543255,0.058823529411764705,0.06043388782724522,0.04186419962637113,0.03517353601100105,0.5150936920853222,0.5161220551851917,0.5140716641703073,0.5121440589427948,0.614536702632904,0.34991002082824707,0.35084736347198486,0.7121090888977051,0.6120748519897461,2,15,0.11764705882352941,0.11955982205622337,1.334592953237241,0.4005135186516717,0.8823529411764706,0.8125,neutral,0.47058823529411764,0.5294117647058824,0.11764705882352941,0.058823529411764705,0.29411764705882354,24.57387703489117,20.0,0.6759804362348704,1.0,1.0,0.0,0.0,0.001749324266497484,0.01698586717247963,0.0023819182533770813,2.5868218926916597e-06,1.4319097317638807e-05,4.1934988530556455e-06,0.0003443004530067008,0.005041874945163727,0.00015179497131612152,3.3665129462058434e-05,0.00017458212096244097,4.440652846824378e-05,0.0003338943073793095,0.0019093806622549891,0.0008336895261891192,0.00010827629226054448,0.0003183920925948769,0.00020509991445578636,0.00042867454508313145,0.004074069348462217,0.0005982214277992174
108_2,Got a pre-approval mailer for the Atmos™ Rewards Ascent Visa Signature® and I can't find much about ,18,153,0.3058451298210356,0.0,0.0645261317824342,0.03988583230597799,0.031059088946581388,0.5280844425064286,0.5280354722262988,0.526784803353104,0.5256834626197815,0.6090283989906311,0.3434210419654846,0.32965725660324097,0.7121090888977051,0.5916843414306641,2,16,0.1111111111111111,0.11427675280719995,1.4750080554560212,0.4426523194935796,0.8888888888888888,0.8235294117647058,neutral,0.4444444444444444,0.5,0.1111111111111111,0.05555555555555555,0.3333333333333333,20.78163956981923,28.5,0.4319509379408154,1.0,1.0,0.0,0.0,0.0016720959861736952,0.01698586717247963,0.0020557505777105715,2.5186865476219586e-06,1.4319097317638807e-05,3.638792236415615e-06,0.000326614260605614,0.005041874945163727,0.00014764582010684538,3.2799550859231706e-05,0.00017458212096244097,4.3391827421146456e-05,0.00032075326089398004,0.0019093806622549891,0.0006945369241293531,0.00010615570742326479,0.0003183920925948769,0.00020481204555835577,0.0004101562420839013,0.004074069348462217,0.0005192403030794902
109_1,Finally pulled the trigger on the Discover it® Cash Back card after months of deliberation. Here's m,17,136,0.3353698534124038,0.29411764705882354,0.07300871170828316,0.04895818404580735,0.03989218730830786,0.5106390006840229,0.5113082635490334,0.5099103950402316,0.5061608552932739,0.6072177886962891,0.34991002082824707,0.35084736347198486,0.7121090888977051,0.6120748519897461,2,15,0.11764705882352941,0.11955982205622337,1.334592953237241,0.4005135186516717,0.8823529411764706,0.8125,neutral,0.47058823529411764,0.5294117647058824,0.11764705882352941,0.058823529411764705,0.29411764705882354,13.167538989689103,15.0,0.3794036658046013,1.0,1.0,0.0,0.0,0.001749324266497484,0.01698586717247963,0.0023819182533770813,2.5868218926916597e-06,1.4319097317638807e-05,4.1934988530556455e-06,0.0003443004530067008,0.005041874945163727,0.00015179497131612152,3.3665129462058434e-05,0.00017458212096244097,4.440652846824378e-05,0.0003338943073793095,0.0019093806622549891,0.0008336895261891192,0.00010827629226054448,0.0003183920925948769,0.00020509991445578636,0.00042867454508313145,0.004074069348462217,0.0005982214277992174
109_2,Aeroplan® Credit Card (Chase) vs. Amex Aeroplan Reserve — which one actually makes sense in 2024? Be,18,153,0.30445850061045754,0.05555555555555555,0.05384708923103168,0.03433408842798901,0.027127553215548255,0.49177005477980074,0.5157030964988509,0.5004108577382331,0.4999410808086395,0.6317575573921204,0.3434210419654846,0.32965725660324097,0.7121090888977051,0.5916843414306641,2,16,0.1111111111111111,0.11427675280719995,1.4750080554560212,0.4426523194935796,0.8888888888888888,0.8235294117647058,neutral,0.4444444444444444,0.5,0.1111111111111111,0.05555555555555555,0.3333333333333333,28.311756490114764,35.25,0.5857604791058226,1.0,1.0,0.0,0.0,0.0016720959861736952,0.01698586717247963,0.0020557505777105715,2.5186865476219586e-06,1.4319097317638807e-05,3.638792236415615e-06,0.000326614260605614,0.005041874945163727,0.00014764582010684538,3.2799550859231706e-05,0.00017458212096244097,4.3391827421146456e-05,0.00032075326089398004,0.0019093806622549891,0.0006945369241293531,0.00010615570742326479,0.0003183920925948769,0.00020481204555835577,0.0004101562420839013,0.004074069348462217,0.0005192403030794902
10_1,Marriott Bonvoy Boundless vs Hilton Aspire - which one actually wins for casual travelers? I've been,20,190,0.3078107997775078,0.1,0.05860957195011083,0.03699072830794507,0.029029388289834483,0.5072471811583168,0.5118316680192947,0.5080632288204996,0.5156234502792358,0.5960907936096191,0.3119811713695526,0.29370176792144775,0.7121090888977051,0.5376409292221069,3,17,0.15,0.15124925179407,1.6094379124341003,0.48299493849177877,0.9,0.8421052631578947,neutral,0.4,0.5,0.1,0.05,0.35,24.296296014001804,19.0,0.5093563105660756,1.0,1.0,0.0,0.0,0.0015557224789517932,0.01698586717247963,0.0014034152263775513,2.4245950214663027e-06,1.4319097317638807e-05,2.5293790031355533e-06,0.00029742231454292777,0.005041874945163727,0.00013934751768829306,3.2022549203247766e-05,0.00017458212096244097,4.1362425326951794e-05,0.00029946009781269824,0.0019093806622549891,0.0004162317200098207,0.00010360212909290566,0.0003183920925948769,0.00020423630776349454,0.0003817756941041731,0.004074069348462217,0.00036127805364003613
10_2,PSA: Hilton Aspire resort credit changes + my honest take after 18 months with the card Saw some dis,25,300,0.32857416033744813,0.32,0.060219177282182734,0.03762146264158907,0.02943665830972447,0.5091510777672131,0.5128865727782249,0.5097545895973842,0.5079160928726196,0.6537588238716125,0.2835010588169098,0.2725523114204407,0.7121090888977051,0.5087464451789856,4,21,0.16,0.1631238516420126,1.7205938321884504,0.5163530110275204,0.8,0.7916666666666666,neutral,0.36,0.4,0.12,0.04,0.44,23.028538815999593,28.0,0.46130887051281233,1.0,1.0,0.0,0.0,0.03785242260899395,0.9134383797645569,0.003034253604710107,2.855444922715833e-06,1.7087795640691184e-05,5.302912086335717e-06,0.0003240506220026873,0.005041874945163727,0.0001600932737346739,3.1071354605956e-05,0.00017458212096244097,4.621387779479848e-05,0.035356688856554686,0.8774971961975098,0.0011119947303086539,0.00010971308744046837,0.0003733299963641912,0.00020567565225064753,0.01227946699575341,0.2988996983182612,0.0007561836772386728
110_1,Got approved for the DCU Visa® Platinum Secured Card — is this actually a good starting point? Hey e,13,78,0.3209287249124967,0.23076923076923078,0.06849255348970083,0.04297556734107581,0.033147278461006936,0.5228474602485315,0.5165869738811102,0.5190814122175559,0.5253741145133972,0.6356345415115356,0.3788752853870392,0.3768388330936432,0.7121090888977051,0.6767420768737793,2,11,0.15384615384615385,0.14899195358157158,1.2309316230479224,0.3694045846493381,0.8461538461538461,0.75,neutral,0.46153846153846156,0.5384615384615384,0.15384615384615385,0.0,0.3076923076923077,20.59930486561975,25.0,0.44044566324515916,1.0,1.0,0.0,0.0,0.0021307790974298348,0.01698586717247963,0.0036865889560431264,2.9534516600576285e-06,1.4319097317638807e-05,6.412325319615779e-06,0.0004398503480423152,0.005041874945163727,0.00016839157615322622,3.7462089004783105e-05,0.00017458212096244097,4.846533265663311e-05,0.0003965880818073996,0.0019093806622549891,0.0013902999344281863,0.00011804984947397876,0.0003183920925948769,0.00020625139004550876,0.0005209471529030615,0.004074069348462217,0.0009141459266781269
110_2,Capital One Quicksilver Student vs. just getting a regular cashback card? Worth it? Looking at the C,16,120,0.3075947128236294,0.0625,0.06239299809664613,0.038337753628092136,0.029433654570703086,0.5167868783076605,0.5341676940520604,0.5237363951901595,0.5197312533855438,0.6020787358283997,0.35778364539146423,0.36365675926208496,0.7121090888977051,0.6220158934593201,2,14,0.125,0.12568000587634742,1.3686896376228386,0.41074598916225413,0.9375,0.8,neutral,0.4375,0.5625,0.125,0.0625,0.25,24.69999683704433,26.5,0.4688018379510193,1.0,1.0,0.0,0.0,0.001819422253902303,0.01698586717247963,0.002708085929043591,2.668427519836314e-06,1.4319097317638807e-05,4.748205469695677e-06,0.00036350332584333955,0.005041874945163727,0.0001559441225253977,3.451611610216787e-05,0.00017458212096244097,4.542122951534111e-05,0.00034417379310980323,0.0019093806622549891,0.0009728421282488853,0.00011073922814830439,0.0003183920925948769,0.00020538778335321695,0.00044583719077095907,0.004074069348462217,0.0006772025525189443
111_1,"Looking at the OpenSky Secured Visa as my first credit card — is it worth it? Hey everyone, long tim",16,120,0.3058283645659685,0.0625,0.07298528633637824,0.050230812517116176,0.041282290312831565,0.5253243185579777,0.528718488663435,0.5259786635637284,0.5268712043762207,0.6273983716964722,0.35778364539146423,0.36365675926208496,0.7121090888977051,0.6220158934593201,2,14,0.125,0.12568000587634742,1.3686896376228386,0.41074598916225413,0.9375,0.8,neutral,0.4375,0.5625,0.125,0.0625,0.25,16.12015431067581,18.25,0.47587171396828964,1.0,1.0,0.0,0.0,0.001819422253902303,0.01698586717247963,0.002708085929043591,2.668427519836314e-06,1.4319097317638807e-05,4.748205469695677e-06,0.00036350332584333955,0.005041874945163727,0.0001559441225253977,3.451611610216787e-05,0.00017458212096244097,4.542122951534111e-05,0.00034417379310980323,0.0019093806622549891,0.0009728421282488853,0.00011073922814830439,0.0003183920925948769,0.00020538778335321695,0.00044583719077095907,0.004074069348462217,0.0006772025525189443
111_2,Apple Card just added 3% back at Hertz. Is the Apple Card finally worth it for travel? Saw the annou,17,136,0.3252716204699348,0.4117647058823529,0.08077879068883426,0.05017806614383661,0.03855840440453847,0.5191452242434025,0.5253477607141522,0.5218826571808142,0.5191262066364288,0.6042547821998596,0.34991002082824707,0.35084736347198486,0.7121090888977051,0.6120748519897461,2,15,0.11764705882352941,0.11955982205622337,1.334592953237241,0.4005135186516717,0.8823529411764706,0.8125,neutral,0.47058823529411764,0.5294117647058824,0.11764705882352941,0.058823529411764705,0.29411764705882354,11.383530870802135,9.0,0.25906295154435915,1.0,1.0,0.0,0.0,0.001749324266497484,0.01698586717247963,0.0023819182533770813,2.5868218926916597e-06,1.4319097317638807e-05,4.1934988530556455e-06,0.0003443004530067008,0.005041874945163727,0.00015179497131612152,3.3665129462058434e-05,0.00017458212096244097,4.440652846824378e-05,0.0003338943073793095,0.0019093806622549891,0.0008336895261891192,0.00010827629226054448,0.0003183920925948769,0.00020509991445578636,0.00042867454508313145,0.004074069348462217,0.0005982214277992174
112_1,"Aeroplan® Credit Card from Chase — worth it for occasional Canada trips? Hey folks, I've been lookin",18,153,0.3169666330019633,0.05555555555555555,0.0495057340717101,0.03547278574450739,0.030137236213577986,0.49657436192425247,0.522017627954483,0.5066225892967648,0.5083414316177368,0.5995224714279175,0.3434210419654846,0.32965725660324097,0.7121090888977051,0.5916843414306641,2,16,0.1111111111111111,0.11427675280719995,1.4750080554560212,0.4426523194935796,0.8888888888888888,0.8235294117647058,neutral,0.4444444444444444,0.5,0.1111111111111111,0.05555555555555555,0.3333333333333333,24.40912852921127,29.5,0.6076961459554673,1.0,1.0,0.0,0.0,0.0016720959861736952,0.01698586717247963,0.0020557505777105715,2.5186865476219586e-06,1.4319097317638807e-05,3.638792236415615e-06,0.000326614260605614,0.005041874945163727,0.00014764582010684538,3.2799550859231706e-05,0.00017458212096244097,4.3391827421146456e-05,0.00032075326089398004,0.0019093806622549891,0.0006945369241293531,0.00010615570742326479,0.0003183920925948769,0.00020481204555835577,0.0004101562420839013,0.004074069348462217,0.0005192403030794902
112_2,Looking at the Citi Secured Mastercard for building credit — any red flags I should know about? So m,18,153,0.316226730744044,0.2222222222222222,0.061665387628642,0.03724894945673325,0.02849256778201228,0.5083267416050231,0.5223597767306309,0.5143542805917902,0.5124239921569824,0.629384458065033,0.3434210419654846,0.32965725660324097,0.7121090888977051,0.5916843414306641,2,16,0.1111111111111111,0.11427675280719995,1.4750080554560212,0.4426523194935796,0.8888888888888888,0.8235294117647058,neutral,0.4444444444444444,0.5,0.1111111111111111,0.05555555555555555,0.3333333333333333,37.551446192005855,34.5,0.615597478557473,1.0,1.0,0.0,0.0,0.0016720959861736952,0.01698586717247963,0.0020557505777105715,2.5186865476219586e-06,1.4319097317638807e-05,3.638792236415615e-06,0.000326614260605614,0.005041874945163727,0.00014764582010684538,3.2799550859231706e-05,0.00017458212096244097,4.3391827421146456e-05,0.00032075326089398004,0.0019093806622549891,0.0006945369241293531,0.00010615570742326479,0.0003183920925948769,0.00020481204555835577,0.0004101562420839013,0.004074069348462217,0.0005192403030794902
113_1,"Wells Fargo Reflect Card - is the 21 month 0% APR actually worth it? Hey everyone, first time poster",14,91,0.3235711604356766,0.21428571428571427,0.06205551980064862,0.04203800704069351,0.034778287592547794,0.5081445898983504,0.5281112501909445,0.5173626093419044,0.5144931077957153,0.6039247512817383,0.3610836863517761,0.369733065366745,0.7121090888977051,0.6569548845291138,2,12,0.14285714285714285,0.1407378808196102,1.4003265762311883,0.42024028595938745,1.0,0.7692307692307693,neutral,0.42857142857142855,0.5714285714285714,0.14285714285714285,0.0,0.2857142857142857,15.808968005146797,16.5,0.4400110379166106,1.0,1.0,0.0,0.0,0.002021146102509062,0.01698586717247963,0.003360421280376611,2.8517869249558965e-06,1.4319097317638807e-05,5.857618702975739e-06,0.0004112276298785998,0.005041874945163727,0.00016424242494395,3.6626253729212165e-05,0.00017458212096244097,4.745063160953577e-05,0.0003780780430783385,0.0019093806622549891,0.0012511473323684175,0.00011619954602792859,0.0003183920925948769,0.00020596352114807812,0.0004943548936913496,0.004074069348462217,0.0008351648019583985
113_2,Self Visa Secured Card review after 6 months - actually impressed Just wanted to share my experience,19,171,0.3284071715254533,0.15789473684210525,0.06052934163773738,0.04152529788879997,0.03435672275537212,0.5100418440779747,0.510167900581806,0.5081080243601437,0.5067920684814453,0.6041588187217712,0.3310185372829437,0.3201761841773987,0.7121090888977051,0.5569981932640076,3,16,0.15789473684210525,0.15733224398603565,1.485181756934977,0.4457054638752913,0.8947368421052632,0.8333333333333334,neutral,0.42105263157894735,0.47368421052631576,0.10526315789473684,0.05263157894736842,0.3684210526315789,17.2628369674919,17.5,0.49771457114164813,1.0,1.0,0.0,0.0,0.0016068161578579364,0.01698586717247963,0.0017295829020440555,2.4622015165445383e-06,1.4319097317638807e-05,3.0840856197755746e-06,0.0003110891970879349,0.005041874945163727,0.00014349666889756915,3.1995172704275896e-05,0.00017458212096244097,4.23771263740491e-05,0.00030904844109165043,0.0019093806622549891,0.0005553843220695843,0.0001042831714393718,0.0003183920925948769,0.00020452417666092513,0.00039428239028295236,0.004074069348462217,0.0004402591783597618
114_1,"Should I get the OpenSky Secured Visa to rebuild my credit, or just wait? Long story short, I tanked",13,78,0.30676398827479434,0.07692307692307693,0.07312927638756349,0.049468234843896515,0.040209265341429545,0.5170781428997333,0.5284404777563535,0.5217926162175643,0.5209032893180847,0.6013721823692322,0.3788752853870392,0.3768388330936432,0.7121090888977051,0.6767420768737793,2,11,0.15384615384615385,0.14899195358157158,1.2309316230479224,0.3694045846493381,0.8461538461538461,0.75,neutral,0.46153846153846156,0.5384615384615384,0.15384615384615385,0.0,0.3076923076923077,16.80025359064735,9.0,0.44754773909511386,1.0,1.0,0.0,0.0,0.0021307790974298348,0.01698586717247963,0.0036865889560431264,2.9534516600576285e-06,1.4319097317638807e-05,6.412325319615779e-06,0.0004398503480423152,0.005041874945163727,0.00016839157615322622,3.7462089004783105e-05,0.00017458212096244097,4.846533265663311e-05,0.0003965880818073996,0.0019093806622549891,0.0013902999344281863,0.00011804984947397876,0.0003183920925948769,0.00020625139004550876,0.0005209471529030615,0.004074069348462217,0.0009141459266781269
114_2,Discover it Cash Back 18-month intro balance transfer — anyone actually used this to kill debt? I've,15,105,0.3190644860267639,0.26666666666666666,0.06592725078612122,0.04199131142718218,0.03284700429476618,0.5071137570199512,0.5330237138838995,0.5185853776477632,0.5206753611564636,0.5957035422325134,0.35433244705200195,0.35629531741142273,0.7121090888977051,0.6485700607299805,2,13,0.13333333333333333,0.13290595250825088,1.3605138827424867,0.4082924318084403,0.9333333333333333,0.7857142857142857,neutral,0.4666666666666667,0.5333333333333333,0.13333333333333333,0.06666666666666667,0.26666666666666666,31.106698099712652,20.5,0.6453671804919637,1.0,1.0,0.0,0.0,0.001913214756253486,0.01698586717247963,0.0030342536047101008,2.7520908133737977e-06,1.4319097317638807e-05,5.302912086335707e-06,0.00038561977174443504,0.005041874945163727,0.00016009327373467386,3.5565574580687095e-05,0.00017458212096244097,4.643593056243844e-05,0.00035991208957663424,0.0019093806622549891,0.0011119947303086515,0.00011350121106564377,0.0003183920925948769,0.00020567565225064753,0.00046842758233904335,0.004074069348462217,0.0007561836772386715
115_1,Title: OpenSky Secured Visa - worth it as a first credit card or should I look elsewhere? Hey everyo,11,55,0.31179373643615027,0.09090909090909091,0.07250600620557054,0.0449616397610845,0.03414663348067772,0.5193517289378426,0.5343384244225242,0.5262118686329235,0.5231499075889587,0.6154062747955322,0.4054003357887268,0.39558061957359314,0.682113766670227,0.6559844613075256,1,10,0.09090909090909091,0.09429291872815652,0.9949236325717752,0.2985782023683364,0.8181818181818182,0.7,neutral,0.5454545454545454,0.45454545454545453,0.18181818181818182,0.0,0.36363636363636365,18.98716399819138,28.5,0.3889363202609035,1.0,1.0,0.0,0.0,0.0020848530111834407,0.01698586717247963,0.0010772475507110357,3.1710193711246988e-06,1.4319097317638807e-05,7.52173855289584e-06,0.0005005184349019229,0.005041874945163727,0.00013519836647901684,3.873078259692358e-05,0.00017458212096244097,5.0494734750827774e-05,0.00030737167253391817,0.0019093806622549891,0.000277079117950052,0.00011452036679574204,0.0003183920925948769,0.00020394843886606395,0.0005081942145638453,0.004074069348462217,0.0002822969289203077
115_2,"Title: Chase Freedom Rise - the ""Chase relationship"" hack actually worked for me! Just wanted to sha",16,120,0.32752670906484127,0.3125,0.060149196394015975,0.0378028992308431,0.029526936640950307,0.5047142408788204,0.5103682659566402,0.5064065920809905,0.5191308259963989,0.6238523125648499,0.35778364539146423,0.36365675926208496,0.7121090888977051,0.6220158934593201,2,14,0.125,0.12568000587634742,1.3686896376228386,0.41074598916225413,0.9375,0.8,neutral,0.4375,0.5625,0.125,0.0625,0.25,20.545680811304354,24.5,0.44184259809256676,1.0,1.0,0.0,0.0,0.001819422253902303,0.01698586717247963,0.002708085929043591,2.668427519836314e-06,1.4319097317638807e-05,4.748205469695677e-06,0.00036350332584333955,0.005041874945163727,0.0001559441225253977,3.451611610216787e-05,0.00017458212096244097,4.542122951534111e-05,0.00034417379310980323,0.0019093806622549891,0.0009728421282488853,0.00011073922814830439,0.0003183920925948769,0.00020538778335321695,0.00044583719077095907,0.004074069348462217,0.0006772025525189443
116_1,"Thinking about applying for the Chase Freedom Rise — is the checking account trick legit? So I'm 22,",14,91,0.3248625695705414,0.21428571428571427,0.07186327978988175,0.05017112618978652,0.0416788214568272,0.5093437007495335,0.5232632494234777,0.5144744384419787,0.5140529274940491,0.5968691110610962,0.3610836863517761,0.369733065366745,0.7121090888977051,0.6569548845291138,2,12,0.14285714285714285,0.1407378808196102,1.4003265762311883,0.42024028595938745,1.0,0.7692307692307693,neutral,0.42857142857142855,0.5714285714285714,0.14285714285714285,0.0,0.2857142857142857,22.183833054267062,15.0,0.675160136434215,1.0,1.0,0.0,0.0,0.002021146102509062,0.01698586717247963,0.003360421280376611,2.8517869249558965e-06,1.4319097317638807e-05,5.857618702975739e-06,0.0004112276298785998,0.005041874945163727,0.00016424242494395,3.6626253729212165e-05,0.00017458212096244097,4.745063160953577e-05,0.0003780780430783385,0.0019093806622549891,0.0012511473323684175,0.00011619954602792859,0.0003183920925948769,0.00020596352114807812,0.0004943548936913496,0.004074069348462217,0.0008351648019583985
116_2,JetBlue Plus Card — is the 70k signup bonus worth the $99 annual fee? Looking at the JetBlue Plus Ca,15,105,0.32081109285354614,0.26666666666666666,0.06443640824968959,0.042261355257237156,0.03391136729622628,0.5074209934189207,0.5217082520325979,0.51165299869719,0.5143575668334961,0.5991973876953125,0.35433244705200195,0.35629531741142273,0.7121090888977051,0.6485700607299805,2,13,0.13333333333333333,0.13290595250825088,1.3605138827424867,0.4082924318084403,0.9333333333333333,0.7857142857142857,neutral,0.4666666666666667,0.5333333333333333,0.13333333333333333,0.06666666666666667,0.26666666666666666,22.132329294495868,20.0,0.5478299330320759,1.0,1.0,0.0,0.0,0.001913214756253486,0.01698586717247963,0.0030342536047101008,2.7520908133737977e-06,1.4319097317638807e-05,5.302912086335707e-06,0.00038561977174443504,0.005041874945163727,0.00016009327373467386,3.5565574580687095e-05,0.00017458212096244097,4.643593056243844e-05,0.00035991208957663424,0.0019093806622549891,0.0011119947303086515,0.00011350121106564377,0.0003183920925948769,0.00020567565225064753,0.00046842758233904335,0.004074069348462217,0.0007561836772386715
117_1,Looking at the DCU Visa® Platinum Secured Credit Card to rebuild my credit — is it worth it? Hey eve,15,105,0.3033105234305064,0.0,0.05485984371944879,0.035862998401074805,0.028922898754594327,0.5127956396057493,0.5196122958546593,0.5145117316927229,0.512742817401886,0.624477744102478,0.35433244705200195,0.35629531741142273,0.7121090888977051,0.6485700607299805,2,13,0.13333333333333333,0.13290595250825088,1.3605138827424867,0.4082924318084403,0.9333333333333333,0.7857142857142857,neutral,0.4666666666666667,0.5333333333333333,0.13333333333333333,0.06666666666666667,0.26666666666666666,28.82051738297254,41.5,0.5688260009797212,1.0,1.0,0.0,0.0,0.001913214756253486,0.01698586717247963,0.0030342536047101008,2.7520908133737977e-06,1.4319097317638807e-05,5.302912086335707e-06,0.00038561977174443504,0.005041874945163727,0.00016009327373467386,3.5565574580687095e-05,0.00017458212096244097,4.643593056243844e-05,0.00035991208957663424,0.0019093806622549891,0.0011119947303086515,0.00011350121106564377,0.0003183920925948769,0.00020567565225064753,0.00046842758233904335,0.004074069348462217,0.0007561836772386715
117_2,Capital One Savor Student card approved with no credit history! 🎉 Details + mini review after 3 mont,16,120,0.32775541208684444,0.25,0.06131939630730495,0.03971178906967716,0.03160305193293414,0.5087693768242995,0.5133214697241784,0.5103149265050888,0.5084083676338196,0.5999222993850708,0.35778364539146423,0.36365675926208496,0.7121090888977051,0.6220158934593201,2,14,0.125,0.12568000587634742,1.3686896376228386,0.41074598916225413,0.9375,0.8,neutral,0.4375,0.5625,0.125,0.0625,0.25,21.39354093529166,27.25,0.45578782285574776,1.0,1.0,0.0,0.0,0.001819422253902303,0.01698586717247963,0.002708085929043591,2.668427519836314e-06,1.4319097317638807e-05,4.748205469695677e-06,0.00036350332584333955,0.005041874945163727,0.0001559441225253977,3.451611610216787e-05,0.00017458212096244097,4.542122951534111e-05,0.00034417379310980323,0.0019093806622549891,0.0009728421282488853,0.00011073922814830439,0.0003183920925948769,0.00020538778335321695,0.00044583719077095907,0.004074069348462217,0.0006772025525189443
118_1,Capital One Platinum Secured vs. Self Visa — which one for someone starting from scratch? Hey everyo,17,136,0.300741104518666,0.11764705882352941,0.06926827496404894,0.046920473925377446,0.03859522915854802,0.5249393001637038,0.5230306858087287,0.5229951016166631,0.5197599828243256,0.6519542336463928,0.34991002082824707,0.35084736347198486,0.7121090888977051,0.6120748519897461,2,15,0.11764705882352941,0.11955982205622337,1.334592953237241,0.4005135186516717,0.8823529411764706,0.8125,neutral,0.47058823529411764,0.5294117647058824,0.11764705882352941,0.058823529411764705,0.29411764705882354,14.226054366456298,27.0,0.3971148181112596,1.0,1.0,0.0,0.0,0.001749324266497484,0.01698586717247963,0.0023819182533770813,2.5868218926916597e-06,1.4319097317638807e-05,4.1934988530556455e-06,0.0003443004530067008,0.005041874945163727,0.00015179497131612152,3.3665129462058434e-05,0.00017458212096244097,4.440652846824378e-05,0.0003338943073793095,0.0019093806622549891,0.0008336895261891192,0.00010827629226054448,0.0003183920925948769,0.00020509991445578636,0.00042867454508313145,0.004074069348462217,0.0005982214277992174
118_2,6 months in with the Self Visa — honest review (and a question about next steps) Figured I'd give ba,13,78,0.33006982390697187,0.3076923076923077,0.06345718296056234,0.04277085543939975,0.03492256670071886,0.512375818613248,0.5092739287095193,0.5082884033521017,0.5030183792114258,0.6018540859222412,0.3788752853870392,0.3768388330936432,0.7121090888977051,0.6767420768737793,2,11,0.15384615384615385,0.14899195358157158,1.2309316230479224,0.3694045846493381,0.8461538461538461,0.75,neutral,0.46153846153846156,0.5384615384615384,0.15384615384615385,0.0,0.3076923076923077,16.415463917334222,17.0,0.4276573766038975,1.0,1.0,0.0,0.0,0.0021307790974298348,0.01698586717247963,0.0036865889560431264,2.9534516600576285e-06,1.4319097317638807e-05,6.412325319615779e-06,0.0004398503480423152,0.005041874945163727,0.00016839157615322622,3.7462089004783105e-05,0.00017458212096244097,4.846533265663311e-05,0.0003965880818073996,0.0019093806622549891,0.0013902999344281863,0.00011804984947397876,0.0003183920925948769,0.00020625139004550876,0.0005209471529030615,0.004074069348462217,0.0009141459266781269
119_1,Honest review after 6 months with the Synchrony Premier World Mastercard – the 2% unlimited cashback,19,171,0.32697730315359014,0.2631578947368421,0.05503445640819046,0.036090104999543154,0.028945973835776705,0.5124217775481487,0.49879847336233707,0.5039033335551881,0.5042051076889038,0.6161832809448242,0.3310185372829437,0.3201761841773987,0.7121090888977051,0.5569981932640076,3,16,0.15789473684210525,0.15733224398603565,1.485181756934977,0.4457054638752913,0.8947368421052632,0.8333333333333334,neutral,0.42105263157894735,0.47368421052631576,0.10526315789473684,0.05263157894736842,0.3684210526315789,24.69728079506649,29.5,0.5393659024209922,1.0,1.0,0.0,0.0,0.0016068161578579364,0.01698586717247963,0.0017295829020440555,2.4622015165445383e-06,1.4319097317638807e-05,3.0840856197755746e-06,0.0003110891970879349,0.005041874945163727,0.00014349666889756915,3.1995172704275896e-05,0.00017458212096244097,4.23771263740491e-05,0.00030904844109165043,0.0019093806622549891,0.0005553843220695843,0.0001042831714393718,0.0003183920925948769,0.00020452417666092513,0.00039428239028295236,0.004074069348462217,0.0004402591783597618
119_2,Aeroplan® Credit Card from Chase – First impressions and mini-review (Canadian expat flying out of J,20,190,0.31775191575288775,0.2,0.06682564343818852,0.039932803414615865,0.029191414396112864,0.5135735400413212,0.5284550778175655,0.5194422866168775,0.5168282389640808,0.6038243174552917,0.3119811713695526,0.29370176792144775,0.7121090888977051,0.5376409292221069,3,17,0.15,0.15124925179407,1.6094379124341003,0.48299493849177877,0.9,0.8421052631578947,neutral,0.4,0.5,0.1,0.05,0.35,29.24055403031892,44.0,0.4663565236095521,1.0,1.0,0.0,0.0,0.0015557224789517932,0.01698586717247963,0.0014034152263775513,2.4245950214663027e-06,1.4319097317638807e-05,2.5293790031355533e-06,0.00029742231454292777,0.005041874945163727,0.00013934751768829306,3.2022549203247766e-05,0.00017458212096244097,4.1362425326951794e-05,0.00029946009781269824,0.0019093806622549891,0.0004162317200098207,0.00010360212909290566,0.0003183920925948769,0.00020423630776349454,0.0003817756941041731,0.004074069348462217,0.00036127805364003613
11_1,Just got approved for the Chase Freedom Flex after months of debating — was it worth it? I've been o,15,105,0.29924423893292745,0.0,0.06783777358551857,0.04962438465739964,0.04214426735849336,0.5208373892874945,0.5237813867273785,0.5210380889120556,0.5224339365959167,0.5914958119392395,0.35433244705200195,0.35629531741142273,0.7121090888977051,0.6485700607299805,2,13,0.13333333333333333,0.13290595250825088,1.3605138827424867,0.4082924318084403,0.9333333333333333,0.7857142857142857,neutral,0.4666666666666667,0.5333333333333333,0.13333333333333333,0.06666666666666667,0.26666666666666666,14.384559623275075,13.0,0.5112995126756543,1.0,1.0,0.0,0.0,0.001913214756253486,0.01698586717247963,0.0030342536047101008,2.7520908133737977e-06,1.4319097317638807e-05,5.302912086335707e-06,0.00038561977174443504,0.005041874945163727,0.00016009327373467386,3.5565574580687095e-05,0.00017458212096244097,4.643593056243844e-05,0.00035991208957663424,0.0019093806622549891,0.0011119947303086515,0.00011350121106564377,0.0003183920925948769,0.00020567565225064753,0.00046842758233904335,0.004074069348462217,0.0007561836772386715
11_2,Is the Best Western Rewards® Premium Visa Signature® Card actually worth it for occasional travelers,14,91,0.3166921947683607,0.14285714285714285,0.0661993671680981,0.045285125456317785,0.037227988424928624,0.5028958461441837,0.5127243206396208,0.5057685820610969,0.50798499584198,0.6116237640380859,0.3610836863517761,0.369733065366745,0.7121090888977051,0.6569548845291138,2,12,0.14285714285714285,0.1407378808196102,1.4003265762311883,0.42024028595938745,1.0,0.7692307692307693,neutral,0.42857142857142855,0.5714285714285714,0.14285714285714285,0.0,0.2857142857142857,19.783522312824903,17.25,0.558405871732961,1.0,1.0,0.0,0.0,0.002021146102509062,0.01698586717247963,0.003360421280376611,2.8517869249558965e-06,1.4319097317638807e-05,5.857618702975739e-06,0.0004112276298785998,0.005041874945163727,0.00016424242494395,3.6626253729212165e-05,0.00017458212096244097,4.745063160953577e-05,0.0003780780430783385,0.0019093806622549891,0.0012511473323684175,0.00011619954602792859,0.0003183920925948769,0.00020596352114807812,0.0004943548936913496,0.004074069348462217,0.0008351648019583985
120_1,Hilton Honors Amex Aspire Card - Worth it for the Diamond Status alone? I've been eyeing the Hilton ,15,105,0.30691121220588685,0.13333333333333333,0.06340954010325703,0.0406350798612513,0.03223877716501705,0.5144443046478998,0.5232508403914315,0.5179915621167137,0.5154107809066772,0.6260438561439514,0.35433244705200195,0.35629531741142273,0.7121090888977051,0.6485700607299805,2,13,0.13333333333333333,0.13290595250825088,1.3605138827424867,0.4082924318084403,0.9333333333333333,0.7857142857142857,neutral,0.4666666666666667,0.5333333333333333,0.13333333333333333,0.06666666666666667,0.26666666666666666,19.374209661299734,23.5,0.4193551874740202,1.0,1.0,0.0,0.0,0.001913214756253486,0.01698586717247963,0.0030342536047101008,2.7520908133737977e-06,1.4319097317638807e-05,5.302912086335707e-06,0.00038561977174443504,0.005041874945163727,0.00016009327373467386,3.5565574580687095e-05,0.00017458212096244097,4.643593056243844e-05,0.00035991208957663424,0.0019093806622549891,0.0011119947303086515,0.00011350121106564377,0.0003183920925948769,0.00020567565225064753,0.00046842758233904335,0.004074069348462217,0.0007561836772386715
120_2,Aeroplan Credit Card (Chase) — anyone have experience? Can't find much info online I saw the Aeropla,13,78,0.3077132518474872,0.0,0.0662714908597956,0.040235222737401606,0.03076931393019966,0.5120569352920239,0.5229069865666903,0.5169100776696817,0.515971302986145,0.6025081872940063,0.3788752853870392,0.3768388330936432,0.7121090888977051,0.6767420768737793,2,11,0.15384615384615385,0.14899195358157158,1.2309316230479224,0.3694045846493381,0.8461538461538461,0.75,neutral,0.46153846153846156,0.5384615384615384,0.15384615384615385,0.0,0.3076923076923077,16.616096850831514,27.0,0.3292824071048928,1.0,1.0,0.0,0.0,0.0021307790974298348,0.01698586717247963,0.0036865889560431264,2.9534516600576285e-06,1.4319097317638807e-05,6.412325319615779e-06,0.0004398503480423152,0.005041874945163727,0.00016839157615322622,3.7462089004783105e-05,0.00017458212096244097,4.846533265663311e-05,0.0003965880818073996,0.0019093806622549891,0.0013902999344281863,0.00011804984947397876,0.0003183920925948769,0.00020625139004550876,0.0005209471529030615,0.004074069348462217,0.0009141459266781269
121_1,Choice Privileges Mastercard just bumped their sign-up bonus from 40k to 60k points. Worth it now? S,15,105,0.31241785089174906,0.0,0.05680790278287263,0.040728033847883684,0.03485921606416694,0.5066042766684578,0.5205022371950604,0.5117841944808051,0.5157157778739929,0.5972821712493896,0.35433244705200195,0.35629531741142273,0.7121090888977051,0.6485700607299805,2,13,0.13333333333333333,0.13290595250825088,1.3605138827424867,0.4082924318084403,0.9333333333333333,0.7857142857142857,neutral,0.4666666666666667,0.5333333333333333,0.13333333333333333,0.06666666666666667,0.26666666666666666,14.766930020224995,18.5,0.45765278988300606,1.0,1.0,0.0,0.0,0.001913214756253486,0.01698586717247963,0.0030342536047101008,2.7520908133737977e-06,1.4319097317638807e-05,5.302912086335707e-06,0.00038561977174443504,0.005041874945163727,0.00016009327373467386,3.5565574580687095e-05,0.00017458212096244097,4.643593056243844e-05,0.00035991208957663424,0.0019093806622549891,0.0011119947303086515,0.00011350121106564377,0.0003183920925948769,0.00020567565225064753,0.00046842758233904335,0.004074069348462217,0.0007561836772386715
121_2,Best Western Rewards Premium Visa vs Choice Privileges Mastercard — which one is actually better for,14,91,0.3241789255823408,0.21428571428571427,0.0588770517343216,0.04035904974080633,0.03362324589068886,0.507698892892062,0.51174284861638,0.5083578448374193,0.5108101963996887,0.5879207253456116,0.3610836863517761,0.369733065366745,0.7121090888977051,0.6569548845291138,2,12,0.14285714285714285,0.1407378808196102,1.4003265762311883,0.42024028595938745,1.0,0.7692307692307693,neutral,0.42857142857142855,0.5714285714285714,0.14285714285714285,0.0,0.2857142857142857,22.33648063923542,14.5,0.5769570644820956,1.0,1.0,0.0,0.0,0.002021146102509062,0.01698586717247963,0.003360421280376611,2.8517869249558965e-06,1.4319097317638807e-05,5.857618702975739e-06,0.0004112276298785998,0.005041874945163727,0.00016424242494395,3.6626253729212165e-05,0.00017458212096244097,4.745063160953577e-05,0.0003780780430783385,0.0019093806622549891,0.0012511473323684175,0.00011619954602792859,0.0003183920925948769,0.00020596352114807812,0.0004943548936913496,0.004074069348462217,0.0008351648019583985
122_1,Been carrying a balance on my Capital One card at 24.99% APR and it's killing me. Looking at the Ban,15,105,0.33281898697217305,0.26666666666666666,0.06030922141364484,0.043575912747877595,0.03624219360105834,0.5133466717742738,0.5243332618758791,0.5166395965076628,0.5217413306236267,0.6289025545120239,0.35433244705200195,0.35629531741142273,0.7121090888977051,0.6485700607299805,2,13,0.13333333333333333,0.13290595250825088,1.3605138827424867,0.4082924318084403,0.9333333333333333,0.7857142857142857,neutral,0.4666666666666667,0.5333333333333333,0.13333333333333333,0.06666666666666667,0.26666666666666666,17.617667899646147,14.5,0.5264243396308609,1.0,1.0,0.0,0.0,0.001913214756253486,0.01698586717247963,0.0030342536047101008,2.7520908133737977e-06,1.4319097317638807e-05,5.302912086335707e-06,0.00038561977174443504,0.005041874945163727,0.00016009327373467386,3.5565574580687095e-05,0.00017458212096244097,4.643593056243844e-05,0.00035991208957663424,0.0019093806622549891,0.0011119947303086515,0.00011350121106564377,0.0003183920925948769,0.00020567565225064753,0.00046842758233904335,0.004074069348462217,0.0007561836772386715
122_2,,17,136,0.3203227877616882,0.2,0.07115021681938377,0.0471151165272885,0.038026821252111154,0.5267309824771741,0.5323005316450315,0.5283970337580232,0.5252549350261688,0.6444891095161438,0.34991002082824707,0.35084736347198486,0.7121090888977051,0.6120748519897461,2,15,0.11764705882352941,0.11955982205622337,1.334592953237241,0.4005135186516717,0.8823529411764706,0.8125,neutral,0.47058823529411764,0.5294117647058824,0.11764705882352941,0.058823529411764705,0.29411764705882354,14.07641036343155,13.0,0.37863762053534233,1.0,1.0,0.0,0.0,0.001749324266497484,0.01698586717247963,0.0023819182533770813,2.5868218926916597e-06,1.4319097317638807e-05,4.1934988530556455e-06,0.0003443004530067008,0.005041874945163727,0.00015179497131612152,3.3665129462058434e-05,0.00017458212096244097,4.440652846824378e-05,0.0003338943073793095,0.0019093806622549891,0.0008336895261891192,0.00010827629226054448,0.0003183920925948769,0.00020509991445578636,0.00042867454508313145,0.004074069348462217,0.0005982214277992174
123_1,Thinking about applying for the Blue Cash Everyday® Card from Amex — is the 3% grocery cashback actu,16,120,0.3140540346503258,0.125,0.06061705004040534,0.04161291308006161,0.034551821229719316,0.4978903899590174,0.5274383835494518,0.5105934048692385,0.5110324025154114,0.5919604897499084,0.35778364539146423,0.36365675926208496,0.7121090888977051,0.6220158934593201,2,14,0.125,0.12568000587634742,1.3686896376228386,0.41074598916225413,0.9375,0.8,neutral,0.4375,0.5625,0.125,0.0625,0.25,17.914619553593653,22.75,0.49849376149130165,1.0,1.0,0.0,0.0,0.001819422253902303,0.01698586717247963,0.002708085929043591,2.668427519836314e-06,1.4319097317638807e-05,4.748205469695677e-06,0.00036350332584333955,0.005041874945163727,0.0001559441225253977,3.451611610216787e-05,0.00017458212096244097,4.542122951534111e-05,0.00034417379310980323,0.0019093806622549891,0.0009728421282488853,0.00011073922814830439,0.0003183920925948769,0.00020538778335321695,0.00044583719077095907,0.004074069348462217,0.0006772025525189443
123_2,Hilton Honors Amex Surpass vs regular Hilton Honors card — worth the $150 annual fee? Planning a tri,17,136,0.30994266271591187,0.058823529411764705,0.05934400172099156,0.036210748152067006,0.027664886254019284,0.5055622585556087,0.5249176073600265,0.5135518025387736,0.5122608542442322,0.6154205203056335,0.34991002082824707,0.35084736347198486,0.7121090888977051,0.6120748519897461,2,15,0.11764705882352941,0.11955982205622337,1.334592953237241,0.4005135186516717,0.8823529411764706,0.8125,neutral,0.47058823529411764,0.5294117647058824,0.11764705882352941,0.058823529411764705,0.29411764705882354,42.5195253336873,23.0,0.710749194368421,1.0,1.0,0.0,0.0,0.001749324266497484,0.01698586717247963,0.0023819182533770813,2.5868218926916597e-06,1.4319097317638807e-05,4.1934988530556455e-06,0.0003443004530067008,0.005041874945163727,0.00015179497131612152,3.3665129462058434e-05,0.00017458212096244097,4.440652846824378e-05,0.0003338943073793095,0.0019093806622549891,0.0008336895261891192,0.00010827629226054448,0.0003183920925948769,0.00020509991445578636,0.00042867454508313145,0.004074069348462217,0.0005982214277992174
124_1,Been eyeing the Capital One Venture Rewards card for the 75K bonus miles + $250 travel credit. Worth,15,105,0.3111162006855011,0.13333333333333333,0.05982923581845664,0.03925575038223642,0.03189276294752029,0.49031672988619124,0.5141355852286021,0.500866513025193,0.5022852420806885,0.6321351528167725,0.35433244705200195,0.35629531741142273,0.7121090888977051,0.6485700607299805,2,13,0.13333333333333333,0.13290595250825088,1.3605138827424867,0.4082924318084403,0.9333333333333333,0.7857142857142857,neutral,0.4666666666666667,0.5333333333333333,0.13333333333333333,0.06666666666666667,0.26666666666666666,20.790596164826272,30.5,0.5215032482815954,1.0,1.0,0.0,0.0,0.001913214756253486,0.01698586717247963,0.0030342536047101008,2.7520908133737977e-06,1.4319097317638807e-05,5.302912086335707e-06,0.00038561977174443504,0.005041874945163727,0.00016009327373467386,3.5565574580687095e-05,0.00017458212096244097,4.643593056243844e-05,0.00035991208957663424,0.0019093806622549891,0.0011119947303086515,0.00011350121106564377,0.0003183920925948769,0.00020567565225064753,0.00046842758233904335,0.004074069348462217,0.0007561836772386715
124_2,Discover it Cash Back vs Chase Freedom Flex — which 5% rotating category card is actually better in ,16,120,0.32116459868848324,0.25,0.06168540670584356,0.04046741732122575,0.03292180113161631,0.5034666709601879,0.5176953045030435,0.508342919498682,0.508679986000061,0.6126540899276733,0.35778364539146423,0.36365675926208496,0.7121090888977051,0.6220158934593201,2,14,0.125,0.12568000587634742,1.3686896376228386,0.41074598916225413,0.9375,0.8,neutral,0.4375,0.5625,0.125,0.0625,0.25,21.379020089798317,32.5,0.5589286297986488,1.0,1.0,0.0,0.0,0.001819422253902303,0.01698586717247963,0.002708085929043591,2.668427519836314e-06,1.4319097317638807e-05,4.748205469695677e-06,0.00036350332584333955,0.005041874945163727,0.0001559441225253977,3.451611610216787e-05,0.00017458212096244097,4.542122951534111e-05,0.00034417379310980323,0.0019093806622549891,0.0009728421282488853,0.00011073922814830439,0.0003183920925948769,0.00020538778335321695,0.00044583719077095907,0.004074069348462217,0.0006772025525189443
125_1,"First real credit card — went with the Chase Freedom Unlimited®. Did I mess up? Hey everyone, long-t",14,91,0.32068921625614166,0.07142857142857142,0.07146095057989381,0.04378752848069469,0.0329401904240969,0.5117072348411267,0.5376183017269596,0.5213387674027747,0.5218220949172974,0.5996176600456238,0.3610836863517761,0.369733065366745,0.7121090888977051,0.6569548845291138,2,12,0.14285714285714285,0.1407378808196102,1.4003265762311883,0.42024028595938745,1.0,0.7692307692307693,neutral,0.42857142857142855,0.5714285714285714,0.14285714285714285,0.0,0.2857142857142857,24.630431649999682,44.0,0.4863554909731954,1.0,1.0,0.0,0.0,0.002021146102509062,0.01698586717247963,0.003360421280376611,2.8517869249558965e-06,1.4319097317638807e-05,5.857618702975739e-06,0.0004112276298785998,0.005041874945163727,0.00016424242494395,3.6626253729212165e-05,0.00017458212096244097,4.745063160953577e-05,0.0003780780430783385,0.0019093806622549891,0.0012511473323684175,0.00011619954602792859,0.0003183920925948769,0.00020596352114807812,0.0004943548936913496,0.004074069348462217,0.0008351648019583985
125_2,Bank of America Travel Rewards for Students — is this actually good or am I being scammed by my bank,16,120,0.3149239644408226,0.1875,0.05799905588672084,0.03533572959107161,0.026623538717562997,0.5157147775093714,0.5364368952810764,0.5236134432256222,0.5222794711589813,0.6499277353286743,0.35778364539146423,0.36365675926208496,0.7121090888977051,0.6220158934593201,2,14,0.125,0.12568000587634742,1.3686896376228386,0.41074598916225413,0.9375,0.8,neutral,0.4375,0.5625,0.125,0.0625,0.25,37.61461650741637,57.75,0.6388894523552675,1.0,1.0,0.0,0.0,0.001819422253902303,0.01698586717247963,0.002708085929043591,2.668427519836314e-06,1.4319097317638807e-05,4.748205469695677e-06,0.00036350332584333955,0.005041874945163727,0.0001559441225253977,3.451611610216787e-05,0.00017458212096244097,4.542122951534111e-05,0.00034417379310980323,0.0019093806622549891,0.0009728421282488853,0.00011073922814830439,0.0003183920925948769,0.00020538778335321695,0.00044583719077095907,0.004074069348462217,0.0006772025525189443
126_1,Is the Wyndham Rewards Earner® Plus Card actually worth it for someone who only stays at Wyndham pro,15,105,0.32499611179033916,0.2,0.059259036315218235,0.03874383274670252,0.03068196421991343,0.5142612593514578,0.5148474730196453,0.5124473554747445,0.5088806748390198,0.6629331111907959,0.35433244705200195,0.35629531741142273,0.7121090888977051,0.6485700607299805,2,13,0.13333333333333333,0.13290595250825088,1.3605138827424867,0.4082924318084403,0.9333333333333333,0.7857142857142857,neutral,0.4666666666666667,0.5333333333333333,0.13333333333333333,0.06666666666666667,0.26666666666666666,20.375366390707075,20.5,0.4595947306174528,1.0,1.0,0.0,0.0,0.001913214756253486,0.01698586717247963,0.0030342536047101008,2.7520908133737977e-06,1.4319097317638807e-05,5.302912086335707e-06,0.00038561977174443504,0.005041874945163727,0.00016009327373467386,3.5565574580687095e-05,0.00017458212096244097,4.643593056243844e-05,0.00035991208957663424,0.0019093806622549891,0.0011119947303086515,0.00011350121106564377,0.0003183920925948769,0.00020567565225064753,0.00046842758233904335,0.004074069348462217,0.0007561836772386715
126_2,Synchrony Premier World Mastercard - anyone have experience with this card? I've been seeing ads for,13,78,0.3154872770492847,0.15384615384615385,0.06733537485411335,0.04053468293945504,0.030681385444404425,0.5154623897411884,0.5373964244738604,0.5249135792255402,0.5216162204742432,0.6174587607383728,0.3788752853870392,0.3768388330936432,0.7121090888977051,0.6767420768737793,2,11,0.15384615384615385,0.14899195358157158,1.2309316230479224,0.3694045846493381,0.8461538461538461,0.75,neutral,0.46153846153846156,0.5384615384615384,0.15384615384615385,0.0,0.3076923076923077,21.41834639112407,34.0,0.41067625823689224,1.0,1.0,0.0,0.0,0.0021307790974298348,0.01698586717247963,0.0036865889560431264,2.9534516600576285e-06,1.4319097317638807e-05,6.412325319615779e-06,0.0004398503480423152,0.005041874945163727,0.00016839157615322622,3.7462089004783105e-05,0.00017458212096244097,4.846533265663311e-05,0.0003965880818073996,0.0019093806622549891,0.0013902999344281863,0.00011804984947397876,0.0003183920925948769,0.00020625139004550876,0.0005209471529030615,0.004074069348462217,0.0009141459266781269
127_1,Thinking about doing a balance transfer to the Chase Slate - worth it in 2024? Hey everyone. So I've,12,66,0.3016206572453181,0.08333333333333333,0.060744666382502116,0.043203041456563056,0.03652802662016103,0.4981933091626023,0.5162800582069339,0.5064403008330952,0.5065233409404755,0.5591930747032166,0.3649839162826538,0.372275173664093,0.6880798935890198,0.6557418704032898,1,11,0.08333333333333333,0.08823443669825792,1.0397207708399179,0.3120218965147642,0.8333333333333334,0.7272727272727273,neutral,0.5,0.5,0.16666666666666666,0.0,0.3333333333333333,14.328487552967884,17.75,0.4074451436862906,1.0,1.0,0.0,0.0,0.0019467669966009755,0.01698586717247963,0.0010724914143793284,3.0350165995211378e-06,1.4319097317638807e-05,6.9521499199254346e-06,0.00046178038716486,0.005041874945163727,0.00012717258941847835,3.7281602089933585e-05,0.00017458212096244097,4.948003370373045e-05,0.000290586660412373,0.0019093806622549891,0.00026919992815237497,0.00011065174294344615,0.0003183920925948769,0.00019515818057698201,0.0004750170676351849,0.004074069348462217,0.00027904793285339716
127_2,Anyone have experience with the Synchrony Premier World Mastercard? Got a pre-approval in the mail T,11,55,0.30161977085200226,0.0,0.06382052435805943,0.042039910841845794,0.0338914368329271,0.5113407861102711,0.522316697510806,0.516046798771078,0.5062904357910156,0.604571521282196,0.4054003357887268,0.39558061957359314,0.682113766670227,0.6559844613075256,1,10,0.09090909090909091,0.09429291872815652,0.9949236325717752,0.2985782023683364,0.8181818181818182,0.7,neutral,0.5454545454545454,0.45454545454545453,0.18181818181818182,0.0,0.36363636363636365,17.389081783960194,15.0,0.43771144078618335,1.0,1.0,0.0,0.0,0.0020848530111834407,0.01698586717247963,0.0010772475507110357,3.1710193711246988e-06,1.4319097317638807e-05,7.52173855289584e-06,0.0005005184349019229,0.005041874945163727,0.00013519836647901684,3.873078259692358e-05,0.00017458212096244097,5.0494734750827774e-05,0.00030737167253391817,0.0019093806622549891,0.000277079117950052,0.00011452036679574204,0.0003183920925948769,0.00020394843886606395,0.0005081942145638453,0.004074069348462217,0.0002822969289203077
128_1,Thinking about getting the Citi Strata Premier - worth it over the competitors? So I've been eyeing ,13,78,0.31180911568494946,0.07692307692307693,0.04948582670761165,0.034678601233970166,0.02920658393345944,0.5001471313910607,0.49684503292426085,0.49399184454710054,0.49199241399765015,0.5797097086906433,0.3788752853870392,0.3768388330936432,0.7121090888977051,0.6767420768737793,2,11,0.15384615384615385,0.14899195358157158,1.2309316230479224,0.3694045846493381,0.8461538461538461,0.75,neutral,0.46153846153846156,0.5384615384615384,0.15384615384615385,0.0,0.3076923076923077,38.301204269849144,24.0,0.9186635710480422,1.0,1.0,0.0,0.0,0.0021307790974298348,0.01698586717247963,0.0036865889560431264,2.9534516600576285e-06,1.4319097317638807e-05,6.412325319615779e-06,0.0004398503480423152,0.005041874945163727,0.00016839157615322622,3.7462089004783105e-05,0.00017458212096244097,4.846533265663311e-05,0.0003965880818073996,0.0019093806622549891,0.0013902999344281863,0.00011804984947397876,0.0003183920925948769,0.00020625139004550876,0.0005209471529030615,0.004074069348462217,0.0009141459266781269
128_2,Is the American Airlines AAdvantage MileUp card a good first credit card? Hi everyone! I'm 24 and lo,12,66,0.3112812389930089,0.08333333333333333,0.05638436465481119,0.034279359661588626,0.026374870961757224,0.5002568662166595,0.5273439857092771,0.5116231364734245,0.5169717669487,0.612785279750824,0.3649839162826538,0.372275173664093,0.6880798935890198,0.6557418704032898,1,11,0.08333333333333333,0.08823443669825792,1.0397207708399179,0.3120218965147642,0.8333333333333334,0.7272727272727273,neutral,0.5,0.5,0.16666666666666666,0.0,0.3333333333333333,44.33858051654588,34.75,0.7525643086259556,1.0,1.0,0.0,0.0,0.0019467669966009755,0.01698586717247963,0.0010724914143793284,3.0350165995211378e-06,1.4319097317638807e-05,6.9521499199254346e-06,0.00046178038716486,0.005041874945163727,0.00012717258941847835,3.7281602089933585e-05,0.00017458212096244097,4.948003370373045e-05,0.000290586660412373,0.0019093806622549891,0.00026919992815237497,0.00011065174294344615,0.0003183920925948769,0.00019515818057698201,0.0004750170676351849,0.004074069348462217,0.00027904793285339716
129_1,Wells Fargo Active Cash Card - worth it as a flat 2% card? Been looking for a simple flat-rate cashb,20,190,0.3136816009879112,0.1,0.06186552931076717,0.042454320888561624,0.03536636833992125,0.5018858145726355,0.5055223372421767,0.5021699753246809,0.5018743574619293,0.6104103326797485,0.3119811713695526,0.29370176792144775,0.7121090888977051,0.5376409292221069,3,17,0.15,0.15124925179407,1.6094379124341003,0.48299493849177877,0.9,0.8421052631578947,neutral,0.4,0.5,0.1,0.05,0.35,17.91340280348767,25.25,0.5132780172919104,1.0,1.0,0.0,0.0,0.0015557224789517932,0.01698586717247963,0.0014034152263775513,2.4245950214663027e-06,1.4319097317638807e-05,2.5293790031355533e-06,0.00029742231454292777,0.005041874945163727,0.00013934751768829306,3.2022549203247766e-05,0.00017458212096244097,4.1362425326951794e-05,0.00029946009781269824,0.0019093806622549891,0.0004162317200098207,0.00010360212909290566,0.0003183920925948769,0.00020423630776349454,0.0003817756941041731,0.004074069348462217,0.00036127805364003613
129_2,Anyone used the Current Build Card for credit building? Worth it over secured cards? Saw an ad for t,20,190,0.324953681230545,0.25,0.060029898012303934,0.040630769438602395,0.0332043132017349,0.5174859451620202,0.5114848582368148,0.5128804942494944,0.5107043087482452,0.7020772099494934,0.3119811713695526,0.29370176792144775,0.7121090888977051,0.5376409292221069,3,17,0.15,0.15124925179407,1.6094379124341003,0.48299493849177877,0.9,0.8421052631578947,neutral,0.4,0.5,0.1,0.05,0.35,24.33490291741473,27.25,0.5828719261656223,1.0,1.0,0.0,0.0,0.0015557224789517932,0.01698586717247963,0.0014034152263775513,2.4245950214663027e-06,1.4319097317638807e-05,2.5293790031355533e-06,0.00029742231454292777,0.005041874945163727,0.00013934751768829306,3.2022549203247766e-05,0.00017458212096244097,4.1362425326951794e-05,0.00029946009781269824,0.0019093806622549891,0.0004162317200098207,0.00010360212909290566,0.0003183920925948769,0.00020423630776349454,0.0003817756941041731,0.004074069348462217,0.00036127805364003613
12_1,"Capital One Quicksilver Secured - worth it or should I look elsewhere? Hey everyone, long time lurke",13,78,0.3164648482432732,0.15384615384615385,0.05264325689207434,0.03400242333076559,0.027502688447279287,0.507748109407914,0.5156406194735796,0.5094301960407159,0.5110368728637695,0.5908209681510925,0.3788752853870392,0.3768388330936432,0.7121090888977051,0.6767420768737793,2,11,0.15384615384615385,0.14899195358157158,1.2309316230479224,0.3694045846493381,0.8461538461538461,0.75,neutral,0.46153846153846156,0.5384615384615384,0.15384615384615385,0.0,0.3076923076923077,27.930174982556284,42.0,0.564684719709536,1.0,1.0,0.0,0.0,0.0021307790974298348,0.01698586717247963,0.0036865889560431264,2.9534516600576285e-06,1.4319097317638807e-05,6.412325319615779e-06,0.0004398503480423152,0.005041874945163727,0.00016839157615322622,3.7462089004783105e-05,0.00017458212096244097,4.846533265663311e-05,0.0003965880818073996,0.0019093806622549891,0.0013902999344281863,0.00011804984947397876,0.0003183920925948769,0.00020625139004550876,0.0005209471529030615,0.004074069348462217,0.0009141459266781269
12_2,First credit card as a college student - Discover it Student Cash Back or something else? I'm starti,18,153,0.3048991743061278,0.0,0.06388465444917127,0.0384902194462221,0.028983681039956362,0.521590789159139,0.5168775847924301,0.5176929667884228,0.5149019360542297,0.6215282082557678,0.3434210419654846,0.32965725660324097,0.7121090888977051,0.5916843414306641,2,16,0.1111111111111111,0.11427675280719995,1.4750080554560212,0.4426523194935796,0.8888888888888888,0.8235294117647058,neutral,0.4444444444444444,0.5,0.1111111111111111,0.05555555555555555,0.3333333333333333,32.103997674225354,47.5,0.5503542458438632,1.0,1.0,0.0,0.0,0.0016720959861736952,0.01698586717247963,0.0020557505777105715,2.5186865476219586e-06,1.4319097317638807e-05,3.638792236415615e-06,0.000326614260605614,0.005041874945163727,0.00014764582010684538,3.2799550859231706e-05,0.00017458212096244097,4.3391827421146456e-05,0.00032075326089398004,0.0019093806622549891,0.0006945369241293531,0.00010615570742326479,0.0003183920925948769,0.00020481204555835577,0.0004101562420839013,0.004074069348462217,0.0005192403030794902
130_1,Venture X vs Citi AAdvantage Executive - which makes more sense for a frequent AA flyer? Title says ,16,120,0.3192847743630409,0.1875,0.06731575605947965,0.046278056299841025,0.03764482583083337,0.4992381602525711,0.5093247142930826,0.5011801483730475,0.5028126239776611,0.6632683873176575,0.35778364539146423,0.36365675926208496,0.7121090888977051,0.6220158934593201,2,14,0.125,0.12568000587634742,1.3686896376228386,0.41074598916225413,0.9375,0.8,neutral,0.4375,0.5625,0.125,0.0625,0.25,25.536432307587525,28.0,0.6485443125736514,1.0,1.0,0.0,0.0,0.001819422253902303,0.01698586717247963,0.002708085929043591,2.668427519836314e-06,1.4319097317638807e-05,4.748205469695677e-06,0.00036350332584333955,0.005041874945163727,0.0001559441225253977,3.451611610216787e-05,0.00017458212096244097,4.542122951534111e-05,0.00034417379310980323,0.0019093806622549891,0.0009728421282488853,0.00011073922814830439,0.0003183920925948769,0.00020538778335321695,0.00044583719077095907,0.004074069348462217,0.0006772025525189443
130_2,PSA: Citi AAdvantage Platinum Select bonus might be better than it looks (if you don't mind the $7k ,17,136,0.3239923505222096,0.23529411764705882,0.06476083056999453,0.04295301638980938,0.03457878450891933,0.5068097261383253,0.5220028922400054,0.5134000607273158,0.512456089258194,0.6307818293571472,0.34991002082824707,0.35084736347198486,0.7121090888977051,0.6120748519897461,2,15,0.11764705882352941,0.11955982205622337,1.334592953237241,0.4005135186516717,0.8823529411764706,0.8125,neutral,0.47058823529411764,0.5294117647058824,0.11764705882352941,0.058823529411764705,0.29411764705882354,15.946493578196003,25.0,0.3883816487526247,1.0,1.0,0.0,0.0,0.001749324266497484,0.01698586717247963,0.0023819182533770813,2.5868218926916597e-06,1.4319097317638807e-05,4.1934988530556455e-06,0.0003443004530067008,0.005041874945163727,0.00015179497131612152,3.3665129462058434e-05,0.00017458212096244097,4.440652846824378e-05,0.0003338943073793095,0.0019093806622549891,0.0008336895261891192,0.00010827629226054448,0.0003183920925948769,0.00020509991445578636,0.00042867454508313145,0.004074069348462217,0.0005982214277992174
132_1,Just got the Amex Platinum welcome offer - 175k MR points for $12k spend. Worth it or am I kidding m,15,105,0.3066263794898987,0.13333333333333333,0.059419321845684915,0.041667741388073665,0.03485323623030012,0.4956133885043008,0.49465223068282715,0.4939864842664628,0.4987495541572571,0.5741631984710693,0.35433244705200195,0.35629531741142273,0.7121090888977051,0.6485700607299805,2,13,0.13333333333333333,0.13290595250825088,1.3605138827424867,0.4082924318084403,0.9333333333333333,0.7857142857142857,neutral,0.4666666666666667,0.5333333333333333,0.13333333333333333,0.06666666666666667,0.26666666666666666,15.154610592892917,19.0,0.4696676836640367,1.0,1.0,0.0,0.0,0.001913214756253486,0.01698586717247963,0.0030342536047101008,2.7520908133737977e-06,1.4319097317638807e-05,5.302912086335707e-06,0.00038561977174443504,0.005041874945163727,0.00016009327373467386,3.5565574580687095e-05,0.00017458212096244097,4.643593056243844e-05,0.00035991208957663424,0.0019093806622549891,0.0011119947303086515,0.00011350121106564377,0.0003183920925948769,0.00020567565225064753,0.00046842758233904335,0.004074069348462217,0.0007561836772386715
132_2,"18 y/o college student, no credit history. Thinking about the Discover it Student Cash Back card. Go",20,190,0.32848896980285647,0.2,0.06200856430077044,0.04282411630033339,0.03576353622098015,0.5207479676133708,0.5226002920615046,0.5197446807434685,0.5182435214519501,0.6101757287979126,0.3119811713695526,0.29370176792144775,0.7121090888977051,0.5376409292221069,3,17,0.15,0.15124925179407,1.6094379124341003,0.48299493849177877,0.9,0.8421052631578947,neutral,0.4,0.5,0.1,0.05,0.35,25.804796065847917,20.5,0.6927462031100112,1.0,1.0,0.0,0.0,0.0015557224789517932,0.01698586717247963,0.0014034152263775513,2.4245950214663027e-06,1.4319097317638807e-05,2.5293790031355533e-06,0.00029742231454292777,0.005041874945163727,0.00013934751768829306,3.2022549203247766e-05,0.00017458212096244097,4.1362425326951794e-05,0.00029946009781269824,0.0019093806622549891,0.0004162317200098207,0.00010360212909290566,0.0003183920925948769,0.00020423630776349454,0.0003817756941041731,0.004074069348462217,0.00036127805364003613
133_1,Just got approved for the Discover it Student Cash Back card! Some thoughts + questions Hey everyone,17,136,0.32761915816980247,0.23529411764705882,0.05394832915583281,0.03729129530631087,0.03143203607804394,0.5095569756539429,0.5073057090973153,0.5059788525104523,0.5077453553676605,0.5894953012466431,0.34991002082824707,0.35084736347198486,0.7121090888977051,0.6120748519897461,2,15,0.11764705882352941,0.11955982205622337,1.334592953237241,0.4005135186516717,0.8823529411764706,0.8125,neutral,0.47058823529411764,0.5294117647058824,0.11764705882352941,0.058823529411764705,0.29411764705882354,19.223867806079127,28.0,0.5313914678103173,1.0,1.0,0.0,0.0,0.001749324266497484,0.01698586717247963,0.0023819182533770813,2.5868218926916597e-06,1.4319097317638807e-05,4.1934988530556455e-06,0.0003443004530067008,0.005041874945163727,0.00015179497131612152,3.3665129462058434e-05,0.00017458212096244097,4.440652846824378e-05,0.0003338943073793095,0.0019093806622549891,0.0008336895261891192,0.00010827629226054448,0.0003183920925948769,0.00020509991445578636,0.00042867454508313145,0.004074069348462217,0.0005982214277992174
133_2,Is the Chase Sapphire Preferred still worth it in 2024? Thinking of applying Currently have: - Citi ,20,190,0.3119713604450226,0.1,0.06288469698845603,0.03899902155188974,0.0305540617573965,0.5175468438550046,0.5375312670281059,0.5259205128017225,0.5265740156173706,0.6444592475891113,0.3119811713695526,0.29370176792144775,0.7121090888977051,0.5376409292221069,3,17,0.15,0.15124925179407,1.6094379124341003,0.48299493849177877,0.9,0.8421052631578947,neutral,0.4,0.5,0.1,0.05,0.35,34.664679430221184,24.25,0.661539683782847,1.0,1.0,0.0,0.0,0.0015557224789517932,0.01698586717247963,0.0014034152263775513,2.4245950214663027e-06,1.4319097317638807e-05,2.5293790031355533e-06,0.00029742231454292777,0.005041874945163727,0.00013934751768829306,3.2022549203247766e-05,0.00017458212096244097,4.1362425326951794e-05,0.00029946009781269824,0.0019093806622549891,0.0004162317200098207,0.00010360212909290566,0.0003183920925948769,0.00020423630776349454,0.0003817756941041731,0.004074069348462217,0.00036127805364003613
134_1,Blue Cash Preferred or just stick with the Everyday card? Full breakdown inside.,13,78,0.3127937890016116,0.15384615384615385,0.07130675900912792,0.04585790062362446,0.036347828698979505,0.5109979720451893,0.515112307591316,0.5121377274776117,0.5046617388725281,0.6147778034210205,0.3788752853870392,0.3768388330936432,0.7121090888977051,0.6767420768737793,2,11,0.15384615384615385,0.14899195358157158,1.2309316230479224,0.3694045846493381,0.8461538461538461,0.75,neutral,0.46153846153846156,0.5384615384615384,0.15384615384615385,0.0,0.3076923076923077,12.436822593131163,20.0,0.31639666088200613,1.0,1.0,0.0,0.0,0.0021307790974298348,0.01698586717247963,0.0036865889560431264,2.9534516600576285e-06,1.4319097317638807e-05,6.412325319615779e-06,0.0004398503480423152,0.005041874945163727,0.00016839157615322622,3.7462089004783105e-05,0.00017458212096244097,4.846533265663311e-05,0.0003965880818073996,0.0019093806622549891,0.0013902999344281863,0.00011804984947397876,0.0003183920925948769,0.00020625139004550876,0.0005209471529030615,0.004074069348462217,0.0009141459266781269
134_2,Hilton Surpass vs regular Hilton Amex - worth the $150 AF upgrade? Planning a big trip to Hawaii.,14,91,0.3248686684029443,0.21428571428571427,0.056980793573898646,0.036705146612233674,0.02912141990739587,0.5106862711382436,0.5262449003837921,0.5164301372491397,0.5168351531028748,0.593278706073761,0.3610836863517761,0.369733065366745,0.7121090888977051,0.6569548845291138,2,12,0.14285714285714285,0.1407378808196102,1.4003265762311883,0.42024028595938745,1.0,0.7692307692307693,neutral,0.42857142857142855,0.5714285714285714,0.14285714285714285,0.0,0.2857142857142857,30.74458638259319,29.75,0.6105307934131982,1.0,1.0,0.0,0.0,0.002021146102509062,0.01698586717247963,0.003360421280376611,2.8517869249558965e-06,1.4319097317638807e-05,5.857618702975739e-06,0.0004112276298785998,0.005041874945163727,0.00016424242494395,3.6626253729212165e-05,0.00017458212096244097,4.745063160953577e-05,0.0003780780430783385,0.0019093806622549891,0.0012511473323684175,0.00011619954602792859,0.0003183920925948769,0.00020596352114807812,0.0004943548936913496,0.004074069348462217,0.0008351648019583985
136_1,Is the Wyndham Rewards Earner® Plus Card actually worth it for casual travelers? ($75 AF) Looking at,13,78,0.3206874132156372,0.23076923076923078,0.05638015528232884,0.03934517131402138,0.03305058426728459,0.4836177333043172,0.5036220187560106,0.49160962685560566,0.5037119090557098,0.6056371331214905,0.3788752853870392,0.3768388330936432,0.7121090888977051,0.6767420768737793,2,11,0.15384615384615385,0.14899195358157158,1.2309316230479224,0.3694045846493381,0.8461538461538461,0.75,neutral,0.46153846153846156,0.5384615384615384,0.15384615384615385,0.0,0.3076923076923077,18.713979206771587,25.0,0.5977438075872988,1.0,1.0,0.0,0.0,0.0021307790974298348,0.01698586717247963,0.0036865889560431264,2.9534516600576285e-06,1.4319097317638807e-05,6.412325319615779e-06,0.0004398503480423152,0.005041874945163727,0.00016839157615322622,3.7462089004783105e-05,0.00017458212096244097,4.846533265663311e-05,0.0003965880818073996,0.0019093806622549891,0.0013902999344281863,0.00011804984947397876,0.0003183920925948769,0.00020625139004550876,0.0005209471529030615,0.004074069348462217,0.0009141459266781269
136_2,"Wells Fargo Active Cash® Card - is the 2% actually unlimited or is there a catch? First post here, b",16,120,0.30899013951420784,0.1875,0.06474460400914499,0.04396676173496225,0.035721351937197485,0.5169468166927497,0.539710417141517,0.5267096412678559,0.5256778001785278,0.6961610913276672,0.35778364539146423,0.36365675926208496,0.7121090888977051,0.6220158934593201,2,14,0.125,0.12568000587634742,1.3686896376228386,0.41074598916225413,0.9375,0.8,neutral,0.4375,0.5625,0.125,0.0625,0.25,20.246045138495568,28.25,0.5166454899775583,1.0,1.0,0.0,0.0,0.001819422253902303,0.01698586717247963,0.002708085929043591,2.668427519836314e-06,1.4319097317638807e-05,4.748205469695677e-06,0.00036350332584333955,0.005041874945163727,0.0001559441225253977,3.451611610216787e-05,0.00017458212096244097,4.542122951534111e-05,0.00034417379310980323,0.0019093806622549891,0.0009728421282488853,0.00011073922814830439,0.0003183920925948769,0.00020538778335321695,0.00044583719077095907,0.004074069348462217,0.0006772025525189443
137_1,Thinking about the Capital One VentureOne for my first travel card — am I overthinking this? Hey eve,15,105,0.3062887767950694,0.0,0.05990487064368477,0.04239063006802701,0.03525229507438124,0.49425888742719376,0.49554434759276256,0.49284458869979497,0.4967074990272522,0.5958302021026611,0.35433244705200195,0.35629531741142273,0.7121090888977051,0.6485700607299805,2,13,0.13333333333333333,0.13290595250825088,1.3605138827424867,0.4082924318084403,0.9333333333333333,0.7857142857142857,neutral,0.4666666666666667,0.5333333333333333,0.13333333333333333,0.06666666666666667,0.26666666666666666,23.228909191398166,26.0,0.6549504471258881,1.0,1.0,0.0,0.0,0.001913214756253486,0.01698586717247963,0.0030342536047101008,2.7520908133737977e-06,1.4319097317638807e-05,5.302912086335707e-06,0.00038561977174443504,0.005041874945163727,0.00016009327373467386,3.5565574580687095e-05,0.00017458212096244097,4.643593056243844e-05,0.00035991208957663424,0.0019093806622549891,0.0011119947303086515,0.00011350121106564377,0.0003183920925948769,0.00020567565225064753,0.00046842758233904335,0.004074069348462217,0.0007561836772386715
137_2,6 months in with the Capital One Platinum Secured — my honest experience (and some questions about g,17,136,0.31416181431097145,0.0,0.060602282084543234,0.03746698017141415,0.02925310540080919,0.5060390597757172,0.5131709146149018,0.5086805211270556,0.506177693605423,0.6116001009941101,0.34991002082824707,0.35084736347198486,0.7121090888977051,0.6120748519897461,2,15,0.11764705882352941,0.11955982205622337,1.334592953237241,0.4005135186516717,0.8823529411764706,0.8125,neutral,0.47058823529411764,0.5294117647058824,0.11764705882352941,0.058823529411764705,0.29411764705882354,23.874093036995152,32.0,0.46172876180764233,1.0,1.0,0.0,0.0,0.001749324266497484,0.01698586717247963,0.0023819182533770813,2.5868218926916597e-06,1.4319097317638807e-05,4.1934988530556455e-06,0.0003443004530067008,0.005041874945163727,0.00015179497131612152,3.3665129462058434e-05,0.00017458212096244097,4.440652846824378e-05,0.0003338943073793095,0.0019093806622549891,0.0008336895261891192,0.00010827629226054448,0.0003183920925948769,0.00020509991445578636,0.00042867454508313145,0.004074069348462217,0.0005982214277992174
138_1,First credit card as a student — Capital One Quicksilver Student or wait for something better? So I',16,120,0.3131411261856556,0.0625,0.05895641653862538,0.04175726755340476,0.03527735655709819,0.4949257691701253,0.5163463684419791,0.5022246124843757,0.5078296065330505,0.6270381212234497,0.35778364539146423,0.36365675926208496,0.7121090888977051,0.6220158934593201,2,14,0.125,0.12568000587634742,1.3686896376228386,0.41074598916225413,0.9375,0.8,neutral,0.4375,0.5625,0.125,0.0625,0.25,20.080696576563273,21.0,0.615500278208836,1.0,1.0,0.0,0.0,0.001819422253902303,0.01698586717247963,0.002708085929043591,2.668427519836314e-06,1.4319097317638807e-05,4.748205469695677e-06,0.00036350332584333955,0.005041874945163727,0.0001559441225253977,3.451611610216787e-05,0.00017458212096244097,4.542122951534111e-05,0.00034417379310980323,0.0019093806622549891,0.0009728421282488853,0.00011073922814830439,0.0003183920925948769,0.00020538778335321695,0.00044583719077095907,0.004074069348462217,0.0006772025525189443
138_2,Bank of America Customized Cash Rewards — is the 6% first year actually as good as it sounds or am I,17,136,0.30875875318751617,0.11764705882352941,0.0554197048931272,0.03756828996909948,0.030285549786103063,0.4864364202846499,0.5032815740388983,0.4910326521186268,0.4917455315589905,0.5905932188034058,0.34991002082824707,0.35084736347198486,0.7121090888977051,0.6120748519897461,2,15,0.11764705882352941,0.11955982205622337,1.334592953237241,0.4005135186516717,0.8823529411764706,0.8125,neutral,0.47058823529411764,0.5294117647058824,0.11764705882352941,0.058823529411764705,0.29411764705882354,31.16759030019978,28.0,0.701786801461452,1.0,1.0,0.0,0.0,0.001749324266497484,0.01698586717247963,0.0023819182533770813,2.5868218926916597e-06,1.4319097317638807e-05,4.1934988530556455e-06,0.0003443004530067008,0.005041874945163727,0.00015179497131612152,3.3665129462058434e-05,0.00017458212096244097,4.440652846824378e-05,0.0003338943073793095,0.0019093806622549891,0.0008336895261891192,0.00010827629226054448,0.0003183920925948769,0.00020509991445578636,0.00042867454508313145,0.004074069348462217,0.0005982214277992174
139_1,Thinking about getting the Wells Fargo Reflect Card to buy myself 21 months of 0% APR for a balance ,19,171,0.3235912322998047,0.10526315789473684,0.05688969080229003,0.038712805353821655,0.031959231688284774,0.5019091510633279,0.5236543540717565,0.5103120321070241,0.5093841552734375,0.6322870254516602,0.3310185372829437,0.3201761841773987,0.7121090888977051,0.5569981932640076,3,16,0.15789473684210525,0.15733224398603565,1.485181756934977,0.4457054638752913,0.8947368421052632,0.8333333333333334,neutral,0.42105263157894735,0.47368421052631576,0.10526315789473684,0.05263157894736842,0.3684210526315789,27.72990025984682,17.0,0.6763390307279712,1.0,1.0,0.0,0.0,0.0016068161578579364,0.01698586717247963,0.0017295829020440555,2.4622015165445383e-06,1.4319097317638807e-05,3.0840856197755746e-06,0.0003110891970879349,0.005041874945163727,0.00014349666889756915,3.1995172704275896e-05,0.00017458212096244097,4.23771263740491e-05,0.00030904844109165043,0.0019093806622549891,0.0005553843220695843,0.0001042831714393718,0.0003183920925948769,0.00020452417666092513,0.00039428239028295236,0.004074069348462217,0.0004402591783597618
139_2,JetBlue Plus Card — worth the $99 annual fee for someone who flies B6 out of JFK 4-5 times a year? L,23,253,0.3130711783533511,0.13043478260869565,0.0547311872445101,0.03486204187913015,0.027356460334612698,0.47452169268027594,0.49832239664590405,0.48321905791052716,0.48669031262397766,0.6124083399772644,0.27584895491600037,0.27025261521339417,0.7121090888977051,0.5053602457046509,4,19,0.17391304347826086,0.17533947389734827,1.6434263483462597,0.4931949234591997,0.8695652173913043,0.7727272727272727,neutral,0.34782608695652173,0.43478260869565216,0.13043478260869565,0.043478260869565216,0.391304347826087,31.764968637072155,34.0,0.6505737120682632,1.0,1.0,0.0,0.0,0.0014129628923357181,0.01698586717247963,0.0010677352780476212,2.2980591488110647e-06,1.4319097317638807e-05,1.9449083538347623e-06,0.00026300605682279087,0.005041874945163727,0.00011914681235793983,3.081251317938871e-05,0.00017458212096244097,4.020376582047902e-05,0.0002748786254138078,0.0019093806622549891,0.00026132073835469786,0.00010015095366448487,0.0003183920925948769,0.00018636792228790005,0.0003473515167608336,0.004074069348462217,0.0002757989367864866
13_1,First credit card as a college student — Bank of America Travel Rewards for Students or wait for som,17,136,0.3149844162604388,0.17647058823529413,0.059374126161159335,0.04027979787113188,0.032492354534745485,0.5085895269670907,0.49952712655067444,0.5025144990752725,0.5055634081363678,0.6130315065383911,0.34991002082824707,0.35084736347198486,0.7121090888977051,0.6120748519897461,2,15,0.11764705882352941,0.11955982205622337,1.334592953237241,0.4005135186516717,0.8823529411764706,0.8125,neutral,0.47058823529411764,0.5294117647058824,0.11764705882352941,0.058823529411764705,0.29411764705882354,24.1094677665468,36.0,0.5780831481400502,1.0,1.0,0.0,0.0,0.001749324266497484,0.01698586717247963,0.0023819182533770813,2.5868218926916597e-06,1.4319097317638807e-05,4.1934988530556455e-06,0.0003443004530067008,0.005041874945163727,0.00015179497131612152,3.3665129462058434e-05,0.00017458212096244097,4.440652846824378e-05,0.0003338943073793095,0.0019093806622549891,0.0008336895261891192,0.00010827629226054448,0.0003183920925948769,0.00020509991445578636,0.00042867454508313145,0.004074069348462217,0.0005982214277992174
13_2,Capital One VentureOne vs Venture X — is the annual fee actually worth it? Full breakdown inside So ,17,136,0.32097557187080383,0.17647058823529413,0.05582385676388928,0.035483776208785234,0.02795590312293898,0.5006220413043219,0.5058060384848538,0.5005989504211089,0.5051703751087189,0.5939923524856567,0.34991002082824707,0.35084736347198486,0.7121090888977051,0.6120748519897461,2,15,0.11764705882352941,0.11955982205622337,1.334592953237241,0.4005135186516717,0.8823529411764706,0.8125,neutral,0.47058823529411764,0.5294117647058824,0.11764705882352941,0.058823529411764705,0.29411764705882354,29.481329497282438,21.0,0.5701736080248025,1.0,1.0,0.0,0.0,0.001749324266497484,0.01698586717247963,0.0023819182533770813,2.5868218926916597e-06,1.4319097317638807e-05,4.1934988530556455e-06,0.0003443004530067008,0.005041874945163727,0.00015179497131612152,3.3665129462058434e-05,0.00017458212096244097,4.440652846824378e-05,0.0003338943073793095,0.0019093806622549891,0.0008336895261891192,0.00010827629226054448,0.0003183920925948769,0.00020509991445578636,0.00042867454508313145,0.004074069348462217,0.0005982214277992174
140_1,College sophomore here — is the Discover it® Student Chrome actually worth it or just a beginner tra,15,105,0.31249867876370746,0.13333333333333333,0.059584085512756325,0.039031749118563844,0.03151821672156308,0.5155005196730296,0.5075545356387183,0.5096641532012395,0.5054671168327332,0.6111197471618652,0.35433244705200195,0.35629531741142273,0.7121090888977051,0.6485700607299805,2,13,0.13333333333333333,0.13290595250825088,1.3605138827424867,0.4082924318084403,0.9333333333333333,0.7857142857142857,neutral,0.4666666666666667,0.5333333333333333,0.13333333333333333,0.06666666666666667,0.26666666666666666,21.042179861728524,33.5,0.5208460361813991,1.0,1.0,0.0,0.0,0.001913214756253486,0.01698586717247963,0.0030342536047101008,2.7520908133737977e-06,1.4319097317638807e-05,5.302912086335707e-06,0.00038561977174443504,0.005041874945163727,0.00016009327373467386,3.5565574580687095e-05,0.00017458212096244097,4.643593056243844e-05,0.00035991208957663424,0.0019093806622549891,0.0011119947303086515,0.00011350121106564377,0.0003183920925948769,0.00020567565225064753,0.00046842758233904335,0.004074069348462217,0.0007561836772386715
140_2,Just got approved for the Citi AAdvantage Platinum Select — 70k mile bonus. Did I make a mistake? So,18,153,0.3307778636614482,0.2777777777777778,0.06357363274066213,0.03906742162321393,0.030764218713851123,0.516538648628721,0.5177696037526224,0.5162198742230734,0.5152919888496399,0.5887635946273804,0.3434210419654846,0.32965725660324097,0.7121090888977051,0.5916843414306641,2,16,0.1111111111111111,0.11427675280719995,1.4750080554560212,0.4426523194935796,0.8888888888888888,0.8235294117647058,neutral,0.4444444444444444,0.5,0.1111111111111111,0.05555555555555555,0.3333333333333333,22.176411113535554,35.75,0.4562004571927314,1.0,1.0,0.0,0.0,0.0016720959861736952,0.01698586717247963,0.0020557505777105715,2.5186865476219586e-06,1.4319097317638807e-05,3.638792236415615e-06,0.000326614260605614,0.005041874945163727,0.00014764582010684538,3.2799550859231706e-05,0.00017458212096244097,4.3391827421146456e-05,0.00032075326089398004,0.0019093806622549891,0.0006945369241293531,0.00010615570742326479,0.0003183920925948769,0.00020481204555835577,0.0004101562420839013,0.004074069348462217,0.0005192403030794902
141_1,JetBlue Plus Card - worth the $99 annual fee for someone flying JetBlue 3-4x a year? Looking at pull,12,66,0.3028461808959643,0.0,0.061241849108489954,0.04219358561153534,0.03513127014441755,0.5187774241873713,0.5108624985723784,0.5128784626722336,0.5111067295074463,0.5898154377937317,0.3649839162826538,0.372275173664093,0.6880798935890198,0.6557418704032898,1,11,0.08333333333333333,0.08823443669825792,1.0397207708399179,0.3120218965147642,0.8333333333333334,0.7272727272727273,neutral,0.5,0.5,0.16666666666666666,0.0,0.3333333333333333,15.77511225527941,19.75,0.4351755104904665,1.0,1.0,0.0,0.0,0.0019467669966009755,0.01698586717247963,0.0010724914143793284,3.0350165995211378e-06,1.4319097317638807e-05,6.9521499199254346e-06,0.00046178038716486,0.005041874945163727,0.00012717258941847835,3.7281602089933585e-05,0.00017458212096244097,4.948003370373045e-05,0.000290586660412373,0.0019093806622549891,0.00026919992815237497,0.00011065174294344615,0.0003183920925948769,0.00019515818057698201,0.0004750170676351849,0.004074069348462217,0.00027904793285339716
141_2,Bank of America Travel Rewards for Students - my first credit card? Good idea or trap? So I'm a juni,12,66,0.32657841096321744,0.16666666666666666,0.07847481341646072,0.047648519744147765,0.03579462931921286,0.5237293947826732,0.5127690700870572,0.5162897990508513,0.5147380232810974,0.6000170707702637,0.3649839162826538,0.372275173664093,0.6880798935890198,0.6557418704032898,1,11,0.08333333333333333,0.08823443669825792,1.0397207708399179,0.3120218965147642,0.8333333333333334,0.7272727272727273,neutral,0.5,0.5,0.16666666666666666,0.0,0.3333333333333333,22.458603894474138,17.0,0.4552419708339352,1.0,1.0,0.0,0.0,0.0019467669966009755,0.01698586717247963,0.0010724914143793284,3.0350165995211378e-06,1.4319097317638807e-05,6.9521499199254346e-06,0.00046178038716486,0.005041874945163727,0.00012717258941847835,3.7281602089933585e-05,0.00017458212096244097,4.948003370373045e-05,0.000290586660412373,0.0019093806622549891,0.00026919992815237497,0.00011065174294344615,0.0003183920925948769,0.00019515818057698201,0.0004750170676351849,0.004074069348462217,0.00027904793285339716
142_1,Just got approved for the Prime Visa - is the 5% back actually worth it vs. my 2% flat cashback card,12,66,0.30687336217273364,0.18181818181818182,0.06164926305687963,0.04236641594168255,0.03502278276920666,0.4931522084004951,0.49069934902769147,0.4903401944673423,0.5041521787643433,0.6058506369590759,0.3649839162826538,0.372275173664093,0.6880798935890198,0.6557418704032898,1,11,0.08333333333333333,0.08823443669825792,1.0397207708399179,0.3120218965147642,0.8333333333333334,0.7272727272727273,neutral,0.5,0.5,0.16666666666666666,0.0,0.3333333333333333,12.60593995790168,16.25,0.46833213465888596,1.0,1.0,0.0,0.0,0.0019467669966009755,0.01698586717247963,0.0010724914143793284,3.0350165995211378e-06,1.4319097317638807e-05,6.9521499199254346e-06,0.00046178038716486,0.005041874945163727,0.00012717258941847835,3.7281602089933585e-05,0.00017458212096244097,4.948003370373045e-05,0.000290586660412373,0.0019093806622549891,0.00026919992815237497,0.00011065174294344615,0.0003183920925948769,0.00019515818057698201,0.0004750170676351849,0.004074069348462217,0.00027904793285339716
142_2,AmEx Platinum $895 annual fee is giving me anxiety but the 175k welcome offer is tempting me. Can so,14,91,0.3205470208610807,0.14285714285714285,0.05490530326262859,0.035088164573275044,0.02772377891615679,0.4878436939401941,0.501907936164311,0.49298760622412297,0.48966753482818604,0.6019233465194702,0.3610836863517761,0.369733065366745,0.7121090888977051,0.6569548845291138,2,12,0.14285714285714285,0.1407378808196102,1.4003265762311883,0.42024028595938745,1.0,0.7692307692307693,neutral,0.42857142857142855,0.5714285714285714,0.14285714285714285,0.0,0.2857142857142857,28.247448864400816,37.5,0.5731366436255239,1.0,1.0,0.0,0.0,0.002021146102509062,0.01698586717247963,0.003360421280376611,2.8517869249558965e-06,1.4319097317638807e-05,5.857618702975739e-06,0.0004112276298785998,0.005041874945163727,0.00016424242494395,3.6626253729212165e-05,0.00017458212096244097,4.745063160953577e-05,0.0003780780430783385,0.0019093806622549891,0.0012511473323684175,0.00011619954602792859,0.0003183920925948769,0.00020596352114807812,0.0004943548936913496,0.004074069348462217,0.0008351648019583985
143_1,Is the Wyndham Rewards Earner Plus Card actually worth it for casual travelers? I've been looking at,12,66,0.3082498833537102,0.08333333333333333,0.05909534351864984,0.03913621150896736,0.031808251559376666,0.5213565022656412,0.5357884710485284,0.5271860672668978,0.5258150100708008,0.5835825800895691,0.3649839162826538,0.372275173664093,0.6880798935890198,0.6557418704032898,1,11,0.08333333333333333,0.08823443669825792,1.0397207708399179,0.3120218965147642,0.8333333333333334,0.7272727272727273,neutral,0.5,0.5,0.16666666666666666,0.0,0.3333333333333333,22.354467612140134,35.75,0.5280582900505543,1.0,1.0,0.0,0.0,0.0019467669966009755,0.01698586717247963,0.0010724914143793284,3.0350165995211378e-06,1.4319097317638807e-05,6.9521499199254346e-06,0.00046178038716486,0.005041874945163727,0.00012717258941847835,3.7281602089933585e-05,0.00017458212096244097,4.948003370373045e-05,0.000290586660412373,0.0019093806622549891,0.00026919992815237497,0.00011065174294344615,0.0003183920925948769,0.00019515818057698201,0.0004750170676351849,0.004074069348462217,0.00027904793285339716
143_2,Capital One Quicksilver vs QuicksilverOne — I'm confused (help please) So I'm looking at Capital One,12,66,0.31151824444532394,0.08333333333333333,0.061978148629795164,0.04053796525726612,0.032225370808235364,0.48484400592067023,0.5166314740975698,0.49903488068869617,0.506811112165451,0.5671815276145935,0.3649839162826538,0.372275173664093,0.6880798935890198,0.6557418704032898,1,11,0.08333333333333333,0.08823443669825792,1.0397207708399179,0.3120218965147642,0.8333333333333334,0.7272727272727273,neutral,0.5,0.5,0.16666666666666666,0.0,0.3333333333333333,23.921166824012207,22.25,0.5606523474377861,1.0,1.0,0.0,0.0,0.0019467669966009755,0.01698586717247963,0.0010724914143793284,3.0350165995211378e-06,1.4319097317638807e-05,6.9521499199254346e-06,0.00046178038716486,0.005041874945163727,0.00012717258941847835,3.7281602089933585e-05,0.00017458212096244097,4.948003370373045e-05,0.000290586660412373,0.0019093806622549891,0.00026919992815237497,0.00011065174294344615,0.0003183920925948769,0.00019515818057698201,0.0004750170676351849,0.004074069348462217,0.00027904793285339716
145_1,Citi Strata Premier - is this card actually worth it or am I missing something? Just got the mailer ,16,120,0.3154439013451338,0.25,0.0675816091227581,0.04821782580282318,0.04091562876078451,0.5184067413210869,0.5331385674575965,0.5249918771286806,0.5236991941928864,0.619983971118927,0.35778364539146423,0.36365675926208496,0.7121090888977051,0.6220158934593201,2,14,0.125,0.12568000587634742,1.3686896376228386,0.41074598916225413,0.9375,0.8,neutral,0.4375,0.5625,0.125,0.0625,0.25,12.25621653488547,9.5,0.39938791152376274,1.0,1.0,0.0,0.0,0.001819422253902303,0.01698586717247963,0.002708085929043591,2.668427519836314e-06,1.4319097317638807e-05,4.748205469695677e-06,0.00036350332584333955,0.005041874945163727,0.0001559441225253977,3.451611610216787e-05,0.00017458212096244097,4.542122951534111e-05,0.00034417379310980323,0.0019093806622549891,0.0009728421282488853,0.00011073922814830439,0.0003183920925948769,0.00020538778335321695,0.00044583719077095907,0.004074069348462217,0.0006772025525189443
145_2,Grow Credit Mastercard - anyone actually used this to build credit? Legit or gimmick? Saw an ad for ,16,120,0.31629400327801704,0.125,0.05721373007735598,0.0383896943307444,0.031356339870595266,0.5001448735594749,0.5251440274218718,0.5116536068419616,0.514215350151062,0.6005396246910095,0.35778364539146423,0.36365675926208496,0.7121090888977051,0.6220158934593201,2,14,0.125,0.12568000587634742,1.3686896376228386,0.41074598916225413,0.9375,0.8,neutral,0.4375,0.5625,0.125,0.0625,0.25,27.6805860441935,18.5,0.5850586218059393,1.0,1.0,0.0,0.0,0.001819422253902303,0.01698586717247963,0.002708085929043591,2.668427519836314e-06,1.4319097317638807e-05,4.748205469695677e-06,0.00036350332584333955,0.005041874945163727,0.0001559441225253977,3.451611610216787e-05,0.00017458212096244097,4.542122951534111e-05,0.00034417379310980323,0.0019093806622549891,0.0009728421282488853,0.00011073922814830439,0.0003183920925948769,0.00020538778335321695,0.00044583719077095907,0.004074069348462217,0.0006772025525189443
146_1,"Hey everyone, long time lurker here. Just wanted to share my experience getting approved for the Cha",16,120,0.3187672309577465,0.125,0.06962591928912663,0.046459203000258305,0.03738052372638824,0.5107649842898051,0.5270948365330697,0.517977632333835,0.5217017233371735,0.5972699522972107,0.35778364539146423,0.36365675926208496,0.7121090888977051,0.6220158934593201,2,14,0.125,0.12568000587634742,1.3686896376228386,0.41074598916225413,0.9375,0.8,neutral,0.4375,0.5625,0.125,0.0625,0.25,22.866118494401274,20.25,0.5698721120100005,1.0,1.0,0.0,0.0,0.001819422253902303,0.01698586717247963,0.002708085929043591,2.668427519836314e-06,1.4319097317638807e-05,4.748205469695677e-06,0.00036350332584333955,0.005041874945163727,0.0001559441225253977,3.451611610216787e-05,0.00017458212096244097,4.542122951534111e-05,0.00034417379310980323,0.0019093806622549891,0.0009728421282488853,0.00011073922814830439,0.0003183920925948769,0.00020538778335321695,0.00044583719077095907,0.004074069348462217,0.0006772025525189443
146_2,Been seeing the IHG One Rewards Premier Card offer floating around (140k bonus points after $3k spen,20,190,0.3179881125688553,0.2,0.05546061674004209,0.035532678313144335,0.028061830428004256,0.4910368522531108,0.5035855061129519,0.49596715475383557,0.5004202723503113,0.6332597732543945,0.3119811713695526,0.29370176792144775,0.7121090888977051,0.5376409292221069,3,17,0.15,0.15124925179407,1.6094379124341003,0.48299493849177877,0.9,0.8421052631578947,neutral,0.4,0.5,0.1,0.05,0.35,26.83449272857603,38.5,0.5356186173368469,1.0,1.0,0.0,0.0,0.0015557224789517932,0.01698586717247963,0.0014034152263775513,2.4245950214663027e-06,1.4319097317638807e-05,2.5293790031355533e-06,0.00029742231454292777,0.005041874945163727,0.00013934751768829306,3.2022549203247766e-05,0.00017458212096244097,4.1362425326951794e-05,0.00029946009781269824,0.0019093806622549891,0.0004162317200098207,0.00010360212909290566,0.0003183920925948769,0.00020423630776349454,0.0003817756941041731,0.004074069348462217,0.00036127805364003613
147_1,"Thinking about the OpenSky Plus Secured Visa — anyone have recent experience? Hey everyone, long tim",15,105,0.31278339425722756,0.13333333333333333,0.05553884069842481,0.03648712360875921,0.029191062625427686,0.5104807771387554,0.5117695030711946,0.5088958978652954,0.5168811082839966,0.615865170955658,0.35433244705200195,0.35629531741142273,0.7121090888977051,0.6485700607299805,2,13,0.13333333333333333,0.13290595250825088,1.3605138827424867,0.4082924318084403,0.9333333333333333,0.7857142857142857,neutral,0.4666666666666667,0.5333333333333333,0.13333333333333333,0.06666666666666667,0.26666666666666666,21.46894397858347,25.0,0.512793247896102,1.0,1.0,0.0,0.0,0.001913214756253486,0.01698586717247963,0.0030342536047101008,2.7520908133737977e-06,1.4319097317638807e-05,5.302912086335707e-06,0.00038561977174443504,0.005041874945163727,0.00016009327373467386,3.5565574580687095e-05,0.00017458212096244097,4.643593056243844e-05,0.00035991208957663424,0.0019093806622549891,0.0011119947303086515,0.00011350121106564377,0.0003183920925948769,0.00020567565225064753,0.00046842758233904335,0.004074069348462217,0.0007561836772386715
147_2,Prime Visa vs Prime Store Card — which did you get and do you actually use the 5% effectively? I jus,16,120,0.3220052421092987,0.25,0.07950307779420172,0.04906143962320484,0.03506029569150891,0.5106272203226884,0.5176389378805956,0.5124529172976812,0.5125676989555359,0.6420859098434448,0.35778364539146423,0.36365675926208496,0.7121090888977051,0.6220158934593201,2,14,0.125,0.12568000587634742,1.3686896376228386,0.41074598916225413,0.9375,0.8,neutral,0.4375,0.5625,0.125,0.0625,0.25,27.807092170883312,40.5,0.5185471733498054,1.0,1.0,0.0,0.0,0.001819422253902303,0.01698586717247963,0.002708085929043591,2.668427519836314e-06,1.4319097317638807e-05,4.748205469695677e-06,0.00036350332584333955,0.005041874945163727,0.0001559441225253977,3.451611610216787e-05,0.00017458212096244097,4.542122951534111e-05,0.00034417379310980323,0.0019093806622549891,0.0009728421282488853,0.00011073922814830439,0.0003183920925948769,0.00020538778335321695,0.00044583719077095907,0.004074069348462217,0.0006772025525189443
148_1,Apple Card just added 3% Daily Cash back at Hertz. Worth it for frequent renters? Title pretty much ,14,91,0.3158088518040521,0.07142857142857142,0.06851699318574443,0.04144604503654545,0.03129624170871851,0.4956940212747553,0.5248362870661767,0.5087948962227329,0.5152307152748108,0.5678009390830994,0.3610836863517761,0.369733065366745,0.7121090888977051,0.6569548845291138,2,12,0.14285714285714285,0.1407378808196102,1.4003265762311883,0.42024028595938745,1.0,0.7692307692307693,neutral,0.42857142857142855,0.5714285714285714,0.14285714285714285,0.0,0.2857142857142857,19.324300024284746,26.25,0.3864860004856949,1.0,1.0,0.0,0.0,0.002021146102509062,0.01698586717247963,0.003360421280376611,2.8517869249558965e-06,1.4319097317638807e-05,5.857618702975739e-06,0.0004112276298785998,0.005041874945163727,0.00016424242494395,3.6626253729212165e-05,0.00017458212096244097,4.745063160953577e-05,0.0003780780430783385,0.0019093806622549891,0.0012511473323684175,0.00011619954602792859,0.0003183920925948769,0.00020596352114807812,0.0004943548936913496,0.004074069348462217,0.0008351648019583985
148_2,College student here — Capital One Savor Student or just get a secured card and build up? So I'm a s,15,105,0.31281829277674356,0.13333333333333333,0.06424699346828824,0.04006865709256171,0.030914067531179545,0.5090197903769357,0.5310740357353574,0.5185108692873092,0.5125969052314758,0.5935267806053162,0.35433244705200195,0.35629531741142273,0.7121090888977051,0.6485700607299805,2,13,0.13333333333333333,0.13290595250825088,1.3605138827424867,0.4082924318084403,0.9333333333333333,0.7857142857142857,neutral,0.4666666666666667,0.5333333333333333,0.13333333333333333,0.06666666666666667,0.26666666666666666,30.175486740067672,28.0,0.5466573684794868,1.0,1.0,0.0,0.0,0.001913214756253486,0.01698586717247963,0.0030342536047101008,2.7520908133737977e-06,1.4319097317638807e-05,5.302912086335707e-06,0.00038561977174443504,0.005041874945163727,0.00016009327373467386,3.5565574580687095e-05,0.00017458212096244097,4.643593056243844e-05,0.00035991208957663424,0.0019093806622549891,0.0011119947303086515,0.00011350121106564377,0.0003183920925948769,0.00020567565225064753,0.00046842758233904335,0.004074069348462217,0.0007561836772386715
149_1,Got a pre-approval mailer for the U.S. Bank Shield™ Visa® Card — anyone have experience with it? Tit,14,91,0.30836172827652525,0.14285714285714285,0.05858857590385815,0.04031320654786404,0.033301369465738764,0.5123205410910177,0.49821809032461145,0.5025608343082469,0.5205174088478088,0.606661856174469,0.3610836863517761,0.369733065366745,0.7121090888977051,0.6569548845291138,2,12,0.14285714285714285,0.1407378808196102,1.4003265762311883,0.42024028595938745,1.0,0.7692307692307693,neutral,0.42857142857142855,0.5714285714285714,0.14285714285714285,0.0,0.2857142857142857,22.259714687281676,24.25,0.6195546831450168,1.0,1.0,0.0,0.0,0.002021146102509062,0.01698586717247963,0.003360421280376611,2.8517869249558965e-06,1.4319097317638807e-05,5.857618702975739e-06,0.0004112276298785998,0.005041874945163727,0.00016424242494395,3.6626253729212165e-05,0.00017458212096244097,4.745063160953577e-05,0.0003780780430783385,0.0019093806622549891,0.0012511473323684175,0.00011619954602792859,0.0003183920925948769,0.00020596352114807812,0.0004943548936913496,0.004074069348462217,0.0008351648019583985
149_2,One Key+ Card — is the $99 AF worth it if I book a lot through Expedia/Vrbo? So I've been looking at,14,91,0.3175173785005297,0.21428571428571427,0.06034604000821683,0.03432366094836747,0.025043221565059868,0.49722566119917144,0.49482233838720635,0.49521721195388624,0.502819836139679,0.5766031742095947,0.3610836863517761,0.369733065366745,0.7121090888977051,0.6569548845291138,2,12,0.14285714285714285,0.1407378808196102,1.4003265762311883,0.42024028595938745,1.0,0.7692307692307693,neutral,0.42857142857142855,0.5714285714285714,0.14285714285714285,0.0,0.2857142857142857,32.96844502470413,22.5,0.5094461703596666,1.0,1.0,0.0,0.0,0.002021146102509062,0.01698586717247963,0.003360421280376611,2.8517869249558965e-06,1.4319097317638807e-05,5.857618702975739e-06,0.0004112276298785998,0.005041874945163727,0.00016424242494395,3.6626253729212165e-05,0.00017458212096244097,4.745063160953577e-05,0.0003780780430783385,0.0019093806622549891,0.0012511473323684175,0.00011619954602792859,0.0003183920925948769,0.00020596352114807812,0.0004943548936913496,0.004074069348462217,0.0008351648019583985
14_1,"First 'real' credit card — Wells Fargo Active Cash vs Amex Gold? Hey everyone. Long time lurker, fir",18,153,0.31696579025851357,0.1111111111111111,0.061969075510808665,0.03892055814068155,0.03032902228042702,0.5013119019324483,0.5241597475958806,0.5111394674559824,0.5092839002609253,0.630405604839325,0.3434210419654846,0.32965725660324097,0.7121090888977051,0.5916843414306641,2,16,0.1111111111111111,0.11427675280719995,1.4750080554560212,0.4426523194935796,0.8888888888888888,0.8235294117647058,neutral,0.4444444444444444,0.5,0.1111111111111111,0.05555555555555555,0.3333333333333333,25.41653005427767,29.5,0.501642040544954,1.0,1.0,0.0,0.0,0.0016720959861736952,0.01698586717247963,0.0020557505777105715,2.5186865476219586e-06,1.4319097317638807e-05,3.638792236415615e-06,0.000326614260605614,0.005041874945163727,0.00014764582010684538,3.2799550859231706e-05,0.00017458212096244097,4.3391827421146456e-05,0.00032075326089398004,0.0019093806622549891,0.0006945369241293531,0.00010615570742326479,0.0003183920925948769,0.00020481204555835577,0.0004101562420839013,0.004074069348462217,0.0005192403030794902
14_2,Amex Gold fee increase — is it still worth it in 2025? With the annual fee now at $325 (up from $250,21,210,0.3208897638888586,0.3333333333333333,0.05592601103518657,0.033196370558858206,0.025264469944819058,0.48291253106934684,0.5040457681530998,0.4918876362698419,0.4952298402786255,0.5866144895553589,0.30268511176109314,0.28416502475738525,0.7121090888977051,0.525236964225769,4,17,0.19047619047619047,0.18729426277180514,1.6582280766035324,0.4976369462138278,0.8571428571428571,0.8,neutral,0.38095238095238093,0.47619047619047616,0.14285714285714285,0.047619047619047616,0.3333333333333333,32.93372717272566,41.0,0.5211818165992758,1.0,1.0,0.0,0.0,0.0014991301341935816,0.01698586717247963,0.0010772475507110357,2.376300980835194e-06,1.4319097317638807e-05,1.974672386495513e-06,0.00028474352248373353,0.005041874945163727,0.00013519836647901684,3.1391995348496405e-05,0.00017458212096244097,4.034772427985445e-05,0.0002899192567426889,0.0019093806622549891,0.000277079117950052,0.00010172240408359184,0.0003183920925948769,0.00020394843886606395,0.00036821393563882124,0.004074069348462217,0.0002822969289203077
150_1,Citi Secured Mastercard - 6 month update and honest review,16,120,0.31636374816298485,0.1875,0.06019243631086345,0.04246731207542124,0.03512991139601449,0.509859886020422,0.5284084809323152,0.5164112195372581,0.5170062482357025,0.6428062319755554,0.35778364539146423,0.36365675926208496,0.7121090888977051,0.6220158934593201,2,14,0.125,0.12568000587634742,1.3686896376228386,0.41074598916225413,0.9375,0.8,neutral,0.4375,0.5625,0.125,0.0625,0.25,69.45769283347957,12.0,1.2500822107262914,1.0,1.0,0.0,0.0,0.001819422253902303,0.01698586717247963,0.002708085929043591,2.668427519836314e-06,1.4319097317638807e-05,4.748205469695677e-06,0.00036350332584333955,0.005041874945163727,0.0001559441225253977,3.451611610216787e-05,0.00017458212096244097,4.542122951534111e-05,0.00034417379310980323,0.0019093806622549891,0.0009728421282488853,0.00011073922814830439,0.0003183920925948769,0.00020538778335321695,0.00044583719077095907,0.004074069348462217,0.0006772025525189443
150_2,World of Hyatt Credit Card — is it worth the $95 AF in 2024? My honest take after 2 years,19,171,0.3210869384439368,0.21052631578947367,0.06801305083131615,0.043860855817172584,0.034449697309889026,0.49203639769414714,0.513594256855591,0.5003590202122404,0.5029488205909729,0.6030511260032654,0.3310185372829437,0.3201761841773987,0.7121090888977051,0.5569981932640076,3,16,0.15789473684210525,0.15733224398603565,1.485181756934977,0.4457054638752913,0.8947368421052632,0.8333333333333334,neutral,0.42105263157894735,0.47368421052631576,0.10526315789473684,0.05263157894736842,0.3684210526315789,61.98324320066779,19.0,1.1444913710521751,1.0,1.0,0.0,0.0,0.0016068161578579364,0.01698586717247963,0.0017295829020440555,2.4622015165445383e-06,1.4319097317638807e-05,3.0840856197755746e-06,0.0003110891970879349,0.005041874945163727,0.00014349666889756915,3.1995172704275896e-05,0.00017458212096244097,4.23771263740491e-05,0.00030904844109165043,0.0019093806622549891,0.0005553843220695843,0.0001042831714393718,0.0003183920925948769,0.00020452417666092513,0.00039428239028295236,0.004074069348462217,0.0004402591783597618
151_1,Wells Fargo Active Cash Card - worth it as a flat 2% card? Looking at simplifying my wallet. I've be,19,171,0.30924463585803386,0.21052631578947367,0.06568391020628388,0.04373385316264656,0.035184112949979696,0.506385187133711,0.519658757232086,0.511826481386932,0.5084812641143799,0.6506265997886658,0.3310185372829437,0.3201761841773987,0.7121090888977051,0.5569981932640076,3,16,0.15789473684210525,0.15733224398603565,1.485181756934977,0.4457054638752913,0.8947368421052632,0.8333333333333334,neutral,0.42105263157894735,0.47368421052631576,0.10526315789473684,0.05263157894736842,0.3684210526315789,20.49254982519135,19.5,0.5116405344003097,1.0,1.0,0.0,0.0,0.0016068161578579364,0.01698586717247963,0.0017295829020440555,2.4622015165445383e-06,1.4319097317638807e-05,3.0840856197755746e-06,0.0003110891970879349,0.005041874945163727,0.00014349666889756915,3.1995172704275896e-05,0.00017458212096244097,4.23771263740491e-05,0.00030904844109165043,0.0019093806622549891,0.0005553843220695843,0.0001042831714393718,0.0003183920925948769,0.00020452417666092513,0.00039428239028295236,0.004074069348462217,0.0004402591783597618
151_2,Anyone tried the Firstcard Secured Credit Builder Card? Thinking about it for my kid My daughter is ,17,136,0.3244877492680269,0.29411764705882354,0.06745817255193755,0.03903956785439693,0.028700969002712542,0.5206270071075243,0.5140710810528082,0.5165148333591574,0.5124445855617523,0.5908690094947815,0.34991002082824707,0.35084736347198486,0.7121090888977051,0.6120748519897461,2,15,0.11764705882352941,0.11955982205622337,1.334592953237241,0.4005135186516717,0.8823529411764706,0.8125,neutral,0.47058823529411764,0.5294117647058824,0.11764705882352941,0.058823529411764705,0.29411764705882354,22.68316449609916,30.0,0.36551070752008125,1.0,1.0,0.0,0.0,0.001749324266497484,0.01698586717247963,0.0023819182533770813,2.5868218926916597e-06,1.4319097317638807e-05,4.1934988530556455e-06,0.0003443004530067008,0.005041874945163727,0.00015179497131612152,3.3665129462058434e-05,0.00017458212096244097,4.440652846824378e-05,0.0003338943073793095,0.0019093806622549891,0.0008336895261891192,0.00010827629226054448,0.0003183920925948769,0.00020509991445578636,0.00042867454508313145,0.004074069348462217,0.0005982214277992174
152_1,"Looking at the Hilton Honors Amex Business Card for my consulting LLC - worth it? Hey r/CreditCards,",11,55,0.3102890307253057,0.0,0.06674720444262587,0.04230234115801446,0.03323563919238085,0.5000129602172158,0.5149097529324618,0.5065961160443045,0.5106822848320007,0.6006262302398682,0.4054003357887268,0.39558061957359314,0.682113766670227,0.6559844613075256,1,10,0.09090909090909091,0.09429291872815652,0.9949236325717752,0.2985782023683364,0.8181818181818182,0.7,neutral,0.5454545454545454,0.45454545454545453,0.18181818181818182,0.0,0.36363636363636365,17.768483566823107,28.0,0.454542602872219,1.0,1.0,0.0,0.0,0.0020848530111834407,0.01698586717247963,0.0010772475507110357,3.1710193711246988e-06,1.4319097317638807e-05,7.52173855289584e-06,0.0005005184349019229,0.005041874945163727,0.00013519836647901684,3.873078259692358e-05,0.00017458212096244097,5.0494734750827774e-05,0.00030737167253391817,0.0019093806622549891,0.000277079117950052,0.00011452036679574204,0.0003183920925948769,0.00020394843886606395,0.0005081942145638453,0.004074069348462217,0.0002822969289203077
152_2,"Wells Fargo Reflect Card for balance transfer - anyone done this recently? So I've got about $4,200 ",13,78,0.3243440825205583,0.3076923076923077,0.06526744152338557,0.04296711725187306,0.03489758002103928,0.5008306793677502,0.523310756454101,0.5110708406338325,0.5144181251525879,0.5732336640357971,0.3788752853870392,0.3768388330936432,0.7121090888977051,0.6767420768737793,2,11,0.15384615384615385,0.14899195358157158,1.2309316230479224,0.3694045846493381,0.8461538461538461,0.75,neutral,0.46153846153846156,0.5384615384615384,0.15384615384615385,0.0,0.3076923076923077,19.789423987957502,13.0,0.49953885794844183,1.0,1.0,0.0,0.0,0.0021307790974298348,0.01698586717247963,0.0036865889560431264,2.9534516600576285e-06,1.4319097317638807e-05,6.412325319615779e-06,0.0004398503480423152,0.005041874945163727,0.00016839157615322622,3.7462089004783105e-05,0.00017458212096244097,4.846533265663311e-05,0.0003965880818073996,0.0019093806622549891,0.0013902999344281863,0.00011804984947397876,0.0003183920925948769,0.00020625139004550876,0.0005209471529030615,0.004074069348462217,0.0009141459266781269
154_1,Just got approved for the Self Visa with only a $100 deposit — is this actually good for building cr,15,105,0.3018063763777415,0.0,0.06216020880277573,0.042755115142154916,0.03575842729930263,0.5240256090958914,0.5382744371891022,0.5295704940954844,0.5300294160842896,0.6116673350334167,0.35433244705200195,0.35629531741142273,0.7121090888977051,0.6485700607299805,2,13,0.13333333333333333,0.13290595250825088,1.3605138827424867,0.4082924318084403,0.9333333333333333,0.7857142857142857,neutral,0.4666666666666667,0.5333333333333333,0.13333333333333333,0.06666666666666667,0.26666666666666666,21.231632584947917,30.5,0.5875913077015106,1.0,1.0,0.0,0.0,0.001913214756253486,0.01698586717247963,0.0030342536047101008,2.7520908133737977e-06,1.4319097317638807e-05,5.302912086335707e-06,0.00038561977174443504,0.005041874945163727,0.00016009327373467386,3.5565574580687095e-05,0.00017458212096244097,4.643593056243844e-05,0.00035991208957663424,0.0019093806622549891,0.0011119947303086515,0.00011350121106564377,0.0003183920925948769,0.00020567565225064753,0.00046842758233904335,0.004074069348462217,0.0007561836772386715
154_2,Blue Cash Preferred worth it in 2024? My math says yes but I want a sanity check Been holding the Am,16,120,0.308688635006547,0.0625,0.05608120212633076,0.03619085742984355,0.02885953763978877,0.4981689917544524,0.5184552118182182,0.5065853796899319,0.5101521611213684,0.5917723774909973,0.35778364539146423,0.36365675926208496,0.7121090888977051,0.6220158934593201,2,14,0.125,0.12568000587634742,1.3686896376228386,0.41074598916225413,0.9375,0.8,neutral,0.4375,0.5625,0.125,0.0625,0.25,23.581971397658847,31.0,0.47282148165732024,1.0,1.0,0.0,0.0,0.001819422253902303,0.01698586717247963,0.002708085929043591,2.668427519836314e-06,1.4319097317638807e-05,4.748205469695677e-06,0.00036350332584333955,0.005041874945163727,0.0001559441225253977,3.451611610216787e-05,0.00017458212096244097,4.542122951534111e-05,0.00034417379310980323,0.0019093806622549891,0.0009728421282488853,0.00011073922814830439,0.0003183920925948769,0.00020538778335321695,0.00044583719077095907,0.004074069348462217,0.0006772025525189443
155_1,Just got the Choice Privileges Mastercard mailer - 60k bonus now? Worth it? So I've had the Choice P,11,55,0.31601033969358966,0.09090909090909091,0.0681479349883395,0.044318464822804216,0.03594129553413426,0.5232520927082408,0.5279260212724859,0.523638207804073,0.5295702219009399,0.5810751914978027,0.4054003357887268,0.39558061957359314,0.682113766670227,0.6559844613075256,1,10,0.09090909090909091,0.09429291872815652,0.9949236325717752,0.2985782023683364,0.8181818181818182,0.7,neutral,0.5454545454545454,0.45454545454545453,0.18181818181818182,0.0,0.36363636363636365,17.242078070764762,23.5,0.47534551072283804,1.0,1.0,0.0,0.0,0.0020848530111834407,0.01698586717247963,0.0010772475507110357,3.1710193711246988e-06,1.4319097317638807e-05,7.52173855289584e-06,0.0005005184349019229,0.005041874945163727,0.00013519836647901684,3.873078259692358e-05,0.00017458212096244097,5.0494734750827774e-05,0.00030737167253391817,0.0019093806622549891,0.000277079117950052,0.00011452036679574204,0.0003183920925948769,0.00020394843886606395,0.0005081942145638453,0.004074069348462217,0.0002822969289203077
155_2,Amex Gold — still worth it in 2024? Considering cancelling. I've had the Amex Gold for about 14 mont,12,66,0.3117416749397914,0.08333333333333333,0.06741417829569452,0.044451440477128915,0.03568345507368098,0.4911014180291783,0.5317529340585073,0.5088223367929459,0.5140475928783417,0.6061792373657227,0.3649839162826538,0.372275173664093,0.6880798935890198,0.6557418704032898,1,11,0.08333333333333333,0.08823443669825792,1.0397207708399179,0.3120218965147642,0.8333333333333334,0.7272727272727273,neutral,0.5,0.5,0.16666666666666666,0.0,0.3333333333333333,15.536694915228559,24.25,0.435608268651268,1.0,1.0,0.0,0.0,0.0019467669966009755,0.01698586717247963,0.0010724914143793284,3.0350165995211378e-06,1.4319097317638807e-05,6.9521499199254346e-06,0.00046178038716486,0.005041874945163727,0.00012717258941847835,3.7281602089933585e-05,0.00017458212096244097,4.948003370373045e-05,0.000290586660412373,0.0019093806622549891,0.00026919992815237497,0.00011065174294344615,0.0003183920925948769,0.00019515818057698201,0.0004750170676351849,0.004074069348462217,0.00027904793285339716
156_1,Is the Hilton Honors Amex Aspire still worth it in 2025? AF just hit and I'm second-guessing... Titl,18,153,0.3207178082731035,0.3333333333333333,0.058248298248982415,0.04197498456526231,0.03584314562897793,0.49736393880999946,0.5168558982462664,0.5045445462067922,0.5039388537406921,0.5906774401664734,0.3434210419654846,0.32965725660324097,0.7121090888977051,0.5916843414306641,2,16,0.1111111111111111,0.11427675280719995,1.4750080554560212,0.4426523194935796,0.8888888888888888,0.8235294117647058,neutral,0.4444444444444444,0.5,0.1111111111111111,0.05555555555555555,0.3333333333333333,19.504431278716456,12.25,0.5783851120541947,1.0,1.0,0.0,0.0,0.0016720959861736952,0.01698586717247963,0.0020557505777105715,2.5186865476219586e-06,1.4319097317638807e-05,3.638792236415615e-06,0.000326614260605614,0.005041874945163727,0.00014764582010684538,3.2799550859231706e-05,0.00017458212096244097,4.3391827421146456e-05,0.00032075326089398004,0.0019093806622549891,0.0006945369241293531,0.00010615570742326479,0.0003183920925948769,0.00020481204555835577,0.0004101562420839013,0.004074069348462217,0.0005192403030794902
156_2,PSA: Wells Fargo Autograph Card is quietly one of the best no-AF cards right now I feel like nobody ,20,190,0.3244421645998955,0.25,0.06198714747066425,0.040426071216338205,0.03253621131431041,0.5091113915568903,0.5198754352958579,0.5136770006857421,0.5131864249706268,0.6020245552062988,0.3119811713695526,0.29370176792144775,0.7121090888977051,0.5376409292221069,3,17,0.15,0.15124925179407,1.6094379124341003,0.48299493849177877,0.9,0.8421052631578947,neutral,0.4,0.5,0.1,0.05,0.35,14.846801002236136,25.5,0.3505738135120693,1.0,1.0,0.0,0.0,0.0015557224789517932,0.01698586717247963,0.0014034152263775513,2.4245950214663027e-06,1.4319097317638807e-05,2.5293790031355533e-06,0.00029742231454292777,0.005041874945163727,0.00013934751768829306,3.2022549203247766e-05,0.00017458212096244097,4.1362425326951794e-05,0.00029946009781269824,0.0019093806622549891,0.0004162317200098207,0.00010360212909290566,0.0003183920925948769,0.00020423630776349454,0.0003817756941041731,0.004074069348462217,0.00036127805364003613
157_1,Citi Strata Premier 60k offer - worth the $95 AF or skip? Got a targeted mailer for the Citi Strata ,13,78,0.30776922290141767,0.0,0.05983133355916891,0.04356267974484571,0.03737219590578221,0.49620096652935713,0.5013916144768397,0.49694031209517747,0.4973757863044739,0.5825868248939514,0.3788752853870392,0.3768388330936432,0.7121090888977051,0.6767420768737793,2,11,0.15384615384615385,0.14899195358157158,1.2309316230479224,0.3694045846493381,0.8461538461538461,0.75,neutral,0.46153846153846156,0.5384615384615384,0.15384615384615385,0.0,0.3076923076923077,30.181110123453443,10.0,0.8419622995813192,1.0,1.0,0.0,0.0,0.0021307790974298348,0.01698586717247963,0.0036865889560431264,2.9534516600576285e-06,1.4319097317638807e-05,6.412325319615779e-06,0.0004398503480423152,0.005041874945163727,0.00016839157615322622,3.7462089004783105e-05,0.00017458212096244097,4.846533265663311e-05,0.0003965880818073996,0.0019093806622549891,0.0013902999344281863,0.00011804984947397876,0.0003183920925948769,0.00020625139004550876,0.0005209471529030615,0.004074069348462217,0.0009141459266781269
157_2,DCU Visa Platinum Secured - my experience after 8 months (credit rebuilding journey) Long time lurke,15,105,0.3188870112101237,0.06666666666666667,0.06232851901006466,0.04343911504528309,0.03630077919634443,0.5094046008019221,0.5264030913511912,0.5169422978446597,0.5175704956054688,0.5810323357582092,0.35433244705200195,0.35629531741142273,0.7121090888977051,0.6485700607299805,2,13,0.13333333333333333,0.13290595250825088,1.3605138827424867,0.4082924318084403,0.9333333333333333,0.7857142857142857,neutral,0.4666666666666667,0.5333333333333333,0.13333333333333333,0.06666666666666667,0.26666666666666666,16.097480824305674,16.0,0.4342845546125631,1.0,1.0,0.0,0.0,0.001913214756253486,0.01698586717247963,0.0030342536047101008,2.7520908133737977e-06,1.4319097317638807e-05,5.302912086335707e-06,0.00038561977174443504,0.005041874945163727,0.00016009327373467386,3.5565574580687095e-05,0.00017458212096244097,4.643593056243844e-05,0.00035991208957663424,0.0019093806622549891,0.0011119947303086515,0.00011350121106564377,0.0003183920925948769,0.00020567565225064753,0.00046842758233904335,0.004074069348462217,0.0007561836772386715
158_1,"Title: Delta Reserve Amex - Worth it if I only fly Delta 4-5x/year? Hey everyone, I've been eyeing t",15,105,0.31764060258865356,0.26666666666666666,0.06586704623423388,0.04528724467466325,0.0370511352594012,0.5090331327347528,0.5274480870791844,0.5170094773882912,0.5116111040115356,0.5879606604576111,0.35433244705200195,0.35629531741142273,0.7121090888977051,0.6485700607299805,2,13,0.13333333333333333,0.13290595250825088,1.3605138827424867,0.4082924318084403,0.9333333333333333,0.7857142857142857,neutral,0.4666666666666667,0.5333333333333333,0.13333333333333333,0.06666666666666667,0.26666666666666666,27.78536785192283,21.5,0.674402132328224,1.0,1.0,0.0,0.0,0.001913214756253486,0.01698586717247963,0.0030342536047101008,2.7520908133737977e-06,1.4319097317638807e-05,5.302912086335707e-06,0.00038561977174443504,0.005041874945163727,0.00016009327373467386,3.5565574580687095e-05,0.00017458212096244097,4.643593056243844e-05,0.00035991208957663424,0.0019093806622549891,0.0011119947303086515,0.00011350121106564377,0.0003183920925948769,0.00020567565225064753,0.00046842758233904335,0.004074069348462217,0.0007561836772386715
158_2,Title: Aeroplan Credit Card (Chase) - Any Canadians/Americans using this? I've been seeing ads for t,16,120,0.30330822244286537,0.0,0.054611248370036454,0.03722545972211036,0.03076094345770454,0.48091285228729247,0.5033215579887231,0.49039526854952176,0.4935529977083206,0.5922924280166626,0.35778364539146423,0.36365675926208496,0.7121090888977051,0.6220158934593201,2,14,0.125,0.12568000587634742,1.3686896376228386,0.41074598916225413,0.9375,0.8,neutral,0.4375,0.5625,0.125,0.0625,0.25,29.448511740833357,37.0,0.6959766438010838,1.0,1.0,0.0,0.0,0.001819422253902303,0.01698586717247963,0.002708085929043591,2.668427519836314e-06,1.4319097317638807e-05,4.748205469695677e-06,0.00036350332584333955,0.005041874945163727,0.0001559441225253977,3.451611610216787e-05,0.00017458212096244097,4.542122951534111e-05,0.00034417379310980323,0.0019093806622549891,0.0009728421282488853,0.00011073922814830439,0.0003183920925948769,0.00020538778335321695,0.00044583719077095907,0.004074069348462217,0.0006772025525189443
15_1,Thinking about pulling the trigger on the Delta SkyMiles Reserve Amex — is the $650 annual fee actua,19,171,0.31854443487368134,0.10526315789473684,0.06382604648476796,0.04059944351494548,0.03215196474764656,0.5142003188007757,0.5115162733702632,0.5118856726334109,0.5088003277778625,0.6509982347488403,0.3310185372829437,0.3201761841773987,0.7121090888977051,0.5569981932640076,3,16,0.15789473684210525,0.15733224398603565,1.485181756934977,0.4457054638752913,0.8947368421052632,0.8333333333333334,neutral,0.42105263157894735,0.47368421052631576,0.10526315789473684,0.05263157894736842,0.3684210526315789,17.563024619780442,20.0,0.3944414512716648,1.0,1.0,0.0,0.0,0.0016068161578579364,0.01698586717247963,0.0017295829020440555,2.4622015165445383e-06,1.4319097317638807e-05,3.0840856197755746e-06,0.0003110891970879349,0.005041874945163727,0.00014349666889756915,3.1995172704275896e-05,0.00017458212096244097,4.23771263740491e-05,0.00030904844109165043,0.0019093806622549891,0.0005553843220695843,0.0001042831714393718,0.0003183920925948769,0.00020452417666092513,0.00039428239028295236,0.004074069348462217,0.0004402591783597618
15_2,"Got approved for the Citi Secured Mastercard after bankruptcy discharge — here's my plan to rebuild,",21,210,0.32254047762779964,0.14285714285714285,0.06490184881802334,0.03674364159931244,0.02728843728221361,0.5108103157508941,0.5213648334855125,0.5148535863274619,0.5139512717723846,0.6110682487487793,0.30268511176109314,0.28416502475738525,0.7121090888977051,0.525236964225769,4,17,0.19047619047619047,0.18729426277180514,1.6582280766035324,0.4976369462138278,0.8571428571428571,0.8,neutral,0.38095238095238093,0.47619047619047616,0.14285714285714285,0.047619047619047616,0.3333333333333333,24.190663666315153,37.0,0.3925841862384994,1.0,1.0,0.0,0.0,0.0014991301341935816,0.01698586717247963,0.0010772475507110357,2.376300980835194e-06,1.4319097317638807e-05,1.974672386495513e-06,0.00028474352248373353,0.005041874945163727,0.00013519836647901684,3.1391995348496405e-05,0.00017458212096244097,4.034772427985445e-05,0.0002899192567426889,0.0019093806622549891,0.000277079117950052,0.00010172240408359184,0.0003183920925948769,0.00020394843886606395,0.00036821393563882124,0.004074069348462217,0.0002822969289203077
161_1,College junior here. Just got approved for the BoA Travel Rewards card for Students and feeling pret,11,55,0.3195417116988789,0.2727272727272727,0.05847753858837253,0.04124292171765938,0.034763526888351826,0.500815166126598,0.5395044781944969,0.5183098511262374,0.5149727463722229,0.5976139307022095,0.4054003357887268,0.39558061957359314,0.682113766670227,0.6559844613075256,1,10,0.09090909090909091,0.09429291872815652,0.9949236325717752,0.2985782023683364,0.8181818181818182,0.7,neutral,0.5454545454545454,0.45454545454545453,0.18181818181818182,0.0,0.36363636363636365,20.003718662553183,20.0,0.5745193349558355,1.0,1.0,0.0,0.0,0.0020848530111834407,0.01698586717247963,0.0010772475507110357,3.1710193711246988e-06,1.4319097317638807e-05,7.52173855289584e-06,0.0005005184349019229,0.005041874945163727,0.00013519836647901684,3.873078259692358e-05,0.00017458212096244097,5.0494734750827774e-05,0.00030737167253391817,0.0019093806622549891,0.000277079117950052,0.00011452036679574204,0.0003183920925948769,0.00020394843886606395,0.0005081942145638453,0.004074069348462217,0.0002822969289203077
161_2,Hot take: the Delta SkyMiles Reserve Amex is overpriced and most people should get the Gold instead ,13,78,0.31971779694923985,0.23076923076923078,0.06376041226738288,0.03940238673922731,0.03049508235301909,0.5075389742851257,0.4923642247151106,0.49792696879460263,0.5006803870201111,0.5848701596260071,0.3788752853870392,0.3768388330936432,0.7121090888977051,0.6767420768737793,2,11,0.15384615384615385,0.14899195358157158,1.2309316230479224,0.3694045846493381,0.8461538461538461,0.75,neutral,0.46153846153846156,0.5384615384615384,0.15384615384615385,0.0,0.3076923076923077,25.17207055636613,42.0,0.5527650628931752,1.0,1.0,0.0,0.0,0.0021307790974298348,0.01698586717247963,0.0036865889560431264,2.9534516600576285e-06,1.4319097317638807e-05,6.412325319615779e-06,0.0004398503480423152,0.005041874945163727,0.00016839157615322622,3.7462089004783105e-05,0.00017458212096244097,4.846533265663311e-05,0.0003965880818073996,0.0019093806622549891,0.0013902999344281863,0.00011804984947397876,0.0003183920925948769,0.00020625139004550876,0.0005209471529030615,0.004074069348462217,0.0009141459266781269
162_1,Just got approved for the DCU Visa® Platinum Secured Credit Card — is this actually a good secured c,17,136,0.30648597023066354,0.11764705882352941,0.0675695546083347,0.046416253629610806,0.03812827898763582,0.5095246692790705,0.5128925598281271,0.5105431623318616,0.5080458223819733,0.6107150316238403,0.34991002082824707,0.35084736347198486,0.7121090888977051,0.6120748519897461,2,15,0.11764705882352941,0.11955982205622337,1.334592953237241,0.4005135186516717,0.8823529411764706,0.8125,neutral,0.47058823529411764,0.5294117647058824,0.11764705882352941,0.058823529411764705,0.29411764705882354,12.340890480620565,18.0,0.33567222107287936,1.0,1.0,0.0,0.0,0.001749324266497484,0.01698586717247963,0.0023819182533770813,2.5868218926916597e-06,1.4319097317638807e-05,4.1934988530556455e-06,0.0003443004530067008,0.005041874945163727,0.00015179497131612152,3.3665129462058434e-05,0.00017458212096244097,4.440652846824378e-05,0.0003338943073793095,0.0019093806622549891,0.0008336895261891192,0.00010827629226054448,0.0003183920925948769,0.00020509991445578636,0.00042867454508313145,0.004074069348462217,0.0005982214277992174
162_2,Bank of America Customized Cash Rewards — the 6% first year is actually insane? Am I missing somethi,17,136,0.3098795624340282,0.058823529411764705,0.06277855460749067,0.03903265540604994,0.030398760304951568,0.5323394181973794,0.5271100432557219,0.5286386784385232,0.5259104073047638,0.6182444095611572,0.34991002082824707,0.35084736347198486,0.7121090888977051,0.6120748519897461,2,15,0.11764705882352941,0.11955982205622337,1.334592953237241,0.4005135186516717,0.8823529411764706,0.8125,neutral,0.47058823529411764,0.5294117647058824,0.11764705882352941,0.058823529411764705,0.29411764705882354,20.200380276663093,15.0,0.39654326178207,1.0,1.0,0.0,0.0,0.001749324266497484,0.01698586717247963,0.0023819182533770813,2.5868218926916597e-06,1.4319097317638807e-05,4.1934988530556455e-06,0.0003443004530067008,0.005041874945163727,0.00015179497131612152,3.3665129462058434e-05,0.00017458212096244097,4.440652846824378e-05,0.0003338943073793095,0.0019093806622549891,0.0008336895261891192,0.00010827629226054448,0.0003183920925948769,0.00020509991445578636,0.00042867454508313145,0.004074069348462217,0.0005982214277992174
163_1,"Discover it Secured vs OpenSky Plus Secured Visa — which one should I go with? Hey everyone, long ti",16,120,0.31536074727773666,0.1875,0.06178311047374017,0.041391206458526855,0.03361709829731384,0.5249356215198835,0.5264055885374546,0.5241689848403136,0.5268636345863342,0.626944363117218,0.35778364539146423,0.36365675926208496,0.7121090888977051,0.6220158934593201,2,14,0.125,0.12568000587634742,1.3686896376228386,0.41074598916225413,0.9375,0.8,neutral,0.4375,0.5625,0.125,0.0625,0.25,21.046080395170975,26.25,0.5294611420168799,1.0,1.0,0.0,0.0,0.001819422253902303,0.01698586717247963,0.002708085929043591,2.668427519836314e-06,1.4319097317638807e-05,4.748205469695677e-06,0.00036350332584333955,0.005041874945163727,0.0001559441225253977,3.451611610216787e-05,0.00017458212096244097,4.542122951534111e-05,0.00034417379310980323,0.0019093806622549891,0.0009728421282488853,0.00011073922814830439,0.0003183920925948769,0.00020538778335321695,0.00044583719077095907,0.004074069348462217,0.0006772025525189443
163_2,Just got approved for the Discover it Secured Card! Here's my plan (need a sanity check) Finally pul,16,120,0.3201511763036251,0.25,0.06156586832430568,0.03882874932673787,0.0292120278030083,0.5123606463273366,0.5201202824711799,0.5145466484129428,0.5263885259628296,0.6001819372177124,0.35778364539146423,0.36365675926208496,0.7121090888977051,0.6220158934593201,2,14,0.125,0.12568000587634742,1.3686896376228386,0.41074598916225413,0.9375,0.8,neutral,0.4375,0.5625,0.125,0.0625,0.25,33.920633469910314,61.5,0.618143662321828,1.0,1.0,0.0,0.0,0.001819422253902303,0.01698586717247963,0.002708085929043591,2.668427519836314e-06,1.4319097317638807e-05,4.748205469695677e-06,0.00036350332584333955,0.005041874945163727,0.0001559441225253977,3.451611610216787e-05,0.00017458212096244097,4.542122951534111e-05,0.00034417379310980323,0.0019093806622549891,0.0009728421282488853,0.00011073922814830439,0.0003183920925948769,0.00020538778335321695,0.00044583719077095907,0.004074069348462217,0.0006772025525189443
164_1,"**Amex Gold vs BoA Customized Cash Rewards — which fits my lifestyle better?** Hey everyone, long ti",14,91,0.30219752235072,0.0,0.05198460212005439,0.036320711430766955,0.030423582980667094,0.49376308688750636,0.5104235286241049,0.49872542180857815,0.5059170126914978,0.6063858270645142,0.3610836863517761,0.369733065366745,0.7121090888977051,0.6569548845291138,2,12,0.14285714285714285,0.1407378808196102,1.4003265762311883,0.42024028595938745,1.0,0.7692307692307693,neutral,0.42857142857142855,0.5714285714285714,0.14285714285714285,0.0,0.2857142857142857,28.39768602243097,54.5,0.7099421505607743,1.0,1.0,0.0,0.0,0.002021146102509062,0.01698586717247963,0.003360421280376611,2.8517869249558965e-06,1.4319097317638807e-05,5.857618702975739e-06,0.0004112276298785998,0.005041874945163727,0.00016424242494395,3.6626253729212165e-05,0.00017458212096244097,4.745063160953577e-05,0.0003780780430783385,0.0019093806622549891,0.0012511473323684175,0.00011619954602792859,0.0003183920925948769,0.00020596352114807812,0.0004943548936913496,0.004074069348462217,0.0008351648019583985
164_2,"**Is the Amex Gold a terrible first 'real' credit card?** Some background: I'm 24, just started a jo",14,91,0.32597402376788004,0.2857142857142857,0.06440752491195341,0.03936587472905722,0.030243962406660208,0.5041975752337948,0.5235138728723421,0.5121467342743506,0.514883279800415,0.5989577770233154,0.3610836863517761,0.369733065366745,0.7121090888977051,0.6569548845291138,2,12,0.14285714285714285,0.1407378808196102,1.4003265762311883,0.42024028595938745,1.0,0.7692307692307693,neutral,0.42857142857142855,0.5714285714285714,0.14285714285714285,0.0,0.2857142857142857,23.145061623400796,34.75,0.480757956569156,1.0,1.0,0.0,0.0,0.002021146102509062,0.01698586717247963,0.003360421280376611,2.8517869249558965e-06,1.4319097317638807e-05,5.857618702975739e-06,0.0004112276298785998,0.005041874945163727,0.00016424242494395,3.6626253729212165e-05,0.00017458212096244097,4.745063160953577e-05,0.0003780780430783385,0.0019093806622549891,0.0012511473323684175,0.00011619954602792859,0.0003183920925948769,0.00020596352114807812,0.0004943548936913496,0.004074069348462217,0.0008351648019583985
165_1,"Self Visa Credit Card - 6 months in, honest review for anyone on the fence Hey everyone, I wanted to",18,153,0.33331241872575545,0.3888888888888889,0.082887098043783,0.05600163852451273,0.04582970444099181,0.5236807786950878,0.5220176585359511,0.5220568462524539,0.5195478200912476,0.6388468146324158,0.3434210419654846,0.32965725660324097,0.7121090888977051,0.5916843414306641,2,16,0.1111111111111111,0.11427675280719995,1.4750080554560212,0.4426523194935796,0.8888888888888888,0.8235294117647058,neutral,0.4444444444444444,0.5,0.1111111111111111,0.05555555555555555,0.3333333333333333,12.230300360726234,10.25,0.36447914982296725,1.0,1.0,0.0,0.0,0.0016720959861736952,0.01698586717247963,0.0020557505777105715,2.5186865476219586e-06,1.4319097317638807e-05,3.638792236415615e-06,0.000326614260605614,0.005041874945163727,0.00014764582010684538,3.2799550859231706e-05,0.00017458212096244097,4.3391827421146456e-05,0.00032075326089398004,0.0019093806622549891,0.0006945369241293531,0.00010615570742326479,0.0003183920925948769,0.00020481204555835577,0.0004101562420839013,0.004074069348462217,0.0005192403030794902
165_2,"Chase Freedom Rise approval odds with existing checking account? 23M, never had a credit card before",18,153,0.3162749343448215,0.16666666666666666,0.0641503031356283,0.04164740068648177,0.033299756996356844,0.5102521216168123,0.5142460673852683,0.5115735832772224,0.5085044503211975,0.6076118350028992,0.3434210419654846,0.32965725660324097,0.7121090888977051,0.5916843414306641,2,16,0.1111111111111111,0.11427675280719995,1.4750080554560212,0.4426523194935796,0.8888888888888888,0.8235294117647058,neutral,0.4444444444444444,0.5,0.1111111111111111,0.05555555555555555,0.3333333333333333,17.282689548351303,19.5,0.4061206421283596,1.0,1.0,0.0,0.0,0.0016720959861736952,0.01698586717247963,0.0020557505777105715,2.5186865476219586e-06,1.4319097317638807e-05,3.638792236415615e-06,0.000326614260605614,0.005041874945163727,0.00014764582010684538,3.2799550859231706e-05,0.00017458212096244097,4.3391827421146456e-05,0.00032075326089398004,0.0019093806622549891,0.0006945369241293531,0.00010615570742326479,0.0003183920925948769,0.00020481204555835577,0.0004101562420839013,0.004074069348462217,0.0005192403030794902
166_1,Worth upgrading from a basic Chase Freedom to the Prime Visa for the 5% back on Amazon? I'm a heavy ,16,120,0.3268168456852436,0.1875,0.06817822694826615,0.04834272934252557,0.0409059115760162,0.5195583281417687,0.5229023367166519,0.5200044917563598,0.5166898965835571,0.6115133166313171,0.35778364539146423,0.36365675926208496,0.7121090888977051,0.6220158934593201,2,14,0.125,0.12568000587634742,1.3686896376228386,0.41074598916225413,0.9375,0.8,neutral,0.4375,0.5625,0.125,0.0625,0.25,12.261314927445587,16.25,0.4130127133455356,1.0,1.0,0.0,0.0,0.001819422253902303,0.01698586717247963,0.002708085929043591,2.668427519836314e-06,1.4319097317638807e-05,4.748205469695677e-06,0.00036350332584333955,0.005041874945163727,0.0001559441225253977,3.451611610216787e-05,0.00017458212096244097,4.542122951534111e-05,0.00034417379310980323,0.0019093806622549891,0.0009728421282488853,0.00011073922814830439,0.0003183920925948769,0.00020538778335321695,0.00044583719077095907,0.004074069348462217,0.0006772025525189443
166_2,Anyone actually have the U.S. Bank Shield™ Visa® Card? Can't find much info on it Saw this card ment,14,91,0.31639195552894045,0.14285714285714285,0.0660745164918217,0.04609458620796021,0.03794690784746651,0.5121611929856814,0.5140877457765433,0.5117464903946761,0.5095186233520508,0.5950698852539062,0.3610836863517761,0.369733065366745,0.7121090888977051,0.6569548845291138,2,12,0.14285714285714285,0.1407378808196102,1.4003265762311883,0.42024028595938745,1.0,0.7692307692307693,neutral,0.42857142857142855,0.5714285714285714,0.14285714285714285,0.0,0.2857142857142857,18.48730949178106,26.25,0.5426044714568864,1.0,1.0,0.0,0.0,0.002021146102509062,0.01698586717247963,0.003360421280376611,2.8517869249558965e-06,1.4319097317638807e-05,5.857618702975739e-06,0.0004112276298785998,0.005041874945163727,0.00016424242494395,3.6626253729212165e-05,0.00017458212096244097,4.745063160953577e-05,0.0003780780430783385,0.0019093806622549891,0.0012511473323684175,0.00011619954602792859,0.0003183920925948769,0.00020596352114807812,0.0004943548936913496,0.004074069348462217,0.0008351648019583985
167_1,"Hey all, looking to add a new cash-back card to my wallet and I've narrowed it down to these two. Fo",17,136,0.3162240841809441,0.11764705882352941,0.0569989122342806,0.0422849006215494,0.0366811184879367,0.49838095026857715,0.5070625863531056,0.4999157295507543,0.506221354007721,0.6377075910568237,0.34991002082824707,0.35084736347198486,0.7121090888977051,0.6120748519897461,2,15,0.11764705882352941,0.11955982205622337,1.334592953237241,0.4005135186516717,0.8823529411764706,0.8125,neutral,0.47058823529411764,0.5294117647058824,0.11764705882352941,0.058823529411764705,0.29411764705882354,22.33575190471073,14.0,0.7260187043596221,1.0,1.0,0.0,0.0,0.001749324266497484,0.01698586717247963,0.0023819182533770813,2.5868218926916597e-06,1.4319097317638807e-05,4.1934988530556455e-06,0.0003443004530067008,0.005041874945163727,0.00015179497131612152,3.3665129462058434e-05,0.00017458212096244097,4.440652846824378e-05,0.0003338943073793095,0.0019093806622549891,0.0008336895261891192,0.00010827629226054448,0.0003183920925948769,0.00020509991445578636,0.00042867454508313145,0.004074069348462217,0.0005982214277992174
167_2,Figured I'd share my experience after having the BCE for half a year now. **The Good:** - 3% on groc,22,231,0.3192113217982379,0.22727272727272727,0.06176766099023577,0.04480018035207192,0.03832962554417482,0.4886368211213644,0.507174159025217,0.49624397989475366,0.49475812911987305,0.6060696244239807,0.27698996663093567,0.2668473422527313,0.7121090888977051,0.5147377848625183,4,18,0.18181818181818182,0.18119282893497834,1.654033648757923,0.49637819158673296,0.8636363636363636,0.8095238095238095,neutral,0.36363636363636365,0.45454545454545453,0.13636363636363635,0.045454545454545456,0.36363636363636365,14.200453956193916,10.75,0.4851086755221524,1.0,1.0,0.0,0.0,0.0014527307648677379,0.01698586717247963,0.0010724914143793284,2.3248545372470373e-06,1.4319097317638807e-05,1.9597903701651374e-06,0.0002730876851108571,0.005041874945163727,0.00012717258941847819,3.092976757298774e-05,0.00017458212096244097,4.0275745050166734e-05,0.000282305274925999,0.0019093806622549891,0.00026919992815237486,0.00010118343197973445,0.0003183920925948769,0.00019515818057698185,0.0003570936298324272,0.004074069348462217,0.0002790479328533971
168_1,Anyone else having trouble actually getting to the Current Build Card application page? Been trying ,10,45,0.30237617492675783,0.1,0.07205788412706884,0.05362302131245729,0.04660984383599659,0.5249943143791622,0.5237803558508555,0.5231234769026438,0.516549825668335,0.6635059714317322,0.43744662404060364,0.439895898103714,0.682113766670227,0.6724922060966492,1,9,0.1,0.1018544489517808,0.9502705392332347,0.28517773633985943,0.8,0.6666666666666666,neutral,0.6,0.5,0.2,0.0,0.3,9.246080250571048,13.75,0.3569915154660636,1.0,1.0,0.0,0.0,0.002185613557230681,0.01698586717247963,0.0026253042859025245,3.3055360859179926e-06,1.4319097317638807e-05,8.201474429370135e-06,0.000545076218804752,0.005041874945163727,0.0006258660243474861,3.755438738153316e-05,0.00017458212096244097,5.377116394811306e-05,0.00031828011778998187,0.0019093806622549891,0.00044030927238054515,0.00011436781787779182,0.0003183920925948769,0.0002153928042389452,0.0005340329391951096,0.004074069348462217,0.0006614741708744973
168_2,Amex Platinum raised the annual fee to $895. Is it still worth it in 2025?,15,105,0.31450407902399696,0.13333333333333333,0.055022662926970285,0.040631660242230035,0.03553983995519954,0.5036843654655275,0.5143471925031571,0.5075348575909933,0.5045574903488159,0.6209858655929565,0.35433244705200195,0.35629531741142273,0.7121090888977051,0.6485700607299805,2,13,0.13333333333333333,0.13290595250825088,1.3605138827424867,0.4082924318084403,0.9333333333333333,0.7857142857142857,neutral,0.4666666666666667,0.5333333333333333,0.13333333333333333,0.06666666666666667,0.26666666666666666,15.722029837849252,19.0,0.539657774754551,1.0,1.0,0.0,0.0,0.001913214756253486,0.01698586717247963,0.0030342536047101008,2.7520908133737977e-06,1.4319097317638807e-05,5.302912086335707e-06,0.00038561977174443504,0.005041874945163727,0.00016009327373467386,3.5565574580687095e-05,0.00017458212096244097,4.643593056243844e-05,0.00035991208957663424,0.0019093806622549891,0.0011119947303086515,0.00011350121106564377,0.0003183920925948769,0.00020567565225064753,0.00046842758233904335,0.004074069348462217,0.0007561836772386715
169_1,Wells Fargo Autograph Journey vs Citi AAdvantage Platinum Select — which one for casual travel? So I,11,55,0.32175139676440845,0.09090909090909091,0.06057654486930126,0.040891336061074514,0.03285577801272111,0.5107106122103604,0.5163807728073814,0.5112462948669086,0.5151005387306213,0.5920690298080444,0.4054003357887268,0.39558061957359314,0.682113766670227,0.6559844613075256,1,10,0.09090909090909091,0.09429291872815652,0.9949236325717752,0.2985782023683364,0.8181818181818182,0.7,neutral,0.5454545454545454,0.45454545454545453,0.18181818181818182,0.0,0.36363636363636365,23.57334255761883,40.5,0.5674108711899499,1.0,1.0,0.0,0.0,0.0020848530111834407,0.01698586717247963,0.0010772475507110357,3.1710193711246988e-06,1.4319097317638807e-05,7.52173855289584e-06,0.0005005184349019229,0.005041874945163727,0.00013519836647901684,3.873078259692358e-05,0.00017458212096244097,5.0494734750827774e-05,0.00030737167253391817,0.0019093806622549891,0.000277079117950052,0.00011452036679574204,0.0003183920925948769,0.00020394843886606395,0.0005081942145638453,0.004074069348462217,0.0002822969289203077
169_2,Just got approved for the Wells Fargo Autograph Journey! Some thoughts + questions about the bonus G,12,66,0.3116452594598134,0.08333333333333333,0.052276874638289936,0.03346104654326535,0.026404840471302496,0.5016250456824447,0.502053318601666,0.5002120155276675,0.5036097764968872,0.5902637243270874,0.3649839162826538,0.372275173664093,0.6880798935890198,0.6557418704032898,1,11,0.08333333333333333,0.08823443669825792,1.0397207708399179,0.3120218965147642,0.8333333333333334,0.7272727272727273,neutral,0.5,0.5,0.16666666666666666,0.0,0.3333333333333333,24.133166435886988,40.25,0.5089595733403232,1.0,1.0,0.0,0.0,0.0019467669966009755,0.01698586717247963,0.0010724914143793284,3.0350165995211378e-06,1.4319097317638807e-05,6.9521499199254346e-06,0.00046178038716486,0.005041874945163727,0.00012717258941847835,3.7281602089933585e-05,0.00017458212096244097,4.948003370373045e-05,0.000290586660412373,0.0019093806622549891,0.00026919992815237497,0.00011065174294344615,0.0003183920925948769,0.00019515818057698201,0.0004750170676351849,0.004074069348462217,0.00027904793285339716
16_1,Thinking about getting the Wells Fargo Reflect® Card for a balance transfer — is 21 months really as,18,153,0.31751858194669086,0.16666666666666666,0.06300458387562907,0.040862469073609305,0.03277201028537096,0.5112607592071583,0.505395391018562,0.5066168103732315,0.5144459009170532,0.6433826088905334,0.3434210419654846,0.32965725660324097,0.7121090888977051,0.5916843414306641,2,16,0.1111111111111111,0.11427675280719995,1.4750080554560212,0.4426523194935796,0.8888888888888888,0.8235294117647058,neutral,0.4444444444444444,0.5,0.1111111111111111,0.05555555555555555,0.3333333333333333,18.38922456894019,18.25,0.483220499621786,1.0,1.0,0.0,0.0,0.0016720959861736952,0.01698586717247963,0.0020557505777105715,2.5186865476219586e-06,1.4319097317638807e-05,3.638792236415615e-06,0.000326614260605614,0.005041874945163727,0.00014764582010684538,3.2799550859231706e-05,0.00017458212096244097,4.3391827421146456e-05,0.00032075326089398004,0.0019093806622549891,0.0006945369241293531,0.00010615570742326479,0.0003183920925948769,0.00020481204555835577,0.0004101562420839013,0.004074069348462217,0.0005192403030794902
16_2,"Capital One VentureOne vs. just getting a flat 2% cash back card? First travel card, need some opini",16,120,0.3153388723731041,0.125,0.06315365190995167,0.03869111866720482,0.02923399355888196,0.47695842509468395,0.4900318652391434,0.4819090723991394,0.49366773664951324,0.596746027469635,0.35778364539146423,0.36365675926208496,0.7121090888977051,0.6220158934593201,2,14,0.125,0.12568000587634742,1.3686896376228386,0.41074598916225413,0.9375,0.8,neutral,0.4375,0.5625,0.125,0.0625,0.25,34.76438551161231,41.0,0.6408181661126693,1.0,1.0,0.0,0.0,0.001819422253902303,0.01698586717247963,0.002708085929043591,2.668427519836314e-06,1.4319097317638807e-05,4.748205469695677e-06,0.00036350332584333955,0.005041874945163727,0.0001559441225253977,3.451611610216787e-05,0.00017458212096244097,4.542122951534111e-05,0.00034417379310980323,0.0019093806622549891,0.0009728421282488853,0.00011073922814830439,0.0003183920925948769,0.00020538778335321695,0.00044583719077095907,0.004074069348462217,0.0006772025525189443
170_1,"Been rebuilding my credit for about 18 months now. Started with a 540 FICO, got a Discover it Secure",16,120,0.31251585111021996,0.125,0.050258060976766016,0.03297120667464887,0.026801763788455793,0.5185222948590914,0.529549415409565,0.5226849307616551,0.5265231132507324,0.636738121509552,0.35778364539146423,0.36365675926208496,0.7121090888977051,0.6220158934593201,2,14,0.125,0.12568000587634742,1.3686896376228386,0.41074598916225413,0.9375,0.8,neutral,0.4375,0.5625,0.125,0.0625,0.25,29.56765282787932,29.25,0.6104289616078311,1.0,1.0,0.0,0.0,0.001819422253902303,0.01698586717247963,0.002708085929043591,2.668427519836314e-06,1.4319097317638807e-05,4.748205469695677e-06,0.00036350332584333955,0.005041874945163727,0.0001559441225253977,3.451611610216787e-05,0.00017458212096244097,4.542122951534111e-05,0.00034417379310980323,0.0019093806622549891,0.0009728421282488853,0.00011073922814830439,0.0003183920925948769,0.00020538778335321695,0.00044583719077095907,0.004074069348462217,0.0006772025525189443
170_2,Delta Reserve Amex — is it actually worth it if you're not a road warrior? I live in Atlanta (so Del,22,231,0.3214614377780394,0.18181818181818182,0.06032817687479738,0.03558883941247514,0.02703223981391377,0.4883718490600586,0.5173260383791738,0.5005634358692995,0.5023044347763062,0.6268026232719421,0.27698996663093567,0.2668473422527313,0.7121090888977051,0.5147377848625183,4,18,0.18181818181818182,0.18119282893497834,1.654033648757923,0.49637819158673296,0.8636363636363636,0.8095238095238095,neutral,0.36363636363636365,0.45454545454545453,0.13636363636363635,0.045454545454545456,0.36363636363636365,40.256204285439956,47.75,0.6679008252486267,1.0,1.0,0.0,0.0,0.0014527307648677379,0.01698586717247963,0.0010724914143793284,2.3248545372470373e-06,1.4319097317638807e-05,1.9597903701651374e-06,0.0002730876851108571,0.005041874945163727,0.00012717258941847819,3.092976757298774e-05,0.00017458212096244097,4.0275745050166734e-05,0.000282305274925999,0.0019093806622549891,0.00026919992815237486,0.00010118343197973445,0.0003183920925948769,0.00019515818057698185,0.0003570936298324272,0.004074069348462217,0.0002790479328533971
171_1,Title: QuicksilverOne vs Discover it Cash Back — which one should be my first real rewards card? Hey,18,153,0.32271836863623726,0.16666666666666666,0.06272784596363952,0.04236328425180392,0.03484894242915284,0.518909258974923,0.5328738481001137,0.5233502781469058,0.5197531580924988,0.6080065965652466,0.3434210419654846,0.32965725660324097,0.7121090888977051,0.5916843414306641,2,16,0.1111111111111111,0.11427675280719995,1.4750080554560212,0.4426523194935796,0.8888888888888888,0.8235294117647058,neutral,0.4444444444444444,0.5,0.1111111111111111,0.05555555555555555,0.3333333333333333,19.284100788210907,19.25,0.522761768355115,1.0,1.0,0.0,0.0,0.0016720959861736952,0.01698586717247963,0.0020557505777105715,2.5186865476219586e-06,1.4319097317638807e-05,3.638792236415615e-06,0.000326614260605614,0.005041874945163727,0.00014764582010684538,3.2799550859231706e-05,0.00017458212096244097,4.3391827421146456e-05,0.00032075326089398004,0.0019093806622549891,0.0006945369241293531,0.00010615570742326479,0.0003183920925948769,0.00020481204555835577,0.0004101562420839013,0.004074069348462217,0.0005192403030794902
171_2,Title: PSA: The Discover it Cash Back 5% rotating schedule for 2025 is out. Let's break down whether,18,153,0.31460897624492645,0.2222222222222222,0.06387343606227157,0.04110456232843024,0.032714690272161666,0.5100620533126632,0.5099791907796672,0.5085193676496643,0.5095804333686829,0.5999519228935242,0.3434210419654846,0.32965725660324097,0.7121090888977051,0.5916843414306641,2,16,0.1111111111111111,0.11427675280719995,1.4750080554560212,0.4426523194935796,0.8888888888888888,0.8235294117647058,neutral,0.4444444444444444,0.5,0.1111111111111111,0.05555555555555555,0.3333333333333333,21.060245739717377,24.5,0.4866295549613771,1.0,1.0,0.0,0.0,0.0016720959861736952,0.01698586717247963,0.0020557505777105715,2.5186865476219586e-06,1.4319097317638807e-05,3.638792236415615e-06,0.000326614260605614,0.005041874945163727,0.00014764582010684538,3.2799550859231706e-05,0.00017458212096244097,4.3391827421146456e-05,0.00032075326089398004,0.0019093806622549891,0.0006945369241293531,0.00010615570742326479,0.0003183920925948769,0.00020481204555835577,0.0004101562420839013,0.004074069348462217,0.0005192403030794902
172_1,Citi AAdvantage Platinum Select: 70k miles for $7k spend — worth it in 2024? Been eyeing this card f,15,105,0.3241769075393677,0.26666666666666666,0.06748312404547455,0.04322424285014705,0.03406984103372632,0.5308271853696732,0.5259143153826396,0.5277139175505865,0.5239457488059998,0.6326356530189514,0.35433244705200195,0.35629531741142273,0.7121090888977051,0.6485700607299805,2,13,0.13333333333333333,0.13290595250825088,1.3605138827424867,0.4082924318084403,0.9333333333333333,0.7857142857142857,neutral,0.4666666666666667,0.5333333333333333,0.13333333333333333,0.06666666666666667,0.26666666666666666,17.39425192412712,15.5,0.37649895939669087,1.0,1.0,0.0,0.0,0.001913214756253486,0.01698586717247963,0.0030342536047101008,2.7520908133737977e-06,1.4319097317638807e-05,5.302912086335707e-06,0.00038561977174443504,0.005041874945163727,0.00016009327373467386,3.5565574580687095e-05,0.00017458212096244097,4.643593056243844e-05,0.00035991208957663424,0.0019093806622549891,0.0011119947303086515,0.00011350121106564377,0.0003183920925948769,0.00020567565225064753,0.00046842758233904335,0.004074069348462217,0.0007561836772386715
172_2,Anyone have experience with the Synchrony Premier World Mastercard? Can't find much info on it. I sa,13,78,0.30590529854481036,0.0,0.06414281241855294,0.04053055056943892,0.031810843707033236,0.5245420504838992,0.5219869510485575,0.5215451079301345,0.5239463746547699,0.6119388937950134,0.3788752853870392,0.3768388330936432,0.7121090888977051,0.6767420768737793,2,11,0.15384615384615385,0.14899195358157158,1.2309316230479224,0.3694045846493381,0.8461538461538461,0.75,neutral,0.46153846153846156,0.5384615384615384,0.15384615384615385,0.0,0.3076923076923077,22.69817394839761,38.0,0.4813642109774371,1.0,1.0,0.0,0.0,0.0021307790974298348,0.01698586717247963,0.0036865889560431264,2.9534516600576285e-06,1.4319097317638807e-05,6.412325319615779e-06,0.0004398503480423152,0.005041874945163727,0.00016839157615322622,3.7462089004783105e-05,0.00017458212096244097,4.846533265663311e-05,0.0003965880818073996,0.0019093806622549891,0.0013902999344281863,0.00011804984947397876,0.0003183920925948769,0.00020625139004550876,0.0005209471529030615,0.004074069348462217,0.0009141459266781269
173_1,Contemplating the Delta SkyMiles Reserve Amex - is the annual fee actually worth it anymore? Hey r/C,18,153,0.3106010738346312,0.16666666666666666,0.051534538483393504,0.03490884796249958,0.02900428543813072,0.4937641899180568,0.5043878683856889,0.4972152883320852,0.4945495128631592,0.5940332412719727,0.3434210419654846,0.32965725660324097,0.7121090888977051,0.5916843414306641,2,16,0.1111111111111111,0.11427675280719995,1.4750080554560212,0.4426523194935796,0.8888888888888888,0.8235294117647058,neutral,0.4444444444444444,0.5,0.1111111111111111,0.05555555555555555,0.3333333333333333,26.963452630881264,30.5,0.6059202838400284,1.0,1.0,0.0,0.0,0.0016720959861736952,0.01698586717247963,0.0020557505777105715,2.5186865476219586e-06,1.4319097317638807e-05,3.638792236415615e-06,0.000326614260605614,0.005041874945163727,0.00014764582010684538,3.2799550859231706e-05,0.00017458212096244097,4.3391827421146456e-05,0.00032075326089398004,0.0019093806622549891,0.0006945369241293531,0.00010615570742326479,0.0003183920925948769,0.00020481204555835577,0.0004101562420839013,0.004074069348462217,0.0005192403030794902
173_2,Citi Simplicity card - legit good balance transfer option or are there better 0% APR cards in 2025? ,20,190,0.31789757013320924,0.1,0.058722675026447346,0.03564910053347694,0.0272795586403786,0.48333760358785327,0.5092438795064625,0.49418813178413795,0.4967379868030548,0.6002103686332703,0.3119811713695526,0.29370176792144775,0.7121090888977051,0.5376409292221069,3,17,0.15,0.15124925179407,1.6094379124341003,0.48299493849177877,0.9,0.8421052631578947,neutral,0.4,0.5,0.1,0.05,0.35,29.508430998614614,22.75,0.532162867423167,1.0,1.0,0.0,0.0,0.0015557224789517932,0.01698586717247963,0.0014034152263775513,2.4245950214663027e-06,1.4319097317638807e-05,2.5293790031355533e-06,0.00029742231454292777,0.005041874945163727,0.00013934751768829306,3.2022549203247766e-05,0.00017458212096244097,4.1362425326951794e-05,0.00029946009781269824,0.0019093806622549891,0.0004162317200098207,0.00010360212909290566,0.0003183920925948769,0.00020423630776349454,0.0003817756941041731,0.004074069348462217,0.00036127805364003613
174_1,Title: Anyone here have the Aeroplan Credit Card from Chase? Thinking about applying but the main pa,12,66,0.31265222281217575,0.08333333333333333,0.07224208087913868,0.04738704498185107,0.037331961924497954,0.5145733645468047,0.5269422535643433,0.5197945480996912,0.5170640051364899,0.5826067924499512,0.3649839162826538,0.372275173664093,0.6880798935890198,0.6557418704032898,1,11,0.08333333333333333,0.08823443669825792,1.0397207708399179,0.3120218965147642,0.8333333333333334,0.7272727272727273,neutral,0.5,0.5,0.16666666666666666,0.0,0.3333333333333333,18.920153863597996,18.25,0.45227459434895606,1.0,1.0,0.0,0.0,0.0019467669966009755,0.01698586717247963,0.0010724914143793284,3.0350165995211378e-06,1.4319097317638807e-05,6.9521499199254346e-06,0.00046178038716486,0.005041874945163727,0.00012717258941847835,3.7281602089933585e-05,0.00017458212096244097,4.948003370373045e-05,0.000290586660412373,0.0019093806622549891,0.00026919992815237497,0.00011065174294344615,0.0003183920925948769,0.00019515818057698201,0.0004750170676351849,0.004074069348462217,0.00027904793285339716
174_2,Title: Capital One Venture X Business — 150k miles bonus but $30k spend in 3 months?? Am I crazy for,16,120,0.3008992653340101,0.0625,0.053222081840036836,0.03434280788734971,0.02760985885812352,0.49772094239791237,0.5106361466149489,0.5025769107043743,0.508892834186554,0.5972956418991089,0.35778364539146423,0.36365675926208496,0.7121090888977051,0.6220158934593201,2,14,0.125,0.12568000587634742,1.3686896376228386,0.41074598916225413,0.9375,0.8,neutral,0.4375,0.5625,0.125,0.0625,0.25,36.82539035774095,17.25,0.7133247526923187,1.0,1.0,0.0,0.0,0.001819422253902303,0.01698586717247963,0.002708085929043591,2.668427519836314e-06,1.4319097317638807e-05,4.748205469695677e-06,0.00036350332584333955,0.005041874945163727,0.0001559441225253977,3.451611610216787e-05,0.00017458212096244097,4.542122951534111e-05,0.00034417379310980323,0.0019093806622549891,0.0009728421282488853,0.00011073922814830439,0.0003183920925948769,0.00020538778335321695,0.00044583719077095907,0.004074069348462217,0.0006772025525189443
175_1,"**Southwest Rapid Rewards Priority Card - Worth it for a casual Southwest flyer?** Hey everyone, loo",15,105,0.3133545498053233,0.2,0.08262716514305525,0.05331230697469852,0.04189950540382935,0.5375617294084458,0.5395598581859044,0.537654516526631,0.536842405796051,0.6390946507453918,0.35433244705200195,0.35629531741142273,0.7121090888977051,0.6485700607299805,2,13,0.13333333333333333,0.13290595250825088,1.3605138827424867,0.4082924318084403,0.9333333333333333,0.7857142857142857,neutral,0.4666666666666667,0.5333333333333333,0.13333333333333333,0.06666666666666667,0.26666666666666666,13.175060615504668,12.0,0.35102292936513324,1.0,1.0,0.0,0.0,0.001913214756253486,0.01698586717247963,0.0030342536047101008,2.7520908133737977e-06,1.4319097317638807e-05,5.302912086335707e-06,0.00038561977174443504,0.005041874945163727,0.00016009327373467386,3.5565574580687095e-05,0.00017458212096244097,4.643593056243844e-05,0.00035991208957663424,0.0019093806622549891,0.0011119947303086515,0.00011350121106564377,0.0003183920925948769,0.00020567565225064753,0.00046842758233904335,0.004074069348462217,0.0007561836772386715
175_2,"Chase Sapphire Preferred - First 'Real' Travel Card. 6 Months In, Here's My Honest Review. Long time",18,153,0.3321230643325382,0.16666666666666666,0.05959359849642297,0.04078167580424716,0.033879424322383125,0.506224168671502,0.5161250036915922,0.5101184184644737,0.5104460716247559,0.6103261709213257,0.3434210419654846,0.32965725660324097,0.7121090888977051,0.5916843414306641,2,16,0.1111111111111111,0.11427675280719995,1.4750080554560212,0.4426523194935796,0.8888888888888888,0.8235294117647058,neutral,0.4444444444444444,0.5,0.1111111111111111,0.05555555555555555,0.3333333333333333,14.312215278315216,22.5,0.3845072761338416,1.0,1.0,0.0,0.0,0.0016720959861736952,0.01698586717247963,0.0020557505777105715,2.5186865476219586e-06,1.4319097317638807e-05,3.638792236415615e-06,0.000326614260605614,0.005041874945163727,0.00014764582010684538,3.2799550859231706e-05,0.00017458212096244097,4.3391827421146456e-05,0.00032075326089398004,0.0019093806622549891,0.0006945369241293531,0.00010615570742326479,0.0003183920925948769,0.00020481204555835577,0.0004101562420839013,0.004074069348462217,0.0005192403030794902
176_1,Venture X Business vs World of Hyatt for a small business owner — which way would you go? Hey everyo,15,105,0.3255791882673899,0.2,0.06432222402510482,0.04149483368404167,0.03228314387110442,0.5004424339249021,0.5214186685425894,0.5094222826617104,0.5093807578086853,0.5863955616950989,0.35433244705200195,0.35629531741142273,0.7121090888977051,0.6485700607299805,2,13,0.13333333333333333,0.13290595250825088,1.3605138827424867,0.4082924318084403,0.9333333333333333,0.7857142857142857,neutral,0.4666666666666667,0.5333333333333333,0.13333333333333333,0.06666666666666667,0.26666666666666666,26.569322326489416,35.5,0.556619881141538,1.0,1.0,0.0,0.0,0.001913214756253486,0.01698586717247963,0.0030342536047101008,2.7520908133737977e-06,1.4319097317638807e-05,5.302912086335707e-06,0.00038561977174443504,0.005041874945163727,0.00016009327373467386,3.5565574580687095e-05,0.00017458212096244097,4.643593056243844e-05,0.00035991208957663424,0.0019093806622549891,0.0011119947303086515,0.00011350121106564377,0.0003183920925948769,0.00020567565225064753,0.00046842758233904335,0.004074069348462217,0.0007561836772386715
176_2,Just got approved for the Venture X Business! 150k miles here I come. Some data points inside. After,15,105,0.32412850062052406,0.26666666666666666,0.05366533869262284,0.033254567940641744,0.02610710586606233,0.5210843926384335,0.5264364813055311,0.5221581825188228,0.5213570594787598,0.5898475646972656,0.35433244705200195,0.35629531741142273,0.7121090888977051,0.6485700607299805,2,13,0.13333333333333333,0.13290595250825088,1.3605138827424867,0.4082924318084403,0.9333333333333333,0.7857142857142857,neutral,0.4666666666666667,0.5333333333333333,0.13333333333333333,0.06666666666666667,0.26666666666666666,21.60555484129024,35.0,0.40765197813755166,1.0,1.0,0.0,0.0,0.001913214756253486,0.01698586717247963,0.0030342536047101008,2.7520908133737977e-06,1.4319097317638807e-05,5.302912086335707e-06,0.00038561977174443504,0.005041874945163727,0.00016009327373467386,3.5565574580687095e-05,0.00017458212096244097,4.643593056243844e-05,0.00035991208957663424,0.0019093806622549891,0.0011119947303086515,0.00011350121106564377,0.0003183920925948769,0.00020567565225064753,0.00046842758233904335,0.004074069348462217,0.0007561836772386715
177_1,Citi Strata Elite - is the $595 AF actually worth it? My breakdown inside.,16,120,0.3144894912838936,0.1875,0.062436969289054935,0.04245525782510398,0.03469310739746593,0.5003818824887276,0.5204600838323434,0.5081245166560014,0.5139964818954468,0.5896127223968506,0.35778364539146423,0.36365675926208496,0.7121090888977051,0.6220158934593201,2,14,0.125,0.12568000587634742,1.3686896376228386,0.41074598916225413,0.9375,0.8,neutral,0.4375,0.5625,0.125,0.0625,0.25,14.328593571945573,14.75,0.3879145467870206,1.0,1.0,0.0,0.0,0.001819422253902303,0.01698586717247963,0.002708085929043591,2.668427519836314e-06,1.4319097317638807e-05,4.748205469695677e-06,0.00036350332584333955,0.005041874945163727,0.0001559441225253977,3.451611610216787e-05,0.00017458212096244097,4.542122951534111e-05,0.00034417379310980323,0.0019093806622549891,0.0009728421282488853,0.00011073922814830439,0.0003183920925948769,0.00020538778335321695,0.00044583719077095907,0.004074069348462217,0.0006772025525189443
177_2,Anyone have info on the U.S. Bank Shield Visa? Literally can't find anything about it.,15,105,0.30715840657552085,0.06666666666666667,0.06915290051178691,0.04571569479589531,0.036393311044701386,0.5251612220491682,0.5256074647108714,0.524725390899749,0.5209923386573792,0.6347260475158691,0.35433244705200195,0.35629531741142273,0.7121090888977051,0.6485700607299805,2,13,0.13333333333333333,0.13290595250825088,1.3605138827424867,0.4082924318084403,0.9333333333333333,0.7857142857142857,neutral,0.4666666666666667,0.5333333333333333,0.13333333333333333,0.06666666666666667,0.26666666666666666,15.75845452095125,20.5,0.36590838670939435,1.0,1.0,0.0,0.0,0.001913214756253486,0.01698586717247963,0.0030342536047101008,2.7520908133737977e-06,1.4319097317638807e-05,5.302912086335707e-06,0.00038561977174443504,0.005041874945163727,0.00016009327373467386,3.5565574580687095e-05,0.00017458212096244097,4.643593056243844e-05,0.00035991208957663424,0.0019093806622549891,0.0011119947303086515,0.00011350121106564377,0.0003183920925948769,0.00020567565225064753,0.00046842758233904335,0.004074069348462217,0.0007561836772386715
178_1,"Just got the Chase Sapphire Reserve mailer - 125k points + $3,000+ in annual value. Worth it? Hey ev",13,78,0.2978833088508019,0.0,0.07239685029431224,0.047966440662071376,0.03888742107500839,0.5231128021692618,0.5335416812927295,0.5266490937807621,0.5326807498931885,0.6365836262702942,0.3788752853870392,0.3768388330936432,0.7121090888977051,0.6767420768737793,2,11,0.15384615384615385,0.14899195358157158,1.2309316230479224,0.3694045846493381,0.8461538461538461,0.75,neutral,0.46153846153846156,0.5384615384615384,0.15384615384615385,0.0,0.3076923076923077,23.02892444181329,18.0,0.5940000352055016,1.0,1.0,0.0,0.0,0.0021307790974298348,0.01698586717247963,0.0036865889560431264,2.9534516600576285e-06,1.4319097317638807e-05,6.412325319615779e-06,0.0004398503480423152,0.005041874945163727,0.00016839157615322622,3.7462089004783105e-05,0.00017458212096244097,4.846533265663311e-05,0.0003965880818073996,0.0019093806622549891,0.0013902999344281863,0.00011804984947397876,0.0003183920925948769,0.00020625139004550876,0.0005209471529030615,0.004074069348462217,0.0009141459266781269
178_2,Freedom Unlimited has been my daily driver for 2 years. Am I leaving money on the table? Title basic,15,105,0.32978914777437845,0.26666666666666666,0.07051167635740503,0.04491773101838554,0.03530835196613072,0.5202618360519409,0.5278634971096402,0.5215283158279601,0.5206130743026733,0.6138682961463928,0.35433244705200195,0.35629531741142273,0.7121090888977051,0.6485700607299805,2,13,0.13333333333333333,0.13290595250825088,1.3605138827424867,0.4082924318084403,0.9333333333333333,0.7857142857142857,neutral,0.4666666666666667,0.5333333333333333,0.13333333333333333,0.06666666666666667,0.26666666666666666,20.718644314293883,27.0,0.49408531751098295,1.0,1.0,0.0,0.0,0.001913214756253486,0.01698586717247963,0.0030342536047101008,2.7520908133737977e-06,1.4319097317638807e-05,5.302912086335707e-06,0.00038561977174443504,0.005041874945163727,0.00016009327373467386,3.5565574580687095e-05,0.00017458212096244097,4.643593056243844e-05,0.00035991208957663424,0.0019093806622549891,0.0011119947303086515,0.00011350121106564377,0.0003183920925948769,0.00020567565225064753,0.00046842758233904335,0.004074069348462217,0.0007561836772386715
179_1,Chase Sapphire Reserve just bumped their sign-up bonus to 125k points after $6k spend in 3 months. I,19,171,0.3178152238067828,0.2631578947368421,0.06836410263317379,0.046144590291741124,0.03810341445379137,0.4997982166663945,0.5061508992262054,0.5017961615707442,0.5003162622451782,0.6340827941894531,0.3310185372829437,0.3201761841773987,0.7121090888977051,0.5569981932640076,3,16,0.15789473684210525,0.15733224398603565,1.485181756934977,0.4457054638752913,0.8947368421052632,0.8333333333333334,neutral,0.42105263157894735,0.47368421052631576,0.10526315789473684,0.05263157894736842,0.3684210526315789,16.4517257386085,13.0,0.5009339567845535,1.0,1.0,0.0,0.0,0.0016068161578579364,0.01698586717247963,0.0017295829020440555,2.4622015165445383e-06,1.4319097317638807e-05,3.0840856197755746e-06,0.0003110891970879349,0.005041874945163727,0.00014349666889756915,3.1995172704275896e-05,0.00017458212096244097,4.23771263740491e-05,0.00030904844109165043,0.0019093806622549891,0.0005553843220695843,0.0001042831714393718,0.0003183920925948769,0.00020452417666092513,0.00039428239028295236,0.004074069348462217,0.0004402591783597618
179_2,Is the Discover it® Chrome actually underrated? Been using it for 6 months and I'm surprised nobody ,19,171,0.3295794725418091,0.3684210526315789,0.06387113414781298,0.04342360498095776,0.035864817720637376,0.49579795654754194,0.5066317637064304,0.49967821909670246,0.49832844734191895,0.6069238185882568,0.3310185372829437,0.3201761841773987,0.7121090888977051,0.5569981932640076,3,16,0.15789473684210525,0.15733224398603565,1.485181756934977,0.4457054638752913,0.8947368421052632,0.8333333333333334,neutral,0.42105263157894735,0.47368421052631576,0.10526315789473684,0.05263157894736842,0.3684210526315789,18.25898632776342,22.0,0.49844933940733477,1.0,1.0,0.0,0.0,0.0016068161578579364,0.01698586717247963,0.0017295829020440555,2.4622015165445383e-06,1.4319097317638807e-05,3.0840856197755746e-06,0.0003110891970879349,0.005041874945163727,0.00014349666889756915,3.1995172704275896e-05,0.00017458212096244097,4.23771263740491e-05,0.00030904844109165043,0.0019093806622549891,0.0005553843220695843,0.0001042831714393718,0.0003183920925948769,0.00020452417666092513,0.00039428239028295236,0.004074069348462217,0.0004402591783597618
17_1,"Never had a credit card before, thinking about Chase Freedom Rise as my first. Worth it? So I'm 23 a",14,91,0.32132183015346527,0.14285714285714285,0.0737414772036562,0.04845312260741375,0.03844178410308258,0.5200462020360507,0.53108757013803,0.524961606486813,0.5210313200950623,0.5949450731277466,0.3610836863517761,0.369733065366745,0.7121090888977051,0.6569548845291138,2,12,0.14285714285714285,0.1407378808196102,1.4003265762311883,0.42024028595938745,1.0,0.7692307692307693,neutral,0.42857142857142855,0.5714285714285714,0.14285714285714285,0.0,0.2857142857142857,16.218061234441112,10.75,0.3881245423626933,1.0,1.0,0.0,0.0,0.002021146102509062,0.01698586717247963,0.003360421280376611,2.8517869249558965e-06,1.4319097317638807e-05,5.857618702975739e-06,0.0004112276298785998,0.005041874945163727,0.00016424242494395,3.6626253729212165e-05,0.00017458212096244097,4.745063160953577e-05,0.0003780780430783385,0.0019093806622549891,0.0012511473323684175,0.00011619954602792859,0.0003183920925948769,0.00020596352114807812,0.0004943548936913496,0.004074069348462217,0.0008351648019583985
17_2,Bank of America Customized Cash Rewards — am I missing something or is the 6% first year actually re,18,153,0.3114589485857222,0.05555555555555555,0.06426094900113473,0.03905864628585068,0.030279704776921174,0.518390071353102,0.5178964434106366,0.516877235735164,0.5168208479881287,0.6220601201057434,0.3434210419654846,0.32965725660324097,0.7121090888977051,0.5916843414306641,2,16,0.1111111111111111,0.11427675280719995,1.4750080554560212,0.4426523194935796,0.8888888888888888,0.8235294117647058,neutral,0.4444444444444444,0.5,0.1111111111111111,0.05555555555555555,0.3333333333333333,21.13507411921452,39.0,0.41805641114929815,1.0,1.0,0.0,0.0,0.0016720959861736952,0.01698586717247963,0.0020557505777105715,2.5186865476219586e-06,1.4319097317638807e-05,3.638792236415615e-06,0.000326614260605614,0.005041874945163727,0.00014764582010684538,3.2799550859231706e-05,0.00017458212096244097,4.3391827421146456e-05,0.00032075326089398004,0.0019093806622549891,0.0006945369241293531,0.00010615570742326479,0.0003183920925948769,0.00020481204555835577,0.0004101562420839013,0.004074069348462217,0.0005192403030794902
180_1,JetBlue Plus Card vs Chase Sapphire Preferred - which makes more sense for a casual traveler? I curr,14,91,0.3167046287230083,0.21428571428571427,0.06775882574281758,0.04390582844504766,0.03464498018266299,0.5053879988717509,0.5094706520929442,0.5055542696308304,0.5042009353637695,0.6303211450576782,0.3610836863517761,0.369733065366745,0.7121090888977051,0.6569548845291138,2,12,0.14285714285714285,0.1407378808196102,1.4003265762311883,0.42024028595938745,1.0,0.7692307692307693,neutral,0.42857142857142855,0.5714285714285714,0.14285714285714285,0.0,0.2857142857142857,21.162153356732805,22.5,0.5143578940872556,1.0,1.0,0.0,0.0,0.002021146102509062,0.01698586717247963,0.003360421280376611,2.8517869249558965e-06,1.4319097317638807e-05,5.857618702975739e-06,0.0004112276298785998,0.005041874945163727,0.00016424242494395,3.6626253729212165e-05,0.00017458212096244097,4.745063160953577e-05,0.0003780780430783385,0.0019093806622549891,0.0012511473323684175,0.00011619954602792859,0.0003183920925948769,0.00020596352114807812,0.0004943548936913496,0.004074069348462217,0.0008351648019583985
180_2,Am I crazy for keeping my JetBlue Plus Card despite barely flying JetBlue anymore? Title basically s,12,66,0.31271101037661236,0.25,0.06235332123791804,0.04222516417907032,0.0349081513071492,0.49128276606400806,0.5038811555414489,0.49658128077333624,0.4970547705888748,0.6334560513496399,0.3649839162826538,0.372275173664093,0.6880798935890198,0.6557418704032898,1,11,0.08333333333333333,0.08823443669825792,1.0397207708399179,0.3120218965147642,0.8333333333333334,0.7272727272727273,neutral,0.5,0.5,0.16666666666666666,0.0,0.3333333333333333,15.595583420386115,27.5,0.4774158189914117,1.0,1.0,0.0,0.0,0.0019467669966009755,0.01698586717247963,0.0010724914143793284,3.0350165995211378e-06,1.4319097317638807e-05,6.9521499199254346e-06,0.00046178038716486,0.005041874945163727,0.00012717258941847835,3.7281602089933585e-05,0.00017458212096244097,4.948003370373045e-05,0.000290586660412373,0.0019093806622549891,0.00026919992815237497,0.00011065174294344615,0.0003183920925948769,0.00019515818057698201,0.0004750170676351849,0.004074069348462217,0.00027904793285339716
181_1,Looking at the Citi Simplicity card for a big purchase... is the 0% APR actually worth it? Hey every,13,78,0.30956212603128874,0.0,0.07414126936455498,0.0455086491172324,0.034351562339035024,0.5182965856332046,0.52710833075719,0.5214324834255072,0.520700216293335,0.5833231210708618,0.3788752853870392,0.3768388330936432,0.7121090888977051,0.6767420768737793,2,11,0.15384615384615385,0.14899195358157158,1.2309316230479224,0.3694045846493381,0.8461538461538461,0.75,neutral,0.46153846153846156,0.5384615384615384,0.15384615384615385,0.0,0.3076923076923077,40.489607111253484,22.0,0.726020541305235,1.0,1.0,0.0,0.0,0.0021307790974298348,0.01698586717247963,0.0036865889560431264,2.9534516600576285e-06,1.4319097317638807e-05,6.412325319615779e-06,0.0004398503480423152,0.005041874945163727,0.00016839157615322622,3.7462089004783105e-05,0.00017458212096244097,4.846533265663311e-05,0.0003965880818073996,0.0019093806622549891,0.0013902999344281863,0.00011804984947397876,0.0003183920925948769,0.00020625139004550876,0.0005209471529030615,0.004074069348462217,0.0009141459266781269
181_2,Citi AAdvantage Platinum Select - 70k miles bonus but $595 annual fee?? Worth it for occasional flye,13,78,0.3043545943040114,0.0,0.09425017987886262,0.051931323736191255,0.03571318304009779,0.5211703509856493,0.5215285221735636,0.5207452147434919,0.51282599568367,0.6296164393424988,0.3788752853870392,0.3768388330936432,0.7121090888977051,0.6767420768737793,2,11,0.15384615384615385,0.14899195358157158,1.2309316230479224,0.3694045846493381,0.8461538461538461,0.75,neutral,0.46153846153846156,0.5384615384615384,0.15384615384615385,0.0,0.3076923076923077,21.2969981494462,31.0,0.2908203528810931,1.0,1.0,0.0,0.0,0.0021307790974298348,0.01698586717247963,0.0036865889560431264,2.9534516600576285e-06,1.4319097317638807e-05,6.412325319615779e-06,0.0004398503480423152,0.005041874945163727,0.00016839157615322622,3.7462089004783105e-05,0.00017458212096244097,4.846533265663311e-05,0.0003965880818073996,0.0019093806622549891,0.0013902999344281863,0.00011804984947397876,0.0003183920925948769,0.00020625139004550876,0.0005209471529030615,0.004074069348462217,0.0009141459266781269
182_1,Venture X vs Hilton Honors Amex Business - which for my situation? Throwaway because reasons. I run ,15,105,0.3210431456565857,0.3333333333333333,0.06701841363583844,0.04444293529404693,0.035825925902445634,0.5299045940240225,0.5328166076115199,0.5300412569727216,0.5291035771369934,0.6161868572235107,0.35433244705200195,0.35629531741142273,0.7121090888977051,0.6485700607299805,2,13,0.13333333333333333,0.13290595250825088,1.3605138827424867,0.4082924318084403,0.9333333333333333,0.7857142857142857,neutral,0.4666666666666667,0.5333333333333333,0.13333333333333333,0.06666666666666667,0.26666666666666666,14.636939570825591,15.0,0.3811703013235831,1.0,1.0,0.0,0.0,0.001913214756253486,0.01698586717247963,0.0030342536047101008,2.7520908133737977e-06,1.4319097317638807e-05,5.302912086335707e-06,0.00038561977174443504,0.005041874945163727,0.00016009327373467386,3.5565574580687095e-05,0.00017458212096244097,4.643593056243844e-05,0.00035991208957663424,0.0019093806622549891,0.0011119947303086515,0.00011350121106564377,0.0003183920925948769,0.00020567565225064753,0.00046842758233904335,0.004074069348462217,0.0007561836772386715
182_2,Hilton Honors Amex Business card - 6 month review (and why I'm keeping it) Figured I'd give back to ,15,105,0.32290314038594564,0.2,0.07285422545691765,0.045749202666455095,0.03562485941674303,0.5148626506328583,0.5194679180781047,0.5163784912654332,0.5139516592025757,0.5790342688560486,0.35433244705200195,0.35629531741142273,0.7121090888977051,0.6485700607299805,2,13,0.13333333333333333,0.13290595250825088,1.3605138827424867,0.4082924318084403,0.9333333333333333,0.7857142857142857,neutral,0.4666666666666667,0.5333333333333333,0.13333333333333333,0.06666666666666667,0.26666666666666666,15.519736538428164,18.5,0.3283442144942489,1.0,1.0,0.0,0.0,0.001913214756253486,0.01698586717247963,0.0030342536047101008,2.7520908133737977e-06,1.4319097317638807e-05,5.302912086335707e-06,0.00038561977174443504,0.005041874945163727,0.00016009327373467386,3.5565574580687095e-05,0.00017458212096244097,4.643593056243844e-05,0.00035991208957663424,0.0019093806622549891,0.0011119947303086515,0.00011350121106564377,0.0003183920925948769,0.00020567565225064753,0.00046842758233904335,0.004074069348462217,0.0007561836772386715
183_1,CSP vs Capital One Venture - which one is actually better for a casual traveler? I've been going bac,15,105,0.3162593960762024,0.13333333333333333,0.054094447142509,0.03652242881726987,0.029999163155793276,0.4955393646444593,0.5208395884150551,0.5051520356110164,0.5092385411262512,0.6131573915481567,0.35433244705200195,0.35629531741142273,0.7121090888977051,0.6485700607299805,2,13,0.13333333333333333,0.13290595250825088,1.3605138827424867,0.4082924318084403,0.9333333333333333,0.7857142857142857,neutral,0.4666666666666667,0.5333333333333333,0.13333333333333333,0.06666666666666667,0.26666666666666666,22.655291263239636,36.0,0.5972396642330309,1.0,1.0,0.0,0.0,0.001913214756253486,0.01698586717247963,0.0030342536047101008,2.7520908133737977e-06,1.4319097317638807e-05,5.302912086335707e-06,0.00038561977174443504,0.005041874945163727,0.00016009327373467386,3.5565574580687095e-05,0.00017458212096244097,4.643593056243844e-05,0.00035991208957663424,0.0019093806622549891,0.0011119947303086515,0.00011350121106564377,0.0003183920925948769,0.00020567565225064753,0.00046842758233904335,0.004074069348462217,0.0007561836772386715
183_2,Just got approved for CSP after months of research! Some thoughts + a few questions After lurking he,17,136,0.3128918970332426,0.058823529411764705,0.055286941832789586,0.03805337301402462,0.031516063032477504,0.506529072409167,0.5248897029634785,0.513732930754914,0.5095493197441101,0.6148671507835388,0.34991002082824707,0.35084736347198486,0.7121090888977051,0.6120748519897461,2,15,0.11764705882352941,0.11955982205622337,1.334592953237241,0.4005135186516717,0.8823529411764706,0.8125,neutral,0.47058823529411764,0.5294117647058824,0.11764705882352941,0.058823529411764705,0.29411764705882354,19.073342327532757,19.0,0.48685708643852377,1.0,1.0,0.0,0.0,0.001749324266497484,0.01698586717247963,0.0023819182533770813,2.5868218926916597e-06,1.4319097317638807e-05,4.1934988530556455e-06,0.0003443004530067008,0.005041874945163727,0.00015179497131612152,3.3665129462058434e-05,0.00017458212096244097,4.440652846824378e-05,0.0003338943073793095,0.0019093806622549891,0.0008336895261891192,0.00010827629226054448,0.0003183920925948769,0.00020509991445578636,0.00042867454508313145,0.004074069348462217,0.0005982214277992174
184_1,"Hey everyone. Long time lurker, first time poster here. My credit took a massive hit a couple years ",14,91,0.30688285189015524,0.0,0.05494848346026858,0.03596007162004908,0.028770332750868197,0.5165967283013103,0.5165363753234947,0.5147358791513758,0.5156176686286926,0.5938189029693604,0.3610836863517761,0.369733065366745,0.7121090888977051,0.6569548845291138,2,12,0.14285714285714285,0.1407378808196102,1.4003265762311883,0.42024028595938745,1.0,0.7692307692307693,neutral,0.42857142857142855,0.5714285714285714,0.14285714285714285,0.0,0.2857142857142857,24.292856092745808,33.25,0.5281055672336045,1.0,1.0,0.0,0.0,0.002021146102509062,0.01698586717247963,0.003360421280376611,2.8517869249558965e-06,1.4319097317638807e-05,5.857618702975739e-06,0.0004112276298785998,0.005041874945163727,0.00016424242494395,3.6626253729212165e-05,0.00017458212096244097,4.745063160953577e-05,0.0003780780430783385,0.0019093806622549891,0.0012511473323684175,0.00011619954602792859,0.0003183920925948769,0.00020596352114807812,0.0004943548936913496,0.004074069348462217,0.0008351648019583985
184_2,I've had the Delta SkyMiles Gold Amex for about two years now and figured I'd share my experience si,16,120,0.3349333833903074,0.3125,0.07546576457209087,0.04373694794014931,0.03277452973894199,0.5193074263632298,0.5245044993857543,0.5212262769540151,0.5178434550762177,0.5848277807235718,0.35778364539146423,0.36365675926208496,0.7121090888977051,0.6220158934593201,2,14,0.125,0.12568000587634742,1.3686896376228386,0.41074598916225413,0.9375,0.8,neutral,0.4375,0.5625,0.125,0.0625,0.25,15.82126733229674,28.5,0.294349159670637,1.0,1.0,0.0,0.0,0.001819422253902303,0.01698586717247963,0.002708085929043591,2.668427519836314e-06,1.4319097317638807e-05,4.748205469695677e-06,0.00036350332584333955,0.005041874945163727,0.0001559441225253977,3.451611610216787e-05,0.00017458212096244097,4.542122951534111e-05,0.00034417379310980323,0.0019093806622549891,0.0009728421282488853,0.00011073922814830439,0.0003183920925948769,0.00020538778335321695,0.00044583719077095907,0.004074069348462217,0.0006772025525189443
185_1,"Been rebuilding my credit for about a year now (started at 542, now at 638). I've been looking at th",13,78,0.306262181355403,0.0,0.05117917526615123,0.03744735622084437,0.03259435814291965,0.5135201024703491,0.5169575134148965,0.5118444241010226,0.5150585174560547,0.5877515077590942,0.3788752853870392,0.3768388330936432,0.7121090888977051,0.6767420768737793,2,11,0.15384615384615385,0.14899195358157158,1.2309316230479224,0.3694045846493381,0.8461538461538461,0.75,neutral,0.46153846153846156,0.5384615384615384,0.15384615384615385,0.0,0.3076923076923077,16.15567755186279,27.0,0.5147642357211184,1.0,1.0,0.0,0.0,0.0021307790974298348,0.01698586717247963,0.0036865889560431264,2.9534516600576285e-06,1.4319097317638807e-05,6.412325319615779e-06,0.0004398503480423152,0.005041874945163727,0.00016839157615322622,3.7462089004783105e-05,0.00017458212096244097,4.846533265663311e-05,0.0003965880818073996,0.0019093806622549891,0.0013902999344281863,0.00011804984947397876,0.0003183920925948769,0.00020625139004550876,0.0005209471529030615,0.004074069348462217,0.0009141459266781269
185_2,Got a pre-approval offer for the Atmos™ Rewards Ascent Visa Signature® in the mail yesterday. The re,12,66,0.31400106847286224,0.25,0.05839500547331373,0.03697887702176841,0.028869712854398096,0.5258904149134954,0.5431190187280829,0.5304661591847738,0.5343251824378967,0.6204684972763062,0.3649839162826538,0.372275173664093,0.6880798935890198,0.6557418704032898,1,11,0.08333333333333333,0.08823443669825792,1.0397207708399179,0.3120218965147642,0.8333333333333334,0.7272727272727273,neutral,0.5,0.5,0.16666666666666666,0.0,0.3333333333333333,26.472732302419324,31.5,0.5861121542971068,1.0,1.0,0.0,0.0,0.0019467669966009755,0.01698586717247963,0.0010724914143793284,3.0350165995211378e-06,1.4319097317638807e-05,6.9521499199254346e-06,0.00046178038716486,0.005041874945163727,0.00012717258941847835,3.7281602089933585e-05,0.00017458212096244097,4.948003370373045e-05,0.000290586660412373,0.0019093806622549891,0.00026919992815237497,0.00011065174294344615,0.0003183920925948769,0.00019515818057698201,0.0004750170676351849,0.004074069348462217,0.00027904793285339716
186_1,"First credit card ever - Chase Freedom Rise vs Wells Fargo Autograph? Help me decide! Hey everyone, ",15,105,0.30287869373957316,0.13333333333333333,0.05909322303897415,0.0398627086767637,0.03240867179688114,0.5007407929216112,0.5139371843565078,0.5063025653362274,0.5069161057472229,0.6112910509109497,0.35433244705200195,0.35629531741142273,0.7121090888977051,0.6485700607299805,2,13,0.13333333333333333,0.13290595250825088,1.3605138827424867,0.4082924318084403,0.9333333333333333,0.7857142857142857,neutral,0.4666666666666667,0.5333333333333333,0.13333333333333333,0.06666666666666667,0.26666666666666666,20.831599927887332,31.5,0.499958398269296,1.0,1.0,0.0,0.0,0.001913214756253486,0.01698586717247963,0.0030342536047101008,2.7520908133737977e-06,1.4319097317638807e-05,5.302912086335707e-06,0.00038561977174443504,0.005041874945163727,0.00016009327373467386,3.5565574580687095e-05,0.00017458212096244097,4.643593056243844e-05,0.00035991208957663424,0.0019093806622549891,0.0011119947303086515,0.00011350121106564377,0.0003183920925948769,0.00020567565225064753,0.00046842758233904335,0.004074069348462217,0.0007561836772386715
186_2,Wells Fargo Autograph 6 months in - honest review (and a question about my next card) So I got the W,21,210,0.3257859760806674,0.23809523809523808,0.055495960990538086,0.03845389637816236,0.03189907643698071,0.495757419580505,0.5113002701884224,0.5017813960711162,0.5002959370613098,0.6092569231987,0.30268511176109314,0.28416502475738525,0.7121090888977051,0.525236964225769,4,17,0.19047619047619047,0.18729426277180514,1.6582280766035324,0.4976369462138278,0.8571428571428571,0.8,neutral,0.38095238095238093,0.47619047619047616,0.14285714285714285,0.047619047619047616,0.3333333333333333,21.143286138933902,20.0,0.5454656129208992,1.0,1.0,0.0,0.0,0.0014991301341935816,0.01698586717247963,0.0010772475507110357,2.376300980835194e-06,1.4319097317638807e-05,1.974672386495513e-06,0.00028474352248373353,0.005041874945163727,0.00013519836647901684,3.1391995348496405e-05,0.00017458212096244097,4.034772427985445e-05,0.0002899192567426889,0.0019093806622549891,0.000277079117950052,0.00010172240408359184,0.0003183920925948769,0.00020394843886606395,0.00036821393563882124,0.004074069348462217,0.0002822969289203077
187_1,Finally got approved for the Capital One Quicksilver Secured after months of rebuilding. Some questi,14,91,0.3209053554705211,0.21428571428571427,0.05825829404699282,0.03852937570502788,0.031245609398446058,0.5031003188955915,0.5285465379992684,0.5138154848591312,0.5095217823982239,0.6017059683799744,0.3610836863517761,0.369733065366745,0.7121090888977051,0.6569548845291138,2,12,0.14285714285714285,0.1407378808196102,1.4003265762311883,0.42024028595938745,1.0,0.7692307692307693,neutral,0.42857142857142855,0.5714285714285714,0.14285714285714285,0.0,0.2857142857142857,21.10578313241783,19.75,0.5050956647074353,1.0,1.0,0.0,0.0,0.002021146102509062,0.01698586717247963,0.003360421280376611,2.8517869249558965e-06,1.4319097317638807e-05,5.857618702975739e-06,0.0004112276298785998,0.005041874945163727,0.00016424242494395,3.6626253729212165e-05,0.00017458212096244097,4.745063160953577e-05,0.0003780780430783385,0.0019093806622549891,0.0012511473323684175,0.00011619954602792859,0.0003183920925948769,0.00020596352114807812,0.0004943548936913496,0.004074069348462217,0.0008351648019583985
187_2,U.S. Bank Shield™ Visa® vs Capital One Quicksilver Secured — which one for my first credit card? Hi ,15,105,0.3317540685335795,0.4,0.05482032740450811,0.035215479464805445,0.027798547315200116,0.5169287304083506,0.5321375699270339,0.522455773750941,0.5234611630439758,0.6433032751083374,0.35433244705200195,0.35629531741142273,0.7121090888977051,0.6485700607299805,2,13,0.13333333333333333,0.13290595250825088,1.3605138827424867,0.4082924318084403,0.9333333333333333,0.7857142857142857,neutral,0.4666666666666667,0.5333333333333333,0.13333333333333333,0.06666666666666667,0.26666666666666666,30.66999981886027,34.5,0.5838197935062234,1.0,1.0,0.0,0.0,0.001913214756253486,0.01698586717247963,0.0030342536047101008,2.7520908133737977e-06,1.4319097317638807e-05,5.302912086335707e-06,0.00038561977174443504,0.005041874945163727,0.00016009327373467386,3.5565574580687095e-05,0.00017458212096244097,4.643593056243844e-05,0.00035991208957663424,0.0019093806622549891,0.0011119947303086515,0.00011350121106564377,0.0003183920925948769,0.00020567565225064753,0.00046842758233904335,0.004074069348462217,0.0007561836772386715
188_1,Thinking about applying for the Capital One Savor card — worth it for the 3% dining/groceries?,18,153,0.31413084434138405,0.2222222222222222,0.06167436433498098,0.044449853194419686,0.03770254894373428,0.5006095110590941,0.5271136275693482,0.5119013087032667,0.513955295085907,0.6380971074104309,0.3434210419654846,0.32965725660324097,0.7121090888977051,0.5916843414306641,2,16,0.1111111111111111,0.11427675280719995,1.4750080554560212,0.4426523194935796,0.8888888888888888,0.8235294117647058,neutral,0.4444444444444444,0.5,0.1111111111111111,0.05555555555555555,0.3333333333333333,15.408531387065182,24.75,0.5262875995582036,1.0,1.0,0.0,0.0,0.0016720959861736952,0.01698586717247963,0.0020557505777105715,2.5186865476219586e-06,1.4319097317638807e-05,3.638792236415615e-06,0.000326614260605614,0.005041874945163727,0.00014764582010684538,3.2799550859231706e-05,0.00017458212096244097,4.3391827421146456e-05,0.00032075326089398004,0.0019093806622549891,0.0006945369241293531,0.00010615570742326479,0.0003183920925948769,0.00020481204555835577,0.0004101562420839013,0.004074069348462217,0.0005192403030794902
188_2,World of Hyatt Credit Card — is it still worth it in 2024? Looking for real experiences,21,210,0.3273280546778724,0.23809523809523808,0.059700720776314706,0.04071077049681235,0.03347518145985942,0.5074444638831275,0.5130729401395434,0.5086305543070748,0.507618635892868,0.6282939910888672,0.30268511176109314,0.28416502475738525,0.7121090888977051,0.525236964225769,4,17,0.19047619047619047,0.18729426277180514,1.6582280766035324,0.4976369462138278,0.8571428571428571,0.8,neutral,0.38095238095238093,0.47619047619047616,0.14285714285714285,0.047619047619047616,0.3333333333333333,22.470943697530736,20.0,0.5797172206979674,1.0,1.0,0.0,0.0,0.0014991301341935816,0.01698586717247963,0.0010772475507110357,2.376300980835194e-06,1.4319097317638807e-05,1.974672386495513e-06,0.00028474352248373353,0.005041874945163727,0.00013519836647901684,3.1391995348496405e-05,0.00017458212096244097,4.034772427985445e-05,0.0002899192567426889,0.0019093806622549891,0.000277079117950052,0.00010172240408359184,0.0003183920925948769,0.00020394843886606395,0.00036821393563882124,0.004074069348462217,0.0002822969289203077
189_1,"Blue Cash Everyday vs Capital One Quicksilver — which one should I actually get? Hey all, long time ",17,136,0.32360803029116464,0.29411764705882354,0.06632815024274079,0.04415162500308064,0.035636397872991374,0.5057026787715799,0.5149214283070144,0.5094338307047591,0.5081775188446045,0.609461784362793,0.34991002082824707,0.35084736347198486,0.7121090888977051,0.6120748519897461,2,15,0.11764705882352941,0.11955982205622337,1.334592953237241,0.4005135186516717,0.8823529411764706,0.8125,neutral,0.47058823529411764,0.5294117647058824,0.11764705882352941,0.058823529411764705,0.29411764705882354,11.931755193889975,12.0,0.30229484097783843,1.0,1.0,0.0,0.0,0.001749324266497484,0.01698586717247963,0.0023819182533770813,2.5868218926916597e-06,1.4319097317638807e-05,4.1934988530556455e-06,0.0003443004530067008,0.005041874945163727,0.00015179497131612152,3.3665129462058434e-05,0.00017458212096244097,4.440652846824378e-05,0.0003338943073793095,0.0019093806622549891,0.0008336895261891192,0.00010827629226054448,0.0003183920925948769,0.00020509991445578636,0.00042867454508313145,0.004074069348462217,0.0005982214277992174
189_2,PSA: Blue Cash Everyday refresh is actually really good now and nobody's talking about it Been using,18,153,0.3176465729872386,0.16666666666666666,0.05853667972735421,0.03810748744671822,0.03050223149205079,0.49523227062879827,0.5021165011365429,0.49717587446854783,0.4981169104576111,0.6042888760566711,0.3434210419654846,0.32965725660324097,0.7121090888977051,0.5916843414306641,2,16,0.1111111111111111,0.11427675280719995,1.4750080554560212,0.4426523194935796,0.8888888888888888,0.8235294117647058,neutral,0.4444444444444444,0.5,0.1111111111111111,0.05555555555555555,0.3333333333333333,20.423902723748363,25.25,0.49148429014367717,1.0,1.0,0.0,0.0,0.0016720959861736952,0.01698586717247963,0.0020557505777105715,2.5186865476219586e-06,1.4319097317638807e-05,3.638792236415615e-06,0.000326614260605614,0.005041874945163727,0.00014764582010684538,3.2799550859231706e-05,0.00017458212096244097,4.3391827421146456e-05,0.00032075326089398004,0.0019093806622549891,0.0006945369241293531,0.00010615570742326479,0.0003183920925948769,0.00020481204555835577,0.0004101562420839013,0.004074069348462217,0.0005192403030794902
18_1,Tried to log into Chime today and got hit with a Cloudflare block page saying I triggered a security,17,136,0.3137090118492351,0.17647058823529413,0.05784891181354702,0.04105824427904685,0.03503470366568707,0.5095106963725651,0.5350734470959972,0.5186217339599833,0.5218426287174225,0.6144866943359375,0.34991002082824707,0.35084736347198486,0.7121090888977051,0.6120748519897461,2,15,0.11764705882352941,0.11955982205622337,1.334592953237241,0.4005135186516717,0.8823529411764706,0.8125,neutral,0.47058823529411764,0.5294117647058824,0.11764705882352941,0.058823529411764705,0.29411764705882354,18.733793457306987,21.0,0.5769465376344544,1.0,1.0,0.0,0.0,0.001749324266497484,0.01698586717247963,0.0023819182533770813,2.5868218926916597e-06,1.4319097317638807e-05,4.1934988530556455e-06,0.0003443004530067008,0.005041874945163727,0.00015179497131612152,3.3665129462058434e-05,0.00017458212096244097,4.440652846824378e-05,0.0003338943073793095,0.0019093806622549891,0.0008336895261891192,0.00010827629226054448,0.0003183920925948769,0.00020509991445578636,0.00042867454508313145,0.004074069348462217,0.0005982214277992174
18_2,Southwest Rapid Rewards® Priority Card - is the $149 annual fee actually worth it? I fly Southwest m,16,120,0.315024446696043,0.1875,0.05923639357825046,0.041043412953440536,0.03339908852700816,0.512522105127573,0.5211361194650332,0.5150854518016179,0.5129112303256989,0.6139004230499268,0.35778364539146423,0.36365675926208496,0.7121090888977051,0.6220158934593201,2,14,0.125,0.12568000587634742,1.3686896376228386,0.41074598916225413,0.9375,0.8,neutral,0.4375,0.5625,0.125,0.0625,0.25,22.62983373778959,23.5,0.5217252734937081,1.0,1.0,0.0,0.0,0.001819422253902303,0.01698586717247963,0.002708085929043591,2.668427519836314e-06,1.4319097317638807e-05,4.748205469695677e-06,0.00036350332584333955,0.005041874945163727,0.0001559441225253977,3.451611610216787e-05,0.00017458212096244097,4.542122951534111e-05,0.00034417379310980323,0.0019093806622549891,0.0009728421282488853,0.00011073922814830439,0.0003183920925948769,0.00020538778335321695,0.00044583719077095907,0.004074069348462217,0.0006772025525189443
190_1,Finally pulled the trigger on the Prime Visa - is the 5% back actually worth keeping Amazon Prime fo,16,120,0.3074015211313963,0.0625,0.07383416090426696,0.04838684493732081,0.03812303495221302,0.5040302999317646,0.5198161075512568,0.5103768308957418,0.5114479959011078,0.5963212251663208,0.35778364539146423,0.36365675926208496,0.7121090888977051,0.6220158934593201,2,14,0.125,0.12568000587634742,1.3686896376228386,0.41074598916225413,0.9375,0.8,neutral,0.4375,0.5625,0.125,0.0625,0.25,18.941418736462165,25.25,0.5093490752662094,1.0,1.0,0.0,0.0,0.001819422253902303,0.01698586717247963,0.002708085929043591,2.668427519836314e-06,1.4319097317638807e-05,4.748205469695677e-06,0.00036350332584333955,0.005041874945163727,0.0001559441225253977,3.451611610216787e-05,0.00017458212096244097,4.542122951534111e-05,0.00034417379310980323,0.0019093806622549891,0.0009728421282488853,0.00011073922814830439,0.0003183920925948769,0.00020538778335321695,0.00044583719077095907,0.004074069348462217,0.0006772025525189443
190_2,Capital One Platinum Secured approved me with $200 deposit - is this actually a good starting point ,15,105,0.3191515247027079,0.2,0.057417917120593034,0.034764408982735306,0.026779869720734404,0.5047126332918803,0.5209844816298712,0.5117215372267223,0.5075549483299255,0.5912219285964966,0.35433244705200195,0.35629531741142273,0.7121090888977051,0.6485700607299805,2,13,0.13333333333333333,0.13290595250825088,1.3605138827424867,0.4082924318084403,0.9333333333333333,0.7857142857142857,neutral,0.4666666666666667,0.5333333333333333,0.13333333333333333,0.06666666666666667,0.26666666666666666,33.47675810668251,34.5,0.5506045741230676,1.0,1.0,0.0,0.0,0.001913214756253486,0.01698586717247963,0.0030342536047101008,2.7520908133737977e-06,1.4319097317638807e-05,5.302912086335707e-06,0.00038561977174443504,0.005041874945163727,0.00016009327373467386,3.5565574580687095e-05,0.00017458212096244097,4.643593056243844e-05,0.00035991208957663424,0.0019093806622549891,0.0011119947303086515,0.00011350121106564377,0.0003183920925948769,0.00020567565225064753,0.00046842758233904335,0.004074069348462217,0.0007561836772386715
191_1,Capital One Venture Rewards - worth the hype or overrated? (Looking at the 75K bonus + $250 travel c,16,120,0.31750243715941906,0.0625,0.0658555219038772,0.04545419616001003,0.037607588747719155,0.507898252705733,0.5056452378630638,0.5057992714146773,0.5054875612258911,0.6185059547424316,0.35778364539146423,0.36365675926208496,0.7121090888977051,0.6220158934593201,2,14,0.125,0.12568000587634742,1.3686896376228386,0.41074598916225413,0.9375,0.8,neutral,0.4375,0.5625,0.125,0.0625,0.25,19.54631918674204,18.0,0.5273880387653839,1.0,1.0,0.0,0.0,0.001819422253902303,0.01698586717247963,0.002708085929043591,2.668427519836314e-06,1.4319097317638807e-05,4.748205469695677e-06,0.00036350332584333955,0.005041874945163727,0.0001559441225253977,3.451611610216787e-05,0.00017458212096244097,4.542122951534111e-05,0.00034417379310980323,0.0019093806622549891,0.0009728421282488853,0.00011073922814830439,0.0003183920925948769,0.00020538778335321695,0.00044583719077095907,0.004074069348462217,0.0006772025525189443
191_2,Anyone have info on the U.S. Bank Shield Visa? Can't find much online So I keep getting pre-approved,16,120,0.310563113540411,0.125,0.06094517145184466,0.041493337189026876,0.03414646156643615,0.5143172939618429,0.520803831020991,0.5160590293506782,0.5115427672863007,0.6052547693252563,0.35778364539146423,0.36365675926208496,0.7121090888977051,0.6220158934593201,2,14,0.125,0.12568000587634742,1.3686896376228386,0.41074598916225413,0.9375,0.8,neutral,0.4375,0.5625,0.125,0.0625,0.25,23.827177235249668,19.25,0.6051346599428487,1.0,1.0,0.0,0.0,0.001819422253902303,0.01698586717247963,0.002708085929043591,2.668427519836314e-06,1.4319097317638807e-05,4.748205469695677e-06,0.00036350332584333955,0.005041874945163727,0.0001559441225253977,3.451611610216787e-05,0.00017458212096244097,4.542122951534111e-05,0.00034417379310980323,0.0019093806622549891,0.0009728421282488853,0.00011073922814830439,0.0003183920925948769,0.00020538778335321695,0.00044583719077095907,0.004074069348462217,0.0006772025525189443
192_1,"Citi Strata Elite just dropped — 75K points for $6K spend, $595 AF. Worth it or hard pass? Saw the n",15,105,0.30570868253707884,0.0,0.0594306750200695,0.039467853750911344,0.032302619385725866,0.5154299193904514,0.5152540178526015,0.5133434043044136,0.5149940252304077,0.6098606586456299,0.35433244705200195,0.35629531741142273,0.7121090888977051,0.6485700607299805,2,13,0.13333333333333333,0.13290595250825088,1.3605138827424867,0.4082924318084403,0.9333333333333333,0.7857142857142857,neutral,0.4666666666666667,0.5333333333333333,0.13333333333333333,0.06666666666666667,0.26666666666666666,19.685753449865437,14.5,0.5039015388190812,1.0,1.0,0.0,0.0,0.001913214756253486,0.01698586717247963,0.0030342536047101008,2.7520908133737977e-06,1.4319097317638807e-05,5.302912086335707e-06,0.00038561977174443504,0.005041874945163727,0.00016009327373467386,3.5565574580687095e-05,0.00017458212096244097,4.643593056243844e-05,0.00035991208957663424,0.0019093806622549891,0.0011119947303086515,0.00011350121106564377,0.0003183920925948769,0.00020567565225064753,0.00046842758233904335,0.004074069348462217,0.0007561836772386715
192_2,IHG One Rewards Premier Card — 140K bonus for $3K spend / $99 AF. Best hotel card offer right now? P,14,91,0.31624382947172436,0.21428571428571427,0.06294619165786006,0.04233168698826968,0.03436099652043276,0.49726266880611797,0.5063260191089505,0.4996293976411715,0.4962650537490845,0.5754382610321045,0.3610836863517761,0.369733065366745,0.7121090888977051,0.6569548845291138,2,12,0.14285714285714285,0.1407378808196102,1.4003265762311883,0.42024028595938745,1.0,0.7692307692307693,neutral,0.42857142857142855,0.5714285714285714,0.14285714285714285,0.0,0.2857142857142857,15.868721641348817,23.5,0.4339103573806317,1.0,1.0,0.0,0.0,0.002021146102509062,0.01698586717247963,0.003360421280376611,2.8517869249558965e-06,1.4319097317638807e-05,5.857618702975739e-06,0.0004112276298785998,0.005041874945163727,0.00016424242494395,3.6626253729212165e-05,0.00017458212096244097,4.745063160953577e-05,0.0003780780430783385,0.0019093806622549891,0.0012511473323684175,0.00011619954602792859,0.0003183920925948769,0.00020596352114807812,0.0004943548936913496,0.004074069348462217,0.0008351648019583985
193_1,Citi Strata Premier: Is the rebrand actually worth it? Full breakdown inside So I've been looking at,15,105,0.3172922511895498,0.2,0.06273649209729287,0.0401236275807003,0.03230103593317332,0.513551603328614,0.5170108386448451,0.5140839656194051,0.513103723526001,0.6205692887306213,0.35433244705200195,0.35629531741142273,0.7121090888977051,0.6485700607299805,2,13,0.13333333333333333,0.13290595250825088,1.3605138827424867,0.4082924318084403,0.9333333333333333,0.7857142857142857,neutral,0.4666666666666667,0.5333333333333333,0.13333333333333333,0.06666666666666667,0.26666666666666666,16.82247174334246,15.5,0.4011718221782781,1.0,1.0,0.0,0.0,0.001913214756253486,0.01698586717247963,0.0030342536047101008,2.7520908133737977e-06,1.4319097317638807e-05,5.302912086335707e-06,0.00038561977174443504,0.005041874945163727,0.00016009327373467386,3.5565574580687095e-05,0.00017458212096244097,4.643593056243844e-05,0.00035991208957663424,0.0019093806622549891,0.0011119947303086515,0.00011350121106564377,0.0003183920925948769,0.00020567565225064753,0.00046842758233904335,0.004074069348462217,0.0007561836772386715
193_2,PayPal Cashback Mastercard — is 3% on PayPal actually good or am I missing something? Saw an ad for ,18,153,0.31796539657645756,0.2222222222222222,0.06239931518698346,0.038452956480645936,0.02985204851814403,0.5111556158346289,0.5244998222862194,0.5162741668473662,0.5180596113204956,0.6196624636650085,0.3434210419654846,0.32965725660324097,0.7121090888977051,0.5916843414306641,2,16,0.1111111111111111,0.11427675280719995,1.4750080554560212,0.4426523194935796,0.8888888888888888,0.8235294117647058,neutral,0.4444444444444444,0.5,0.1111111111111111,0.05555555555555555,0.3333333333333333,24.52788788197258,25.25,0.4883871480923744,1.0,1.0,0.0,0.0,0.0016720959861736952,0.01698586717247963,0.0020557505777105715,2.5186865476219586e-06,1.4319097317638807e-05,3.638792236415615e-06,0.000326614260605614,0.005041874945163727,0.00014764582010684538,3.2799550859231706e-05,0.00017458212096244097,4.3391827421146456e-05,0.00032075326089398004,0.0019093806622549891,0.0006945369241293531,0.00010615570742326479,0.0003183920925948769,0.00020481204555835577,0.0004101562420839013,0.004074069348462217,0.0005192403030794902
194_1,Thinking about getting the Citi® Secured Mastercard® to start building credit. Is it worth it? Hey e,13,78,0.2952214737351124,0.15384615384615385,0.06484179384560988,0.04024053644672358,0.031534760903233906,0.5172659254226929,0.5267742440486566,0.5210929176746271,0.5181342959403992,0.589383065700531,0.3788752853870392,0.3768388330936432,0.7121090888977051,0.6767420768737793,2,11,0.15384615384615385,0.14899195358157158,1.2309316230479224,0.3694045846493381,0.8461538461538461,0.75,neutral,0.46153846153846156,0.5384615384615384,0.15384615384615385,0.0,0.3076923076923077,23.298932093261065,20.0,0.4747431304269496,1.0,1.0,0.0,0.0,0.0021307790974298348,0.01698586717247963,0.0036865889560431264,2.9534516600576285e-06,1.4319097317638807e-05,6.412325319615779e-06,0.0004398503480423152,0.005041874945163727,0.00016839157615322622,3.7462089004783105e-05,0.00017458212096244097,4.846533265663311e-05,0.0003965880818073996,0.0019093806622549891,0.0013902999344281863,0.00011804984947397876,0.0003183920925948769,0.00020625139004550876,0.0005209471529030615,0.004074069348462217,0.0009141459266781269
194_2,PenFed Pathfinder® Rewards Visa Signature® — anyone still carrying this in 2024? Was looking at my c,16,120,0.3255333937704563,0.25,0.0660566830708244,0.04131615832714581,0.03176991258936744,0.500960483153661,0.5197177655994892,0.5088664916654427,0.5066186189651489,0.572468101978302,0.35778364539146423,0.36365675926208496,0.7121090888977051,0.6220158934593201,2,14,0.125,0.12568000587634742,1.3686896376228386,0.41074598916225413,0.9375,0.8,neutral,0.4375,0.5625,0.125,0.0625,0.25,25.073563642809134,34.0,0.5020988964767786,1.0,1.0,0.0,0.0,0.001819422253902303,0.01698586717247963,0.002708085929043591,2.668427519836314e-06,1.4319097317638807e-05,4.748205469695677e-06,0.00036350332584333955,0.005041874945163727,0.0001559441225253977,3.451611610216787e-05,0.00017458212096244097,4.542122951534111e-05,0.00034417379310980323,0.0019093806622549891,0.0009728421282488853,0.00011073922814830439,0.0003183920925948769,0.00020538778335321695,0.00044583719077095907,0.004074069348462217,0.0006772025525189443
195_1,PenFed Pathfinder Rewards Visa Signature - worth keeping after the first year?,14,91,0.31336921027728487,0.0,0.06485794106651033,0.04582650690559343,0.03827172920462864,0.5307722098224765,0.5245168523474054,0.5261509919559563,0.5234736204147339,0.6283789873123169,0.3610836863517761,0.369733065366745,0.7121090888977051,0.6569548845291138,2,12,0.14285714285714285,0.1407378808196102,1.4003265762311883,0.42024028595938745,1.0,0.7692307692307693,neutral,0.42857142857142855,0.5714285714285714,0.14285714285714285,0.0,0.2857142857142857,14.994556835527936,24.0,0.4859347122624794,1.0,1.0,0.0,0.0,0.002021146102509062,0.01698586717247963,0.003360421280376611,2.8517869249558965e-06,1.4319097317638807e-05,5.857618702975739e-06,0.0004112276298785998,0.005041874945163727,0.00016424242494395,3.6626253729212165e-05,0.00017458212096244097,4.745063160953577e-05,0.0003780780430783385,0.0019093806622549891,0.0012511473323684175,0.00011619954602792859,0.0003183920925948769,0.00020596352114807812,0.0004943548936913496,0.004074069348462217,0.0008351648019583985
195_2,Capital One Savor Student Card - my first credit card! Some thoughts after 3 months,16,120,0.31806686520576477,0.125,0.05674382224248011,0.04066462179477151,0.03478657901518945,0.515155499925216,0.5290096044540405,0.5204857083658377,0.5172865092754364,0.6213228702545166,0.35778364539146423,0.36365675926208496,0.7121090888977051,0.6220158934593201,2,14,0.125,0.12568000587634742,1.3686896376228386,0.41074598916225413,0.9375,0.8,neutral,0.4375,0.5625,0.125,0.0625,0.25,21.953697723845977,28.5,0.6328993938406048,1.0,1.0,0.0,0.0,0.001819422253902303,0.01698586717247963,0.002708085929043591,2.668427519836314e-06,1.4319097317638807e-05,4.748205469695677e-06,0.00036350332584333955,0.005041874945163727,0.0001559441225253977,3.451611610216787e-05,0.00017458212096244097,4.542122951534111e-05,0.00034417379310980323,0.0019093806622549891,0.0009728421282488853,0.00011073922814830439,0.0003183920925948769,0.00020538778335321695,0.00044583719077095907,0.004074069348462217,0.0006772025525189443
197_1,Finally got approved for the Capital One Platinum Secured after 6 months of being too scared to appl,16,120,0.3131610993295908,0.0625,0.059883196626158826,0.04116337827951492,0.03410711594049971,0.51394783432285,0.5274654192229112,0.5186969476441542,0.5181235373020172,0.6219304203987122,0.35778364539146423,0.36365675926208496,0.7121090888977051,0.6220158934593201,2,14,0.125,0.12568000587634742,1.3686896376228386,0.41074598916225413,0.9375,0.8,neutral,0.4375,0.5625,0.125,0.0625,0.25,28.370043619987616,17.25,0.6983395352612336,1.0,1.0,0.0,0.0,0.001819422253902303,0.01698586717247963,0.002708085929043591,2.668427519836314e-06,1.4319097317638807e-05,4.748205469695677e-06,0.00036350332584333955,0.005041874945163727,0.0001559441225253977,3.451611610216787e-05,0.00017458212096244097,4.542122951534111e-05,0.00034417379310980323,0.0019093806622549891,0.0009728421282488853,0.00011073922814830439,0.0003183920925948769,0.00020538778335321695,0.00044583719077095907,0.004074069348462217,0.0006772025525189443
197_2,1 year Venture X update - is it actually worth keeping or am I fooling myself? Long review inside So,17,136,0.3262688464978162,0.29411764705882354,0.07347372538607452,0.043791725924651755,0.0328215507864091,0.5150574005263693,0.5257853534730041,0.5191701376701102,0.5202063322067261,0.5997529625892639,0.34991002082824707,0.35084736347198486,0.7121090888977051,0.6120748519897461,2,15,0.11764705882352941,0.11955982205622337,1.334592953237241,0.4005135186516717,0.8823529411764706,0.8125,neutral,0.47058823529411764,0.5294117647058824,0.11764705882352941,0.058823529411764705,0.29411764705882354,21.431471215889697,22.0,0.40798993356117,1.0,1.0,0.0,0.0,0.001749324266497484,0.01698586717247963,0.0023819182533770813,2.5868218926916597e-06,1.4319097317638807e-05,4.1934988530556455e-06,0.0003443004530067008,0.005041874945163727,0.00015179497131612152,3.3665129462058434e-05,0.00017458212096244097,4.440652846824378e-05,0.0003338943073793095,0.0019093806622549891,0.0008336895261891192,0.00010827629226054448,0.0003183920925948769,0.00020509991445578636,0.00042867454508313145,0.004074069348462217,0.0005982214277992174
198_1,"Hilton Honors Amex Surpass Card - 6 months in, here's my honest take (long post warning) Hey r/credi",14,91,0.3230755605867931,0.07142857142857142,0.07259935530595134,0.051962308326757,0.04413337016867809,0.5189924489010821,0.5289527069736313,0.5235489678906871,0.5221335291862488,0.6225423812866211,0.3610836863517761,0.369733065366745,0.7121090888977051,0.6569548845291138,2,12,0.14285714285714285,0.1407378808196102,1.4003265762311883,0.42024028595938745,1.0,0.7692307692307693,neutral,0.42857142857142855,0.5714285714285714,0.14285714285714285,0.0,0.2857142857142857,12.579745625409124,6.75,0.42643205509861437,1.0,1.0,0.0,0.0,0.002021146102509062,0.01698586717247963,0.003360421280376611,2.8517869249558965e-06,1.4319097317638807e-05,5.857618702975739e-06,0.0004112276298785998,0.005041874945163727,0.00016424242494395,3.6626253729212165e-05,0.00017458212096244097,4.745063160953577e-05,0.0003780780430783385,0.0019093806622549891,0.0012511473323684175,0.00011619954602792859,0.0003183920925948769,0.00020596352114807812,0.0004943548936913496,0.004074069348462217,0.0008351648019583985
198_2,Delta SkyMiles Gold Amex vs Platinum - is the upgrade worth it? Detailed breakdown inside I've had t,17,136,0.30625387149698596,0.0,0.06362655853610735,0.042373188691109814,0.0336661080614947,0.4890561507028692,0.5123059074668324,0.4985298253595829,0.4944054186344147,0.6051604151725769,0.34991002082824707,0.35084736347198486,0.7121090888977051,0.6120748519897461,2,15,0.11764705882352941,0.11955982205622337,1.334592953237241,0.4005135186516717,0.8823529411764706,0.8125,neutral,0.47058823529411764,0.5294117647058824,0.11764705882352941,0.058823529411764705,0.29411764705882354,21.7134531671705,20.0,0.5265744705305256,1.0,1.0,0.0,0.0,0.001749324266497484,0.01698586717247963,0.0023819182533770813,2.5868218926916597e-06,1.4319097317638807e-05,4.1934988530556455e-06,0.0003443004530067008,0.005041874945163727,0.00015179497131612152,3.3665129462058434e-05,0.00017458212096244097,4.440652846824378e-05,0.0003338943073793095,0.0019093806622549891,0.0008336895261891192,0.00010827629226054448,0.0003183920925948769,0.00020509991445578636,0.00042867454508313145,0.004074069348462217,0.0005982214277992174
199_1,DP: U.S. Bank Smartly™ Visa Signature® Card — anyone else seeing the 4% rewards cap workaround? Been,16,120,0.3194483947008848,0.0625,0.06724789624825574,0.045915353709846334,0.037246961845026814,0.5070070087909698,0.5202438096205394,0.5120900563895703,0.5098887979984283,0.6029371619224548,0.35778364539146423,0.36365675926208496,0.7121090888977051,0.6220158934593201,2,14,0.125,0.12568000587634742,1.3686896376228386,0.41074598916225413,0.9375,0.8,neutral,0.4375,0.5625,0.125,0.0625,0.25,13.885694076998815,19.75,0.39958831876255585,1.0,1.0,0.0,0.0,0.001819422253902303,0.01698586717247963,0.002708085929043591,2.668427519836314e-06,1.4319097317638807e-05,4.748205469695677e-06,0.00036350332584333955,0.005041874945163727,0.0001559441225253977,3.451611610216787e-05,0.00017458212096244097,4.542122951534111e-05,0.00034417379310980323,0.0019093806622549891,0.0009728421282488853,0.00011073922814830439,0.0003183920925948769,0.00020538778335321695,0.00044583719077095907,0.004074069348462217,0.0006772025525189443
199_2,JetBlue Plus Card — worth the $99 annual fee after year 1? Full review + 2-year retrospective Been h,20,190,0.3215612605214119,0.3,0.06485699379321296,0.043229298552049295,0.03508053277651414,0.5156454992921728,0.5241800130982148,0.5186184828218661,0.5166260302066803,0.6215492486953735,0.3119811713695526,0.29370176792144775,0.7121090888977051,0.5376409292221069,3,17,0.15,0.15124925179407,1.6094379124341003,0.48299493849177877,0.9,0.8421052631578947,neutral,0.4,0.5,0.1,0.05,0.35,15.268513352648318,21.5,0.38508230397599796,1.0,1.0,0.0,0.0,0.0015557224789517932,0.01698586717247963,0.0014034152263775513,2.4245950214663027e-06,1.4319097317638807e-05,2.5293790031355533e-06,0.00029742231454292777,0.005041874945163727,0.00013934751768829306,3.2022549203247766e-05,0.00017458212096244097,4.1362425326951794e-05,0.00029946009781269824,0.0019093806622549891,0.0004162317200098207,0.00010360212909290566,0.0003183920925948769,0.00020423630776349454,0.0003817756941041731,0.004074069348462217,0.00036127805364003613
19_1,Been looking at the PenFed Pathfinder Rewards Visa Signature card as a potential addition to my setu,11,55,0.3086937909776514,0.0,0.058327680546988024,0.038459228634657734,0.031225351701892883,0.5266334734179757,0.5438307166099549,0.532767790555954,0.5313177108764648,0.5844489336013794,0.4054003357887268,0.39558061957359314,0.682113766670227,0.6559844613075256,1,10,0.09090909090909091,0.09429291872815652,0.9949236325717752,0.2985782023683364,0.8181818181818182,0.7,neutral,0.5454545454545454,0.45454545454545453,0.18181818181818182,0.0,0.36363636363636365,20.85051082474702,35.0,0.5119545068576277,1.0,1.0,0.0,0.0,0.0020848530111834407,0.01698586717247963,0.0010772475507110357,3.1710193711246988e-06,1.4319097317638807e-05,7.52173855289584e-06,0.0005005184349019229,0.005041874945163727,0.00013519836647901684,3.873078259692358e-05,0.00017458212096244097,5.0494734750827774e-05,0.00030737167253391817,0.0019093806622549891,0.000277079117950052,0.00011452036679574204,0.0003183920925948769,0.00020394843886606395,0.0005081942145638453,0.004074069348462217,0.0002822969289203077
19_2,"Just saw the Capital One Venture X Business offering 150,000 bonus miles when you spend $30,000 in t",18,153,0.3132859468460083,0.05555555555555555,0.05636834429681613,0.036201121230125984,0.029205515619255176,0.5120461507170808,0.5115902258290185,0.5103755439418594,0.5092639923095703,0.5835919380187988,0.3434210419654846,0.32965725660324097,0.7121090888977051,0.5916843414306641,2,16,0.1111111111111111,0.11427675280719995,1.4750080554560212,0.4426523194935796,0.8888888888888888,0.8235294117647058,neutral,0.4444444444444444,0.5,0.1111111111111111,0.05555555555555555,0.3333333333333333,26.62890845363547,26.0,0.5679151092007565,1.0,1.0,0.0,0.0,0.0016720959861736952,0.01698586717247963,0.0020557505777105715,2.5186865476219586e-06,1.4319097317638807e-05,3.638792236415615e-06,0.000326614260605614,0.005041874945163727,0.00014764582010684538,3.2799550859231706e-05,0.00017458212096244097,4.3391827421146456e-05,0.00032075326089398004,0.0019093806622549891,0.0006945369241293531,0.00010615570742326479,0.0003183920925948769,0.00020481204555835577,0.0004101562420839013,0.004074069348462217,0.0005192403030794902
1_1,Been on the fence about applying for the Delta SkyMiles Gold Amex. I fly Delta maybe 3-4 times a yea,13,78,0.2945782450529245,0.07692307692307693,0.05522180605046465,0.0363092708643702,0.02979733064768945,0.493598073338851,0.5148551487005674,0.5013950337202121,0.5001808702945709,0.5988101959228516,0.3788752853870392,0.3768388330936432,0.7121090888977051,0.6767420768737793,2,11,0.15384615384615385,0.14899195358157158,1.2309316230479224,0.3694045846493381,0.8461538461538461,0.75,neutral,0.46153846153846156,0.5384615384615384,0.15384615384615385,0.0,0.3076923076923077,22.615646256989912,31.0,0.5568246237516455,1.0,1.0,0.0,0.0,0.0021307790974298348,0.01698586717247963,0.0036865889560431264,2.9534516600576285e-06,1.4319097317638807e-05,6.412325319615779e-06,0.0004398503480423152,0.005041874945163727,0.00016839157615322622,3.7462089004783105e-05,0.00017458212096244097,4.846533265663311e-05,0.0003965880818073996,0.0019093806622549891,0.0013902999344281863,0.00011804984947397876,0.0003183920925948769,0.00020625139004550876,0.0005209471529030615,0.004074069348462217,0.0009141459266781269
1_2,I've had the Southwest Rapid Rewards Priority Card for about 3 years now and figured I'd share my ex,13,78,0.30922472935456496,0.07692307692307693,0.06430645735614925,0.041315780927078695,0.03241100845368437,0.5095641525127949,0.5258445193370184,0.516404940531804,0.5118237137794495,0.6240675449371338,0.3788752853870392,0.3768388330936432,0.7121090888977051,0.6767420768737793,2,11,0.15384615384615385,0.14899195358157158,1.2309316230479224,0.3694045846493381,0.8461538461538461,0.75,neutral,0.46153846153846156,0.5384615384615384,0.15384615384615385,0.0,0.3076923076923077,18.54245089536711,33.0,0.41346803025689954,1.0,1.0,0.0,0.0,0.0021307790974298348,0.01698586717247963,0.0036865889560431264,2.9534516600576285e-06,1.4319097317638807e-05,6.412325319615779e-06,0.0004398503480423152,0.005041874945163727,0.00016839157615322622,3.7462089004783105e-05,0.00017458212096244097,4.846533265663311e-05,0.0003965880818073996,0.0019093806622549891,0.0013902999344281863,0.00011804984947397876,0.0003183920925948769,0.00020625139004550876,0.0005209471529030615,0.004074069348462217,0.0009141459266781269
200_1,Looking at the Citi Simplicity Card for a big upcoming purchase (~$8k for home renovations). The 0% ,16,120,0.3234103415161371,0.1875,0.061738044052463956,0.04166614282496095,0.033893196955365655,0.5071810712416966,0.5223470248281956,0.5137158977488677,0.5112158060073853,0.6590380072593689,0.35778364539146423,0.36365675926208496,0.7121090888977051,0.6220158934593201,2,14,0.125,0.12568000587634742,1.3686896376228386,0.41074598916225413,0.9375,0.8,neutral,0.4375,0.5625,0.125,0.0625,0.25,15.974466931638126,23.5,0.4210732634369193,1.0,1.0,0.0,0.0,0.001819422253902303,0.01698586717247963,0.002708085929043591,2.668427519836314e-06,1.4319097317638807e-05,4.748205469695677e-06,0.00036350332584333955,0.005041874945163727,0.0001559441225253977,3.451611610216787e-05,0.00017458212096244097,4.542122951534111e-05,0.00034417379310980323,0.0019093806622549891,0.0009728421282488853,0.00011073922814830439,0.0003183920925948769,0.00020538778335321695,0.00044583719077095907,0.004074069348462217,0.0006772025525189443
200_2,Finally pulled the trigger on the Blue Cash Preferred from Amex. Did the math and with a family of 5,17,136,0.32194166849641237,0.11764705882352941,0.06443985881618061,0.041711237389784966,0.033484745529147056,0.5144750193199691,0.5263266164590331,0.5192690623157165,0.518427312374115,0.6164075136184692,0.34991002082824707,0.35084736347198486,0.7121090888977051,0.6120748519897461,2,15,0.11764705882352941,0.11955982205622337,1.334592953237241,0.4005135186516717,0.8823529411764706,0.8125,neutral,0.47058823529411764,0.5294117647058824,0.11764705882352941,0.058823529411764705,0.29411764705882354,21.3197765460222,17.0,0.4931104779352074,1.0,1.0,0.0,0.0,0.001749324266497484,0.01698586717247963,0.0023819182533770813,2.5868218926916597e-06,1.4319097317638807e-05,4.1934988530556455e-06,0.0003443004530067008,0.005041874945163727,0.00015179497131612152,3.3665129462058434e-05,0.00017458212096244097,4.440652846824378e-05,0.0003338943073793095,0.0019093806622549891,0.0008336895261891192,0.00010827629226054448,0.0003183920925948769,0.00020509991445578636,0.00042867454508313145,0.004074069348462217,0.0005982214277992174
201_1,Just got approved for the U.S. Bank Shield™ Visa® Card — anyone have experience with it? Hey everyon,16,120,0.316836753860116,0.125,0.059746548579559786,0.04270786705295702,0.036147299714117016,0.5085969395935536,0.5237616014977297,0.5153258455296358,0.5243104994297028,0.6004006862640381,0.35778364539146423,0.36365675926208496,0.7121090888977051,0.6220158934593201,2,14,0.125,0.12568000587634742,1.3686896376228386,0.41074598916225413,0.9375,0.8,neutral,0.4375,0.5625,0.125,0.0625,0.25,15.465687828221544,22.75,0.4651334685179412,1.0,1.0,0.0,0.0,0.001819422253902303,0.01698586717247963,0.002708085929043591,2.668427519836314e-06,1.4319097317638807e-05,4.748205469695677e-06,0.00036350332584333955,0.005041874945163727,0.0001559441225253977,3.451611610216787e-05,0.00017458212096244097,4.542122951534111e-05,0.00034417379310980323,0.0019093806622549891,0.0009728421282488853,0.00011073922814830439,0.0003183920925948769,0.00020538778335321695,0.00044583719077095907,0.004074069348462217,0.0006772025525189443
201_2,American Airlines AAdvantage MileUp Card — worth it for a casual traveler or skip it? Looking at the,16,120,0.31051878444850445,0.125,0.055042074006369686,0.03497408544380061,0.02722058045507272,0.48207281654079753,0.49961097637812296,0.4884850777685642,0.49767710268497467,0.6277642846107483,0.35778364539146423,0.36365675926208496,0.7121090888977051,0.6220158934593201,2,14,0.125,0.12568000587634742,1.3686896376228386,0.41074598916225413,0.9375,0.8,neutral,0.4375,0.5625,0.125,0.0625,0.25,31.555259070399025,42.25,0.629531353025417,1.0,1.0,0.0,0.0,0.001819422253902303,0.01698586717247963,0.002708085929043591,2.668427519836314e-06,1.4319097317638807e-05,4.748205469695677e-06,0.00036350332584333955,0.005041874945163727,0.0001559441225253977,3.451611610216787e-05,0.00017458212096244097,4.542122951534111e-05,0.00034417379310980323,0.0019093806622549891,0.0009728421282488853,0.00011073922814830439,0.0003183920925948769,0.00020538778335321695,0.00044583719077095907,0.004074069348462217,0.0006772025525189443
202_1,Just got the Discover it Cash Back card — is the 5% rotating category thing actually worth it in pra,14,91,0.30808469014508383,0.14285714285714285,0.07220493460269474,0.04195239096412312,0.03101942741927401,0.5225046463720091,0.5333924444167168,0.5266557168829572,0.5257171988487244,0.643596887588501,0.3610836863517761,0.369733065366745,0.7121090888977051,0.6569548845291138,2,12,0.14285714285714285,0.1407378808196102,1.4003265762311883,0.42024028595938745,1.0,0.7692307692307693,neutral,0.42857142857142855,0.5714285714285714,0.14285714285714285,0.0,0.2857142857142857,31.44155575939951,31.0,0.542095788955164,1.0,1.0,0.0,0.0,0.002021146102509062,0.01698586717247963,0.003360421280376611,2.8517869249558965e-06,1.4319097317638807e-05,5.857618702975739e-06,0.0004112276298785998,0.005041874945163727,0.00016424242494395,3.6626253729212165e-05,0.00017458212096244097,4.745063160953577e-05,0.0003780780430783385,0.0019093806622549891,0.0012511473323684175,0.00011619954602792859,0.0003183920925948769,0.00020596352114807812,0.0004943548936913496,0.004074069348462217,0.0008351648019583985
202_2,"Anyone else using the Current Build Card for credit rebuilding? Thoughts so far? Long story short, I",15,105,0.3154999772707621,0.13333333333333333,0.07204950664942768,0.03800684047168227,0.02644468095895909,0.5163656388010297,0.5290981641837529,0.5217645117214748,0.5152042508125305,0.6024631261825562,0.35433244705200195,0.35629531741142273,0.7121090888977051,0.6485700607299805,2,13,0.13333333333333333,0.13290595250825088,1.3605138827424867,0.4082924318084403,0.9333333333333333,0.7857142857142857,neutral,0.4666666666666667,0.5333333333333333,0.13333333333333333,0.06666666666666667,0.26666666666666666,38.22645971342654,48.0,0.4657976406997548,1.0,1.0,0.0,0.0,0.001913214756253486,0.01698586717247963,0.0030342536047101008,2.7520908133737977e-06,1.4319097317638807e-05,5.302912086335707e-06,0.00038561977174443504,0.005041874945163727,0.00016009327373467386,3.5565574580687095e-05,0.00017458212096244097,4.643593056243844e-05,0.00035991208957663424,0.0019093806622549891,0.0011119947303086515,0.00011350121106564377,0.0003183920925948769,0.00020567565225064753,0.00046842758233904335,0.004074069348462217,0.0007561836772386715
203_1,First 'real' credit card — leaning Capital One Quicksilver but need a sanity check Hey everyone. Lon,15,105,0.31310522357622783,0.06666666666666667,0.07734664555189298,0.047755471791273374,0.03670327861501268,0.5130070589837574,0.5241091645899273,0.5178722441196442,0.5181583166122437,0.567655086517334,0.35433244705200195,0.35629531741142273,0.7121090888977051,0.6485700607299805,2,13,0.13333333333333333,0.13290595250825088,1.3605138827424867,0.4082924318084403,0.9333333333333333,0.7857142857142857,neutral,0.4666666666666667,0.5333333333333333,0.13333333333333333,0.06666666666666667,0.26666666666666666,16.644785636615715,16.0,0.3551518983630665,1.0,1.0,0.0,0.0,0.001913214756253486,0.01698586717247963,0.0030342536047101008,2.7520908133737977e-06,1.4319097317638807e-05,5.302912086335707e-06,0.00038561977174443504,0.005041874945163727,0.00016009327373467386,3.5565574580687095e-05,0.00017458212096244097,4.643593056243844e-05,0.00035991208957663424,0.0019093806622549891,0.0011119947303086515,0.00011350121106564377,0.0003183920925948769,0.00020567565225064753,0.00046842758233904335,0.004074069348462217,0.0007561836772386715
203_2,Is the Southwest Priority card still worth it after the annual fee hike? $149 feels steep for what y,12,66,0.30873533089955646,0.16666666666666666,0.06389822720955214,0.03785666368986654,0.02881999310693346,0.5068036484898943,0.5246456653782816,0.5143959978313157,0.5178714394569397,0.5683691501617432,0.3649839162826538,0.372275173664093,0.6880798935890198,0.6557418704032898,1,11,0.08333333333333333,0.08823443669825792,1.0397207708399179,0.3120218965147642,0.8333333333333334,0.7272727272727273,neutral,0.5,0.5,0.16666666666666666,0.0,0.3333333333333333,24.10682245524882,40.25,0.4621116125606803,1.0,1.0,0.0,0.0,0.0019467669966009755,0.01698586717247963,0.0010724914143793284,3.0350165995211378e-06,1.4319097317638807e-05,6.9521499199254346e-06,0.00046178038716486,0.005041874945163727,0.00012717258941847835,3.7281602089933585e-05,0.00017458212096244097,4.948003370373045e-05,0.000290586660412373,0.0019093806622549891,0.00026919992815237497,0.00011065174294344615,0.0003183920925948769,0.00019515818057698201,0.0004750170676351849,0.004074069348462217,0.00027904793285339716
204_1,Hilton Surpass vs Aspire - is the Surpass actually the sweet spot? I've been going back and forth on,18,153,0.307555604312155,0.1111111111111111,0.06320763343766057,0.0429683049054888,0.035659238892359675,0.48242541212661594,0.5024888971272636,0.4907417410339405,0.49418550729751587,0.5897424221038818,0.3434210419654846,0.32965725660324097,0.7121090888977051,0.5916843414306641,2,16,0.1111111111111111,0.11427675280719995,1.4750080554560212,0.4426523194935796,0.8888888888888888,0.8235294117647058,neutral,0.4444444444444444,0.5,0.1111111111111111,0.05555555555555555,0.3333333333333333,15.4915349246286,22.5,0.4541492323181022,1.0,1.0,0.0,0.0,0.0016720959861736952,0.01698586717247963,0.0020557505777105715,2.5186865476219586e-06,1.4319097317638807e-05,3.638792236415615e-06,0.000326614260605614,0.005041874945163727,0.00014764582010684538,3.2799550859231706e-05,0.00017458212096244097,4.3391827421146456e-05,0.00032075326089398004,0.0019093806622549891,0.0006945369241293531,0.00010615570742326479,0.0003183920925948769,0.00020481204555835577,0.0004101562420839013,0.004074069348462217,0.0005192403030794902
204_2,Synchrony Premier World Mastercard - anyone have experience with it? My local credit union is offeri,18,153,0.30682112607691026,0.1111111111111111,0.06835101446867456,0.04526891443902104,0.03657619713062538,0.5026650477468578,0.5165717235577652,0.5083125332991282,0.5107243061065674,0.5990217328071594,0.3434210419654846,0.32965725660324097,0.7121090888977051,0.5916843414306641,2,16,0.1111111111111111,0.11427675280719995,1.4750080554560212,0.4426523194935796,0.8888888888888888,0.8235294117647058,neutral,0.4444444444444444,0.5,0.1111111111111111,0.05555555555555555,0.3333333333333333,18.094829081982866,17.5,0.45553415870726094,1.0,1.0,0.0,0.0,0.0016720959861736952,0.01698586717247963,0.0020557505777105715,2.5186865476219586e-06,1.4319097317638807e-05,3.638792236415615e-06,0.000326614260605614,0.005041874945163727,0.00014764582010684538,3.2799550859231706e-05,0.00017458212096244097,4.3391827421146456e-05,0.00032075326089398004,0.0019093806622549891,0.0006945369241293531,0.00010615570742326479,0.0003183920925948769,0.00020481204555835577,0.0004101562420839013,0.004074069348462217,0.0005192403030794902
205_1,Just got approved for the Citi Strata Elite - is the $595 AF actually worth it? So I've been eyeing ,16,120,0.3056055847555399,0.125,0.059562226099484396,0.04168554633983077,0.03508430027939255,0.49952835217118263,0.5078963369131089,0.5028965952495734,0.4983527213335037,0.6387899518013,0.35778364539146423,0.36365675926208496,0.7121090888977051,0.6220158934593201,2,14,0.125,0.12568000587634742,1.3686896376228386,0.41074598916225413,0.9375,0.8,neutral,0.4375,0.5625,0.125,0.0625,0.25,15.259090528271992,18.0,0.45296001568154337,1.0,1.0,0.0,0.0,0.001819422253902303,0.01698586717247963,0.002708085929043591,2.668427519836314e-06,1.4319097317638807e-05,4.748205469695677e-06,0.00036350332584333955,0.005041874945163727,0.0001559441225253977,3.451611610216787e-05,0.00017458212096244097,4.542122951534111e-05,0.00034417379310980323,0.0019093806622549891,0.0009728421282488853,0.00011073922814830439,0.0003183920925948769,0.00020538778335321695,0.00044583719077095907,0.004074069348462217,0.0006772025525189443
205_2,Best Western Rewards Premium Visa - anyone actually use this thing? I stay at Best Westerns fairly o,15,105,0.3124877274036407,0.06666666666666667,0.06576846860433104,0.04262802842710613,0.034043832049215204,0.5112570407844725,0.5242694721335457,0.516646629288083,0.5142539143562317,0.5994940996170044,0.35433244705200195,0.35629531741142273,0.7121090888977051,0.6485700607299805,2,13,0.13333333333333333,0.13290595250825088,1.3605138827424867,0.4082924318084403,0.9333333333333333,0.7857142857142857,neutral,0.4666666666666667,0.5333333333333333,0.13333333333333333,0.06666666666666667,0.26666666666666666,16.573875024668595,29.5,0.41228544837484066,1.0,1.0,0.0,0.0,0.001913214756253486,0.01698586717247963,0.0030342536047101008,2.7520908133737977e-06,1.4319097317638807e-05,5.302912086335707e-06,0.00038561977174443504,0.005041874945163727,0.00016009327373467386,3.5565574580687095e-05,0.00017458212096244097,4.643593056243844e-05,0.00035991208957663424,0.0019093806622549891,0.0011119947303086515,0.00011350121106564377,0.0003183920925948769,0.00020567565225064753,0.00046842758233904335,0.004074069348462217,0.0007561836772386715
206_1,"Been carrying a balance on two cards for about a year (Chase Freedom ~$3,200 and Capital One Quicksi",14,91,0.31530738515513285,0.07142857142857142,0.060917624915238104,0.0382321405099517,0.03008518332457286,0.49610066479379006,0.5094122830983047,0.5018003546929621,0.511733889579773,0.5866883397102356,0.3610836863517761,0.369733065366745,0.7121090888977051,0.6569548845291138,2,12,0.14285714285714285,0.1407378808196102,1.4003265762311883,0.42024028595938745,1.0,0.7692307692307693,neutral,0.42857142857142855,0.5714285714285714,0.14285714285714285,0.0,0.2857142857142857,22.804067843349387,24.25,0.5157624391064481,1.0,1.0,0.0,0.0,0.002021146102509062,0.01698586717247963,0.003360421280376611,2.8517869249558965e-06,1.4319097317638807e-05,5.857618702975739e-06,0.0004112276298785998,0.005041874945163727,0.00016424242494395,3.6626253729212165e-05,0.00017458212096244097,4.745063160953577e-05,0.0003780780430783385,0.0019093806622549891,0.0012511473323684175,0.00011619954602792859,0.0003183920925948769,0.00020596352114807812,0.0004943548936913496,0.004074069348462217,0.0008351648019583985
206_2,Is the OpenSky Plus Secured Visa down for anyone else? Tried to apply and got an 'Access Denied Erro,14,91,0.30596705419676645,0.14285714285714285,0.05712862565446954,0.038498814070039016,0.03165565588041961,0.5059342515337598,0.5138854518696502,0.508416032070642,0.5072723031044006,0.5914335250854492,0.3610836863517761,0.369733065366745,0.7121090888977051,0.6569548845291138,2,12,0.14285714285714285,0.1407378808196102,1.4003265762311883,0.42024028595938745,1.0,0.7692307692307693,neutral,0.42857142857142855,0.5714285714285714,0.14285714285714285,0.0,0.2857142857142857,22.812456318101876,23.75,0.5413125228024174,1.0,1.0,0.0,0.0,0.002021146102509062,0.01698586717247963,0.003360421280376611,2.8517869249558965e-06,1.4319097317638807e-05,5.857618702975739e-06,0.0004112276298785998,0.005041874945163727,0.00016424242494395,3.6626253729212165e-05,0.00017458212096244097,4.745063160953577e-05,0.0003780780430783385,0.0019093806622549891,0.0012511473323684175,0.00011619954602792859,0.0003183920925948769,0.00020596352114807812,0.0004943548936913496,0.004074069348462217,0.0008351648019583985
207_1,"Hey everyone, I picked up the Marriott Bonvoy Boundless card about 10 months ago for the sign-up bon",16,120,0.3168379105627537,0.25,0.07106488228996254,0.04688764735287689,0.036840120887059125,0.5107921332120895,0.5122160909076532,0.5109177338580291,0.5057159662246704,0.6002952456474304,0.35778364539146423,0.36365675926208496,0.7121090888977051,0.6220158934593201,2,14,0.125,0.12568000587634742,1.3686896376228386,0.41074598916225413,0.9375,0.8,neutral,0.4375,0.5625,0.125,0.0625,0.25,18.213576666871337,17.75,0.422343806768031,1.0,1.0,0.0,0.0,0.001819422253902303,0.01698586717247963,0.002708085929043591,2.668427519836314e-06,1.4319097317638807e-05,4.748205469695677e-06,0.00036350332584333955,0.005041874945163727,0.0001559441225253977,3.451611610216787e-05,0.00017458212096244097,4.542122951534111e-05,0.00034417379310980323,0.0019093806622549891,0.0009728421282488853,0.00011073922814830439,0.0003183920925948769,0.00020538778335321695,0.00044583719077095907,0.004074069348462217,0.0006772025525189443
207_2,"So I've got about $8,400 in credit card debt spread across two cards (Chase Freedom at 24.99% APR an",19,171,0.3199824549649891,0.10526315789473684,0.0733256122851843,0.03940960043271448,0.028144245682656475,0.5111861458995886,0.5210000525789651,0.5147668851746453,0.513629674911499,0.5829808712005615,0.3310185372829437,0.3201761841773987,0.7121090888977051,0.5569981932640076,3,16,0.15789473684210525,0.15733224398603565,1.485181756934977,0.4457054638752913,0.8947368421052632,0.8333333333333334,neutral,0.42105263157894735,0.47368421052631576,0.10526315789473684,0.05263157894736842,0.3684210526315789,28.782015776053004,42.0,0.42790164299296335,1.0,1.0,0.0,0.0,0.0016068161578579364,0.01698586717247963,0.0017295829020440555,2.4622015165445383e-06,1.4319097317638807e-05,3.0840856197755746e-06,0.0003110891970879349,0.005041874945163727,0.00014349666889756915,3.1995172704275896e-05,0.00017458212096244097,4.23771263740491e-05,0.00030904844109165043,0.0019093806622549891,0.0005553843220695843,0.0001042831714393718,0.0003183920925948769,0.00020452417666092513,0.00039428239028295236,0.004074069348462217,0.0004402591783597618
208_1,Anyone else getting stuck on a Cloudflare verification loop trying to access Current's support page?,16,120,0.3002221379429102,0.0,0.06057094196226447,0.044491325957811925,0.03873387424390263,0.5184086454411347,0.5306540764868259,0.5229327405492464,0.5210966467857361,0.6181290149688721,0.35778364539146423,0.36365675926208496,0.7121090888977051,0.6220158934593201,2,14,0.125,0.12568000587634742,1.3686896376228386,0.41074598916225413,0.9375,0.8,neutral,0.4375,0.5625,0.125,0.0625,0.25,19.40038659408621,19.5,0.6158852887011496,1.0,1.0,0.0,0.0,0.001819422253902303,0.01698586717247963,0.002708085929043591,2.668427519836314e-06,1.4319097317638807e-05,4.748205469695677e-06,0.00036350332584333955,0.005041874945163727,0.0001559441225253977,3.451611610216787e-05,0.00017458212096244097,4.542122951534111e-05,0.00034417379310980323,0.0019093806622549891,0.0009728421282488853,0.00011073922814830439,0.0003183920925948769,0.00020538778335321695,0.00044583719077095907,0.004074069348462217,0.0006772025525189443
208_2,PSA: The Atmos™ Rewards Ascent Visa Signature® looks interesting but READ THE FINE PRINT I got a pre,21,210,0.32614646497226896,0.3333333333333333,0.06054085372832914,0.03836872779688725,0.030247519287280398,0.5232771845090957,0.5286121714682807,0.5245775767735072,0.5222678184509277,0.6297205686569214,0.30268511176109314,0.28416502475738525,0.7121090888977051,0.525236964225769,4,17,0.19047619047619047,0.18729426277180514,1.6582280766035324,0.4976369462138278,0.8571428571428571,0.8,neutral,0.38095238095238093,0.47619047619047616,0.14285714285714285,0.047619047619047616,0.3333333333333333,22.66506596989078,29.0,0.4634531503093538,1.0,1.0,0.0,0.0,0.0014991301341935816,0.01698586717247963,0.0010772475507110357,2.376300980835194e-06,1.4319097317638807e-05,1.974672386495513e-06,0.00028474352248373353,0.005041874945163727,0.00013519836647901684,3.1391995348496405e-05,0.00017458212096244097,4.034772427985445e-05,0.0002899192567426889,0.0019093806622549891,0.000277079117950052,0.00010172240408359184,0.0003183920925948769,0.00020394843886606395,0.00036821393563882124,0.004074069348462217,0.0002822969289203077
209_1,"Discover it Student Cash Back vs regular secured cards? First card advice needed Hey r/CreditCards, ",13,78,0.318488753758944,0.38461538461538464,0.06214541921409234,0.041637449690646644,0.03384484288983482,0.5185928967518684,0.5242686439783145,0.5199145158896079,0.5153647363185883,0.6241404414176941,0.3788752853870392,0.3768388330936432,0.7121090888977051,0.6767420768737793,2,11,0.15384615384615385,0.14899195358157158,1.2309316230479224,0.3694045846493381,0.8461538461538461,0.75,neutral,0.46153846153846156,0.5384615384615384,0.15384615384615385,0.0,0.3076923076923077,26.14570008885007,20.0,0.6486528647997155,1.0,1.0,0.0,0.0,0.0021307790974298348,0.01698586717247963,0.0036865889560431264,2.9534516600576285e-06,1.4319097317638807e-05,6.412325319615779e-06,0.0004398503480423152,0.005041874945163727,0.00016839157615322622,3.7462089004783105e-05,0.00017458212096244097,4.846533265663311e-05,0.0003965880818073996,0.0019093806622549891,0.0013902999344281863,0.00011804984947397876,0.0003183920925948769,0.00020625139004550876,0.0005209471529030615,0.004074069348462217,0.0009141459266781269
209_2,Finally getting my life back together—looking at Citi Secured Mastercard. Is it decent for rebuildin,14,91,0.31671530859810965,0.07142857142857142,0.05341776079720975,0.03716237369552257,0.030905332588075388,0.5203331784232632,0.5288731868450458,0.5227456269683418,0.5206871628761292,0.5981044173240662,0.3610836863517761,0.369733065366745,0.7121090888977051,0.6569548845291138,2,12,0.14285714285714285,0.1407378808196102,1.4003265762311883,0.42024028595938745,1.0,0.7692307692307693,neutral,0.42857142857142855,0.5714285714285714,0.14285714285714285,0.0,0.2857142857142857,26.76198949317208,23.75,0.6265348710776072,1.0,1.0,0.0,0.0,0.002021146102509062,0.01698586717247963,0.003360421280376611,2.8517869249558965e-06,1.4319097317638807e-05,5.857618702975739e-06,0.0004112276298785998,0.005041874945163727,0.00016424242494395,3.6626253729212165e-05,0.00017458212096244097,4.745063160953577e-05,0.0003780780430783385,0.0019093806622549891,0.0012511473323684175,0.00011619954602792859,0.0003183920925948769,0.00020596352114807812,0.0004943548936913496,0.004074069348462217,0.0008351648019583985
20_1,"Wells Fargo Autograph vs Capital One Venture - which one should I go for? Hey everyone, I've been lo",14,91,0.3104311887707029,0.07142857142857142,0.06926771154247509,0.04635277510569987,0.03825090455629609,0.5015734398103022,0.514655358516253,0.506668957380148,0.5026927590370178,0.6008065342903137,0.3610836863517761,0.369733065366745,0.7121090888977051,0.6569548845291138,2,12,0.14285714285714285,0.1407378808196102,1.4003265762311883,0.42024028595938745,1.0,0.7692307692307693,neutral,0.42857142857142855,0.5714285714285714,0.14285714285714285,0.0,0.2857142857142857,15.835893097772592,17.75,0.4487904926494257,1.0,1.0,0.0,0.0,0.002021146102509062,0.01698586717247963,0.003360421280376611,2.8517869249558965e-06,1.4319097317638807e-05,5.857618702975739e-06,0.0004112276298785998,0.005041874945163727,0.00016424242494395,3.6626253729212165e-05,0.00017458212096244097,4.745063160953577e-05,0.0003780780430783385,0.0019093806622549891,0.0012511473323684175,0.00011619954602792859,0.0003183920925948769,0.00020596352114807812,0.0004943548936913496,0.004074069348462217,0.0008351648019583985
20_2,Just got approved for the Capital One Venture Rewards card! 75k miles here I come 💪 After months of ,16,120,0.3101459499448538,0.125,0.06179571357873532,0.0408031924308864,0.03323013847069124,0.5084096352259319,0.5181376355389754,0.5124111324548721,0.510610967874527,0.6090651154518127,0.35778364539146423,0.36365675926208496,0.7121090888977051,0.6220158934593201,2,14,0.125,0.12568000587634742,1.3686896376228386,0.41074598916225413,0.9375,0.8,neutral,0.4375,0.5625,0.125,0.0625,0.25,19.322509541982377,34.25,0.45869458853370626,1.0,1.0,0.0,0.0,0.001819422253902303,0.01698586717247963,0.002708085929043591,2.668427519836314e-06,1.4319097317638807e-05,4.748205469695677e-06,0.00036350332584333955,0.005041874945163727,0.0001559441225253977,3.451611610216787e-05,0.00017458212096244097,4.542122951534111e-05,0.00034417379310980323,0.0019093806622549891,0.0009728421282488853,0.00011073922814830439,0.0003183920925948769,0.00020538778335321695,0.00044583719077095907,0.004074069348462217,0.0006772025525189443
210_1,Thinking about applying for the Amex Blue Cash Everyday — is it actually worth it or am I better off,15,105,0.3031232754389445,0.06666666666666667,0.05525274440000136,0.03733682853279533,0.03093781294895359,0.4926924203123365,0.49165418403489247,0.4909431045963651,0.49467745423316956,0.635964035987854,0.35433244705200195,0.35629531741142273,0.7121090888977051,0.6485700607299805,2,13,0.13333333333333333,0.13290595250825088,1.3605138827424867,0.4082924318084403,0.9333333333333333,0.7857142857142857,neutral,0.4666666666666667,0.5333333333333333,0.13333333333333333,0.06666666666666667,0.26666666666666666,25.629843715654783,19.0,0.6461305138400366,1.0,1.0,0.0,0.0,0.001913214756253486,0.01698586717247963,0.0030342536047101008,2.7520908133737977e-06,1.4319097317638807e-05,5.302912086335707e-06,0.00038561977174443504,0.005041874945163727,0.00016009327373467386,3.5565574580687095e-05,0.00017458212096244097,4.643593056243844e-05,0.00035991208957663424,0.0019093806622549891,0.0011119947303086515,0.00011350121106564377,0.0003183920925948769,0.00020567565225064753,0.00046842758233904335,0.004074069348462217,0.0007561836772386715
210_2,United Explorer Card — anyone actually keep it past year 1? The $150 AF is making me reconsider. I g,16,120,0.310524869710207,0.125,0.05246795786416854,0.032750092445502144,0.02570829818109999,0.48144228383898735,0.5078813458482424,0.4930774509906769,0.49092666804790497,0.6370173692703247,0.35778364539146423,0.36365675926208496,0.7121090888977051,0.6220158934593201,2,14,0.125,0.12568000587634742,1.3686896376228386,0.41074598916225413,0.9375,0.8,neutral,0.4375,0.5625,0.125,0.0625,0.25,24.374599355681724,43.0,0.4820687140802319,1.0,1.0,0.0,0.0,0.001819422253902303,0.01698586717247963,0.002708085929043591,2.668427519836314e-06,1.4319097317638807e-05,4.748205469695677e-06,0.00036350332584333955,0.005041874945163727,0.0001559441225253977,3.451611610216787e-05,0.00017458212096244097,4.542122951534111e-05,0.00034417379310980323,0.0019093806622549891,0.0009728421282488853,0.00011073922814830439,0.0003183920925948769,0.00020538778335321695,0.00044583719077095907,0.004074069348462217,0.0006772025525189443
212_1,Citi Secured Mastercard vs Self Visa — which one should I pick for building credit? Hey everyone. Lo,16,120,0.3128882832825184,0.0,0.05564060041550468,0.0355597330178009,0.02854052392050964,0.501991951217254,0.5171511446436247,0.5060148979226748,0.5138340890407562,0.6038923859596252,0.35778364539146423,0.36365675926208496,0.7121090888977051,0.6220158934593201,2,14,0.125,0.12568000587634742,1.3686896376228386,0.41074598916225413,0.9375,0.8,neutral,0.4375,0.5625,0.125,0.0625,0.25,25.217723801921537,43.5,0.5739453496881146,1.0,1.0,0.0,0.0,0.001819422253902303,0.01698586717247963,0.002708085929043591,2.668427519836314e-06,1.4319097317638807e-05,4.748205469695677e-06,0.00036350332584333955,0.005041874945163727,0.0001559441225253977,3.451611610216787e-05,0.00017458212096244097,4.542122951534111e-05,0.00034417379310980323,0.0019093806622549891,0.0009728421282488853,0.00011073922814830439,0.0003183920925948769,0.00020538778335321695,0.00044583719077095907,0.004074069348462217,0.0006772025525189443
212_2,6 months in with the Citi Secured Mastercard — here's my honest review Title says it all. Got approv,17,136,0.31493988107232485,0.058823529411764705,0.05500354412736094,0.03531363837086991,0.02815719482777317,0.48390495010158596,0.4990825841532034,0.49010970618794947,0.49460725486278534,0.5776923894882202,0.34991002082824707,0.35084736347198486,0.7121090888977051,0.6120748519897461,2,15,0.11764705882352941,0.11955982205622337,1.334592953237241,0.4005135186516717,0.8823529411764706,0.8125,neutral,0.47058823529411764,0.5294117647058824,0.11764705882352941,0.058823529411764705,0.29411764705882354,22.23544973490518,22.0,0.4754750257778466,1.0,1.0,0.0,0.0,0.001749324266497484,0.01698586717247963,0.0023819182533770813,2.5868218926916597e-06,1.4319097317638807e-05,4.1934988530556455e-06,0.0003443004530067008,0.005041874945163727,0.00015179497131612152,3.3665129462058434e-05,0.00017458212096244097,4.440652846824378e-05,0.0003338943073793095,0.0019093806622549891,0.0008336895261891192,0.00010827629226054448,0.0003183920925948769,0.00020509991445578636,0.00042867454508313145,0.004074069348462217,0.0005982214277992174
213_1,"Hilton Honors Amex Surpass vs. just getting a flat 2% cashback card? Help me decide. Hey all, long t",15,105,0.3113080561161041,0.13333333333333333,0.06051225960299248,0.040543973821254076,0.0333329310430939,0.49950438964934574,0.5009917247863043,0.498356404758635,0.4979292154312134,0.6410937309265137,0.35433244705200195,0.35629531741142273,0.7121090888977051,0.6485700607299805,2,13,0.13333333333333333,0.13290595250825088,1.3605138827424867,0.4082924318084403,0.9333333333333333,0.7857142857142857,neutral,0.4666666666666667,0.5333333333333333,0.13333333333333333,0.06666666666666667,0.26666666666666666,17.11711294452296,21.5,0.4634597367650622,1.0,1.0,0.0,0.0,0.001913214756253486,0.01698586717247963,0.0030342536047101008,2.7520908133737977e-06,1.4319097317638807e-05,5.302912086335707e-06,0.00038561977174443504,0.005041874945163727,0.00016009327373467386,3.5565574580687095e-05,0.00017458212096244097,4.643593056243844e-05,0.00035991208957663424,0.0019093806622549891,0.0011119947303086515,0.00011350121106564377,0.0003183920925948769,0.00020567565225064753,0.00046842758233904335,0.004074069348462217,0.0007561836772386715
213_2,"Citi Double Cash users — what's your actual experience been like? (Honest reviews, not the marketing",15,105,0.3187131404876709,0.2,0.061369835217847696,0.03952601426350276,0.03136210741261748,0.49241445376759485,0.5140800263200488,0.5020380406152635,0.4984457790851593,0.6021798253059387,0.35433244705200195,0.35629531741142273,0.7121090888977051,0.6485700607299805,2,13,0.13333333333333333,0.13290595250825088,1.3605138827424867,0.4082924318084403,0.9333333333333333,0.7857142857142857,neutral,0.4666666666666667,0.5333333333333333,0.13333333333333333,0.06666666666666667,0.26666666666666666,18.161497735594388,27.0,0.436574464797942,1.0,1.0,0.0,0.0,0.001913214756253486,0.01698586717247963,0.0030342536047101008,2.7520908133737977e-06,1.4319097317638807e-05,5.302912086335707e-06,0.00038561977174443504,0.005041874945163727,0.00016009327373467386,3.5565574580687095e-05,0.00017458212096244097,4.643593056243844e-05,0.00035991208957663424,0.0019093806622549891,0.0011119947303086515,0.00011350121106564377,0.0003183920925948769,0.00020567565225064753,0.00046842758233904335,0.004074069348462217,0.0007561836772386715
214_1,"OpenSky Secured Visa - worth it for rebuilding credit or are there better options? Hey everyone, I'v",15,105,0.31674004197120664,0.06666666666666667,0.06462367141676705,0.04068215230763886,0.03225699681144006,0.5160053653376443,0.5216522739047096,0.5176096796989441,0.5163556933403015,0.6293280720710754,0.35433244705200195,0.35629531741142273,0.7121090888977051,0.6485700607299805,2,13,0.13333333333333333,0.13290595250825088,1.3605138827424867,0.4082924318084403,0.9333333333333333,0.7857142857142857,neutral,0.4666666666666667,0.5333333333333333,0.13333333333333333,0.06666666666666667,0.26666666666666666,21.1649605611623,33.0,0.46687413002563893,1.0,1.0,0.0,0.0,0.001913214756253486,0.01698586717247963,0.0030342536047101008,2.7520908133737977e-06,1.4319097317638807e-05,5.302912086335707e-06,0.00038561977174443504,0.005041874945163727,0.00016009327373467386,3.5565574580687095e-05,0.00017458212096244097,4.643593056243844e-05,0.00035991208957663424,0.0019093806622549891,0.0011119947303086515,0.00011350121106564377,0.0003183920925948769,0.00020567565225064753,0.00046842758233904335,0.004074069348462217,0.0007561836772386715
214_2,"Chime locked my account with $1,200 in it and I can't reach anyone. Considering small claims. I'm wr",19,171,0.3258399979064339,0.10526315789473684,0.0569142885900865,0.03488141039765575,0.027161301163217966,0.5188742830739383,0.5336131134576965,0.5251501641775432,0.523732602596283,0.6384193897247314,0.3310185372829437,0.3201761841773987,0.7121090888977051,0.5569981932640076,3,16,0.15789473684210525,0.15733224398603565,1.485181756934977,0.4457054638752913,0.8947368421052632,0.8333333333333334,neutral,0.42105263157894735,0.47368421052631576,0.10526315789473684,0.05263157894736842,0.3684210526315789,27.263564313166608,33.5,0.49146842689769027,1.0,1.0,0.0,0.0,0.0016068161578579364,0.01698586717247963,0.0017295829020440555,2.4622015165445383e-06,1.4319097317638807e-05,3.0840856197755746e-06,0.0003110891970879349,0.005041874945163727,0.00014349666889756915,3.1995172704275896e-05,0.00017458212096244097,4.23771263740491e-05,0.00030904844109165043,0.0019093806622549891,0.0005553843220695843,0.0001042831714393718,0.0003183920925948769,0.00020452417666092513,0.00039428239028295236,0.004074069348462217,0.0004402591783597618
215_1,Thinking about getting the American Airlines AAdvantage MileUp card as my first travel card. Worth i,14,91,0.32392336428165436,0.2857142857142857,0.07318745025281558,0.04926559331889872,0.0388968066010092,0.48969226879077954,0.5111145475408533,0.49917909306484265,0.4927414357662201,0.614305317401886,0.3610836863517761,0.369733065366745,0.7121090888977051,0.6569548845291138,2,12,0.14285714285714285,0.1407378808196102,1.4003265762311883,0.42024028595938745,1.0,0.7692307692307693,neutral,0.42857142857142855,0.5714285714285714,0.14285714285714285,0.0,0.2857142857142857,17.61492873348383,21.25,0.4635507561443113,1.0,1.0,0.0,0.0,0.002021146102509062,0.01698586717247963,0.003360421280376611,2.8517869249558965e-06,1.4319097317638807e-05,5.857618702975739e-06,0.0004112276298785998,0.005041874945163727,0.00016424242494395,3.6626253729212165e-05,0.00017458212096244097,4.745063160953577e-05,0.0003780780430783385,0.0019093806622549891,0.0012511473323684175,0.00011619954602792859,0.0003183920925948769,0.00020596352114807812,0.0004943548936913496,0.004074069348462217,0.0008351648019583985
215_2,Discover it Cash Back rotating 5% categories — is the activation requirement actually annoying or am,18,153,0.31543317437171936,0.16666666666666666,0.053208724354728947,0.03327152478762018,0.0262542797778177,0.4902280578815859,0.5029321077212788,0.4942855351890614,0.5006815791130066,0.5863056778907776,0.3434210419654846,0.32965725660324097,0.7121090888977051,0.5916843414306641,2,16,0.1111111111111111,0.11427675280719995,1.4750080554560212,0.4426523194935796,0.8888888888888888,0.8235294117647058,neutral,0.4444444444444444,0.5,0.1111111111111111,0.05555555555555555,0.3333333333333333,24.980486211401583,31.75,0.5265207866571763,1.0,1.0,0.0,0.0,0.0016720959861736952,0.01698586717247963,0.0020557505777105715,2.5186865476219586e-06,1.4319097317638807e-05,3.638792236415615e-06,0.000326614260605614,0.005041874945163727,0.00014764582010684538,3.2799550859231706e-05,0.00017458212096244097,4.3391827421146456e-05,0.00032075326089398004,0.0019093806622549891,0.0006945369241293531,0.00010615570742326479,0.0003183920925948769,0.00020481204555835577,0.0004101562420839013,0.004074069348462217,0.0005192403030794902
216_1,Apple Card just added 3% back at Hertz — is this actually worth caring about? Saw the update this mo,13,78,0.30528278534228986,0.07692307692307693,0.08001296536050803,0.050390156035920564,0.039467249148526264,0.5244372303669269,0.5329568963020276,0.5279418398172427,0.5269218981266022,0.6264358758926392,0.3788752853870392,0.3768388330936432,0.7121090888977051,0.6767420768737793,2,11,0.15384615384615385,0.14899195358157158,1.2309316230479224,0.3694045846493381,0.8461538461538461,0.75,neutral,0.46153846153846156,0.5384615384615384,0.15384615384615385,0.0,0.3076923076923077,12.730246329024162,16.0,0.3081810098274006,1.0,1.0,0.0,0.0,0.0021307790974298348,0.01698586717247963,0.0036865889560431264,2.9534516600576285e-06,1.4319097317638807e-05,6.412325319615779e-06,0.0004398503480423152,0.005041874945163727,0.00016839157615322622,3.7462089004783105e-05,0.00017458212096244097,4.846533265663311e-05,0.0003965880818073996,0.0019093806622549891,0.0013902999344281863,0.00011804984947397876,0.0003183920925948769,0.00020625139004550876,0.0005209471529030615,0.004074069348462217,0.0009141459266781269
216_2,Capital One Quicksilver vs QuicksilverOne — can someone explain why both exist? I've been looking at,12,66,0.3151080161333084,0.16666666666666666,0.06169394643817388,0.03701624079966972,0.027787864974413518,0.49194124657096283,0.5081323493610729,0.49823534308057843,0.49354247748851776,0.5981250405311584,0.3649839162826538,0.372275173664093,0.6880798935890198,0.6557418704032898,1,11,0.08333333333333333,0.08823443669825792,1.0397207708399179,0.3120218965147642,0.8333333333333334,0.7272727272727273,neutral,0.5,0.5,0.16666666666666666,0.0,0.3333333333333333,27.685736399814257,37.5,0.5324180076887357,1.0,1.0,0.0,0.0,0.0019467669966009755,0.01698586717247963,0.0010724914143793284,3.0350165995211378e-06,1.4319097317638807e-05,6.9521499199254346e-06,0.00046178038716486,0.005041874945163727,0.00012717258941847835,3.7281602089933585e-05,0.00017458212096244097,4.948003370373045e-05,0.000290586660412373,0.0019093806622549891,0.00026919992815237497,0.00011065174294344615,0.0003183920925948769,0.00019515818057698201,0.0004750170676351849,0.004074069348462217,0.00027904793285339716
217_1,Thinking about pulling the trigger on the Delta SkyMiles Reserve Amex — is the $650 annual fee actua,15,105,0.33326175808906555,0.2,0.07742968551801299,0.0441917386794695,0.032064373810236454,0.49855585410481407,0.5017279925800505,0.49852275195575896,0.4990711808204651,0.5899702310562134,0.35433244705200195,0.35629531741142273,0.7121090888977051,0.6485700607299805,2,13,0.13333333333333333,0.13290595250825088,1.3605138827424867,0.4082924318084403,0.9333333333333333,0.7857142857142857,neutral,0.4666666666666667,0.5333333333333333,0.13333333333333333,0.06666666666666667,0.26666666666666666,24.13204416446223,36.5,0.46707182253797863,1.0,1.0,0.0,0.0,0.001913214756253486,0.01698586717247963,0.0030342536047101008,2.7520908133737977e-06,1.4319097317638807e-05,5.302912086335707e-06,0.00038561977174443504,0.005041874945163727,0.00016009327373467386,3.5565574580687095e-05,0.00017458212096244097,4.643593056243844e-05,0.00035991208957663424,0.0019093806622549891,0.0011119947303086515,0.00011350121106564377,0.0003183920925948769,0.00020567565225064753,0.00046842758233904335,0.004074069348462217,0.0007561836772386715
217_2,Anyone else get the One Key+ Card from Expedia? First impressions after 2 months I saw basically zer,11,55,0.31938518990169873,0.18181818181818182,0.06363457891289194,0.03836166068102341,0.028719086553852698,0.4953797150741924,0.5137718623334712,0.5035870189016516,0.5001401901245117,0.5733391046524048,0.4054003357887268,0.39558061957359314,0.682113766670227,0.6559844613075256,1,10,0.09090909090909091,0.09429291872815652,0.9949236325717752,0.2985782023683364,0.8181818181818182,0.7,neutral,0.5454545454545454,0.45454545454545453,0.18181818181818182,0.0,0.36363636363636365,25.29136003780705,30.5,0.47073597363092645,1.0,1.0,0.0,0.0,0.0020848530111834407,0.01698586717247963,0.0010772475507110357,3.1710193711246988e-06,1.4319097317638807e-05,7.52173855289584e-06,0.0005005184349019229,0.005041874945163727,0.00013519836647901684,3.873078259692358e-05,0.00017458212096244097,5.0494734750827774e-05,0.00030737167253391817,0.0019093806622549891,0.000277079117950052,0.00011452036679574204,0.0003183920925948769,0.00020394843886606395,0.0005081942145638453,0.004074069348462217,0.0002822969289203077
218_1,Title: Chase Aeroplan Card vs Apple Card — am I crazy for wanting both? Body: So I've been going bac,23,253,0.3214096919350002,0.21739130434782608,0.065614555137853,0.04474872982613014,0.03710537708226927,0.4880573076928557,0.5070312537930228,0.4960439000205089,0.5024908185005188,0.6060711741447449,0.27584895491600037,0.27025261521339417,0.7121090888977051,0.5053602457046509,4,19,0.17391304347826086,0.17533947389734827,1.6434263483462597,0.4931949234591997,0.8695652173913043,0.7727272727272727,neutral,0.34782608695652173,0.43478260869565216,0.13043478260869565,0.043478260869565216,0.391304347826087,13.68412213069266,15.0,0.41853033112490845,1.0,1.0,0.0,0.0,0.0014129628923357181,0.01698586717247963,0.0010677352780476212,2.2980591488110647e-06,1.4319097317638807e-05,1.9449083538347623e-06,0.00026300605682279087,0.005041874945163727,0.00011914681235793983,3.081251317938871e-05,0.00017458212096244097,4.020376582047902e-05,0.0002748786254138078,0.0019093806622549891,0.00026132073835469786,0.00010015095366448487,0.0003183920925948769,0.00018636792228790005,0.0003473515167608336,0.004074069348462217,0.0002757989367864866
218_2,Title: Unpopular opinion: Apple Card is the best 'beginner' card and I'm tired of pretending it's no,20,190,0.33393296152353286,0.35,0.07268815120051353,0.042156816091843005,0.03175302043803585,0.5144731573368374,0.5225490425762377,0.5176350795908978,0.5155825912952423,0.5978989601135254,0.3119811713695526,0.29370176792144775,0.7121090888977051,0.5376409292221069,3,17,0.15,0.15124925179407,1.6094379124341003,0.48299493849177877,0.9,0.8421052631578947,neutral,0.4,0.5,0.1,0.05,0.35,22.22357981964202,26.5,0.4512401993835943,1.0,1.0,0.0,0.0,0.0015557224789517932,0.01698586717247963,0.0014034152263775513,2.4245950214663027e-06,1.4319097317638807e-05,2.5293790031355533e-06,0.00029742231454292777,0.005041874945163727,0.00013934751768829306,3.2022549203247766e-05,0.00017458212096244097,4.1362425326951794e-05,0.00029946009781269824,0.0019093806622549891,0.0004162317200098207,0.00010360212909290566,0.0003183920925948769,0.00020423630776349454,0.0003817756941041731,0.004074069348462217,0.00036127805364003613
219_1,Finally decided to get my credit in order. Looking at the Discover it Secured Card. Hey everyone. Lo,15,105,0.30544108549753823,0.06666666666666667,0.06352615970732739,0.039762961310324495,0.030864400715321674,0.5151027889478774,0.5225353187038785,0.5175446464901878,0.517288327217102,0.5887715220451355,0.35433244705200195,0.35629531741142273,0.7121090888977051,0.6485700607299805,2,13,0.13333333333333333,0.13290595250825088,1.3605138827424867,0.4082924318084403,0.9333333333333333,0.7857142857142857,neutral,0.4666666666666667,0.5333333333333333,0.13333333333333333,0.06666666666666667,0.26666666666666666,21.761944357575732,32.5,0.4429160995436038,1.0,1.0,0.0,0.0,0.001913214756253486,0.01698586717247963,0.0030342536047101008,2.7520908133737977e-06,1.4319097317638807e-05,5.302912086335707e-06,0.00038561977174443504,0.005041874945163727,0.00016009327373467386,3.5565574580687095e-05,0.00017458212096244097,4.643593056243844e-05,0.00035991208957663424,0.0019093806622549891,0.0011119947303086515,0.00011350121106564377,0.0003183920925948769,0.00020567565225064753,0.00046842758233904335,0.004074069348462217,0.0007561836772386715
219_2,Is the Blue Cash Preferred actually worth it for a family of 4? Running the numbers. Currently have ,15,105,0.3123608072598775,0.2,0.05813537545023176,0.03667578774248642,0.028798146220254804,0.4994090381122771,0.5147252321243286,0.5049229863144102,0.5071019530296326,0.5970850586891174,0.35433244705200195,0.35629531741142273,0.7121090888977051,0.6485700607299805,2,13,0.13333333333333333,0.13290595250825088,1.3605138827424867,0.4082924318084403,0.9333333333333333,0.7857142857142857,neutral,0.4666666666666667,0.5333333333333333,0.13333333333333333,0.06666666666666667,0.26666666666666666,31.663227883461282,34.0,0.6184224195988531,1.0,1.0,0.0,0.0,0.001913214756253486,0.01698586717247963,0.0030342536047101008,2.7520908133737977e-06,1.4319097317638807e-05,5.302912086335707e-06,0.00038561977174443504,0.005041874945163727,0.00016009327373467386,3.5565574580687095e-05,0.00017458212096244097,4.643593056243844e-05,0.00035991208957663424,0.0019093806622549891,0.0011119947303086515,0.00011350121106564377,0.0003183920925948769,0.00020567565225064753,0.00046842758233904335,0.004074069348462217,0.0007561836772386715
21_1,Rant: Applied for the Discover it Student Cash Back card and I'm actually kinda impressed so far?? S,15,105,0.32981536189715066,0.3333333333333333,0.06609712985132855,0.04470248721628682,0.03682725279478366,0.5136744360129039,0.5245159081050328,0.5171610695975167,0.5159117579460144,0.5813712477684021,0.35433244705200195,0.35629531741142273,0.7121090888977051,0.6485700607299805,2,13,0.13333333333333333,0.13290595250825088,1.3605138827424867,0.4082924318084403,0.9333333333333333,0.7857142857142857,neutral,0.4666666666666667,0.5333333333333333,0.13333333333333333,0.06666666666666667,0.26666666666666666,13.5196975640072,18.0,0.40397502681296416,1.0,1.0,0.0,0.0,0.001913214756253486,0.01698586717247963,0.0030342536047101008,2.7520908133737977e-06,1.4319097317638807e-05,5.302912086335707e-06,0.00038561977174443504,0.005041874945163727,0.00016009327373467386,3.5565574580687095e-05,0.00017458212096244097,4.643593056243844e-05,0.00035991208957663424,0.0019093806622549891,0.0011119947303086515,0.00011350121106564377,0.0003183920925948769,0.00020567565225064753,0.00046842758233904335,0.004074069348462217,0.0007561836772386715
21_2,United Explorer Card — is the 80k mile bonus actually worth the $150 annual fee? Help me decide befo,15,105,0.3031907935937246,0.06666666666666667,0.07934153537167454,0.047787503867455595,0.03609591861347763,0.5034096732026054,0.5220905204614004,0.511733067035675,0.5067383050918579,0.6234337687492371,0.35433244705200195,0.35629531741142273,0.7121090888977051,0.6485700607299805,2,13,0.13333333333333333,0.13290595250825088,1.3605138827424867,0.4082924318084403,0.9333333333333333,0.7857142857142857,neutral,0.4666666666666667,0.5333333333333333,0.13333333333333333,0.06666666666666667,0.26666666666666666,26.839771484372463,25.5,0.5325351484994536,1.0,1.0,0.0,0.0,0.001913214756253486,0.01698586717247963,0.0030342536047101008,2.7520908133737977e-06,1.4319097317638807e-05,5.302912086335707e-06,0.00038561977174443504,0.005041874945163727,0.00016009327373467386,3.5565574580687095e-05,0.00017458212096244097,4.643593056243844e-05,0.00035991208957663424,0.0019093806622549891,0.0011119947303086515,0.00011350121106564377,0.0003183920925948769,0.00020567565225064753,0.00046842758233904335,0.004074069348462217,0.0007561836772386715
220_1,Worth getting the AA MileUp card just for the sign-up bonus? Already have the Citi AA Platinum... So,16,120,0.3236275911331177,0.3125,0.06895583299366362,0.04531117035537873,0.036498601807349776,0.5015995283921559,0.5072716561456522,0.5032629020512104,0.503795325756073,0.6066363453865051,0.35778364539146423,0.36365675926208496,0.7121090888977051,0.6220158934593201,2,14,0.125,0.12568000587634742,1.3686896376228386,0.41074598916225413,0.9375,0.8,neutral,0.4375,0.5625,0.125,0.0625,0.25,15.989132051177762,14.25,0.39786331698109517,1.0,1.0,0.0,0.0,0.001819422253902303,0.01698586717247963,0.002708085929043591,2.668427519836314e-06,1.4319097317638807e-05,4.748205469695677e-06,0.00036350332584333955,0.005041874945163727,0.0001559441225253977,3.451611610216787e-05,0.00017458212096244097,4.542122951534111e-05,0.00034417379310980323,0.0019093806622549891,0.0009728421282488853,0.00011073922814830439,0.0003183920925948769,0.00020538778335321695,0.00044583719077095907,0.004074069348462217,0.0006772025525189443
220_2,Anyone actually using the U.S. Bank Smartly Visa Signature? Thinking about it for the relationship b,15,105,0.3190507551034292,0.26666666666666666,0.0913280862113601,0.058233321125964264,0.043828674231959006,0.5185202595733461,0.5332146582149324,0.5248791084403084,0.5212048888206482,0.6093071103096008,0.35433244705200195,0.35629531741142273,0.7121090888977051,0.6485700607299805,2,13,0.13333333333333333,0.13290595250825088,1.3605138827424867,0.4082924318084403,0.9333333333333333,0.7857142857142857,neutral,0.4666666666666667,0.5333333333333333,0.13333333333333333,0.06666666666666667,0.26666666666666666,22.72345826575602,24.0,0.46692037532375386,1.0,1.0,0.0,0.0,0.001913214756253486,0.01698586717247963,0.0030342536047101008,2.7520908133737977e-06,1.4319097317638807e-05,5.302912086335707e-06,0.00038561977174443504,0.005041874945163727,0.00016009327373467386,3.5565574580687095e-05,0.00017458212096244097,4.643593056243844e-05,0.00035991208957663424,0.0019093806622549891,0.0011119947303086515,0.00011350121106564377,0.0003183920925948769,0.00020567565225064753,0.00046842758233904335,0.004074069348462217,0.0007561836772386715
221_1,Thinking about getting the Discover it Chrome as my second card. Already have the Wells Fargo Active,15,105,0.325390096505483,0.13333333333333333,0.05933550668826252,0.04008406300913993,0.03174921329429293,0.48170873579524814,0.49095264616466705,0.48228489330836705,0.4851512908935547,0.6075581312179565,0.35433244705200195,0.35629531741142273,0.7121090888977051,0.6485700607299805,2,13,0.13333333333333333,0.13290595250825088,1.3605138827424867,0.4082924318084403,0.9333333333333333,0.7857142857142857,neutral,0.4666666666666667,0.5333333333333333,0.13333333333333333,0.06666666666666667,0.26666666666666666,31.10598370446147,54.0,0.7324799930406939,1.0,1.0,0.0,0.0,0.001913214756253486,0.01698586717247963,0.0030342536047101008,2.7520908133737977e-06,1.4319097317638807e-05,5.302912086335707e-06,0.00038561977174443504,0.005041874945163727,0.00016009327373467386,3.5565574580687095e-05,0.00017458212096244097,4.643593056243844e-05,0.00035991208957663424,0.0019093806622549891,0.0011119947303086515,0.00011350121106564377,0.0003183920925948769,0.00020567565225064753,0.00046842758233904335,0.004074069348462217,0.0007561836772386715
221_2,"Citi Strata Elite: $595 annual fee and they're claiming ""nearly $1,500 in value""? Is this marketing ",18,153,0.3258183499177297,0.3333333333333333,0.05358292174682519,0.0351053419364667,0.02819884999784746,0.4809163074477825,0.5054593697872037,0.49040251678111507,0.4940984845161438,0.6115170121192932,0.3434210419654846,0.32965725660324097,0.7121090888977051,0.5916843414306641,2,16,0.1111111111111111,0.11427675280719995,1.4750080554560212,0.4426523194935796,0.8888888888888888,0.8235294117647058,neutral,0.4444444444444444,0.5,0.1111111111111111,0.05555555555555555,0.3333333333333333,42.29675439201885,39.25,0.8039509810521005,1.0,1.0,0.0,0.0,0.0016720959861736952,0.01698586717247963,0.0020557505777105715,2.5186865476219586e-06,1.4319097317638807e-05,3.638792236415615e-06,0.000326614260605614,0.005041874945163727,0.00014764582010684538,3.2799550859231706e-05,0.00017458212096244097,4.3391827421146456e-05,0.00032075326089398004,0.0019093806622549891,0.0006945369241293531,0.00010615570742326479,0.0003183920925948769,0.00020481204555835577,0.0004101562420839013,0.004074069348462217,0.0005192403030794902
222_1,"United Explorer Card - is the 80k bonus worth it right now? Hey everyone, long time lurker here. I j",13,78,0.30225674922649676,0.07692307692307693,0.04972574394308325,0.03396092254590765,0.027855455120917548,0.49011456469694775,0.4828175745713405,0.48415678854172045,0.47931189835071564,0.7034879326820374,0.3788752853870392,0.3768388330936432,0.7121090888977051,0.6767420768737793,2,11,0.15384615384615385,0.14899195358157158,1.2309316230479224,0.3694045846493381,0.8461538461538461,0.75,neutral,0.46153846153846156,0.5384615384615384,0.15384615384615385,0.0,0.3076923076923077,27.02858447455628,47.0,0.6494853940281546,1.0,1.0,0.0,0.0,0.0021307790974298348,0.01698586717247963,0.0036865889560431264,2.9534516600576285e-06,1.4319097317638807e-05,6.412325319615779e-06,0.0004398503480423152,0.005041874945163727,0.00016839157615322622,3.7462089004783105e-05,0.00017458212096244097,4.846533265663311e-05,0.0003965880818073996,0.0019093806622549891,0.0013902999344281863,0.00011804984947397876,0.0003183920925948769,0.00020625139004550876,0.0005209471529030615,0.004074069348462217,0.0009141459266781269
222_2,"Choice Privileges Mastercard - 60k bonus points, is anyone actually using this card? Saw an ad for t",14,91,0.3077329524925777,0.07142857142857142,0.05735286034300497,0.03971636979999178,0.032937489581675694,0.49403978180099317,0.507903129517377,0.4994261484224718,0.49948057532310486,0.5821609497070312,0.3610836863517761,0.369733065366745,0.7121090888977051,0.6569548845291138,2,12,0.14285714285714285,0.1407378808196102,1.4003265762311883,0.42024028595938745,1.0,0.7692307692307693,neutral,0.42857142857142855,0.5714285714285714,0.14285714285714285,0.0,0.2857142857142857,30.571178236625265,20.75,0.698199829221458,1.0,1.0,0.0,0.0,0.002021146102509062,0.01698586717247963,0.003360421280376611,2.8517869249558965e-06,1.4319097317638807e-05,5.857618702975739e-06,0.0004112276298785998,0.005041874945163727,0.00016424242494395,3.6626253729212165e-05,0.00017458212096244097,4.745063160953577e-05,0.0003780780430783385,0.0019093806622549891,0.0012511473323684175,0.00011619954602792859,0.0003183920925948769,0.00020596352114807812,0.0004943548936913496,0.004074069348462217,0.0008351648019583985
223_1,"DCU Visa Platinum Secured vs OpenSky Plus Secured - which one for rebuilding? Hey everyone, I'm fina",17,136,0.3196239418843213,0.17647058823529413,0.0659433212438038,0.04665064773976274,0.03924977028913877,0.5244899499504005,0.5269782207906246,0.5243913237662876,0.5229933559894562,0.6017032265663147,0.34991002082824707,0.35084736347198486,0.7121090888977051,0.6120748519897461,2,15,0.11764705882352941,0.11955982205622337,1.334592953237241,0.4005135186516717,0.8823529411764706,0.8125,neutral,0.47058823529411764,0.5294117647058824,0.11764705882352941,0.058823529411764705,0.29411764705882354,12.592082974362025,14.0,0.4100869934179204,1.0,1.0,0.0,0.0,0.001749324266497484,0.01698586717247963,0.0023819182533770813,2.5868218926916597e-06,1.4319097317638807e-05,4.1934988530556455e-06,0.0003443004530067008,0.005041874945163727,0.00015179497131612152,3.3665129462058434e-05,0.00017458212096244097,4.440652846824378e-05,0.0003338943073793095,0.0019093806622549891,0.0008336895261891192,0.00010827629226054448,0.0003183920925948769,0.00020509991445578636,0.00042867454508313145,0.004074069348462217,0.0005982214277992174
223_2,6 months with the OpenSky Plus card - honest review (and a warning about their website) Figured I'd ,20,190,0.33377815783023834,0.25,0.061032767742488954,0.04264294822639648,0.035775153697919046,0.5062925719901135,0.5229312021481364,0.5133052446340259,0.5089722573757172,0.6196074485778809,0.3119811713695526,0.29370176792144775,0.7121090888977051,0.5376409292221069,3,17,0.15,0.15124925179407,1.6094379124341003,0.48299493849177877,0.9,0.8421052631578947,neutral,0.4,0.5,0.1,0.05,0.35,15.933926069867402,18.75,0.4413829936251358,1.0,1.0,0.0,0.0,0.0015557224789517932,0.01698586717247963,0.0014034152263775513,2.4245950214663027e-06,1.4319097317638807e-05,2.5293790031355533e-06,0.00029742231454292777,0.005041874945163727,0.00013934751768829306,3.2022549203247766e-05,0.00017458212096244097,4.1362425326951794e-05,0.00029946009781269824,0.0019093806622549891,0.0004162317200098207,0.00010360212909290566,0.0003183920925948769,0.00020423630776349454,0.0003817756941041731,0.004074069348462217,0.00036127805364003613
224_1,Just got approved for the Hilton Honors Amex Business Card — here's my breakdown of whether it's act,18,153,0.31249766714043087,0.05555555555555555,0.0751882028074081,0.054491582806805376,0.046782780296719714,0.5151976177505418,0.5194040143411923,0.5164237277570114,0.5160016417503357,0.6308159828186035,0.3434210419654846,0.32965725660324097,0.7121090888977051,0.5916843414306641,2,16,0.1111111111111111,0.11427675280719995,1.4750080554560212,0.4426523194935796,0.8888888888888888,0.8235294117647058,neutral,0.4444444444444444,0.5,0.1111111111111111,0.05555555555555555,0.3333333333333333,6.096193914805661,8.25,0.23497107166274497,1.0,1.0,0.0,0.0,0.0016720959861736952,0.01698586717247963,0.0020557505777105715,2.5186865476219586e-06,1.4319097317638807e-05,3.638792236415615e-06,0.000326614260605614,0.005041874945163727,0.00014764582010684538,3.2799550859231706e-05,0.00017458212096244097,4.3391827421146456e-05,0.00032075326089398004,0.0019093806622549891,0.0006945369241293531,0.00010615570742326479,0.0003183920925948769,0.00020481204555835577,0.0004101562420839013,0.004074069348462217,0.0005192403030794902
224_2,Is the Choice Privileges Mastercard actually underrated? $0 annual fee and 40k-60k bonus points I ne,16,120,0.32741372287273407,0.25,0.05902363840762899,0.04109296156426059,0.0344325293968954,0.5059789294997851,0.4994871432582537,0.5002270626525084,0.5059203803539276,0.6017361283302307,0.35778364539146423,0.36365675926208496,0.7121090888977051,0.6220158934593201,2,14,0.125,0.12568000587634742,1.3686896376228386,0.41074598916225413,0.9375,0.8,neutral,0.4375,0.5625,0.125,0.0625,0.25,22.555140766574702,23.25,0.599472179842517,1.0,1.0,0.0,0.0,0.001819422253902303,0.01698586717247963,0.002708085929043591,2.668427519836314e-06,1.4319097317638807e-05,4.748205469695677e-06,0.00036350332584333955,0.005041874945163727,0.0001559441225253977,3.451611610216787e-05,0.00017458212096244097,4.542122951534111e-05,0.00034417379310980323,0.0019093806622549891,0.0009728421282488853,0.00011073922814830439,0.0003183920925948769,0.00020538778335321695,0.00044583719077095907,0.004074069348462217,0.0006772025525189443
225_1,VentureOne vs Blue Cash Everyday — which should be my daily driver? Current setup: I have a debit ca,19,171,0.30495907915265935,0.10526315789473684,0.067964341632172,0.04767169928671375,0.03971356599206733,0.5052060101464478,0.5157514617108462,0.508769726021248,0.5065029859542847,0.6277913451194763,0.3310185372829437,0.3201761841773987,0.7121090888977051,0.5569981932640076,3,16,0.15789473684210525,0.15733224398603565,1.485181756934977,0.4457054638752913,0.8947368421052632,0.8333333333333334,neutral,0.42105263157894735,0.47368421052631576,0.10526315789473684,0.05263157894736842,0.3684210526315789,14.849755400580296,19.5,0.45143256417764105,1.0,1.0,0.0,0.0,0.0016068161578579364,0.01698586717247963,0.0017295829020440555,2.4622015165445383e-06,1.4319097317638807e-05,3.0840856197755746e-06,0.0003110891970879349,0.005041874945163727,0.00014349666889756915,3.1995172704275896e-05,0.00017458212096244097,4.23771263740491e-05,0.00030904844109165043,0.0019093806622549891,0.0005553843220695843,0.0001042831714393718,0.0003183920925948769,0.00020452417666092513,0.00039428239028295236,0.004074069348462217,0.0004402591783597618
225_2,Product change from Blue Cash Everyday to Blue Cash Preferred — worth it? I've had the Amex Blue Cas,15,105,0.3093135396639506,0.13333333333333333,0.06881157040328155,0.041650752097828404,0.031228016737576067,0.4972377351352147,0.5041244359243484,0.49844470875603814,0.49528783559799194,0.5932745933532715,0.35433244705200195,0.35629531741142273,0.7121090888977051,0.6485700607299805,2,13,0.13333333333333333,0.13290595250825088,1.3605138827424867,0.4082924318084403,0.9333333333333333,0.7857142857142857,neutral,0.4666666666666667,0.5333333333333333,0.13333333333333333,0.06666666666666667,0.26666666666666666,24.365731856213326,41.5,0.47159481012025795,1.0,1.0,0.0,0.0,0.001913214756253486,0.01698586717247963,0.0030342536047101008,2.7520908133737977e-06,1.4319097317638807e-05,5.302912086335707e-06,0.00038561977174443504,0.005041874945163727,0.00016009327373467386,3.5565574580687095e-05,0.00017458212096244097,4.643593056243844e-05,0.00035991208957663424,0.0019093806622549891,0.0011119947303086515,0.00011350121106564377,0.0003183920925948769,0.00020567565225064753,0.00046842758233904335,0.004074069348462217,0.0007561836772386715
226_1,Anyone have experience with the U.S. Bank Smartly™ Visa Signature® Card? Thinking of applying I've b,21,210,0.31179211820874897,0.09523809523809523,0.062155525175663466,0.04103697077853484,0.03315506327743433,0.5239147732655207,0.5163596550623576,0.5187590373413903,0.5170836448669434,0.6206615567207336,0.30268511176109314,0.28416502475738525,0.7121090888977051,0.525236964225769,4,17,0.19047619047619047,0.18729426277180514,1.6582280766035324,0.4976369462138278,0.8571428571428571,0.8,neutral,0.38095238095238093,0.47619047619047616,0.14285714285714285,0.047619047619047616,0.3333333333333333,17.75571192947354,28.0,0.45361307849019994,1.0,1.0,0.0,0.0,0.0014991301341935816,0.01698586717247963,0.0010772475507110357,2.376300980835194e-06,1.4319097317638807e-05,1.974672386495513e-06,0.00028474352248373353,0.005041874945163727,0.00013519836647901684,3.1391995348496405e-05,0.00017458212096244097,4.034772427985445e-05,0.0002899192567426889,0.0019093806622549891,0.000277079117950052,0.00010172240408359184,0.0003183920925948769,0.00020394843886606395,0.00036821393563882124,0.004074069348462217,0.0002822969289203077
226_2,"Wells Fargo Active Cash Card — first real rewards card, should I go for it? Hi everyone! Long time l",20,190,0.3327864557504654,0.35,0.05274559715356314,0.03469053490558667,0.028074401790015625,0.507264517796667,0.5203985088749936,0.5115718523138448,0.5110538899898529,0.627333402633667,0.3119811713695526,0.29370176792144775,0.7121090888977051,0.5376409292221069,3,17,0.15,0.15124925179407,1.6094379124341003,0.48299493849177877,0.9,0.8421052631578947,neutral,0.4,0.5,0.1,0.05,0.35,24.917614251769773,34.0,0.5387592270652924,1.0,1.0,0.0,0.0,0.0015557224789517932,0.01698586717247963,0.0014034152263775513,2.4245950214663027e-06,1.4319097317638807e-05,2.5293790031355533e-06,0.00029742231454292777,0.005041874945163727,0.00013934751768829306,3.2022549203247766e-05,0.00017458212096244097,4.1362425326951794e-05,0.00029946009781269824,0.0019093806622549891,0.0004162317200098207,0.00010360212909290566,0.0003183920925948769,0.00020423630776349454,0.0003817756941041731,0.004074069348462217,0.00036127805364003613
228_1,Venture Rewards 75K bonus vs Citi AAdvantage Platinum Select 70K bonus — which one should I go for? ,15,105,0.3208029886086782,0.2,0.06397032142779639,0.04393561274540112,0.036522811122982175,0.5176437247367133,0.49974950750668845,0.5064522595632643,0.5049368143081665,0.5884149074554443,0.35433244705200195,0.35629531741142273,0.7121090888977051,0.6485700607299805,2,13,0.13333333333333333,0.13290595250825088,1.3605138827424867,0.4082924318084403,0.9333333333333333,0.7857142857142857,neutral,0.4666666666666667,0.5333333333333333,0.13333333333333333,0.06666666666666667,0.26666666666666666,15.476720870032157,22.0,0.42674781810750434,1.0,1.0,0.0,0.0,0.001913214756253486,0.01698586717247963,0.0030342536047101008,2.7520908133737977e-06,1.4319097317638807e-05,5.302912086335707e-06,0.00038561977174443504,0.005041874945163727,0.00016009327373467386,3.5565574580687095e-05,0.00017458212096244097,4.643593056243844e-05,0.00035991208957663424,0.0019093806622549891,0.0011119947303086515,0.00011350121106564377,0.0003183920925948769,0.00020567565225064753,0.00046842758233904335,0.004074069348462217,0.0007561836772386715
228_2,Just got approved for the Citi AAdvantage Platinum Select — some thoughts after reading the fine pri,13,78,0.33082871712171114,0.3076923076923077,0.058384274939074624,0.03839904632590132,0.030995360015780793,0.4974302553977722,0.5086593960340207,0.5017633419006299,0.5050317049026489,0.5929741859436035,0.3788752853870392,0.3768388330936432,0.7121090888977051,0.6767420768737793,2,11,0.15384615384615385,0.14899195358157158,1.2309316230479224,0.3694045846493381,0.8461538461538461,0.75,neutral,0.46153846153846156,0.5384615384615384,0.15384615384615385,0.0,0.3076923076923077,19.071339133143244,30.0,0.45658822970692853,1.0,1.0,0.0,0.0,0.0021307790974298348,0.01698586717247963,0.0036865889560431264,2.9534516600576285e-06,1.4319097317638807e-05,6.412325319615779e-06,0.0004398503480423152,0.005041874945163727,0.00016839157615322622,3.7462089004783105e-05,0.00017458212096244097,4.846533265663311e-05,0.0003965880818073996,0.0019093806622549891,0.0013902999344281863,0.00011804984947397876,0.0003183920925948769,0.00020625139004550876,0.0005209471529030615,0.004074069348462217,0.0009141459266781269
229_1,Thinking about getting the OpenSky Plus Secured Visa to rebuild my credit. Worth it or are there bet,12,66,0.3071995849410693,0.16666666666666666,0.06201162697508004,0.0398154694701009,0.0312390955885104,0.5428093378290986,0.532773622509205,0.5364377959208055,0.5385128855705261,0.6087042689323425,0.3649839162826538,0.372275173664093,0.6880798935890198,0.6557418704032898,1,11,0.08333333333333333,0.08823443669825792,1.0397207708399179,0.3120218965147642,0.8333333333333334,0.7272727272727273,neutral,0.5,0.5,0.16666666666666666,0.0,0.3333333333333333,23.185244349705602,34.25,0.45166060421504417,1.0,1.0,0.0,0.0,0.0019467669966009755,0.01698586717247963,0.0010724914143793284,3.0350165995211378e-06,1.4319097317638807e-05,6.9521499199254346e-06,0.00046178038716486,0.005041874945163727,0.00012717258941847835,3.7281602089933585e-05,0.00017458212096244097,4.948003370373045e-05,0.000290586660412373,0.0019093806622549891,0.00026919992815237497,0.00011065174294344615,0.0003183920925948769,0.00019515818057698201,0.0004750170676351849,0.004074069348462217,0.00027904793285339716
229_2,Citi AAdvantage Platinum Select — is the 70k mile bonus worth it in 2025? $595 annual fee is steep L,14,91,0.32202586957386564,0.2857142857142857,0.06786713106079212,0.04151664675648165,0.030949058465639882,0.5084838696888515,0.5134106393043811,0.5094536316918803,0.5043404698371887,0.5764430165290833,0.3610836863517761,0.369733065366745,0.7121090888977051,0.6569548845291138,2,12,0.14285714285714285,0.1407378808196102,1.4003265762311883,0.42024028595938745,1.0,0.7692307692307693,neutral,0.42857142857142855,0.5714285714285714,0.14285714285714285,0.0,0.2857142857142857,24.71263413143742,41.25,0.43355498476206,1.0,1.0,0.0,0.0,0.002021146102509062,0.01698586717247963,0.003360421280376611,2.8517869249558965e-06,1.4319097317638807e-05,5.857618702975739e-06,0.0004112276298785998,0.005041874945163727,0.00016424242494395,3.6626253729212165e-05,0.00017458212096244097,4.745063160953577e-05,0.0003780780430783385,0.0019093806622549891,0.0012511473323684175,0.00011619954602792859,0.0003183920925948769,0.00020596352114807812,0.0004943548936913496,0.004074069348462217,0.0008351648019583985
22_1,Anyone else using Grow Credit Mastercard? Thoughts? So I stumbled across Grow Credit a few months ag,16,120,0.3119579404592514,0.125,0.05950806005026266,0.044574377142822905,0.038875606294622035,0.5032300022741159,0.5264750714103381,0.5140371337532997,0.5159693360328674,0.5923555493354797,0.35778364539146423,0.36365675926208496,0.7121090888977051,0.6220158934593201,2,14,0.125,0.12568000587634742,1.3686896376228386,0.41074598916225413,0.9375,0.8,neutral,0.4375,0.5625,0.125,0.0625,0.25,13.029863535356002,16.75,0.4522295370188634,1.0,1.0,0.0,0.0,0.001819422253902303,0.01698586717247963,0.002708085929043591,2.668427519836314e-06,1.4319097317638807e-05,4.748205469695677e-06,0.00036350332584333955,0.005041874945163727,0.0001559441225253977,3.451611610216787e-05,0.00017458212096244097,4.542122951534111e-05,0.00034417379310980323,0.0019093806622549891,0.0009728421282488853,0.00011073922814830439,0.0003183920925948769,0.00020538778335321695,0.00044583719077095907,0.004074069348462217,0.0006772025525189443
22_2,Capital One Platinum Secured — 6 month update (and some lessons learned) Background: Filed Ch.7 bank,19,171,0.3199354676823867,0.10526315789473684,0.05740335966068807,0.040590322434051966,0.03430780682106796,0.5079608627578669,0.49944859115700974,0.50253895430537,0.5000746250152588,0.6365033388137817,0.3310185372829437,0.3201761841773987,0.7121090888977051,0.5569981932640076,3,16,0.15789473684210525,0.15733224398603565,1.485181756934977,0.4457054638752913,0.8947368421052632,0.8333333333333334,neutral,0.42105263157894735,0.47368421052631576,0.10526315789473684,0.05263157894736842,0.3684210526315789,16.55629195575204,15.0,0.45589789443375184,1.0,1.0,0.0,0.0,0.0016068161578579364,0.01698586717247963,0.0017295829020440555,2.4622015165445383e-06,1.4319097317638807e-05,3.0840856197755746e-06,0.0003110891970879349,0.005041874945163727,0.00014349666889756915,3.1995172704275896e-05,0.00017458212096244097,4.23771263740491e-05,0.00030904844109165043,0.0019093806622549891,0.0005553843220695843,0.0001042831714393718,0.0003183920925948769,0.00020452417666092513,0.00039428239028295236,0.004074069348462217,0.0004402591783597618
23_1,Thinking about doing a balance transfer to the Discover it® Cash Back (18 month intro offer) — is it,18,153,0.3270646747615602,0.2222222222222222,0.06946806135395871,0.04694376075542779,0.03850703218295329,0.5273445112253327,0.5417570734725279,0.5332080938068091,0.5287983417510986,0.6520729660987854,0.3434210419654846,0.32965725660324097,0.7121090888977051,0.5916843414306641,2,16,0.1111111111111111,0.11427675280719995,1.4750080554560212,0.4426523194935796,0.8888888888888888,0.8235294117647058,neutral,0.4444444444444444,0.5,0.1111111111111111,0.05555555555555555,0.3333333333333333,12.212117034696965,14.25,0.3445424868723282,1.0,1.0,0.0,0.0,0.0016720959861736952,0.01698586717247963,0.0020557505777105715,2.5186865476219586e-06,1.4319097317638807e-05,3.638792236415615e-06,0.000326614260605614,0.005041874945163727,0.00014764582010684538,3.2799550859231706e-05,0.00017458212096244097,4.3391827421146456e-05,0.00032075326089398004,0.0019093806622549891,0.0006945369241293531,0.00010615570742326479,0.0003183920925948769,0.00020481204555835577,0.0004101562420839013,0.004074069348462217,0.0005192403030794902
23_2,Southwest Rapid Rewards® Priority Card — is the $149 annual fee actually justified for a casual trav,16,120,0.31440567038953304,0.125,0.05629832293385761,0.03623533335046901,0.029103300519791545,0.4966184817254543,0.5258480275670687,0.5095416684945424,0.5164139270782471,0.6090657114982605,0.35778364539146423,0.36365675926208496,0.7121090888977051,0.6220158934593201,2,14,0.125,0.12568000587634742,1.3686896376228386,0.41074598916225413,0.9375,0.8,neutral,0.4375,0.5625,0.125,0.0625,0.25,29.503641194774588,27.5,0.6511148401605427,1.0,1.0,0.0,0.0,0.001819422253902303,0.01698586717247963,0.002708085929043591,2.668427519836314e-06,1.4319097317638807e-05,4.748205469695677e-06,0.00036350332584333955,0.005041874945163727,0.0001559441225253977,3.451611610216787e-05,0.00017458212096244097,4.542122951534111e-05,0.00034417379310980323,0.0019093806622549891,0.0009728421282488853,0.00011073922814830439,0.0003183920925948769,0.00020538778335321695,0.00044583719077095907,0.004074069348462217,0.0006772025525189443
24_1,Apple Card adds 3% back at Hertz — is this actually a good deal or just marketing fluff? Saw the ann,15,105,0.32080539209502085,0.07142857142857142,0.0679362717403109,0.04523327251028914,0.037363096667714216,0.5212285288742611,0.5366953670978546,0.5272397404625302,0.5277894139289856,0.6186869144439697,0.34398090839385986,0.33603715896606445,0.7020633220672607,0.6083470582962036,2,13,0.13333333333333333,0.1327475097030401,1.4019454593787286,0.42072611542831617,1.0,0.7857142857142857,neutral,0.4,0.5333333333333333,0.13333333333333333,0.06666666666666667,0.26666666666666666,16.66453319678252,27.5,0.5307176177319275,1.0,1.0,0.0,0.0,0.0008083259259971479,0.004338924307376146,0.0010582230053842068,1.8917161999828143e-06,7.52173855289584e-06,1.9151443211740117e-06,5.161188455531374e-05,0.00017668987857177854,0.0001030952582368627,2.517838244481633e-05,5.0494734750827774e-05,4.0059807361103594e-05,0.00023982666850012416,0.0016686051385477185,0.0002455623587593436,9.689570385186622e-05,0.00020682712784036994,0.000168787405709736,0.00020395504692487517,0.001072108176117581,0.00026930094465266543
24_2,Is anyone else getting a Cloudflare block when trying to visit Chime.com? Can't even access my card ,16,120,0.30859407037496567,0.0625,0.062551826831713,0.041478163493984345,0.03414897124871135,0.5111597997446855,0.5153565074006716,0.5124501886467139,0.5157513320446014,0.6122018694877625,0.35778364539146423,0.36365675926208496,0.7121090888977051,0.6220158934593201,2,14,0.125,0.12568000587634742,1.3686896376228386,0.41074598916225413,0.9375,0.8,neutral,0.4375,0.5625,0.125,0.0625,0.25,15.719091696087277,19.5,0.4102862432910219,1.0,1.0,0.0,0.0,0.001819422253902303,0.01698586717247963,0.002708085929043591,2.668427519836314e-06,1.4319097317638807e-05,4.748205469695677e-06,0.00036350332584333955,0.005041874945163727,0.0001559441225253977,3.451611610216787e-05,0.00017458212096244097,4.542122951534111e-05,0.00034417379310980323,0.0019093806622549891,0.0009728421282488853,0.00011073922814830439,0.0003183920925948769,0.00020538778335321695,0.00044583719077095907,0.004074069348462217,0.0006772025525189443
25_1,Apple Card just added 3% back at Hertz — is this actually a big deal or just marketing fluff? Saw th,14,91,0.3131746734891619,0.07142857142857142,0.06997024751091732,0.046991943779449,0.038771225066819764,0.5201823865319346,0.5377145465258714,0.52762292440121,0.5270731449127197,0.6088748574256897,0.3610836863517761,0.369733065366745,0.7121090888977051,0.6569548845291138,2,12,0.14285714285714285,0.1407378808196102,1.4003265762311883,0.42024028595938745,1.0,0.7692307692307693,neutral,0.42857142857142855,0.5714285714285714,0.14285714285714285,0.0,0.2857142857142857,16.626141206803563,14.75,0.5038224608122291,1.0,1.0,0.0,0.0,0.002021146102509062,0.01698586717247963,0.003360421280376611,2.8517869249558965e-06,1.4319097317638807e-05,5.857618702975739e-06,0.0004112276298785998,0.005041874945163727,0.00016424242494395,3.6626253729212165e-05,0.00017458212096244097,4.745063160953577e-05,0.0003780780430783385,0.0019093806622549891,0.0012511473323684175,0.00011619954602792859,0.0003183920925948769,0.00020596352114807812,0.0004943548936913496,0.004074069348462217,0.0008351648019583985
25_2,Wyndham Rewards Earner Plus Card — 75k bonus + 10 free nights for $75 fee. Legit or trap? My family ,15,105,0.3232304692268372,0.26666666666666666,0.05192196826592406,0.033161212735657725,0.026720123524107187,0.5044084781692142,0.5179882253919329,0.5090425295489175,0.505353569984436,0.5850852727890015,0.35433244705200195,0.35629531741142273,0.7121090888977051,0.6485700607299805,2,13,0.13333333333333333,0.13290595250825088,1.3605138827424867,0.4082924318084403,0.9333333333333333,0.7857142857142857,neutral,0.4666666666666667,0.5333333333333333,0.13333333333333333,0.06666666666666667,0.26666666666666666,25.815929621499635,37.5,0.5385798947461676,1.0,1.0,0.0,0.0,0.001913214756253486,0.01698586717247963,0.0030342536047101008,2.7520908133737977e-06,1.4319097317638807e-05,5.302912086335707e-06,0.00038561977174443504,0.005041874945163727,0.00016009327373467386,3.5565574580687095e-05,0.00017458212096244097,4.643593056243844e-05,0.00035991208957663424,0.0019093806622549891,0.0011119947303086515,0.00011350121106564377,0.0003183920925948769,0.00020567565225064753,0.00046842758233904335,0.004074069348462217,0.0007561836772386715
26_1,"Firstcard vs Self Visa — which secured card should I go with? Hey everyone, long-time lurker, first-",15,105,0.3073872923851013,0.0,0.05560053773845359,0.03905679352792392,0.03259963761525071,0.5150258961178008,0.503391836938404,0.5078207907222566,0.5108190774917603,0.6704456210136414,0.35433244705200195,0.35629531741142273,0.7121090888977051,0.6485700607299805,2,13,0.13333333333333333,0.13290595250825088,1.3605138827424867,0.4082924318084403,0.9333333333333333,0.7857142857142857,neutral,0.4666666666666667,0.5333333333333333,0.13333333333333333,0.06666666666666667,0.26666666666666666,24.717065629506536,35.0,0.6179266407376633,1.0,1.0,0.0,0.0,0.001913214756253486,0.01698586717247963,0.0030342536047101008,2.7520908133737977e-06,1.4319097317638807e-05,5.302912086335707e-06,0.00038561977174443504,0.005041874945163727,0.00016009327373467386,3.5565574580687095e-05,0.00017458212096244097,4.643593056243844e-05,0.00035991208957663424,0.0019093806622549891,0.0011119947303086515,0.00011350121106564377,0.0003183920925948769,0.00020567565225064753,0.00046842758233904335,0.004074069348462217,0.0007561836772386715
26_2,Used Self Visa for 14 months to rebuild my credit after a messy divorce. Here's my honest review. Po,17,136,0.334210628972334,0.23529411764705882,0.07148670467463071,0.048403975843091585,0.03996663279499307,0.5272476215134648,0.5258579705567921,0.5257037680815247,0.5256233513355255,0.5974779725074768,0.34991002082824707,0.35084736347198486,0.7121090888977051,0.6120748519897461,2,15,0.11764705882352941,0.11955982205622337,1.334592953237241,0.4005135186516717,0.8823529411764706,0.8125,neutral,0.47058823529411764,0.5294117647058824,0.11764705882352941,0.058823529411764705,0.29411764705882354,12.898861300028397,13.0,0.36006673579718024,1.0,1.0,0.0,0.0,0.001749324266497484,0.01698586717247963,0.0023819182533770813,2.5868218926916597e-06,1.4319097317638807e-05,4.1934988530556455e-06,0.0003443004530067008,0.005041874945163727,0.00015179497131612152,3.3665129462058434e-05,0.00017458212096244097,4.440652846824378e-05,0.0003338943073793095,0.0019093806622549891,0.0008336895261891192,0.00010827629226054448,0.0003183920925948769,0.00020509991445578636,0.00042867454508313145,0.004074069348462217,0.0005982214277992174
27_1,Thinking about getting the Delta SkyMiles Gold Amex — worth it in 2024? I fly Delta maybe 3-4 times ,15,105,0.30376206239064535,0.06666666666666667,0.05888452092816171,0.042343400798246215,0.03624839271648581,0.5080482349509284,0.5426553394113268,0.5236861524127778,0.527952253818512,0.614655077457428,0.35433244705200195,0.35629531741142273,0.7121090888977051,0.6485700607299805,2,13,0.13333333333333333,0.13290595250825088,1.3605138827424867,0.4082924318084403,0.9333333333333333,0.7857142857142857,neutral,0.4666666666666667,0.5333333333333333,0.13333333333333333,0.06666666666666667,0.26666666666666666,26.319067865966176,14.5,0.7477007916467663,1.0,1.0,0.0,0.0,0.001913214756253486,0.01698586717247963,0.0030342536047101008,2.7520908133737977e-06,1.4319097317638807e-05,5.302912086335707e-06,0.00038561977174443504,0.005041874945163727,0.00016009327373467386,3.5565574580687095e-05,0.00017458212096244097,4.643593056243844e-05,0.00035991208957663424,0.0019093806622549891,0.0011119947303086515,0.00011350121106564377,0.0003183920925948769,0.00020567565225064753,0.00046842758233904335,0.004074069348462217,0.0007561836772386715
27_2,"BankAmericard® credit card for balance transfer — anyone done this recently? I've got about $4,200 i",17,136,0.3123266276191263,0.11764705882352941,0.056671137277148294,0.03517682610888943,0.027055974096964627,0.5075206061934724,0.5248736167217002,0.5144729918855078,0.5194791853427887,0.5837815999984741,0.34991002082824707,0.35084736347198486,0.7121090888977051,0.6120748519897461,2,15,0.11764705882352941,0.11955982205622337,1.334592953237241,0.4005135186516717,0.8823529411764706,0.8125,neutral,0.47058823529411764,0.5294117647058824,0.11764705882352941,0.058823529411764705,0.29411764705882354,32.14349315567826,31.0,0.5758054622197369,1.0,1.0,0.0,0.0,0.001749324266497484,0.01698586717247963,0.0023819182533770813,2.5868218926916597e-06,1.4319097317638807e-05,4.1934988530556455e-06,0.0003443004530067008,0.005041874945163727,0.00015179497131612152,3.3665129462058434e-05,0.00017458212096244097,4.440652846824378e-05,0.0003338943073793095,0.0019093806622549891,0.0008336895261891192,0.00010827629226054448,0.0003183920925948769,0.00020509991445578636,0.00042867454508313145,0.004074069348462217,0.0005982214277992174
28_1,Just got pre-approved for the Capital One Platinum Secured Card — is this actually a good starting p,15,105,0.31732235352198285,0.13333333333333333,0.05489440191887861,0.03661175978140886,0.02998455525832877,0.49413835122471766,0.5131745857851846,0.50197214001701,0.5021467804908752,0.5830426216125488,0.35433244705200195,0.35629531741142273,0.7121090888977051,0.6485700607299805,2,13,0.13333333333333333,0.13290595250825088,1.3605138827424867,0.4082924318084403,0.9333333333333333,0.7857142857142857,neutral,0.4666666666666667,0.5333333333333333,0.13333333333333333,0.06666666666666667,0.26666666666666666,23.58210244137608,22.0,0.573308811378673,1.0,1.0,0.0,0.0,0.001913214756253486,0.01698586717247963,0.0030342536047101008,2.7520908133737977e-06,1.4319097317638807e-05,5.302912086335707e-06,0.00038561977174443504,0.005041874945163727,0.00016009327373467386,3.5565574580687095e-05,0.00017458212096244097,4.643593056243844e-05,0.00035991208957663424,0.0019093806622549891,0.0011119947303086515,0.00011350121106564377,0.0003183920925948769,0.00020567565225064753,0.00046842758233904335,0.004074069348462217,0.0007561836772386715
28_2,United Explorer Card 80k bonus miles — worth the $95 annual fee or just another airline card trap? S,17,136,0.3075265060452854,0.058823529411764705,0.060607776353141775,0.040502595240182716,0.032823401237563624,0.5140034773332232,0.529129143585177,0.5189739435034639,0.521429181098938,0.6038796901702881,0.34991002082824707,0.35084736347198486,0.7121090888977051,0.6120748519897461,2,15,0.11764705882352941,0.11955982205622337,1.334592953237241,0.4005135186516717,0.8823529411764706,0.8125,neutral,0.47058823529411764,0.5294117647058824,0.11764705882352941,0.058823529411764705,0.29411764705882354,25.9547116883145,25.0,0.61796932591225,1.0,1.0,0.0,0.0,0.001749324266497484,0.01698586717247963,0.0023819182533770813,2.5868218926916597e-06,1.4319097317638807e-05,4.1934988530556455e-06,0.0003443004530067008,0.005041874945163727,0.00015179497131612152,3.3665129462058434e-05,0.00017458212096244097,4.440652846824378e-05,0.0003338943073793095,0.0019093806622549891,0.0008336895261891192,0.00010827629226054448,0.0003183920925948769,0.00020509991445578636,0.00042867454508313145,0.004074069348462217,0.0005982214277992174
29_1,Citi Double Cash vs PayPal Cashback Mastercard - which one actually wins for everyday spend? So I've,20,190,0.2955753207206726,0.0,0.06277484163179498,0.03999224210679499,0.030904030421313386,0.5109635696599358,0.5201702696712394,0.5131467690593318,0.5209275186061859,0.6105194687843323,0.3119811713695526,0.29370176792144775,0.7121090888977051,0.5376409292221069,3,17,0.15,0.15124925179407,1.6094379124341003,0.48299493849177877,0.9,0.8421052631578947,neutral,0.4,0.5,0.1,0.05,0.35,24.268240562512972,35.75,0.5398941170748158,1.0,1.0,0.0,0.0,0.0015557224789517932,0.01698586717247963,0.0014034152263775513,2.4245950214663027e-06,1.4319097317638807e-05,2.5293790031355533e-06,0.00029742231454292777,0.005041874945163727,0.00013934751768829306,3.2022549203247766e-05,0.00017458212096244097,4.1362425326951794e-05,0.00029946009781269824,0.0019093806622549891,0.0004162317200098207,0.00010360212909290566,0.0003183920925948769,0.00020423630776349454,0.0003817756941041731,0.004074069348462217,0.00036127805364003613
29_2,PSA: The PayPal Cashback Mastercard's 3% is actually better than most people realize (for specific u,19,171,0.324324463543139,0.15789473684210525,0.06391992701062747,0.04144057478507897,0.032758423721853246,0.520579550175639,0.5180797325937372,0.5181982609612202,0.512272298336029,0.6386714577674866,0.3310185372829437,0.3201761841773987,0.7121090888977051,0.5569981932640076,3,16,0.15789473684210525,0.15733224398603565,1.485181756934977,0.4457054638752913,0.8947368421052632,0.8333333333333334,neutral,0.42105263157894735,0.47368421052631576,0.10526315789473684,0.05263157894736842,0.3684210526315789,19.620922746351216,26.5,0.4518757965826341,1.0,1.0,0.0,0.0,0.0016068161578579364,0.01698586717247963,0.0017295829020440555,2.4622015165445383e-06,1.4319097317638807e-05,3.0840856197755746e-06,0.0003110891970879349,0.005041874945163727,0.00014349666889756915,3.1995172704275896e-05,0.00017458212096244097,4.23771263740491e-05,0.00030904844109165043,0.0019093806622549891,0.0005553843220695843,0.0001042831714393718,0.0003183920925948769,0.00020452417666092513,0.00039428239028295236,0.004074069348462217,0.0004402591783597618
30_1,Apple Card adding 3% at Hertz - actually worth it now? Title basically says it. Got the email this m,13,78,0.31180557150107163,0.15384615384615385,0.07875913493640806,0.05568783769589963,0.04653197657294357,0.52637207087798,0.5307295628083057,0.5282215991845498,0.52987340092659,0.6199145913124084,0.3788752853870392,0.3768388330936432,0.7121090888977051,0.6767420768737793,2,11,0.15384615384615385,0.14899195358157158,1.2309316230479224,0.3694045846493381,0.8461538461538461,0.75,neutral,0.46153846153846156,0.5384615384615384,0.15384615384615385,0.0,0.3076923076923077,7.7099797005082005,11.0,0.2687124292402322,1.0,1.0,0.0,0.0,0.0021307790974298348,0.01698586717247963,0.0036865889560431264,2.9534516600576285e-06,1.4319097317638807e-05,6.412325319615779e-06,0.0004398503480423152,0.005041874945163727,0.00016839157615322622,3.7462089004783105e-05,0.00017458212096244097,4.846533265663311e-05,0.0003965880818073996,0.0019093806622549891,0.0013902999344281863,0.00011804984947397876,0.0003183920925948769,0.00020625139004550876,0.0005209471529030615,0.004074069348462217,0.0009141459266781269
30_2,Venture X Business - $30k spend in 3 months realistic for a small business? Looking at the Capital O,14,91,0.30660911968776156,0.07142857142857142,0.07037962732502905,0.04898160481419661,0.041231575715216476,0.5152542564895127,0.532535541516084,0.5225832511435499,0.5215936899185181,0.6340960264205933,0.3610836863517761,0.369733065366745,0.7121090888977051,0.6569548845291138,2,12,0.14285714285714285,0.1407378808196102,1.4003265762311883,0.42024028595938745,1.0,0.7692307692307693,neutral,0.42857142857142855,0.5714285714285714,0.14285714285714285,0.0,0.2857142857142857,16.361976827825107,9.5,0.4958174796310638,1.0,1.0,0.0,0.0,0.002021146102509062,0.01698586717247963,0.003360421280376611,2.8517869249558965e-06,1.4319097317638807e-05,5.857618702975739e-06,0.0004112276298785998,0.005041874945163727,0.00016424242494395,3.6626253729212165e-05,0.00017458212096244097,4.745063160953577e-05,0.0003780780430783385,0.0019093806622549891,0.0012511473323684175,0.00011619954602792859,0.0003183920925948769,0.00020596352114807812,0.0004943548936913496,0.004074069348462217,0.0008351648019583985
31_1,Thinking about pulling the trigger on the Prime Visa — worth it for the 5% back on Amazon? So I alre,14,91,0.3200457777295794,0.2857142857142857,0.07820054743083446,0.052282632873041295,0.04208727083800897,0.5262366864052448,0.5407602118921804,0.5324014700376071,0.5334144234657288,0.6020880937576294,0.3610836863517761,0.369733065366745,0.7121090888977051,0.6569548845291138,2,12,0.14285714285714285,0.1407378808196102,1.4003265762311883,0.42024028595938745,1.0,0.7692307692307693,neutral,0.42857142857142855,0.5714285714285714,0.14285714285714285,0.0,0.2857142857142857,13.109429539729899,9.75,0.3972554405978757,1.0,1.0,0.0,0.0,0.002021146102509062,0.01698586717247963,0.003360421280376611,2.8517869249558965e-06,1.4319097317638807e-05,5.857618702975739e-06,0.0004112276298785998,0.005041874945163727,0.00016424242494395,3.6626253729212165e-05,0.00017458212096244097,4.745063160953577e-05,0.0003780780430783385,0.0019093806622549891,0.0012511473323684175,0.00011619954602792859,0.0003183920925948769,0.00020596352114807812,0.0004943548936913496,0.004074069348462217,0.0008351648019583985
31_2,Capital One Platinum Secured — anyone used this to rebuild credit? Does it actually work? Long story,16,120,0.3175150044262409,0.1875,0.06223651162312176,0.03673679598455432,0.02757518253220559,0.4998037164409955,0.5232659871379535,0.5100777936478456,0.5113196074962616,0.5785032510757446,0.35778364539146423,0.36365675926208496,0.7121090888977051,0.6220158934593201,2,14,0.125,0.12568000587634742,1.3686896376228386,0.41074598916225413,0.9375,0.8,neutral,0.4375,0.5625,0.125,0.0625,0.25,33.40933393155272,33.25,0.5562428125960911,1.0,1.0,0.0,0.0,0.001819422253902303,0.01698586717247963,0.002708085929043591,2.668427519836314e-06,1.4319097317638807e-05,4.748205469695677e-06,0.00036350332584333955,0.005041874945163727,0.0001559441225253977,3.451611610216787e-05,0.00017458212096244097,4.542122951534111e-05,0.00034417379310980323,0.0019093806622549891,0.0009728421282488853,0.00011073922814830439,0.0003183920925948769,0.00020538778335321695,0.00044583719077095907,0.004074069348462217,0.0006772025525189443
32_1,Been eyeing the PayPal Cashback Mastercard — is 3% on PayPal checkout actually worth it? Hey everyon,12,66,0.3013728658358256,0.0,0.04659015909133371,0.03170906629909048,0.026467322877249178,0.495030170137232,0.5113558326706742,0.5014881934180404,0.5032564401626587,0.591282844543457,0.3649839162826538,0.372275173664093,0.6880798935890198,0.6557418704032898,1,11,0.08333333333333333,0.08823443669825792,1.0397207708399179,0.3120218965147642,0.8333333333333334,0.7272727272727273,neutral,0.5,0.5,0.16666666666666666,0.0,0.3333333333333333,26.640612271909635,38.0,0.6243893501228821,1.0,1.0,0.0,0.0,0.0019467669966009755,0.01698586717247963,0.0010724914143793284,3.0350165995211378e-06,1.4319097317638807e-05,6.9521499199254346e-06,0.00046178038716486,0.005041874945163727,0.00012717258941847835,3.7281602089933585e-05,0.00017458212096244097,4.948003370373045e-05,0.000290586660412373,0.0019093806622549891,0.00026919992815237497,0.00011065174294344615,0.0003183920925948769,0.00019515818057698201,0.0004750170676351849,0.004074069348462217,0.00027904793285339716
32_2,Wyndham Rewards Earner Plus Card — is the $75 AF justified for casual hotel stays? (Review after 6 m,11,55,0.3108410510149869,0.09090909090909091,0.06021829173264845,0.03628492501402351,0.028120288565568155,0.5099211140112443,0.5053127613934604,0.506851954351772,0.5106219053268433,0.5582484602928162,0.4054003357887268,0.39558061957359314,0.682113766670227,0.6559844613075256,1,10,0.09090909090909091,0.09429291872815652,0.9949236325717752,0.2985782023683364,0.8181818181818182,0.7,neutral,0.5454545454545454,0.45454545454545453,0.18181818181818182,0.0,0.36363636363636365,19.937505667244462,26.5,0.353729939257563,1.0,1.0,0.0,0.0,0.0020848530111834407,0.01698586717247963,0.0010772475507110357,3.1710193711246988e-06,1.4319097317638807e-05,7.52173855289584e-06,0.0005005184349019229,0.005041874945163727,0.00013519836647901684,3.873078259692358e-05,0.00017458212096244097,5.0494734750827774e-05,0.00030737167253391817,0.0019093806622549891,0.000277079117950052,0.00011452036679574204,0.0003183920925948769,0.00020394843886606395,0.0005081942145638453,0.004074069348462217,0.0002822969289203077
33_1,Just got approved for the Discover it Student Chrome!! 🎉 So I'm a sophomore in college with basicall,17,136,0.33213751281009,0.35294117647058826,0.054210338864393026,0.04038178687825145,0.03508381288734487,0.5001507346682689,0.49869363272891326,0.49836156670661536,0.49652473628520966,0.5893693566322327,0.34991002082824707,0.35084736347198486,0.7121090888977051,0.6120748519897461,2,15,0.11764705882352941,0.11955982205622337,1.334592953237241,0.4005135186516717,0.8823529411764706,0.8125,neutral,0.47058823529411764,0.5294117647058824,0.11764705882352941,0.058823529411764705,0.29411764705882354,20.42218754062935,25.0,0.6266736248929584,1.0,1.0,0.0,0.0,0.001749324266497484,0.01698586717247963,0.0023819182533770813,2.5868218926916597e-06,1.4319097317638807e-05,4.1934988530556455e-06,0.0003443004530067008,0.005041874945163727,0.00015179497131612152,3.3665129462058434e-05,0.00017458212096244097,4.440652846824378e-05,0.0003338943073793095,0.0019093806622549891,0.0008336895261891192,0.00010827629226054448,0.0003183920925948769,0.00020509991445578636,0.00042867454508313145,0.004074069348462217,0.0005982214277992174
33_2,Wells Fargo Reflect Card for balance transfer — is the 21 month 0% APR actually worth it? Throwaway ,20,190,0.3112425163388252,0.05,0.0680202006249803,0.040510171605180625,0.03081958208620724,0.5155815725263796,0.5218482687285072,0.5178749184859427,0.5166983604431152,0.603970468044281,0.3119811713695526,0.29370176792144775,0.7121090888977051,0.5376409292221069,3,17,0.15,0.15124925179407,1.6094379124341003,0.48299493849177877,0.9,0.8421052631578947,neutral,0.4,0.5,0.1,0.05,0.35,22.322354266519472,17.5,0.40402451161121217,1.0,1.0,0.0,0.0,0.0015557224789517932,0.01698586717247963,0.0014034152263775513,2.4245950214663027e-06,1.4319097317638807e-05,2.5293790031355533e-06,0.00029742231454292777,0.005041874945163727,0.00013934751768829306,3.2022549203247766e-05,0.00017458212096244097,4.1362425326951794e-05,0.00029946009781269824,0.0019093806622549891,0.0004162317200098207,0.00010360212909290566,0.0003183920925948769,0.00020423630776349454,0.0003817756941041731,0.004074069348462217,0.00036127805364003613
34_1,Trying to rebuild credit after a rough couple years (divorce + medical debt tanked me to 540). Looki,13,78,0.3144542093460376,0.15384615384615385,0.05988062584757391,0.038499535257505664,0.03105701184695171,0.5191592031564468,0.5234051056397266,0.5199909550257218,0.520550012588501,0.5912783741950989,0.3788752853870392,0.3768388330936432,0.7121090888977051,0.6767420768737793,2,11,0.15384615384615385,0.14899195358157158,1.2309316230479224,0.3694045846493381,0.8461538461538461,0.75,neutral,0.46153846153846156,0.5384615384615384,0.15384615384615385,0.0,0.3076923076923077,22.408261367513386,24.0,0.48551232962945673,1.0,1.0,0.0,0.0,0.0021307790974298348,0.01698586717247963,0.0036865889560431264,2.9534516600576285e-06,1.4319097317638807e-05,6.412325319615779e-06,0.0004398503480423152,0.005041874945163727,0.00016839157615322622,3.7462089004783105e-05,0.00017458212096244097,4.846533265663311e-05,0.0003965880818073996,0.0019093806622549891,0.0013902999344281863,0.00011804984947397876,0.0003183920925948769,0.00020625139004550876,0.0005209471529030615,0.004074069348462217,0.0009141459266781269
34_2,Firstcard secured card - actually kind of perfect for what I need? Review/thoughts after 3 months **,14,91,0.3047175407409668,0.07142857142857142,0.06035421771900255,0.0388165943729621,0.031426270697625214,0.5224402049085596,0.5251840054988861,0.5231685956100841,0.5215577483177185,0.5969048738479614,0.3610836863517761,0.369733065366745,0.7121090888977051,0.6569548845291138,2,12,0.14285714285714285,0.1407378808196102,1.4003265762311883,0.42024028595938745,1.0,0.7692307692307693,neutral,0.42857142857142855,0.5714285714285714,0.14285714285714285,0.0,0.2857142857142857,17.085618728829775,22.75,0.409586750348659,1.0,1.0,0.0,0.0,0.002021146102509062,0.01698586717247963,0.003360421280376611,2.8517869249558965e-06,1.4319097317638807e-05,5.857618702975739e-06,0.0004112276298785998,0.005041874945163727,0.00016424242494395,3.6626253729212165e-05,0.00017458212096244097,4.745063160953577e-05,0.0003780780430783385,0.0019093806622549891,0.0012511473323684175,0.00011619954602792859,0.0003183920925948769,0.00020596352114807812,0.0004943548936913496,0.004074069348462217,0.0008351648019583985
35_1,Looking at the Citi Double Cash® Card as my first real rewards card. The 2% cash back (1% when you b,15,105,0.32956432898839316,0.4,0.07039055254391967,0.04701267332780293,0.03799856202364168,0.5156776859646752,0.5298011771270207,0.5212694105647859,0.5172401666641235,0.6189496517181396,0.35433244705200195,0.35629531741142273,0.7121090888977051,0.6485700607299805,2,13,0.13333333333333333,0.13290595250825088,1.3605138827424867,0.4082924318084403,0.9333333333333333,0.7857142857142857,neutral,0.4666666666666667,0.5333333333333333,0.13333333333333333,0.06666666666666667,0.26666666666666666,17.06145753836211,28.0,0.45864133167640075,1.0,1.0,0.0,0.0,0.001913214756253486,0.01698586717247963,0.0030342536047101008,2.7520908133737977e-06,1.4319097317638807e-05,5.302912086335707e-06,0.00038561977174443504,0.005041874945163727,0.00016009327373467386,3.5565574580687095e-05,0.00017458212096244097,4.643593056243844e-05,0.00035991208957663424,0.0019093806622549891,0.0011119947303086515,0.00011350121106564377,0.0003183920925948769,0.00020567565225064753,0.00046842758233904335,0.004074069348462217,0.0007561836772386715
35_2,"Has anyone used the Chase Slate for a balance transfer recently? I've got about $4,200 in credit car",14,91,0.3183567374944687,0.21428571428571427,0.06312081947560026,0.03960345170946145,0.030879712885423204,0.5020014768118387,0.5218371185627613,0.5099599754417335,0.5111392736434937,0.6127336025238037,0.3610836863517761,0.369733065366745,0.7121090888977051,0.6569548845291138,2,12,0.14285714285714285,0.1407378808196102,1.4003265762311883,0.42024028595938745,1.0,0.7692307692307693,neutral,0.42857142857142855,0.5714285714285714,0.14285714285714285,0.0,0.2857142857142857,27.247167986146856,30.75,0.5576905728158713,1.0,1.0,0.0,0.0,0.002021146102509062,0.01698586717247963,0.003360421280376611,2.8517869249558965e-06,1.4319097317638807e-05,5.857618702975739e-06,0.0004112276298785998,0.005041874945163727,0.00016424242494395,3.6626253729212165e-05,0.00017458212096244097,4.745063160953577e-05,0.0003780780430783385,0.0019093806622549891,0.0012511473323684175,0.00011619954602792859,0.0003183920925948769,0.00020596352114807812,0.0004943548936913496,0.004074069348462217,0.0008351648019583985
36_1,Venture X at 75k miles bonus - is it finally worth pulling the trigger? Been eyeing the Capital One ,20,190,0.31092806309461596,0.1,0.06982144128829097,0.0459287840916805,0.03666265793996178,0.5241327492814315,0.5282045949446528,0.5251725041552594,0.5256102085113525,0.6235665082931519,0.3119811713695526,0.29370176792144775,0.7121090888977051,0.5376409292221069,3,17,0.15,0.15124925179407,1.6094379124341003,0.48299493849177877,0.9,0.8421052631578947,neutral,0.4,0.5,0.1,0.05,0.35,14.338409953687334,18.0,0.34886642223083536,1.0,1.0,0.0,0.0,0.0015557224789517932,0.01698586717247963,0.0014034152263775513,2.4245950214663027e-06,1.4319097317638807e-05,2.5293790031355533e-06,0.00029742231454292777,0.005041874945163727,0.00013934751768829306,3.2022549203247766e-05,0.00017458212096244097,4.1362425326951794e-05,0.00029946009781269824,0.0019093806622549891,0.0004162317200098207,0.00010360212909290566,0.0003183920925948769,0.00020423630776349454,0.0003817756941041731,0.004074069348462217,0.00036127805364003613
36_2,BankAmericard vs. other no-annual-fee balance transfer cards — is it still competitive in 2024? Look,20,190,0.32245381623506547,0.15,0.05095327848290364,0.0339504436777291,0.027642604646889352,0.496615553059076,0.5160035757642043,0.5040899077528401,0.5021662414073944,0.6218223571777344,0.3119811713695526,0.29370176792144775,0.7121090888977051,0.5376409292221069,3,17,0.15,0.15124925179407,1.6094379124341003,0.48299493849177877,0.9,0.8421052631578947,neutral,0.4,0.5,0.1,0.05,0.35,32.85939743817589,36.0,0.7081766689262046,1.0,1.0,0.0,0.0,0.0015557224789517932,0.01698586717247963,0.0014034152263775513,2.4245950214663027e-06,1.4319097317638807e-05,2.5293790031355533e-06,0.00029742231454292777,0.005041874945163727,0.00013934751768829306,3.2022549203247766e-05,0.00017458212096244097,4.1362425326951794e-05,0.00029946009781269824,0.0019093806622549891,0.0004162317200098207,0.00010360212909290566,0.0003183920925948769,0.00020423630776349454,0.0003817756941041731,0.004074069348462217,0.00036127805364003613
37_1,First credit card — Quicksilver Student vs Discover it Student? Help me decide. Hey everyone. I'm a ,16,120,0.304279895266518,0.1875,0.06958621018159329,0.04731090623718577,0.038607806997292334,0.5054034473995368,0.5207443803548812,0.511902455240488,0.5127231180667877,0.6407269835472107,0.35778364539146423,0.36365675926208496,0.7121090888977051,0.6220158934593201,2,14,0.125,0.12568000587634742,1.3686896376228386,0.41074598916225413,0.9375,0.8,neutral,0.4375,0.5625,0.125,0.0625,0.25,18.770717720694645,19.0,0.5411378081641699,1.0,1.0,0.0,0.0,0.001819422253902303,0.01698586717247963,0.002708085929043591,2.668427519836314e-06,1.4319097317638807e-05,4.748205469695677e-06,0.00036350332584333955,0.005041874945163727,0.0001559441225253977,3.451611610216787e-05,0.00017458212096244097,4.542122951534111e-05,0.00034417379310980323,0.0019093806622549891,0.0009728421282488853,0.00011073922814830439,0.0003183920925948769,0.00020538778335321695,0.00044583719077095907,0.004074069348462217,0.0006772025525189443
37_2,6 months into my Discover it Student card — mini review + is it worth keeping long term? **TL;DR: Di,16,120,0.3115800602827221,0.1875,0.07244293584319852,0.0471392463910646,0.03695732409341234,0.49746894066532454,0.5112634152173996,0.5033259131014347,0.50125452876091,0.5879614949226379,0.35778364539146423,0.36365675926208496,0.7121090888977051,0.6220158934593201,2,14,0.125,0.12568000587634742,1.3686896376228386,0.41074598916225413,0.9375,0.8,neutral,0.4375,0.5625,0.125,0.0625,0.25,22.302518775914077,21.75,0.5286522969105559,1.0,1.0,0.0,0.0,0.001819422253902303,0.01698586717247963,0.002708085929043591,2.668427519836314e-06,1.4319097317638807e-05,4.748205469695677e-06,0.00036350332584333955,0.005041874945163727,0.0001559441225253977,3.451611610216787e-05,0.00017458212096244097,4.542122951534111e-05,0.00034417379310980323,0.0019093806622549891,0.0009728421282488853,0.00011073922814830439,0.0003183920925948769,0.00020538778335321695,0.00044583719077095907,0.004074069348462217,0.0006772025525189443
38_1,"Pulled the trigger on the Marriott Bonvoy Boundless — worth it in 2024? Hey all, long time lurker he",18,153,0.31002702646785313,0.1111111111111111,0.05517729412752639,0.03945088731697875,0.03339450170422958,0.48542534409005655,0.4917628913143881,0.4876975652828715,0.49246934056282043,0.5795765519142151,0.3434210419654846,0.32965725660324097,0.7121090888977051,0.5916843414306641,2,16,0.1111111111111111,0.11427675280719995,1.4750080554560212,0.4426523194935796,0.8888888888888888,0.8235294117647058,neutral,0.4444444444444444,0.5,0.1111111111111111,0.05555555555555555,0.3333333333333333,16.739194045232605,10.0,0.4883395345448734,1.0,1.0,0.0,0.0,0.0016720959861736952,0.01698586717247963,0.0020557505777105715,2.5186865476219586e-06,1.4319097317638807e-05,3.638792236415615e-06,0.000326614260605614,0.005041874945163727,0.00014764582010684538,3.2799550859231706e-05,0.00017458212096244097,4.3391827421146456e-05,0.00032075326089398004,0.0019093806622549891,0.0006945369241293531,0.00010615570742326479,0.0003183920925948769,0.00020481204555835577,0.0004101562420839013,0.004074069348462217,0.0005192403030794902
38_2,DCU Visa Platinum Secured — the most underrated rebuild card? Been rebuilding my credit after a roug,17,136,0.3314959950306836,0.29411764705882354,0.06626550219224896,0.04295194223998902,0.03413264787257496,0.5204657079542384,0.522246377871317,0.5199893579325255,0.5210554599761963,0.6016554236412048,0.34991002082824707,0.35084736347198486,0.7121090888977051,0.6120748519897461,2,15,0.11764705882352941,0.11955982205622337,1.334592953237241,0.4005135186516717,0.8823529411764706,0.8125,neutral,0.47058823529411764,0.5294117647058824,0.11764705882352941,0.058823529411764705,0.29411764705882354,19.953059100650417,33.0,0.4704604781013274,1.0,1.0,0.0,0.0,0.001749324266497484,0.01698586717247963,0.0023819182533770813,2.5868218926916597e-06,1.4319097317638807e-05,4.1934988530556455e-06,0.0003443004530067008,0.005041874945163727,0.00015179497131612152,3.3665129462058434e-05,0.00017458212096244097,4.440652846824378e-05,0.0003338943073793095,0.0019093806622549891,0.0008336895261891192,0.00010827629226054448,0.0003183920925948769,0.00020509991445578636,0.00042867454508313145,0.004074069348462217,0.0005982214277992174
39_1,6 months into the Self Visa secured card — here's my honest review (and some things I wish I knew go,19,171,0.3298402271772686,0.3157894736842105,0.05818900957215622,0.04177450775296282,0.03560167218403713,0.5206919615728813,0.5068091837286252,0.5105319521580524,0.5102486610412598,0.6102882623672485,0.3310185372829437,0.3201761841773987,0.7121090888977051,0.5569981932640076,3,16,0.15789473684210525,0.15733224398603565,1.485181756934977,0.4457054638752913,0.8947368421052632,0.8333333333333334,neutral,0.42105263157894735,0.47368421052631576,0.10526315789473684,0.05263157894736842,0.3684210526315789,19.11069953102442,26.5,0.5828303227760256,1.0,1.0,0.0,0.0,0.0016068161578579364,0.01698586717247963,0.0017295829020440555,2.4622015165445383e-06,1.4319097317638807e-05,3.0840856197755746e-06,0.0003110891970879349,0.005041874945163727,0.00014349666889756915,3.1995172704275896e-05,0.00017458212096244097,4.23771263740491e-05,0.00030904844109165043,0.0019093806622549891,0.0005553843220695843,0.0001042831714393718,0.0003183920925948769,0.00020452417666092513,0.00039428239028295236,0.004074069348462217,0.0004402591783597618
39_2,Is the Best Western Rewards® Premium Visa Signature® Card worth it? Looking at the sign-up bonus but,19,171,0.31274473510290446,0.15789473684210525,0.06443514912858393,0.04195628005892529,0.03376559316512396,0.512149636334146,0.5191642842446155,0.51437398442748,0.5079454779624939,0.6086401343345642,0.3310185372829437,0.3201761841773987,0.7121090888977051,0.5569981932640076,3,16,0.15789473684210525,0.15733224398603565,1.485181756934977,0.4457054638752913,0.8947368421052632,0.8333333333333334,neutral,0.42105263157894735,0.47368421052631576,0.10526315789473684,0.05263157894736842,0.3684210526315789,23.968354020663035,18.5,0.5421413409435687,1.0,1.0,0.0,0.0,0.0016068161578579364,0.01698586717247963,0.0017295829020440555,2.4622015165445383e-06,1.4319097317638807e-05,3.0840856197755746e-06,0.0003110891970879349,0.005041874945163727,0.00014349666889756915,3.1995172704275896e-05,0.00017458212096244097,4.23771263740491e-05,0.00030904844109165043,0.0019093806622549891,0.0005553843220695843,0.0001042831714393718,0.0003183920925948769,0.00020452417666092513,0.00039428239028295236,0.004074069348462217,0.0004402591783597618
3_1,Thinking about getting the Marriott Bonvoy Boundless card for an upcoming trip — worth it in 2025? H,16,120,0.3097647111862898,0.1875,0.06197199165011705,0.04477623276578018,0.03845026230114871,0.48225431765119237,0.512828070918719,0.49547170077761016,0.4937482178211212,0.6569043397903442,0.35778364539146423,0.36365675926208496,0.7121090888977051,0.6220158934593201,2,14,0.125,0.12568000587634742,1.3686896376228386,0.41074598916225413,0.9375,0.8,neutral,0.4375,0.5625,0.125,0.0625,0.25,16.05739218397558,26.25,0.5128109280311562,1.0,1.0,0.0,0.0,0.001819422253902303,0.01698586717247963,0.002708085929043591,2.668427519836314e-06,1.4319097317638807e-05,4.748205469695677e-06,0.00036350332584333955,0.005041874945163727,0.0001559441225253977,3.451611610216787e-05,0.00017458212096244097,4.542122951534111e-05,0.00034417379310980323,0.0019093806622549891,0.0009728421282488853,0.00011073922814830439,0.0003183920925948769,0.00020538778335321695,0.00044583719077095907,0.004074069348462217,0.0006772025525189443
3_2,Discover it Cash Back approved! 18 month BT offer — what should I know? So I just got approved for t,19,171,0.3216197537748437,0.10526315789473684,0.060999433954425565,0.04294089067377,0.03623192020765264,0.4949925390251896,0.5158429313124272,0.5039886056679731,0.5023788809776306,0.6218067407608032,0.3310185372829437,0.3201761841773987,0.7121090888977051,0.5569981932640076,3,16,0.15789473684210525,0.15733224398603565,1.485181756934977,0.4457054638752913,0.8947368421052632,0.8333333333333334,neutral,0.42105263157894735,0.47368421052631576,0.10526315789473684,0.05263157894736842,0.3684210526315789,22.92840839128047,9.0,0.6170534836180297,1.0,1.0,0.0,0.0,0.0016068161578579364,0.01698586717247963,0.0017295829020440555,2.4622015165445383e-06,1.4319097317638807e-05,3.0840856197755746e-06,0.0003110891970879349,0.005041874945163727,0.00014349666889756915,3.1995172704275896e-05,0.00017458212096244097,4.23771263740491e-05,0.00030904844109165043,0.0019093806622549891,0.0005553843220695843,0.0001042831714393718,0.0003183920925948769,0.00020452417666092513,0.00039428239028295236,0.004074069348462217,0.0004402591783597618
40_1,First credit card — Capital One Quicksilver Student vs. OpenSky Secured? Help me decide. Title basic,16,120,0.30282748490571976,0.125,0.0637332324225222,0.04112695299230569,0.03276838914313855,0.5161719736953576,0.5219512311120827,0.5176783867180348,0.5129126906394958,0.5942144989967346,0.35778364539146423,0.36365675926208496,0.7121090888977051,0.6220158934593201,2,14,0.125,0.12568000587634742,1.3686896376228386,0.41074598916225413,0.9375,0.8,neutral,0.4375,0.5625,0.125,0.0625,0.25,17.153261351708018,21.75,0.41965165386441633,1.0,1.0,0.0,0.0,0.001819422253902303,0.01698586717247963,0.002708085929043591,2.668427519836314e-06,1.4319097317638807e-05,4.748205469695677e-06,0.00036350332584333955,0.005041874945163727,0.0001559441225253977,3.451611610216787e-05,0.00017458212096244097,4.542122951534111e-05,0.00034417379310980323,0.0019093806622549891,0.0009728421282488853,0.00011073922814830439,0.0003183920925948769,0.00020538778335321695,0.00044583719077095907,0.004074069348462217,0.0006772025525189443
40_2,6 months in with OpenSky Secured Visa — honest review Figured I'd give back to this community since ,16,120,0.32960803993046284,0.3125,0.059610835455580165,0.03762669388309124,0.029995457246452754,0.5158292834957441,0.5016506726543108,0.5076915907363097,0.5085029900074005,0.6056075692176819,0.35778364539146423,0.36365675926208496,0.7121090888977051,0.6220158934593201,2,14,0.125,0.12568000587634742,1.3686896376228386,0.41074598916225413,0.9375,0.8,neutral,0.4375,0.5625,0.125,0.0625,0.25,19.50921256740005,24.25,0.4184281515796257,1.0,1.0,0.0,0.0,0.001819422253902303,0.01698586717247963,0.002708085929043591,2.668427519836314e-06,1.4319097317638807e-05,4.748205469695677e-06,0.00036350332584333955,0.005041874945163727,0.0001559441225253977,3.451611610216787e-05,0.00017458212096244097,4.542122951534111e-05,0.00034417379310980323,0.0019093806622549891,0.0009728421282488853,0.00011073922814830439,0.0003183920925948769,0.00020538778335321695,0.00044583719077095907,0.004074069348462217,0.0006772025525189443
42_1,Southwest Rapid Rewards Priority Card - worth it for the companion pass grind? I've been looking at ,16,120,0.31537118926644325,0.1875,0.059151250053907284,0.04155629482804634,0.03475505467607342,0.4716138576467832,0.49083926851550735,0.4799526403347651,0.4900830090045929,0.5919643640518188,0.35778364539146423,0.36365675926208496,0.7121090888977051,0.6220158934593201,2,14,0.125,0.12568000587634742,1.3686896376228386,0.41074598916225413,0.9375,0.8,neutral,0.4375,0.5625,0.125,0.0625,0.25,18.889377802087605,21.5,0.5713233361690013,1.0,1.0,0.0,0.0,0.001819422253902303,0.01698586717247963,0.002708085929043591,2.668427519836314e-06,1.4319097317638807e-05,4.748205469695677e-06,0.00036350332584333955,0.005041874945163727,0.0001559441225253977,3.451611610216787e-05,0.00017458212096244097,4.542122951534111e-05,0.00034417379310980323,0.0019093806622549891,0.0009728421282488853,0.00011073922814830439,0.0003183920925948769,0.00020538778335321695,0.00044583719077095907,0.004074069348462217,0.0006772025525189443
42_2,"Delta SkyMiles Gold Amex - first year AF waived, is this a no-brainer? Looking at the Delta SkyMiles",17,136,0.32587125371484194,0.23529411764705882,0.06383440930661533,0.042386479557313714,0.03443496923235589,0.5023434983895105,0.5313173514955184,0.5145995621295536,0.5170613527297974,0.6023417115211487,0.34991002082824707,0.35084736347198486,0.7121090888977051,0.6120748519897461,2,15,0.11764705882352941,0.11955982205622337,1.334592953237241,0.4005135186516717,0.8823529411764706,0.8125,neutral,0.47058823529411764,0.5294117647058824,0.11764705882352941,0.058823529411764705,0.29411764705882354,26.38351692625386,15.0,0.6389170765617032,1.0,1.0,0.0,0.0,0.001749324266497484,0.01698586717247963,0.0023819182533770813,2.5868218926916597e-06,1.4319097317638807e-05,4.1934988530556455e-06,0.0003443004530067008,0.005041874945163727,0.00015179497131612152,3.3665129462058434e-05,0.00017458212096244097,4.440652846824378e-05,0.0003338943073793095,0.0019093806622549891,0.0008336895261891192,0.00010827629226054448,0.0003183920925948769,0.00020509991445578636,0.00042867454508313145,0.004074069348462217,0.0005982214277992174
43_1,Capital One VentureOne vs. keeping my old card — is 1.25x miles actually worth switching? I've been ,13,78,0.3009674365703876,0.07692307692307693,0.060212240706623225,0.04050577765242922,0.03339026116667314,0.5113637886750393,0.5326224003846829,0.5204175924643492,0.5186483860015869,0.6052601337432861,0.3788752853870392,0.3768388330936432,0.7121090888977051,0.6767420768737793,2,11,0.15384615384615385,0.14899195358157158,1.2309316230479224,0.3694045846493381,0.8461538461538461,0.75,neutral,0.46153846153846156,0.5384615384615384,0.15384615384615385,0.0,0.3076923076923077,21.45340347614008,29.0,0.5726781215396736,1.0,1.0,0.0,0.0,0.0021307790974298348,0.01698586717247963,0.0036865889560431264,2.9534516600576285e-06,1.4319097317638807e-05,6.412325319615779e-06,0.0004398503480423152,0.005041874945163727,0.00016839157615322622,3.7462089004783105e-05,0.00017458212096244097,4.846533265663311e-05,0.0003965880818073996,0.0019093806622549891,0.0013902999344281863,0.00011804984947397876,0.0003183920925948769,0.00020625139004550876,0.0005209471529030615,0.004074069348462217,0.0009141459266781269
43_2,JetBlue Plus Card — is the $99 annual fee worth it if I fly JetBlue 3-4 times a year? Got an offer f,16,120,0.3171045104662577,0.06666666666666667,0.05256744160148344,0.03535296612712155,0.028944035550583953,0.46774925937255224,0.4919625798861186,0.4776681030790011,0.4953496605157852,0.5958316922187805,0.35778364539146423,0.36365675926208496,0.7121090888977051,0.6220158934593201,2,14,0.125,0.12568000587634742,1.3686896376228386,0.41074598916225413,0.9375,0.8,neutral,0.4375,0.5625,0.125,0.0625,0.25,23.91382641381341,33.0,0.6063727775293416,1.0,1.0,0.0,0.0,0.001819422253902303,0.01698586717247963,0.002708085929043591,2.668427519836314e-06,1.4319097317638807e-05,4.748205469695677e-06,0.00036350332584333955,0.005041874945163727,0.0001559441225253977,3.451611610216787e-05,0.00017458212096244097,4.542122951534111e-05,0.00034417379310980323,0.0019093806622549891,0.0009728421282488853,0.00011073922814830439,0.0003183920925948769,0.00020538778335321695,0.00044583719077095907,0.004074069348462217,0.0006772025525189443
44_1,Finally pulled the trigger on the Blue Cash Preferred — is the annual fee actually worth it? Long ti,15,105,0.31824369231859845,0.2,0.0655033587883054,0.04745703883383879,0.04101601016901388,0.4973957152593704,0.5062275582835788,0.5007530206725711,0.505814254283905,0.6103570461273193,0.35433244705200195,0.35629531741142273,0.7121090888977051,0.6485700607299805,2,13,0.13333333333333333,0.13290595250825088,1.3605138827424867,0.4082924318084403,0.9333333333333333,0.7857142857142857,neutral,0.4666666666666667,0.5333333333333333,0.13333333333333333,0.06666666666666667,0.26666666666666666,13.830722645215936,13.5,0.48246706901916053,1.0,1.0,0.0,0.0,0.001913214756253486,0.01698586717247963,0.0030342536047101008,2.7520908133737977e-06,1.4319097317638807e-05,5.302912086335707e-06,0.00038561977174443504,0.005041874945163727,0.00016009327373467386,3.5565574580687095e-05,0.00017458212096244097,4.643593056243844e-05,0.00035991208957663424,0.0019093806622549891,0.0011119947303086515,0.00011350121106564377,0.0003183920925948769,0.00020567565225064753,0.00046842758233904335,0.004074069348462217,0.0007561836772386715
44_2,"Wells Fargo Active Cash vs just... anything else? Need a simple everyday card. Hey everyone, 24M, bu",15,105,0.30218096971511843,0.0,0.05944853305097313,0.039824192043106124,0.0318658441315209,0.5151242488906497,0.5311495238826388,0.5207139372825622,0.5236455798149109,0.6442028880119324,0.35433244705200195,0.35629531741142273,0.7121090888977051,0.6485700607299805,2,13,0.13333333333333333,0.13290595250825088,1.3605138827424867,0.4082924318084403,0.9333333333333333,0.7857142857142857,neutral,0.4666666666666667,0.5333333333333333,0.13333333333333333,0.06666666666666667,0.26666666666666666,21.318745012051927,33.0,0.5285639259186428,1.0,1.0,0.0,0.0,0.001913214756253486,0.01698586717247963,0.0030342536047101008,2.7520908133737977e-06,1.4319097317638807e-05,5.302912086335707e-06,0.00038561977174443504,0.005041874945163727,0.00016009327373467386,3.5565574580687095e-05,0.00017458212096244097,4.643593056243844e-05,0.00035991208957663424,0.0019093806622549891,0.0011119947303086515,0.00011350121106564377,0.0003183920925948769,0.00020567565225064753,0.00046842758233904335,0.004074069348462217,0.0007561836772386715
45_1,Just got pre-approved for the Capital One Quicksilver Student card — is this actually good or am I g,12,66,0.3137504607439041,0.16666666666666666,0.06216579159031223,0.04039446616123466,0.03229405645548821,0.5051752866217585,0.5167235041206534,0.5095896156448306,0.5087099671363831,0.5870134234428406,0.3649839162826538,0.372275173664093,0.6880798935890198,0.6557418704032898,1,11,0.08333333333333333,0.08823443669825792,1.0397207708399179,0.3120218965147642,0.8333333333333334,0.7272727272727273,neutral,0.5,0.5,0.16666666666666666,0.0,0.3333333333333333,20.0700163317212,30.25,0.4875307610944421,1.0,1.0,0.0,0.0,0.0019467669966009755,0.01698586717247963,0.0010724914143793284,3.0350165995211378e-06,1.4319097317638807e-05,6.9521499199254346e-06,0.00046178038716486,0.005041874945163727,0.00012717258941847835,3.7281602089933585e-05,0.00017458212096244097,4.948003370373045e-05,0.000290586660412373,0.0019093806622549891,0.00026919992815237497,0.00011065174294344615,0.0003183920925948769,0.00019515818057698201,0.0004750170676351849,0.004074069348462217,0.00027904793285339716
45_2,Venture X at $395/yr — is it still worth it in 2024 or has the hype died down? Been looking at the V,17,136,0.3039716271793141,0.11764705882352941,0.054031821667589214,0.03378124078404318,0.026028341775996198,0.4768427673946409,0.4973481021383229,0.48516419705222635,0.49485887587070465,0.5875535011291504,0.34991002082824707,0.35084736347198486,0.7121090888977051,0.6120748519897461,2,15,0.11764705882352941,0.11955982205622337,1.334592953237241,0.4005135186516717,0.8823529411764706,0.8125,neutral,0.47058823529411764,0.5294117647058824,0.11764705882352941,0.058823529411764705,0.29411764705882354,34.75709083513462,53.0,0.6676503324263147,1.0,1.0,0.0,0.0,0.001749324266497484,0.01698586717247963,0.0023819182533770813,2.5868218926916597e-06,1.4319097317638807e-05,4.1934988530556455e-06,0.0003443004530067008,0.005041874945163727,0.00015179497131612152,3.3665129462058434e-05,0.00017458212096244097,4.440652846824378e-05,0.0003338943073793095,0.0019093806622549891,0.0008336895261891192,0.00010827629226054448,0.0003183920925948769,0.00020509991445578636,0.00042867454508313145,0.004074069348462217,0.0005982214277992174
46_1,Finally got approved for the DCU Visa® Platinum Secured Card — some thoughts for anyone in rebuildin,14,91,0.31894328764506746,0.07142857142857142,0.06539621869234584,0.04891517928468651,0.0424220761492644,0.49695519169608315,0.5052636007031241,0.5000740577886392,0.4938971698284149,0.5760915875434875,0.3610836863517761,0.369733065366745,0.7121090888977051,0.6569548845291138,2,12,0.14285714285714285,0.1407378808196102,1.4003265762311883,0.42024028595938745,1.0,0.7692307692307693,neutral,0.42857142857142855,0.5714285714285714,0.14285714285714285,0.0,0.2857142857142857,9.904647435235972,8.75,0.37275554863791294,1.0,1.0,0.0,0.0,0.002021146102509062,0.01698586717247963,0.003360421280376611,2.8517869249558965e-06,1.4319097317638807e-05,5.857618702975739e-06,0.0004112276298785998,0.005041874945163727,0.00016424242494395,3.6626253729212165e-05,0.00017458212096244097,4.745063160953577e-05,0.0003780780430783385,0.0019093806622549891,0.0012511473323684175,0.00011619954602792859,0.0003183920925948769,0.00020596352114807812,0.0004943548936913496,0.004074069348462217,0.0008351648019583985
46_2,Venture X 1-year update: Is it still worth keeping after the first year? (Math inside) So my Venture,22,231,0.3192270967093381,0.2727272727272727,0.06270535370471153,0.042424886173000984,0.03458909810494905,0.5080204373830325,0.5113793205131184,0.5082841783890992,0.5104003548622131,0.6247960925102234,0.27698996663093567,0.2668473422527313,0.7121090888977051,0.5147377848625183,4,18,0.18181818181818182,0.18119282893497834,1.654033648757923,0.49637819158673296,0.8636363636363636,0.8095238095238095,neutral,0.36363636363636365,0.45454545454545453,0.13636363636363635,0.045454545454545456,0.36363636363636365,18.04333626220701,24.75,0.47825710574524605,1.0,1.0,0.0,0.0,0.0014527307648677379,0.01698586717247963,0.0010724914143793284,2.3248545372470373e-06,1.4319097317638807e-05,1.9597903701651374e-06,0.0002730876851108571,0.005041874945163727,0.00012717258941847819,3.092976757298774e-05,0.00017458212096244097,4.0275745050166734e-05,0.000282305274925999,0.0019093806622549891,0.00026919992815237486,0.00010118343197973445,0.0003183920925948769,0.00019515818057698185,0.0003570936298324272,0.004074069348462217,0.0002790479328533971
47_1,"Hey everyone, Got a mailer from BoA about their Customized Cash Rewards card. 6% cash back in a cate",15,105,0.3173972129821777,0.2,0.06085834882623996,0.04018582107710832,0.03228766934711115,0.4961345297949655,0.5172872807298388,0.5030763367811839,0.5080609917640686,0.6127362847328186,0.35433244705200195,0.35629531741142273,0.7121090888977051,0.6485700607299805,2,13,0.13333333333333333,0.13290595250825088,1.3605138827424867,0.4082924318084403,0.9333333333333333,0.7857142857142857,neutral,0.4666666666666667,0.5333333333333333,0.13333333333333333,0.06666666666666667,0.26666666666666666,22.400793636734292,32.0,0.545473871024374,1.0,1.0,0.0,0.0,0.001913214756253486,0.01698586717247963,0.0030342536047101008,2.7520908133737977e-06,1.4319097317638807e-05,5.302912086335707e-06,0.00038561977174443504,0.005041874945163727,0.00016009327373467386,3.5565574580687095e-05,0.00017458212096244097,4.643593056243844e-05,0.00035991208957663424,0.0019093806622549891,0.0011119947303086515,0.00011350121106564377,0.0003183920925948769,0.00020567565225064753,0.00046842758233904335,0.004074069348462217,0.0007561836772386715
47_2,"Looking at the IHG One Rewards Premier card. The current sign-up bonus is 140,000 points after spend",17,136,0.3102992808117586,0.058823529411764705,0.0639332261450928,0.038684274428543504,0.028839314990836067,0.5019344450796351,0.5256308786132756,0.5115585156223353,0.5152466893196106,0.5930175185203552,0.34991002082824707,0.35084736347198486,0.7121090888977051,0.6120748519897461,2,15,0.11764705882352941,0.11955982205622337,1.334592953237241,0.4005135186516717,0.8823529411764706,0.8125,neutral,0.47058823529411764,0.5294117647058824,0.11764705882352941,0.058823529411764705,0.29411764705882354,27.19441729803988,35.0,0.49076973892428655,1.0,1.0,0.0,0.0,0.001749324266497484,0.01698586717247963,0.0023819182533770813,2.5868218926916597e-06,1.4319097317638807e-05,4.1934988530556455e-06,0.0003443004530067008,0.005041874945163727,0.00015179497131612152,3.3665129462058434e-05,0.00017458212096244097,4.440652846824378e-05,0.0003338943073793095,0.0019093806622549891,0.0008336895261891192,0.00010827629226054448,0.0003183920925948769,0.00020509991445578636,0.00042867454508313145,0.004074069348462217,0.0005982214277992174
48_1,Aeroplan® Credit Card from Chase — is anyone else seeing this? What's the deal? I was browsing Chase,16,120,0.30847817473113537,0.125,0.05969019256638054,0.04132154496095961,0.03457234668222141,0.5180026118954023,0.5228864759206772,0.5193467549979687,0.5178082883358002,0.5895013809204102,0.35778364539146423,0.36365675926208496,0.7121090888977051,0.6220158934593201,2,14,0.125,0.12568000587634742,1.3686896376228386,0.41074598916225413,0.9375,0.8,neutral,0.4375,0.5625,0.125,0.0625,0.25,22.110429524321773,16.25,0.5733660816679876,1.0,1.0,0.0,0.0,0.001819422253902303,0.01698586717247963,0.002708085929043591,2.668427519836314e-06,1.4319097317638807e-05,4.748205469695677e-06,0.00036350332584333955,0.005041874945163727,0.0001559441225253977,3.451611610216787e-05,0.00017458212096244097,4.542122951534111e-05,0.00034417379310980323,0.0019093806622549891,0.0009728421282488853,0.00011073922814830439,0.0003183920925948769,0.00020538778335321695,0.00044583719077095907,0.004074069348462217,0.0006772025525189443
48_2,College student here — Bank of America Travel Rewards for Students vs. just getting a regular travel,16,120,0.3224165178835392,0.0625,0.06025939009346095,0.03632670064464268,0.027665196807413178,0.5208169969419638,0.5219854945937793,0.5200295714040597,0.5167843699455261,0.5909136533737183,0.35778364539146423,0.36365675926208496,0.7121090888977051,0.6220158934593201,2,14,0.125,0.12568000587634742,1.3686896376228386,0.41074598916225413,0.9375,0.8,neutral,0.4375,0.5625,0.125,0.0625,0.25,29.63785322438182,34.0,0.5126547584757937,1.0,1.0,0.0,0.0,0.001819422253902303,0.01698586717247963,0.002708085929043591,2.668427519836314e-06,1.4319097317638807e-05,4.748205469695677e-06,0.00036350332584333955,0.005041874945163727,0.0001559441225253977,3.451611610216787e-05,0.00017458212096244097,4.542122951534111e-05,0.00034417379310980323,0.0019093806622549891,0.0009728421282488853,0.00011073922814830439,0.0003183920925948769,0.00020538778335321695,0.00044583719077095907,0.004074069348462217,0.0006772025525189443
49_1,Thinking about applying for the BofA Customized Cash Rewards card — is the 6% first year actually wo,15,105,0.3043172260125478,0.06666666666666667,0.06454774702535884,0.044506217322840914,0.037039679770009284,0.5188760365758623,0.5240245495523725,0.519700954357783,0.5189167261123657,0.6038646101951599,0.35433244705200195,0.35629531741142273,0.7121090888977051,0.6485700607299805,2,13,0.13333333333333333,0.13290595250825088,1.3605138827424867,0.4082924318084403,0.9333333333333333,0.7857142857142857,neutral,0.4666666666666667,0.5333333333333333,0.13333333333333333,0.06666666666666667,0.26666666666666666,16.443303263706543,20.5,0.4817374003039026,1.0,1.0,0.0,0.0,0.001913214756253486,0.01698586717247963,0.0030342536047101008,2.7520908133737977e-06,1.4319097317638807e-05,5.302912086335707e-06,0.00038561977174443504,0.005041874945163727,0.00016009327373467386,3.5565574580687095e-05,0.00017458212096244097,4.643593056243844e-05,0.00035991208957663424,0.0019093806622549891,0.0011119947303086515,0.00011350121106564377,0.0003183920925948769,0.00020567565225064753,0.00046842758233904335,0.004074069348462217,0.0007561836772386715
49_2,Capital One Venture Rewards — 75K miles + $250 travel credit. Tempting but $95 annual fee. Worth it ,17,136,0.31958439244943504,0.23529411764705882,0.062191049189885,0.04081848113075575,0.03261018695232661,0.5065969182726215,0.5153298658483169,0.5086941570043564,0.5108932256698608,0.6487556099891663,0.34991002082824707,0.35084736347198486,0.7121090888977051,0.6120748519897461,2,15,0.11764705882352941,0.11955982205622337,1.334592953237241,0.4005135186516717,0.8823529411764706,0.8125,neutral,0.47058823529411764,0.5294117647058824,0.11764705882352941,0.058823529411764705,0.29411764705882354,23.83492828242564,25.0,0.5830126342463825,1.0,1.0,0.0,0.0,0.001749324266497484,0.01698586717247963,0.0023819182533770813,2.5868218926916597e-06,1.4319097317638807e-05,4.1934988530556455e-06,0.0003443004530067008,0.005041874945163727,0.00015179497131612152,3.3665129462058434e-05,0.00017458212096244097,4.440652846824378e-05,0.0003338943073793095,0.0019093806622549891,0.0008336895261891192,0.00010827629226054448,0.0003183920925948769,0.00020509991445578636,0.00042867454508313145,0.004074069348462217,0.0005982214277992174
4_1,Title: Apple Card just added 3% Daily Cash at Hertz. Worth it? Just saw this in my Apple Wallet noti,15,105,0.3174473981062571,0.13333333333333333,0.0742953386734662,0.04594977937501427,0.0353682649401215,0.5162969092528026,0.521244459208988,0.5176386146318345,0.5160694122314453,0.600877583026886,0.35433244705200195,0.35629531741142273,0.7121090888977051,0.6485700607299805,2,13,0.13333333333333333,0.13290595250825088,1.3605138827424867,0.4082924318084403,0.9333333333333333,0.7857142857142857,neutral,0.4666666666666667,0.5333333333333333,0.13333333333333333,0.06666666666666667,0.26666666666666666,21.481154531356083,18.5,0.47107795024903687,1.0,1.0,0.0,0.0,0.001913214756253486,0.01698586717247963,0.0030342536047101008,2.7520908133737977e-06,1.4319097317638807e-05,5.302912086335707e-06,0.00038561977174443504,0.005041874945163727,0.00016009327373467386,3.5565574580687095e-05,0.00017458212096244097,4.643593056243844e-05,0.00035991208957663424,0.0019093806622549891,0.0011119947303086515,0.00011350121106564377,0.0003183920925948769,0.00020567565225064753,0.00046842758233904335,0.004074069348462217,0.0007561836772386715
4_2,Title: Confused about the Atmos Rewards Ascent Visa Signature card page... So I was looking at the A,16,120,0.3121561426669359,0.0625,0.06197737127928156,0.038256498626623205,0.02936898836536607,0.5045046024024487,0.5223348433772723,0.5123054583867391,0.5103693902492523,0.6036657094955444,0.35778364539146423,0.36365675926208496,0.7121090888977051,0.6220158934593201,2,14,0.125,0.12568000587634742,1.3686896376228386,0.41074598916225413,0.9375,0.8,neutral,0.4375,0.5625,0.125,0.0625,0.25,24.95988969827391,29.0,0.4840705880877364,1.0,1.0,0.0,0.0,0.001819422253902303,0.01698586717247963,0.002708085929043591,2.668427519836314e-06,1.4319097317638807e-05,4.748205469695677e-06,0.00036350332584333955,0.005041874945163727,0.0001559441225253977,3.451611610216787e-05,0.00017458212096244097,4.542122951534111e-05,0.00034417379310980323,0.0019093806622549891,0.0009728421282488853,0.00011073922814830439,0.0003183920925948769,0.00020538778335321695,0.00044583719077095907,0.004074069348462217,0.0006772025525189443
50_1,Thinking about pulling the trigger on the Discover it® Cash Back 18-month balance transfer offer — w,15,105,0.3177378296852112,0.06666666666666667,0.058953209894438224,0.03755957427278,0.02983696389245989,0.5298232504299709,0.5446801741917928,0.5362923971244267,0.537467896938324,0.6042557954788208,0.35433244705200195,0.35629531741142273,0.7121090888977051,0.6485700607299805,2,13,0.13333333333333333,0.13290595250825088,1.3605138827424867,0.4082924318084403,0.9333333333333333,0.7857142857142857,neutral,0.4666666666666667,0.5333333333333333,0.13333333333333333,0.06666666666666667,0.26666666666666666,20.299315806751274,16.5,0.45042860517939215,1.0,1.0,0.0,0.0,0.001913214756253486,0.01698586717247963,0.0030342536047101008,2.7520908133737977e-06,1.4319097317638807e-05,5.302912086335707e-06,0.00038561977174443504,0.005041874945163727,0.00016009327373467386,3.5565574580687095e-05,0.00017458212096244097,4.643593056243844e-05,0.00035991208957663424,0.0019093806622549891,0.0011119947303086515,0.00011350121106564377,0.0003183920925948769,0.00020567565225064753,0.00046842758233904335,0.004074069348462217,0.0007561836772386715
50_2,Anyone have experience with the Synchrony Premier World Mastercard? Can't find much info I've been s,14,91,0.3223529819931303,0.14285714285714285,0.08267247386682954,0.050127635270049355,0.037212801857927455,0.530741830776026,0.5416909976974948,0.5356109184878213,0.5356587171554565,0.617935299873352,0.3610836863517761,0.369733065366745,0.7121090888977051,0.6569548845291138,2,12,0.14285714285714285,0.1407378808196102,1.4003265762311883,0.42024028595938745,1.0,0.7692307692307693,neutral,0.42857142857142855,0.5714285714285714,0.14285714285714285,0.0,0.2857142857142857,14.924469703087189,19.75,0.30325482705837536,1.0,1.0,0.0,0.0,0.002021146102509062,0.01698586717247963,0.003360421280376611,2.8517869249558965e-06,1.4319097317638807e-05,5.857618702975739e-06,0.0004112276298785998,0.005041874945163727,0.00016424242494395,3.6626253729212165e-05,0.00017458212096244097,4.745063160953577e-05,0.0003780780430783385,0.0019093806622549891,0.0012511473323684175,0.00011619954602792859,0.0003183920925948769,0.00020596352114807812,0.0004943548936913496,0.004074069348462217,0.0008351648019583985
51_1,PenFed Pathfinder vs Wells Fargo Autograph Journey — which travel card actually wins for everyday sp,16,120,0.301866814494133,0.0625,0.06695112768927132,0.04765814666075518,0.04033716832318917,0.5346160603066286,0.5173251956701279,0.5250694684684276,0.5206785500049591,0.6199195384979248,0.35778364539146423,0.36365675926208496,0.7121090888977051,0.6220158934593201,2,14,0.125,0.12568000587634742,1.3686896376228386,0.41074598916225413,0.9375,0.8,neutral,0.4375,0.5625,0.125,0.0625,0.25,13.459284667098768,14.0,0.4315602298067741,1.0,1.0,0.0,0.0,0.001819422253902303,0.01698586717247963,0.002708085929043591,2.668427519836314e-06,1.4319097317638807e-05,4.748205469695677e-06,0.00036350332584333955,0.005041874945163727,0.0001559441225253977,3.451611610216787e-05,0.00017458212096244097,4.542122951534111e-05,0.00034417379310980323,0.0019093806622549891,0.0009728421282488853,0.00011073922814830439,0.0003183920925948769,0.00020538778335321695,0.00044583719077095907,0.004074069348462217,0.0006772025525189443
51_2,Wells Fargo Autograph Journey 60k SUB — is this the sleeper hit of the year? Just got approved for t,18,153,0.30862199597888523,0.1111111111111111,0.06173771236956636,0.04440089710575102,0.037878957369901496,0.5095314930856617,0.5124296596626831,0.5096002069174075,0.5093725919723511,0.5838220119476318,0.3434210419654846,0.32965725660324097,0.7121090888977051,0.5916843414306641,2,16,0.1111111111111111,0.11427675280719995,1.4750080554560212,0.4426523194935796,0.8888888888888888,0.8235294117647058,neutral,0.4444444444444444,0.5,0.1111111111111111,0.05555555555555555,0.3333333333333333,13.112994215050605,21.5,0.4403617460278188,1.0,1.0,0.0,0.0,0.0016720959861736952,0.01698586717247963,0.0020557505777105715,2.5186865476219586e-06,1.4319097317638807e-05,3.638792236415615e-06,0.000326614260605614,0.005041874945163727,0.00014764582010684538,3.2799550859231706e-05,0.00017458212096244097,4.3391827421146456e-05,0.00032075326089398004,0.0019093806622549891,0.0006945369241293531,0.00010615570742326479,0.0003183920925948769,0.00020481204555835577,0.0004101562420839013,0.004074069348462217,0.0005192403030794902
52_1,Is the Choice Privileges Mastercard actually worth it for the bonus? Saw this card is offering 60k b,14,91,0.32328516457762035,0.14285714285714285,0.06333402734692357,0.044374400267806376,0.03728057547946634,0.5216728884440202,0.52977370429825,0.5240838517854501,0.5260645151138306,0.6145308613777161,0.3610836863517761,0.369733065366745,0.7121090888977051,0.6569548845291138,2,12,0.14285714285714285,0.1407378808196102,1.4003265762311883,0.42024028595938745,1.0,0.7692307692307693,neutral,0.42857142857142855,0.5714285714285714,0.14285714285714285,0.0,0.2857142857142857,16.029946465084322,21.0,0.49214747919118534,1.0,1.0,0.0,0.0,0.002021146102509062,0.01698586717247963,0.003360421280376611,2.8517869249558965e-06,1.4319097317638807e-05,5.857618702975739e-06,0.0004112276298785998,0.005041874945163727,0.00016424242494395,3.6626253729212165e-05,0.00017458212096244097,4.745063160953577e-05,0.0003780780430783385,0.0019093806622549891,0.0012511473323684175,0.00011619954602792859,0.0003183920925948769,0.00020596352114807812,0.0004943548936913496,0.004074069348462217,0.0008351648019583985
52_2,Venture X Business - is the $30k spend requirement realistic for a small business? Looking at the Ca,15,105,0.31618197361628214,0.2,0.05978780418554275,0.040483096452897466,0.03296812422375996,0.5016755844865527,0.4989849028133211,0.49848709532192775,0.49530911445617676,0.595860481262207,0.35433244705200195,0.35629531741142273,0.7121090888977051,0.6485700607299805,2,13,0.13333333333333333,0.13290595250825088,1.3605138827424867,0.4082924318084403,0.9333333333333333,0.7857142857142857,neutral,0.4666666666666667,0.5333333333333333,0.13333333333333333,0.06666666666666667,0.26666666666666666,20.89167830075464,19.5,0.5188330703829795,1.0,1.0,0.0,0.0,0.001913214756253486,0.01698586717247963,0.0030342536047101008,2.7520908133737977e-06,1.4319097317638807e-05,5.302912086335707e-06,0.00038561977174443504,0.005041874945163727,0.00016009327373467386,3.5565574580687095e-05,0.00017458212096244097,4.643593056243844e-05,0.00035991208957663424,0.0019093806622549891,0.0011119947303086515,0.00011350121106564377,0.0003183920925948769,0.00020567565225064753,0.00046842758233904335,0.004074069348462217,0.0007561836772386715
53_1,Just got approved for the U.S. Bank Smartly™ Visa Signature® Card — initial thoughts after a week He,15,105,0.31230390469233194,0.26666666666666666,0.07016215295434451,0.04843613649115081,0.03972804352307031,0.516210223663421,0.5302214701970418,0.5223435751029424,0.5188308954238892,0.5853868722915649,0.35433244705200195,0.35629531741142273,0.7121090888977051,0.6485700607299805,2,13,0.13333333333333333,0.13290595250825088,1.3605138827424867,0.4082924318084403,0.9333333333333333,0.7857142857142857,neutral,0.4666666666666667,0.5333333333333333,0.13333333333333333,0.06666666666666667,0.26666666666666666,16.271857095406574,20.0,0.4596569800962309,1.0,1.0,0.0,0.0,0.001913214756253486,0.01698586717247963,0.0030342536047101008,2.7520908133737977e-06,1.4319097317638807e-05,5.302912086335707e-06,0.00038561977174443504,0.005041874945163727,0.00016009327373467386,3.5565574580687095e-05,0.00017458212096244097,4.643593056243844e-05,0.00035991208957663424,0.0019093806622549891,0.0011119947303086515,0.00011350121106564377,0.0003183920925948769,0.00020567565225064753,0.00046842758233904335,0.004074069348462217,0.0007561836772386715
53_2,PayPal Cashback Mastercard — is 3% on PayPal checkout actually worth it in 2024? So I've been seeing,18,153,0.3091932253705131,0.1111111111111111,0.05919258134801979,0.03894945623991567,0.03178350275104305,0.5181963638542524,0.5231638934487611,0.519368485298032,0.5146971344947815,0.6359343528747559,0.3434210419654846,0.32965725660324097,0.7121090888977051,0.5916843414306641,2,16,0.1111111111111111,0.11427675280719995,1.4750080554560212,0.4426523194935796,0.8888888888888888,0.8235294117647058,neutral,0.4444444444444444,0.5,0.1111111111111111,0.05555555555555555,0.3333333333333333,29.098597819512342,29.0,0.6498446163166528,1.0,1.0,0.0,0.0,0.0016720959861736952,0.01698586717247963,0.0020557505777105715,2.5186865476219586e-06,1.4319097317638807e-05,3.638792236415615e-06,0.000326614260605614,0.005041874945163727,0.00014764582010684538,3.2799550859231706e-05,0.00017458212096244097,4.3391827421146456e-05,0.00032075326089398004,0.0019093806622549891,0.0006945369241293531,0.00010615570742326479,0.0003183920925948769,0.00020481204555835577,0.0004101562420839013,0.004074069348462217,0.0005192403030794902
54_1,Thinking about the Citi Secured Mastercard to rebuild my credit - is it worth it? Hey everyone. Long,15,105,0.316603684425354,0.2,0.07773293193007896,0.049746680400815965,0.03907418037273,0.5195296429452442,0.5191012984230405,0.5180788499968393,0.5172351002693176,0.6050989627838135,0.35433244705200195,0.35629531741142273,0.7121090888977051,0.6485700607299805,2,13,0.13333333333333333,0.13290595250825088,1.3605138827424867,0.4082924318084403,0.9333333333333333,0.7857142857142857,neutral,0.4666666666666667,0.5333333333333333,0.13333333333333333,0.06666666666666667,0.26666666666666666,13.74756544103557,17.5,0.36433477317232077,1.0,1.0,0.0,0.0,0.001913214756253486,0.01698586717247963,0.0030342536047101008,2.7520908133737977e-06,1.4319097317638807e-05,5.302912086335707e-06,0.00038561977174443504,0.005041874945163727,0.00016009327373467386,3.5565574580687095e-05,0.00017458212096244097,4.643593056243844e-05,0.00035991208957663424,0.0019093806622549891,0.0011119947303086515,0.00011350121106564377,0.0003183920925948769,0.00020567565225064753,0.00046842758233904335,0.004074069348462217,0.0007561836772386715
54_2,AA MileUp Card - worth it as a keeper card for everyday spend? I've been seeing targeted ads for the,16,120,0.30183200538158417,0.0,0.060293751051902926,0.038055611210528285,0.0297626996293714,0.5081525601446628,0.5097625354925791,0.5079412753383319,0.5024944841861725,0.6648997664451599,0.35778364539146423,0.36365675926208496,0.7121090888977051,0.6220158934593201,2,14,0.125,0.12568000587634742,1.3686896376228386,0.41074598916225413,0.9375,0.8,neutral,0.4375,0.5625,0.125,0.0625,0.25,23.787798868327435,25.25,0.47694834823714155,1.0,1.0,0.0,0.0,0.001819422253902303,0.01698586717247963,0.002708085929043591,2.668427519836314e-06,1.4319097317638807e-05,4.748205469695677e-06,0.00036350332584333955,0.005041874945163727,0.0001559441225253977,3.451611610216787e-05,0.00017458212096244097,4.542122951534111e-05,0.00034417379310980323,0.0019093806622549891,0.0009728421282488853,0.00011073922814830439,0.0003183920925948769,0.00020538778335321695,0.00044583719077095907,0.004074069348462217,0.0006772025525189443
55_1,Venture X math: is it actually worth keeping past year 1?,17,136,0.31719477387035594,0.23529411764705882,0.058562946880725324,0.04187179787658563,0.035493739696074916,0.4987132430953138,0.504697860821205,0.49960772693157196,0.5017762184143066,0.5944908857345581,0.34991002082824707,0.35084736347198486,0.7121090888977051,0.6120748519897461,2,15,0.11764705882352941,0.11955982205622337,1.334592953237241,0.4005135186516717,0.8823529411764706,0.8125,neutral,0.47058823529411764,0.5294117647058824,0.11764705882352941,0.058823529411764705,0.29411764705882354,20.22828195876902,11.0,0.6207234536084357,1.0,1.0,0.0,0.0,0.001749324266497484,0.01698586717247963,0.0023819182533770813,2.5868218926916597e-06,1.4319097317638807e-05,4.1934988530556455e-06,0.0003443004530067008,0.005041874945163727,0.00015179497131612152,3.3665129462058434e-05,0.00017458212096244097,4.440652846824378e-05,0.0003338943073793095,0.0019093806622549891,0.0008336895261891192,0.00010827629226054448,0.0003183920925948769,0.00020509991445578636,0.00042867454508313145,0.004074069348462217,0.0005982214277992174
55_2,Is the Discover it Chrome actually good or am I missing something?,16,120,0.30107286386191845,0.0625,0.06849871190599016,0.043208834464973846,0.03400004979774985,0.5021439924836159,0.5223345488309861,0.5112459282080333,0.5134074985980988,0.5910053849220276,0.35778364539146423,0.36365675926208496,0.7121090888977051,0.6220158934593201,2,14,0.125,0.12568000587634742,1.3686896376228386,0.41074598916225413,0.9375,0.8,neutral,0.4375,0.5625,0.125,0.0625,0.25,17.654562972500905,15.25,0.39286927337971417,1.0,1.0,0.0,0.0,0.001819422253902303,0.01698586717247963,0.002708085929043591,2.668427519836314e-06,1.4319097317638807e-05,4.748205469695677e-06,0.00036350332584333955,0.005041874945163727,0.0001559441225253977,3.451611610216787e-05,0.00017458212096244097,4.542122951534111e-05,0.00034417379310980323,0.0019093806622549891,0.0009728421282488853,0.00011073922814830439,0.0003183920925948769,0.00020538778335321695,0.00044583719077095907,0.004074069348462217,0.0006772025525189443
56_1,Citi AAdvantage Platinum Select vs Executive - which actually makes sense in 2024? So I've been eyei,15,105,0.3136517286300659,0.13333333333333333,0.05477837656993698,0.03790934838494949,0.03187285859306593,0.47749482819012234,0.4900833927449726,0.48270042623792375,0.493845134973526,0.5897057056427002,0.35433244705200195,0.35629531741142273,0.7121090888977051,0.6485700607299805,2,13,0.13333333333333333,0.13290595250825088,1.3605138827424867,0.4082924318084403,0.9333333333333333,0.7857142857142857,neutral,0.4666666666666667,0.5333333333333333,0.13333333333333333,0.06666666666666667,0.26666666666666666,19.8952814059571,25.0,0.5630740020553896,1.0,1.0,0.0,0.0,0.001913214756253486,0.01698586717247963,0.0030342536047101008,2.7520908133737977e-06,1.4319097317638807e-05,5.302912086335707e-06,0.00038561977174443504,0.005041874945163727,0.00016009327373467386,3.5565574580687095e-05,0.00017458212096244097,4.643593056243844e-05,0.00035991208957663424,0.0019093806622549891,0.0011119947303086515,0.00011350121106564377,0.0003183920925948769,0.00020567565225064753,0.00046842758233904335,0.004074069348462217,0.0007561836772386715
56_2,Wells Fargo Autograph Card - honest review after 6 months (coming from a Chase Sapphire fanboy) **Ba,14,91,0.33228511043957304,0.35714285714285715,0.06482496439141266,0.04275222260357227,0.034778734569107406,0.5154713094234467,0.5353943394435631,0.5242062106237306,0.522580087184906,0.6090724468231201,0.3610836863517761,0.369733065366745,0.7121090888977051,0.6569548845291138,2,12,0.14285714285714285,0.1407378808196102,1.4003265762311883,0.42024028595938745,1.0,0.7692307692307693,neutral,0.42857142857142855,0.5714285714285714,0.14285714285714285,0.0,0.2857142857142857,15.720777879699755,26.0,0.4137046810447304,1.0,1.0,0.0,0.0,0.002021146102509062,0.01698586717247963,0.003360421280376611,2.8517869249558965e-06,1.4319097317638807e-05,5.857618702975739e-06,0.0004112276298785998,0.005041874945163727,0.00016424242494395,3.6626253729212165e-05,0.00017458212096244097,4.745063160953577e-05,0.0003780780430783385,0.0019093806622549891,0.0012511473323684175,0.00011619954602792859,0.0003183920925948769,0.00020596352114807812,0.0004943548936913496,0.004074069348462217,0.0008351648019583985
57_1,Got a pre-approval letter for the Atmos™ Rewards Ascent Visa Signature® card. Worth it? I (26M) got ,14,91,0.316597472344126,0.14285714285714285,0.05701433554153067,0.04073918546613027,0.034584494102340824,0.5118985254685957,0.5147430091113835,0.5122201911040715,0.5070797204971313,0.6529495716094971,0.3610836863517761,0.369733065366745,0.7121090888977051,0.6569548845291138,2,12,0.14285714285714285,0.1407378808196102,1.4003265762311883,0.42024028595938745,1.0,0.7692307692307693,neutral,0.42857142857142855,0.5714285714285714,0.14285714285714285,0.0,0.2857142857142857,19.269437575855605,20.25,0.5703427612303985,1.0,1.0,0.0,0.0,0.002021146102509062,0.01698586717247963,0.003360421280376611,2.8517869249558965e-06,1.4319097317638807e-05,5.857618702975739e-06,0.0004112276298785998,0.005041874945163727,0.00016424242494395,3.6626253729212165e-05,0.00017458212096244097,4.745063160953577e-05,0.0003780780430783385,0.0019093806622549891,0.0012511473323684175,0.00011619954602792859,0.0003183920925948769,0.00020596352114807812,0.0004943548936913496,0.004074069348462217,0.0008351648019583985
57_2,Looking at secured cards to rebuild. Citi® Secured Mastercard vs others — any recs? Long story short,15,105,0.31301516890525816,0.2,0.05287221730621384,0.03367843485199548,0.026815504712926493,0.48327768842379254,0.516092719634374,0.49601855079332985,0.4967256188392639,0.6068828701972961,0.35433244705200195,0.35629531741142273,0.7121090888977051,0.6485700607299805,2,13,0.13333333333333333,0.13290595250825088,1.3605138827424867,0.4082924318084403,0.9333333333333333,0.7857142857142857,neutral,0.4666666666666667,0.5333333333333333,0.13333333333333333,0.06666666666666667,0.26666666666666666,40.264900623523495,29.0,0.7884771662569875,1.0,1.0,0.0,0.0,0.001913214756253486,0.01698586717247963,0.0030342536047101008,2.7520908133737977e-06,1.4319097317638807e-05,5.302912086335707e-06,0.00038561977174443504,0.005041874945163727,0.00016009327373467386,3.5565574580687095e-05,0.00017458212096244097,4.643593056243844e-05,0.00035991208957663424,0.0019093806622549891,0.0011119947303086515,0.00011350121106564377,0.0003183920925948769,0.00020567565225064753,0.00046842758233904335,0.004074069348462217,0.0007561836772386715
58_1,"First credit card — Capital One Quicksilver Student or Discover It Student? Hey everyone, I (19F) ju",16,120,0.3113044388592243,0.125,0.05421895735682125,0.03806868647297936,0.03192685515436686,0.4940055988729,0.5112197615206242,0.500025944163402,0.5047878921031952,0.5914381742477417,0.35778364539146423,0.36365675926208496,0.7121090888977051,0.6220158934593201,2,14,0.125,0.12568000587634742,1.3686896376228386,0.41074598916225413,0.9375,0.8,neutral,0.4375,0.5625,0.125,0.0625,0.25,18.641247108227496,17.25,0.5413066310919055,1.0,1.0,0.0,0.0,0.001819422253902303,0.01698586717247963,0.002708085929043591,2.668427519836314e-06,1.4319097317638807e-05,4.748205469695677e-06,0.00036350332584333955,0.005041874945163727,0.0001559441225253977,3.451611610216787e-05,0.00017458212096244097,4.542122951534111e-05,0.00034417379310980323,0.0019093806622549891,0.0009728421282488853,0.00011073922814830439,0.0003183920925948769,0.00020538778335321695,0.00044583719077095907,0.004074069348462217,0.0006772025525189443
58_2,Is the Best Western Rewards Premium Visa Signature card worth it for occasional hotel stays? Looking,15,105,0.3147136986255646,0.06666666666666667,0.06507561585180176,0.0398859242276763,0.029987606696662682,0.5163660540467216,0.5220059556620461,0.5178568683919452,0.5199655890464783,0.6012734770774841,0.35433244705200195,0.35629531741142273,0.7121090888977051,0.6485700607299805,2,13,0.13333333333333333,0.13290595250825088,1.3605138827424867,0.4082924318084403,0.9333333333333333,0.7857142857142857,neutral,0.4666666666666667,0.5333333333333333,0.13333333333333333,0.06666666666666667,0.26666666666666666,23.139768557375177,27.0,0.44047782786881684,1.0,1.0,0.0,0.0,0.001913214756253486,0.01698586717247963,0.0030342536047101008,2.7520908133737977e-06,1.4319097317638807e-05,5.302912086335707e-06,0.00038561977174443504,0.005041874945163727,0.00016009327373467386,3.5565574580687095e-05,0.00017458212096244097,4.643593056243844e-05,0.00035991208957663424,0.0019093806622549891,0.0011119947303086515,0.00011350121106564377,0.0003183920925948769,0.00020567565225064753,0.00046842758233904335,0.004074069348462217,0.0007561836772386715
59_1,Thinking about the Wells Fargo Reflect for a balance transfer — is 21 months really as good as it so,19,171,0.31051658329210785,0.15789473684210525,0.05716798535298508,0.035995651179201074,0.02816509994428677,0.5158441800471635,0.520810007700446,0.516584548162438,0.5192991495132446,0.6169738173484802,0.3310185372829437,0.3201761841773987,0.7121090888977051,0.5569981932640076,3,16,0.15789473684210525,0.15733224398603565,1.485181756934977,0.4457054638752913,0.8947368421052632,0.8333333333333334,neutral,0.42105263157894735,0.47368421052631576,0.10526315789473684,0.05263157894736842,0.3684210526315789,32.03132123666154,37.0,0.6197506145586246,1.0,1.0,0.0,0.0,0.0016068161578579364,0.01698586717247963,0.0017295829020440555,2.4622015165445383e-06,1.4319097317638807e-05,3.0840856197755746e-06,0.0003110891970879349,0.005041874945163727,0.00014349666889756915,3.1995172704275896e-05,0.00017458212096244097,4.23771263740491e-05,0.00030904844109165043,0.0019093806622549891,0.0005553843220695843,0.0001042831714393718,0.0003183920925948769,0.00020452417666092513,0.00039428239028295236,0.004074069348462217,0.0004402591783597618
59_2,Venture X vs Sapphire Reserve — is it finally time to ditch Chase? I've been a Chase Sapphire Reserv,24,276,0.3096623544891675,0.08333333333333333,0.07130577753050264,0.04285185095898111,0.03230443843390688,0.5103762901347616,0.521919172635113,0.5144218331661777,0.5119950771331787,0.6395823955535889,0.2847925126552582,0.27630525827407837,0.7121090888977051,0.5158851146697998,4,20,0.16666666666666666,0.16910336492583156,1.7481554572476756,0.5246242995919117,0.8333333333333334,0.782608695652174,neutral,0.3333333333333333,0.4166666666666667,0.125,0.041666666666666664,0.4166666666666667,24.927081156846263,29.25,0.4805220463970364,1.0,1.0,0.0,0.0,0.03941402192867827,0.9134383797645569,0.003360421280376611,2.9142981693060697e-06,1.7087795640691184e-05,5.857618702975739e-06,0.00033630045065062103,0.005041874945163727,0.00016424242494395,3.1617185413779225e-05,0.00017458212096244097,4.7191570047289126e-05,0.03682580852425114,0.8774971961975098,0.0012511473323684175,0.00011153341377697264,0.0003733299963641912,0.00020596352114807812,0.012787032633490014,0.2988996983182612,0.0008351648019583985
5_1,DP: Citi AA Platinum Select offer jumped to 70k miles but AF went up to $595?? Worth it? So I've bee,17,136,0.31723739995675926,0.23529411764705882,0.06798864639646197,0.04584727407991506,0.03654091757194606,0.4954022147199687,0.502731624771567,0.4972361370044596,0.4902662932872772,0.6308293342590332,0.34991002082824707,0.35084736347198486,0.7121090888977051,0.6120748519897461,2,15,0.11764705882352941,0.11955982205622337,1.334592953237241,0.4005135186516717,0.8823529411764706,0.8125,neutral,0.47058823529411764,0.5294117647058824,0.11764705882352941,0.058823529411764705,0.29411764705882354,17.06713793322811,19.0,0.4694843768040095,1.0,1.0,0.0,0.0,0.001749324266497484,0.01698586717247963,0.0023819182533770813,2.5868218926916597e-06,1.4319097317638807e-05,4.1934988530556455e-06,0.0003443004530067008,0.005041874945163727,0.00015179497131612152,3.3665129462058434e-05,0.00017458212096244097,4.440652846824378e-05,0.0003338943073793095,0.0019093806622549891,0.0008336895261891192,0.00010827629226054448,0.0003183920925948769,0.00020509991445578636,0.00042867454508313145,0.004074069348462217,0.0005982214277992174
5_2,Hilton Honors Amex Business Card — anyone using this for a small business? Thinking of switching fro,17,136,0.3252219172085033,0.29411764705882354,0.07360998914444705,0.04479034915690844,0.033971530481662626,0.496804126921822,0.5243272312423762,0.5081706345081329,0.510837972164154,0.6078221201896667,0.34991002082824707,0.35084736347198486,0.7121090888977051,0.6120748519897461,2,15,0.11764705882352941,0.11955982205622337,1.334592953237241,0.4005135186516717,0.8823529411764706,0.8125,neutral,0.47058823529411764,0.5294117647058824,0.11764705882352941,0.058823529411764705,0.29411764705882354,23.128196964088847,17.0,0.5173412478809347,1.0,1.0,0.0,0.0,0.001749324266497484,0.01698586717247963,0.0023819182533770813,2.5868218926916597e-06,1.4319097317638807e-05,4.1934988530556455e-06,0.0003443004530067008,0.005041874945163727,0.00015179497131612152,3.3665129462058434e-05,0.00017458212096244097,4.440652846824378e-05,0.0003338943073793095,0.0019093806622549891,0.0008336895261891192,0.00010827629226054448,0.0003183920925948769,0.00020509991445578636,0.00042867454508313145,0.004074069348462217,0.0005982214277992174
60_1,Capital One Quicksilver Student - is the 1.5% flat rate actually worth it for a first card? Hey r/Cr,16,120,0.31931162998080254,0.125,0.059921054038619,0.04395153776268171,0.037470303098271054,0.4890651576220989,0.5117985886832078,0.49881590182582536,0.4994140863418579,0.5992690920829773,0.35778364539146423,0.36365675926208496,0.7121090888977051,0.6220158934593201,2,14,0.125,0.12568000587634742,1.3686896376228386,0.41074598916225413,0.9375,0.8,neutral,0.4375,0.5625,0.125,0.0625,0.25,20.91939515736533,28.5,0.6232966899773655,1.0,1.0,0.0,0.0,0.001819422253902303,0.01698586717247963,0.002708085929043591,2.668427519836314e-06,1.4319097317638807e-05,4.748205469695677e-06,0.00036350332584333955,0.005041874945163727,0.0001559441225253977,3.451611610216787e-05,0.00017458212096244097,4.542122951534111e-05,0.00034417379310980323,0.0019093806622549891,0.0009728421282488853,0.00011073922814830439,0.0003183920925948769,0.00020538778335321695,0.00044583719077095907,0.004074069348462217,0.0006772025525189443
60_2,Citi AAdvantage Platinum Select - 70k mile bonus + $595 annual fee. Worth pulling the trigger? Frequ,15,105,0.3291015406449636,0.26666666666666666,0.06913685567241143,0.04125493700492973,0.03079425889937747,0.5055800531591688,0.5187590672856286,0.5105230121385483,0.5051957368850708,0.6141836047172546,0.35433244705200195,0.35629531741142273,0.7121090888977051,0.6485700607299805,2,13,0.13333333333333333,0.13290595250825088,1.3605138827424867,0.4082924318084403,0.9333333333333333,0.7857142857142857,neutral,0.4666666666666667,0.5333333333333333,0.13333333333333333,0.06666666666666667,0.26666666666666666,21.709803213192778,39.5,0.40302852499739067,1.0,1.0,0.0,0.0,0.001913214756253486,0.01698586717247963,0.0030342536047101008,2.7520908133737977e-06,1.4319097317638807e-05,5.302912086335707e-06,0.00038561977174443504,0.005041874945163727,0.00016009327373467386,3.5565574580687095e-05,0.00017458212096244097,4.643593056243844e-05,0.00035991208957663424,0.0019093806622549891,0.0011119947303086515,0.00011350121106564377,0.0003183920925948769,0.00020567565225064753,0.00046842758233904335,0.004074069348462217,0.0007561836772386715
61_1,Best Western Rewards Premium Visa Signature — worth it for frequent travelers? So I've been staying ,12,66,0.30171290785074234,0.0,0.061399967422157656,0.04035444504146752,0.03248456326939628,0.5432309377374072,0.5355025448582389,0.5376191387573878,0.5361835360527039,0.6448513865470886,0.3649839162826538,0.372275173664093,0.6880798935890198,0.6557418704032898,1,11,0.08333333333333333,0.08823443669825792,1.0397207708399179,0.3120218965147642,0.8333333333333334,0.7272727272727273,neutral,0.5,0.5,0.16666666666666666,0.0,0.3333333333333333,18.358127173906748,33.5,0.4345118857729408,1.0,1.0,0.0,0.0,0.0019467669966009755,0.01698586717247963,0.0010724914143793284,3.0350165995211378e-06,1.4319097317638807e-05,6.9521499199254346e-06,0.00046178038716486,0.005041874945163727,0.00012717258941847835,3.7281602089933585e-05,0.00017458212096244097,4.948003370373045e-05,0.000290586660412373,0.0019093806622549891,0.00026919992815237497,0.00011065174294344615,0.0003183920925948769,0.00019515818057698201,0.0004750170676351849,0.004074069348462217,0.00027904793285339716
61_2,Chase Freedom Flex vs keeping things simple — am I overcomplicating my wallet? I've been using the C,12,66,0.33580827713012695,0.3333333333333333,0.07496275384992258,0.049073560485258017,0.03845969176137977,0.5211804938135725,0.540593303062699,0.5297831165971179,0.5285186469554901,0.6040148138999939,0.3649839162826538,0.372275173664093,0.6880798935890198,0.6557418704032898,1,11,0.08333333333333333,0.08823443669825792,1.0397207708399179,0.3120218965147642,0.8333333333333334,0.7272727272727273,neutral,0.5,0.5,0.16666666666666666,0.0,0.3333333333333333,13.527749258468683,19.75,0.32994510386508985,1.0,1.0,0.0,0.0,0.0019467669966009755,0.01698586717247963,0.0010724914143793284,3.0350165995211378e-06,1.4319097317638807e-05,6.9521499199254346e-06,0.00046178038716486,0.005041874945163727,0.00012717258941847835,3.7281602089933585e-05,0.00017458212096244097,4.948003370373045e-05,0.000290586660412373,0.0019093806622549891,0.00026919992815237497,0.00011065174294344615,0.0003183920925948769,0.00019515818057698201,0.0004750170676351849,0.004074069348462217,0.00027904793285339716
62_1,Blue Cash Everyday vs Capital One VentureOne — which is better for a first 'real' rewards card? I (2,19,171,0.31483671853416845,0.21052631578947367,0.057366474471559945,0.03956491000200751,0.03296038791867259,0.4976490990460268,0.4957134211272524,0.4947666058763426,0.49904075264930725,0.5881516337394714,0.3310185372829437,0.3201761841773987,0.7121090888977051,0.5569981932640076,3,16,0.15789473684210525,0.15733224398603565,1.485181756934977,0.4457054638752913,0.8947368421052632,0.8333333333333334,neutral,0.42105263157894735,0.47368421052631576,0.10526315789473684,0.05263157894736842,0.3684210526315789,20.24585727604799,26.5,0.5327857177907366,1.0,1.0,0.0,0.0,0.0016068161578579364,0.01698586717247963,0.0017295829020440555,2.4622015165445383e-06,1.4319097317638807e-05,3.0840856197755746e-06,0.0003110891970879349,0.005041874945163727,0.00014349666889756915,3.1995172704275896e-05,0.00017458212096244097,4.23771263740491e-05,0.00030904844109165043,0.0019093806622549891,0.0005553843220695843,0.0001042831714393718,0.0003183920925948769,0.00020452417666092513,0.00039428239028295236,0.004074069348462217,0.0004402591783597618
62_2,1.5 years into full-time travel. Time to ditch the VentureOne? Been using the Capital One VentureOne,18,153,0.316587100426356,0.16666666666666666,0.06391083951070695,0.03886465134151256,0.02961852905574164,0.49067763292711547,0.5197037672684863,0.5032755964332156,0.5049265623092651,0.6232731938362122,0.3434210419654846,0.32965725660324097,0.7121090888977051,0.5916843414306641,2,16,0.1111111111111111,0.11427675280719995,1.4750080554560212,0.4426523194935796,0.8888888888888888,0.8235294117647058,neutral,0.4444444444444444,0.5,0.1111111111111111,0.05555555555555555,0.3333333333333333,31.080540535840107,37.75,0.6174941828312603,1.0,1.0,0.0,0.0,0.0016720959861736952,0.01698586717247963,0.0020557505777105715,2.5186865476219586e-06,1.4319097317638807e-05,3.638792236415615e-06,0.000326614260605614,0.005041874945163727,0.00014764582010684538,3.2799550859231706e-05,0.00017458212096244097,4.3391827421146456e-05,0.00032075326089398004,0.0019093806622549891,0.0006945369241293531,0.00010615570742326479,0.0003183920925948769,0.00020481204555835577,0.0004101562420839013,0.004074069348462217,0.0005192403030794902
63_1,"Got a mailer for the Citi Strata Premier with 60k points after $4k spend in 3 months, $95 annual fee",16,120,0.30847701244056225,0.125,0.06123453817214459,0.04296468802717647,0.03600355070392426,0.5187282842894395,0.5217978358268738,0.5189665590723356,0.514364093542099,0.668867826461792,0.35778364539146423,0.36365675926208496,0.7121090888977051,0.6220158934593201,2,14,0.125,0.12568000587634742,1.3686896376228386,0.41074598916225413,0.9375,0.8,neutral,0.4375,0.5625,0.125,0.0625,0.25,16.498105951896417,19.0,0.4614854811719277,1.0,1.0,0.0,0.0,0.001819422253902303,0.01698586717247963,0.002708085929043591,2.668427519836314e-06,1.4319097317638807e-05,4.748205469695677e-06,0.00036350332584333955,0.005041874945163727,0.0001559441225253977,3.451611610216787e-05,0.00017458212096244097,4.542122951534111e-05,0.00034417379310980323,0.0019093806622549891,0.0009728421282488853,0.00011073922814830439,0.0003183920925948769,0.00020538778335321695,0.00044583719077095907,0.004074069348462217,0.0006772025525189443
63_2,"I've got about $7,200 in credit card debt spread across two cards (both at ~24% APR, killing me). Sa",14,91,0.31813784156526836,0.14285714285714285,0.06282074378631268,0.036782165889078296,0.027999465270430197,0.510087943994082,0.5204190484115055,0.5135554537013337,0.5116139650344849,0.5926753878593445,0.3610836863517761,0.369733065366745,0.7121090888977051,0.6569548845291138,2,12,0.14285714285714285,0.1407378808196102,1.4003265762311883,0.42024028595938745,1.0,0.7692307692307693,neutral,0.42857142857142855,0.5714285714285714,0.14285714285714285,0.0,0.2857142857142857,22.624823823871523,29.5,0.4173221785694352,1.0,1.0,0.0,0.0,0.002021146102509062,0.01698586717247963,0.003360421280376611,2.8517869249558965e-06,1.4319097317638807e-05,5.857618702975739e-06,0.0004112276298785998,0.005041874945163727,0.00016424242494395,3.6626253729212165e-05,0.00017458212096244097,4.745063160953577e-05,0.0003780780430783385,0.0019093806622549891,0.0012511473323684175,0.00011619954602792859,0.0003183920925948769,0.00020596352114807812,0.0004943548936913496,0.004074069348462217,0.0008351648019583985
64_1,Trying to rebuild credit after a rough divorce - is the OpenSky Plus Secured Visa worth it? Hey ever,13,78,0.31637996664414036,0.23076923076923078,0.04790136622808669,0.033895580901777835,0.02878801249325002,0.5096519597065754,0.5164961478649042,0.5102580380745423,0.5135457813739777,0.5830618143081665,0.3788752853870392,0.3768388330936432,0.7121090888977051,0.6767420768737793,2,11,0.15384615384615385,0.14899195358157158,1.2309316230479224,0.3694045846493381,0.8461538461538461,0.75,neutral,0.46153846153846156,0.5384615384615384,0.15384615384615385,0.0,0.3076923076923077,28.621173938766667,24.0,0.6903066070574521,1.0,1.0,0.0,0.0,0.0021307790974298348,0.01698586717247963,0.0036865889560431264,2.9534516600576285e-06,1.4319097317638807e-05,6.412325319615779e-06,0.0004398503480423152,0.005041874945163727,0.00016839157615322622,3.7462089004783105e-05,0.00017458212096244097,4.846533265663311e-05,0.0003965880818073996,0.0019093806622549891,0.0013902999344281863,0.00011804984947397876,0.0003183920925948769,0.00020625139004550876,0.0005209471529030615,0.004074069348462217,0.0009141459266781269
64_2,Blue Cash Everyday vs Blue Cash Preferred - is the BCP annual fee actually worth it? Did the math fo,12,66,0.3126703252394994,0.08333333333333333,0.06765581212373512,0.038021455227113865,0.028390615612974433,0.5231684067032554,0.5227143809650884,0.5215632242686821,0.5185625851154327,0.5722479820251465,0.3649839162826538,0.372275173664093,0.6880798935890198,0.6557418704032898,1,11,0.08333333333333333,0.08823443669825792,1.0397207708399179,0.3120218965147642,0.8333333333333334,0.7272727272727273,neutral,0.5,0.5,0.16666666666666666,0.0,0.3333333333333333,19.38140575110301,33.0,0.3351251714888128,1.0,1.0,0.0,0.0,0.0019467669966009755,0.01698586717247963,0.0010724914143793284,3.0350165995211378e-06,1.4319097317638807e-05,6.9521499199254346e-06,0.00046178038716486,0.005041874945163727,0.00012717258941847835,3.7281602089933585e-05,0.00017458212096244097,4.948003370373045e-05,0.000290586660412373,0.0019093806622549891,0.00026919992815237497,0.00011065174294344615,0.0003183920925948769,0.00019515818057698201,0.0004750170676351849,0.004074069348462217,0.00027904793285339716
65_1,Chase Sapphire Reserve just bumped their signup bonus to 125K points after $6K spend in 3 months. Is,16,120,0.3066860642284155,0.125,0.06079252750886024,0.04327870880545368,0.03608718423255832,0.4914232651392619,0.5065638775626818,0.4975455147524675,0.49735110998153687,0.6047929525375366,0.35778364539146423,0.36365675926208496,0.7121090888977051,0.6220158934593201,2,14,0.125,0.12568000587634742,1.3686896376228386,0.41074598916225413,0.9375,0.8,neutral,0.4375,0.5625,0.125,0.0625,0.25,25.24350163903574,15.0,0.6754114150912572,1.0,1.0,0.0,0.0,0.001819422253902303,0.01698586717247963,0.002708085929043591,2.668427519836314e-06,1.4319097317638807e-05,4.748205469695677e-06,0.00036350332584333955,0.005041874945163727,0.0001559441225253977,3.451611610216787e-05,0.00017458212096244097,4.542122951534111e-05,0.00034417379310980323,0.0019093806622549891,0.0009728421282488853,0.00011073922814830439,0.0003183920925948769,0.00020538778335321695,0.00044583719077095907,0.004074069348462217,0.0006772025525189443
65_2,Considering the Wells Fargo Reflect Card for a balance transfer — 21 months 0% intro APR seems almos,15,105,0.328541890780131,0.2,0.055773126291264116,0.03572967484420141,0.027921726558090294,0.495799389055797,0.5041184226671854,0.4973190804322561,0.5024167895317078,0.5890290141105652,0.35433244705200195,0.35629531741142273,0.7121090888977051,0.6485700607299805,2,13,0.13333333333333333,0.13290595250825088,1.3605138827424867,0.4082924318084403,0.9333333333333333,0.7857142857142857,neutral,0.4666666666666667,0.5333333333333333,0.13333333333333333,0.06666666666666667,0.26666666666666666,34.02521940495837,46.0,0.678694536003159,1.0,1.0,0.0,0.0,0.001913214756253486,0.01698586717247963,0.0030342536047101008,2.7520908133737977e-06,1.4319097317638807e-05,5.302912086335707e-06,0.00038561977174443504,0.005041874945163727,0.00016009327373467386,3.5565574580687095e-05,0.00017458212096244097,4.643593056243844e-05,0.00035991208957663424,0.0019093806622549891,0.0011119947303086515,0.00011350121106564377,0.0003183920925948769,0.00020567565225064753,0.00046842758233904335,0.004074069348462217,0.0007561836772386715
66_1,Trying to decide between Capital One Quicksilver and BofA Customized Cash Rewards — which would you ,16,120,0.31937683187425137,0.1875,0.05860302406228469,0.03994209112722409,0.033042794389277666,0.49996461992462476,0.5092648928364117,0.5028177204231421,0.5063038170337677,0.6057954430580139,0.35778364539146423,0.36365675926208496,0.7121090888977051,0.6220158934593201,2,14,0.125,0.12568000587634742,1.3686896376228386,0.41074598916225413,0.9375,0.8,neutral,0.4375,0.5625,0.125,0.0625,0.25,19.91142495528635,16.5,0.5146733429476278,1.0,1.0,0.0,0.0,0.001819422253902303,0.01698586717247963,0.002708085929043591,2.668427519836314e-06,1.4319097317638807e-05,4.748205469695677e-06,0.00036350332584333955,0.005041874945163727,0.0001559441225253977,3.451611610216787e-05,0.00017458212096244097,4.542122951534111e-05,0.00034417379310980323,0.0019093806622549891,0.0009728421282488853,0.00011073922814830439,0.0003183920925948769,0.00020538778335321695,0.00044583719077095907,0.004074069348462217,0.0006772025525189443
66_2,"Capital One Quicksilver approved! But I have questions about the 1.5% being ""worth it"" So I finally ",15,105,0.3328837672869364,0.3333333333333333,0.0587593321822333,0.03777340118500885,0.030319023491735573,0.49874139570054554,0.5084992581889742,0.5016997448035649,0.506861686706543,0.5860808491706848,0.35433244705200195,0.35629531741142273,0.7121090888977051,0.6485700607299805,2,13,0.13333333333333333,0.13290595250825088,1.3605138827424867,0.4082924318084403,0.9333333333333333,0.7857142857142857,neutral,0.4666666666666667,0.5333333333333333,0.13333333333333333,0.06666666666666667,0.26666666666666666,25.309286833097453,34.0,0.5778375989291656,1.0,1.0,0.0,0.0,0.001913214756253486,0.01698586717247963,0.0030342536047101008,2.7520908133737977e-06,1.4319097317638807e-05,5.302912086335707e-06,0.00038561977174443504,0.005041874945163727,0.00016009327373467386,3.5565574580687095e-05,0.00017458212096244097,4.643593056243844e-05,0.00035991208957663424,0.0019093806622549891,0.0011119947303086515,0.00011350121106564377,0.0003183920925948769,0.00020567565225064753,0.00046842758233904335,0.004074069348462217,0.0007561836772386715
67_1,Prime Visa vs Chase Freedom Unlimited - which one actually wins for everyday spend? Been going back ,15,105,0.3207401712735494,0.26666666666666666,0.07432559249748724,0.04957035124556986,0.03878758568408315,0.5208006807735988,0.5309477141925267,0.5248706459999084,0.5265324115753174,0.6139996647834778,0.35433244705200195,0.35629531741142273,0.7121090888977051,0.6485700607299805,2,13,0.13333333333333333,0.13290595250825088,1.3605138827424867,0.4082924318084403,0.9333333333333333,0.7857142857142857,neutral,0.4666666666666667,0.5333333333333333,0.13333333333333333,0.06666666666666667,0.26666666666666666,13.485135849849229,21.5,0.3499602729199627,1.0,1.0,0.0,0.0,0.001913214756253486,0.01698586717247963,0.0030342536047101008,2.7520908133737977e-06,1.4319097317638807e-05,5.302912086335707e-06,0.00038561977174443504,0.005041874945163727,0.00016009327373467386,3.5565574580687095e-05,0.00017458212096244097,4.643593056243844e-05,0.00035991208957663424,0.0019093806622549891,0.0011119947303086515,0.00011350121106564377,0.0003183920925948769,0.00020567565225064753,0.00046842758233904335,0.004074069348462217,0.0007561836772386715
67_2,Chase Freedom Unlimited approval odds? (Credit profile inside) I know these posts are annoying but I,15,105,0.32120129068692527,0.26666666666666666,0.06442622456499887,0.03970542713094202,0.03012439887715441,0.5143235655057998,0.5143224185421353,0.5135298930463337,0.5123612880706787,0.6183837652206421,0.35433244705200195,0.35629531741142273,0.7121090888977051,0.6485700607299805,2,13,0.13333333333333333,0.13290595250825088,1.3605138827424867,0.4082924318084403,0.9333333333333333,0.7857142857142857,neutral,0.4666666666666667,0.5333333333333333,0.13333333333333333,0.06666666666666667,0.26666666666666666,21.682148315043772,26.5,0.41589798558268104,1.0,1.0,0.0,0.0,0.001913214756253486,0.01698586717247963,0.0030342536047101008,2.7520908133737977e-06,1.4319097317638807e-05,5.302912086335707e-06,0.00038561977174443504,0.005041874945163727,0.00016009327373467386,3.5565574580687095e-05,0.00017458212096244097,4.643593056243844e-05,0.00035991208957663424,0.0019093806622549891,0.0011119947303086515,0.00011350121106564377,0.0003183920925948769,0.00020567565225064753,0.00046842758233904335,0.004074069348462217,0.0007561836772386715
68_1,Just got hit with an endless Cloudflare loop trying to access Current's site to manage my card. Anyo,15,105,0.31398383180300393,0.26666666666666666,0.05226004377617954,0.040842481345074705,0.03659724462452955,0.5011252888611385,0.5276571177300953,0.5124030831314269,0.5120009183883667,0.590537965297699,0.35433244705200195,0.35629531741142273,0.7121090888977051,0.6485700607299805,2,13,0.13333333333333333,0.13290595250825088,1.3605138827424867,0.4082924318084403,0.9333333333333333,0.7857142857142857,neutral,0.4666666666666667,0.5333333333333333,0.13333333333333333,0.06666666666666667,0.26666666666666666,16.588617248650422,20.0,0.5952853079659243,1.0,1.0,0.0,0.0,0.001913214756253486,0.01698586717247963,0.0030342536047101008,2.7520908133737977e-06,1.4319097317638807e-05,5.302912086335707e-06,0.00038561977174443504,0.005041874945163727,0.00016009327373467386,3.5565574580687095e-05,0.00017458212096244097,4.643593056243844e-05,0.00035991208957663424,0.0019093806622549891,0.0011119947303086515,0.00011350121106564377,0.0003183920925948769,0.00020567565225064753,0.00046842758233904335,0.004074069348462217,0.0007561836772386715
68_2,Chase just bumped the CSR signup bonus to 125K points. Worth it? Title says it all. Got a targeted m,22,231,0.3177561963146383,0.22727272727272727,0.057298633095092553,0.0394222050719052,0.032817843896644834,0.48918087593404763,0.49785620335376624,0.49105727504858204,0.49074283242225647,0.5767613649368286,0.27698996663093567,0.2668473422527313,0.7121090888977051,0.5147377848625183,4,18,0.18181818181818182,0.18119282893497834,1.654033648757923,0.49637819158673296,0.8636363636363636,0.8095238095238095,neutral,0.36363636363636365,0.45454545454545453,0.13636363636363635,0.045454545454545456,0.36363636363636365,27.804363769525445,30.75,0.6796622254772887,1.0,1.0,0.0,0.0,0.0014527307648677379,0.01698586717247963,0.0010724914143793284,2.3248545372470373e-06,1.4319097317638807e-05,1.9597903701651374e-06,0.0002730876851108571,0.005041874945163727,0.00012717258941847819,3.092976757298774e-05,0.00017458212096244097,4.0275745050166734e-05,0.000282305274925999,0.0019093806622549891,0.00026919992815237486,0.00010118343197973445,0.0003183920925948769,0.00019515818057698185,0.0003570936298324272,0.004074069348462217,0.0002790479328533971
69_1,Pulled the trigger on the Chase Freedom Flex - thoughts after first 3 months?,21,210,0.3258120900108701,0.2857142857142857,0.06913774963788134,0.04751189047434977,0.03936990812639398,0.5315391479503541,0.5180870044799079,0.5240502469596409,0.5199644267559052,0.6262518167495728,0.30268511176109314,0.28416502475738525,0.7121090888977051,0.525236964225769,4,17,0.19047619047619047,0.18729426277180514,1.6582280766035324,0.4976369462138278,0.8571428571428571,0.8,neutral,0.38095238095238093,0.47619047619047616,0.14285714285714285,0.047619047619047616,0.3333333333333333,11.774140541352832,16.0,0.3588634998090123,1.0,1.0,0.0,0.0,0.0014991301341935816,0.01698586717247963,0.0010772475507110357,2.376300980835194e-06,1.4319097317638807e-05,1.974672386495513e-06,0.00028474352248373353,0.005041874945163727,0.00013519836647901684,3.1391995348496405e-05,0.00017458212096244097,4.034772427985445e-05,0.0002899192567426889,0.0019093806622549891,0.000277079117950052,0.00010172240408359184,0.0003183920925948769,0.00020394843886606395,0.00036821393563882124,0.004074069348462217,0.0002822969289203077
69_2,AA AAdvantage MileUp card - is it actually worth it or just a glorified airline sticker on a mediocr,20,190,0.3328269124031067,0.3,0.06217702797095225,0.03973297960694818,0.03168551443438216,0.5063880743164765,0.5191560527211742,0.5104453588786878,0.5126940310001373,0.5923973917961121,0.3119811713695526,0.29370176792144775,0.7121090888977051,0.5376409292221069,3,17,0.15,0.15124925179407,1.6094379124341003,0.48299493849177877,0.9,0.8421052631578947,neutral,0.4,0.5,0.1,0.05,0.35,25.78347338897535,24.0,0.5826773647226068,1.0,1.0,0.0,0.0,0.0015557224789517932,0.01698586717247963,0.0014034152263775513,2.4245950214663027e-06,1.4319097317638807e-05,2.5293790031355533e-06,0.00029742231454292777,0.005041874945163727,0.00013934751768829306,3.2022549203247766e-05,0.00017458212096244097,4.1362425326951794e-05,0.00029946009781269824,0.0019093806622549891,0.0004162317200098207,0.00010360212909290566,0.0003183920925948769,0.00020423630776349454,0.0003817756941041731,0.004074069348462217,0.00036127805364003613
6_1,One Key+ Card - worth it for the $350 SUB or skip? Got a targeted offer for the One Key+ card. $350 ,15,105,0.3028867443402608,0.06666666666666667,0.05357337226595713,0.03749883428165201,0.0312801795015997,0.48556920914422896,0.5044639224097842,0.4933171351750692,0.4941548705101013,0.5843601822853088,0.35433244705200195,0.35629531741142273,0.7121090888977051,0.6485700607299805,2,13,0.13333333333333333,0.13290595250825088,1.3605138827424867,0.4082924318084403,0.9333333333333333,0.7857142857142857,neutral,0.4666666666666667,0.5333333333333333,0.13333333333333333,0.06666666666666667,0.26666666666666666,20.303913142271092,26.5,0.5467840163986829,1.0,1.0,0.0,0.0,0.001913214756253486,0.01698586717247963,0.0030342536047101008,2.7520908133737977e-06,1.4319097317638807e-05,5.302912086335707e-06,0.00038561977174443504,0.005041874945163727,0.00016009327373467386,3.5565574580687095e-05,0.00017458212096244097,4.643593056243844e-05,0.00035991208957663424,0.0019093806622549891,0.0011119947303086515,0.00011350121106564377,0.0003183920925948769,0.00020567565225064753,0.00046842758233904335,0.004074069348462217,0.0007561836772386715
6_2,AA MileUp Card - sleeper no-AF card or garbage? Honest opinions wanted Been flying American more lat,19,171,0.3104116540206106,0.10526315789473684,0.064563875342366,0.03813878619561703,0.029074731890390122,0.5093422315971196,0.5185811526594106,0.5123273111574831,0.5126369595527649,0.6052607297897339,0.3310185372829437,0.3201761841773987,0.7121090888977051,0.5569981932640076,3,16,0.15789473684210525,0.15733224398603565,1.485181756934977,0.4457054638752913,0.8947368421052632,0.8333333333333334,neutral,0.42105263157894735,0.47368421052631576,0.10526315789473684,0.05263157894736842,0.3684210526315789,22.36315727539606,30.0,0.4244755127198053,1.0,1.0,0.0,0.0,0.0016068161578579364,0.01698586717247963,0.0017295829020440555,2.4622015165445383e-06,1.4319097317638807e-05,3.0840856197755746e-06,0.0003110891970879349,0.005041874945163727,0.00014349666889756915,3.1995172704275896e-05,0.00017458212096244097,4.23771263740491e-05,0.00030904844109165043,0.0019093806622549891,0.0005553843220695843,0.0001042831714393718,0.0003183920925948769,0.00020452417666092513,0.00039428239028295236,0.004074069348462217,0.0004402591783597618
70_1,"Looking at the OpenSky Plus Secured Visa as my first credit card - is it worth it? Hey everyone, lon",15,105,0.3097319722175598,0.2,0.07250415101934117,0.052427064096074,0.0445233537213557,0.5244368357317788,0.5456277478308905,0.534047399816059,0.5290201306343079,0.6370669007301331,0.35433244705200195,0.35629531741142273,0.7121090888977051,0.6485700607299805,2,13,0.13333333333333333,0.13290595250825088,1.3605138827424867,0.4082924318084403,0.9333333333333333,0.7857142857142857,neutral,0.4666666666666667,0.5333333333333333,0.13333333333333333,0.06666666666666667,0.26666666666666666,12.181224167636937,16.0,0.4434911711518303,1.0,1.0,0.0,0.0,0.001913214756253486,0.01698586717247963,0.0030342536047101008,2.7520908133737977e-06,1.4319097317638807e-05,5.302912086335707e-06,0.00038561977174443504,0.005041874945163727,0.00016009327373467386,3.5565574580687095e-05,0.00017458212096244097,4.643593056243844e-05,0.00035991208957663424,0.0019093806622549891,0.0011119947303086515,0.00011350121106564377,0.0003183920925948769,0.00020567565225064753,0.00046842758233904335,0.004074069348462217,0.0007561836772386715
70_2,Wells Fargo Reflect Card - 21 month 0% APR is tempting. Good move for paying off debt? I currently h,16,120,0.3025324419140816,0.125,0.05186323041815891,0.03487441111379552,0.028385649536469503,0.5033233476181825,0.5105002890030543,0.5043620795011521,0.5063959062099457,0.6006901860237122,0.35778364539146423,0.36365675926208496,0.7121090888977051,0.6220158934593201,2,14,0.125,0.12568000587634742,1.3686896376228386,0.41074598916225413,0.9375,0.8,neutral,0.4375,0.5625,0.125,0.0625,0.25,22.83637449333847,33.0,0.524974126283643,1.0,1.0,0.0,0.0,0.001819422253902303,0.01698586717247963,0.002708085929043591,2.668427519836314e-06,1.4319097317638807e-05,4.748205469695677e-06,0.00036350332584333955,0.005041874945163727,0.0001559441225253977,3.451611610216787e-05,0.00017458212096244097,4.542122951534111e-05,0.00034417379310980323,0.0019093806622549891,0.0009728421282488853,0.00011073922814830439,0.0003183920925948769,0.00020538778335321695,0.00044583719077095907,0.004074069348462217,0.0006772025525189443
71_1,So I've been going back and forth on this for like 3 weeks and need to just make a decision already.,14,91,0.3190765105761014,0.0,0.05616965694158512,0.03607041867466533,0.028891913928608046,0.4898673685697409,0.5003690038408551,0.49266865128999227,0.4892004728317261,0.5753554105758667,0.34145811200141907,0.33603715896606445,0.6880798935890198,0.620058536529541,1,13,0.07142857142857142,0.07967908081731626,1.1952684170869834,0.35870199846291473,0.9285714285714286,0.7692307692307693,neutral,0.5,0.5,0.14285714285714285,0.07142857142857142,0.2857142857142857,18.83074450932597,26.75,0.473304170790958,1.0,1.0,0.0,0.0,0.001739949788316153,0.01698586717247963,0.001062979141715914,2.807620701007961e-06,1.4319097317638807e-05,5.812972653984612e-06,0.00040054333554248193,0.005041874945163727,0.0001111210352974012,3.5275406194809224e-05,0.00017458212096244097,4.745063160953577e-05,0.00026643401465012824,0.0019093806622549891,0.0002534415485570207,0.00010683507415316334,0.0003183920925948769,0.00017757766399881798,0.0004253075399262906,0.004074069348462217,0.000272549940719576
71_2,Just wanted to share because I've been lurking here forever and this sub gave me the courage to keep,19,171,0.3119115609871714,0.05263157894736842,0.0569571203091831,0.03844601701952665,0.03161300120780424,0.4966773397741262,0.5086453058566266,0.5013171680140913,0.5030073523521423,0.6395127177238464,0.3310185372829437,0.3201761841773987,0.7121090888977051,0.5569981932640076,3,16,0.15789473684210525,0.15733224398603565,1.485181756934977,0.4457054638752913,0.8947368421052632,0.8333333333333334,neutral,0.42105263157894735,0.47368421052631576,0.10526315789473684,0.05263157894736842,0.3684210526315789,22.189563567180386,24.5,0.5440022035824869,1.0,1.0,0.0,0.0,0.0016068161578579364,0.01698586717247963,0.0017295829020440555,2.4622015165445383e-06,1.4319097317638807e-05,3.0840856197755746e-06,0.0003110891970879349,0.005041874945163727,0.00014349666889756915,3.1995172704275896e-05,0.00017458212096244097,4.23771263740491e-05,0.00030904844109165043,0.0019093806622549891,0.0005553843220695843,0.0001042831714393718,0.0003183920925948769,0.00020452417666092513,0.00039428239028295236,0.004074069348462217,0.0004402591783597618
72_1,"CSP vs Wells Fargo Autograph Journey - which one actually wins for travel? Hey everyone, I've been g",16,120,0.3087965790182352,0.0625,0.06171796900382709,0.04474794382121184,0.03821074511866321,0.49428674230972924,0.5056316335995992,0.4987269021570683,0.5041943192481995,0.5890052914619446,0.35778364539146423,0.36365675926208496,0.7121090888977051,0.6220158934593201,2,14,0.125,0.12568000587634742,1.3686896376228386,0.41074598916225413,0.9375,0.8,neutral,0.4375,0.5625,0.125,0.0625,0.25,14.717655214061784,25.0,0.51868388419601,1.0,1.0,0.0,0.0,0.001819422253902303,0.01698586717247963,0.002708085929043591,2.668427519836314e-06,1.4319097317638807e-05,4.748205469695677e-06,0.00036350332584333955,0.005041874945163727,0.0001559441225253977,3.451611610216787e-05,0.00017458212096244097,4.542122951534111e-05,0.00034417379310980323,0.0019093806622549891,0.0009728421282488853,0.00011073922814830439,0.0003183920925948769,0.00020538778335321695,0.00044583719077095907,0.004074069348462217,0.0006772025525189443
72_2,Am I crazy for preferring the Wells Fargo Autograph Journey over CSP? Hear me out. I've had the Chas,17,136,0.32585588623495665,0.29411764705882354,0.054646371710332556,0.04038053552832476,0.03519550183233668,0.4935138672590256,0.51169759013197,0.5004853003603571,0.5003737807273865,0.5933783054351807,0.34991002082824707,0.35084736347198486,0.7121090888977051,0.6120748519897461,2,15,0.11764705882352941,0.11955982205622337,1.334592953237241,0.4005135186516717,0.8823529411764706,0.8125,neutral,0.47058823529411764,0.5294117647058824,0.11764705882352941,0.058823529411764705,0.29411764705882354,17.797787662368055,30.0,0.5752136696963059,1.0,1.0,0.0,0.0,0.001749324266497484,0.01698586717247963,0.0023819182533770813,2.5868218926916597e-06,1.4319097317638807e-05,4.1934988530556455e-06,0.0003443004530067008,0.005041874945163727,0.00015179497131612152,3.3665129462058434e-05,0.00017458212096244097,4.440652846824378e-05,0.0003338943073793095,0.0019093806622549891,0.0008336895261891192,0.00010827629226054448,0.0003183920925948769,0.00020509991445578636,0.00042867454508313145,0.004074069348462217,0.0005982214277992174
73_1,I've had the Southwest Rapid Rewards Priority Card for about 3 years now and I'm starting to questio,14,91,0.3169301322528294,0.21428571428571427,0.06878930881875946,0.04730814673421769,0.03920597651013582,0.4978619574845492,0.5108407146328098,0.5032474002340338,0.5024506449699402,0.5865583419799805,0.3610836863517761,0.369733065366745,0.7121090888977051,0.6569548845291138,2,12,0.14285714285714285,0.1407378808196102,1.4003265762311883,0.42024028595938745,1.0,0.7692307692307693,neutral,0.42857142857142855,0.5714285714285714,0.14285714285714285,0.0,0.2857142857142857,11.613899132557702,19.0,0.3653810963051861,1.0,1.0,0.0,0.0,0.002021146102509062,0.01698586717247963,0.003360421280376611,2.8517869249558965e-06,1.4319097317638807e-05,5.857618702975739e-06,0.0004112276298785998,0.005041874945163727,0.00016424242494395,3.6626253729212165e-05,0.00017458212096244097,4.745063160953577e-05,0.0003780780430783385,0.0019093806622549891,0.0012511473323684175,0.00011619954602792859,0.0003183920925948769,0.00020596352114807812,0.0004943548936913496,0.004074069348462217,0.0008351648019583985
73_2,"Looking at Capital One travel cards and torn between VentureOne ($0 AF, 1.25x miles) and Venture ($9",15,105,0.3182905336221059,0.2,0.06827011245583742,0.04422540430460256,0.03482568833275297,0.4856108884016673,0.5064568945339748,0.4941185400599525,0.4932495057582855,0.6001150608062744,0.35433244705200195,0.35629531741142273,0.7121090888977051,0.6485700607299805,2,13,0.13333333333333333,0.13290595250825088,1.3605138827424867,0.4082924318084403,0.9333333333333333,0.7857142857142857,neutral,0.4666666666666667,0.5333333333333333,0.13333333333333333,0.06666666666666667,0.26666666666666666,20.305883110293156,29.5,0.5242482730712519,1.0,1.0,0.0,0.0,0.001913214756253486,0.01698586717247963,0.0030342536047101008,2.7520908133737977e-06,1.4319097317638807e-05,5.302912086335707e-06,0.00038561977174443504,0.005041874945163727,0.00016009327373467386,3.5565574580687095e-05,0.00017458212096244097,4.643593056243844e-05,0.00035991208957663424,0.0019093806622549891,0.0011119947303086515,0.00011350121106564377,0.0003183920925948769,0.00020567565225064753,0.00046842758233904335,0.004074069348462217,0.0007561836772386715
74_1,Choice Privileges Mastercard bumped their bonus to 60k - is it worth it now? I was killing time on t,11,55,0.31586539474400604,0.09090909090909091,0.06555691604925813,0.043724990247067115,0.03494587771656219,0.49636193893172526,0.5210842902010138,0.5041229898279364,0.5005186200141907,0.5902215838432312,0.4054003357887268,0.39558061957359314,0.682113766670227,0.6559844613075256,1,10,0.09090909090909091,0.09429291872815652,0.9949236325717752,0.2985782023683364,0.8181818181818182,0.7,neutral,0.5454545454545454,0.45454545454545453,0.18181818181818182,0.0,0.36363636363636365,16.554942334616552,24.0,0.4657400656797495,1.0,1.0,0.0,0.0,0.0020848530111834407,0.01698586717247963,0.0010772475507110357,3.1710193711246988e-06,1.4319097317638807e-05,7.52173855289584e-06,0.0005005184349019229,0.005041874945163727,0.00013519836647901684,3.873078259692358e-05,0.00017458212096244097,5.0494734750827774e-05,0.00030737167253391817,0.0019093806622549891,0.000277079117950052,0.00011452036679574204,0.0003183920925948769,0.00020394843886606395,0.0005081942145638453,0.004074069348462217,0.0002822969289203077
74_2,World of Hyatt Credit Card - still worth it in 2024? My honest take after 18 months Been holding the,13,78,0.31474146705407363,0.15384615384615385,0.05959912814230363,0.03924092291553612,0.03187899424016584,0.5062375301733996,0.5165304461350808,0.5096517098255646,0.5026375651359558,0.6331256031990051,0.3788752853870392,0.3768388330936432,0.7121090888977051,0.6767420768737793,2,11,0.15384615384615385,0.14899195358157158,1.2309316230479224,0.3694045846493381,0.8461538461538461,0.75,neutral,0.46153846153846156,0.5384615384615384,0.15384615384615385,0.0,0.3076923076923077,19.52331332826499,30.0,0.47175292428893095,1.0,1.0,0.0,0.0,0.0021307790974298348,0.01698586717247963,0.0036865889560431264,2.9534516600576285e-06,1.4319097317638807e-05,6.412325319615779e-06,0.0004398503480423152,0.005041874945163727,0.00016839157615322622,3.7462089004783105e-05,0.00017458212096244097,4.846533265663311e-05,0.0003965880818073996,0.0019093806622549891,0.0013902999344281863,0.00011804984947397876,0.0003183920925948769,0.00020625139004550876,0.0005209471529030615,0.004074069348462217,0.0009141459266781269
75_1,First 'real' credit card — leaning Chase Sapphire Preferred but need a sanity check Hey all. Long ti,16,120,0.32093116641044617,0.25,0.05583088065797232,0.04112768339737375,0.035673172724859877,0.49701393296321233,0.5154499197999637,0.5033192083239555,0.5056447684764862,0.579668402671814,0.35778364539146423,0.36365675926208496,0.7121090888977051,0.6220158934593201,2,14,0.125,0.12568000587634742,1.3686896376228386,0.41074598916225413,0.9375,0.8,neutral,0.4375,0.5625,0.125,0.0625,0.25,26.396540374640008,24.5,0.7953759811567611,1.0,1.0,0.0,0.0,0.001819422253902303,0.01698586717247963,0.002708085929043591,2.668427519836314e-06,1.4319097317638807e-05,4.748205469695677e-06,0.00036350332584333955,0.005041874945163727,0.0001559441225253977,3.451611610216787e-05,0.00017458212096244097,4.542122951534111e-05,0.00034417379310980323,0.0019093806622549891,0.0009728421282488853,0.00011073922814830439,0.0003183920925948769,0.00020538778335321695,0.00044583719077095907,0.004074069348462217,0.0006772025525189443
75_2,Venture X Business vs Amex Business Platinum for a ~$180k/yr small business Posting for my wife's bu,16,120,0.31791174225509167,0.0625,0.05985882408489221,0.03688420813121219,0.02828794102488808,0.506249175965786,0.5108019731938839,0.5063694777588049,0.5112645924091339,0.6224207282066345,0.35778364539146423,0.36365675926208496,0.7121090888977051,0.6220158934593201,2,14,0.125,0.12568000587634742,1.3686896376228386,0.41074598916225413,0.9375,0.8,neutral,0.4375,0.5625,0.125,0.0625,0.25,22.875256146106867,24.25,0.46506238670611166,1.0,1.0,0.0,0.0,0.001819422253902303,0.01698586717247963,0.002708085929043591,2.668427519836314e-06,1.4319097317638807e-05,4.748205469695677e-06,0.00036350332584333955,0.005041874945163727,0.0001559441225253977,3.451611610216787e-05,0.00017458212096244097,4.542122951534111e-05,0.00034417379310980323,0.0019093806622549891,0.0009728421282488853,0.00011073922814830439,0.0003183920925948769,0.00020538778335321695,0.00044583719077095907,0.004074069348462217,0.0006772025525189443
76_1,Title: Pulled the trigger on Venture X Business - 150k miles bonus but $30k spend is steep Hey r/Cre,19,171,0.3180224330801713,0.0,0.062365886051927895,0.04003598841298995,0.030624208744854685,0.5107911626497904,0.5133350524637434,0.5102757119644455,0.5142993330955505,0.5911890864372253,0.3310185372829437,0.3201761841773987,0.7121090888977051,0.5569981932640076,3,16,0.15789473684210525,0.15733224398603565,1.485181756934977,0.4457054638752913,0.8947368421052632,0.8333333333333334,neutral,0.42105263157894735,0.47368421052631576,0.10526315789473684,0.05263157894736842,0.3684210526315789,24.08330417875016,28.5,0.5199804311321058,1.0,1.0,0.0,0.0,0.0016068161578579364,0.01698586717247963,0.0017295829020440555,2.4622015165445383e-06,1.4319097317638807e-05,3.0840856197755746e-06,0.0003110891970879349,0.005041874945163727,0.00014349666889756915,3.1995172704275896e-05,0.00017458212096244097,4.23771263740491e-05,0.00030904844109165043,0.0019093806622549891,0.0005553843220695843,0.0001042831714393718,0.0003183920925948769,0.00020452417666092513,0.00039428239028295236,0.004074069348462217,0.0004402591783597618
76_2,Title: Is Chime actually a bank? Tried to visit their site and got a Cloudflare block. Starting to q,18,153,0.3289222998751534,0.2222222222222222,0.056489836865103754,0.03552620923863764,0.027646559729540346,0.5098311667348824,0.5223010414176517,0.5147149377788593,0.5146188735961914,0.592518150806427,0.3434210419654846,0.32965725660324097,0.7121090888977051,0.5916843414306641,2,16,0.1111111111111111,0.11427675280719995,1.4750080554560212,0.4426523194935796,0.8888888888888888,0.8235294117647058,neutral,0.4444444444444444,0.5,0.1111111111111111,0.05555555555555555,0.3333333333333333,28.83263754245041,32.75,0.5532915519873213,1.0,1.0,0.0,0.0,0.0016720959861736952,0.01698586717247963,0.0020557505777105715,2.5186865476219586e-06,1.4319097317638807e-05,3.638792236415615e-06,0.000326614260605614,0.005041874945163727,0.00014764582010684538,3.2799550859231706e-05,0.00017458212096244097,4.3391827421146456e-05,0.00032075326089398004,0.0019093806622549891,0.0006945369241293531,0.00010615570742326479,0.0003183920925948769,0.00020481204555835577,0.0004101562420839013,0.004074069348462217,0.0005192403030794902
77_1,Southwest Rapid Rewards Priority Card - Worth it in 2024? I've been eyeing the Southwest Rapid Rewar,15,105,0.3136667191982269,0.13333333333333333,0.06411048813744082,0.04533376478991938,0.03770212529406037,0.5103674528144655,0.5278507343360356,0.5181372009572529,0.5214518308639526,0.6077561378479004,0.35433244705200195,0.35629531741142273,0.7121090888977051,0.6485700607299805,2,13,0.13333333333333333,0.13290595250825088,1.3605138827424867,0.4082924318084403,0.9333333333333333,0.7857142857142857,neutral,0.4666666666666667,0.5333333333333333,0.13333333333333333,0.06666666666666667,0.26666666666666666,16.86205470542926,19.5,0.4949722516270819,1.0,1.0,0.0,0.0,0.001913214756253486,0.01698586717247963,0.0030342536047101008,2.7520908133737977e-06,1.4319097317638807e-05,5.302912086335707e-06,0.00038561977174443504,0.005041874945163727,0.00016009327373467386,3.5565574580687095e-05,0.00017458212096244097,4.643593056243844e-05,0.00035991208957663424,0.0019093806622549891,0.0011119947303086515,0.00011350121106564377,0.0003183920925948769,0.00020567565225064753,0.00046842758233904335,0.004074069348462217,0.0007561836772386715
77_2,Pulled the trigger on Capital One Venture X Business - 150K miles bonus thoughts? Just got approved ,17,136,0.30161479466101704,0.0,0.0628188024864335,0.04294838404061748,0.035663863012311676,0.5127138022114249,0.5221098411609145,0.5163753512589371,0.5107982158660889,0.6176610589027405,0.34991002082824707,0.35084736347198486,0.7121090888977051,0.6120748519897461,2,15,0.11764705882352941,0.11955982205622337,1.334592953237241,0.4005135186516717,0.8823529411764706,0.8125,neutral,0.47058823529411764,0.5294117647058824,0.11764705882352941,0.058823529411764705,0.29411764705882354,15.497739538263241,10.0,0.42153851544076015,1.0,1.0,0.0,0.0,0.001749324266497484,0.01698586717247963,0.0023819182533770813,2.5868218926916597e-06,1.4319097317638807e-05,4.1934988530556455e-06,0.0003443004530067008,0.005041874945163727,0.00015179497131612152,3.3665129462058434e-05,0.00017458212096244097,4.440652846824378e-05,0.0003338943073793095,0.0019093806622549891,0.0008336895261891192,0.00010827629226054448,0.0003183920925948769,0.00020509991445578636,0.00042867454508313145,0.004074069348462217,0.0005982214277992174
78_1,PayPal Cashback Mastercard - underrated or not worth the hassle? Been looking at the PayPal Cashback,16,120,0.3046187926083803,0.0625,0.06066083809255417,0.040141375149373194,0.03299745044675723,0.514218361179034,0.5241115637123585,0.5172336665292581,0.5198550522327423,0.6073002815246582,0.35778364539146423,0.36365675926208496,0.7121090888977051,0.6220158934593201,2,14,0.125,0.12568000587634742,1.3686896376228386,0.41074598916225413,0.9375,0.8,neutral,0.4375,0.5625,0.125,0.0625,0.25,22.523598735548457,24.25,0.5812541609173796,1.0,1.0,0.0,0.0,0.001819422253902303,0.01698586717247963,0.002708085929043591,2.668427519836314e-06,1.4319097317638807e-05,4.748205469695677e-06,0.00036350332584333955,0.005041874945163727,0.0001559441225253977,3.451611610216787e-05,0.00017458212096244097,4.542122951534111e-05,0.00034417379310980323,0.0019093806622549891,0.0009728421282488853,0.00011073922814830439,0.0003183920925948769,0.00020538778335321695,0.00044583719077095907,0.004074069348462217,0.0006772025525189443
78_2,Chase Sapphire Reserve refresh - is the 125k SUB + $3000 annual value claim actually real or marketi,22,231,0.3280501406301152,0.22727272727272727,0.06777263046607744,0.04209288528190204,0.032499806640769284,0.5150275888381066,0.5241688389282722,0.5183623151861744,0.5160815119743347,0.6063646674156189,0.27698996663093567,0.2668473422527313,0.7121090888977051,0.5147377848625183,4,18,0.18181818181818182,0.18119282893497834,1.654033648757923,0.49637819158673296,0.8636363636363636,0.8095238095238095,neutral,0.36363636363636365,0.45454545454545453,0.13636363636363635,0.045454545454545456,0.36363636363636365,25.223177390764043,27.0,0.49589803627954326,1.0,1.0,0.0,0.0,0.0014527307648677379,0.01698586717247963,0.0010724914143793284,2.3248545372470373e-06,1.4319097317638807e-05,1.9597903701651374e-06,0.0002730876851108571,0.005041874945163727,0.00012717258941847819,3.092976757298774e-05,0.00017458212096244097,4.0275745050166734e-05,0.000282305274925999,0.0019093806622549891,0.00026919992815237486,0.00010118343197973445,0.0003183920925948769,0.00019515818057698185,0.0003570936298324272,0.004074069348462217,0.0002790479328533971
79_1,"Rising junior here, looking to get my first travel rewards card. I've been looking at the Bank of Am",12,66,0.31293822328249615,0.25,0.07560582095420837,0.04817683165940796,0.03742639503723609,0.5273189648534312,0.5401585698127747,0.5327409307161967,0.5309011042118073,0.6367424130439758,0.3649839162826538,0.372275173664093,0.6880798935890198,0.6557418704032898,1,11,0.08333333333333333,0.08823443669825792,1.0397207708399179,0.3120218965147642,0.8333333333333334,0.7272727272727273,neutral,0.5,0.5,0.16666666666666666,0.0,0.3333333333333333,22.81203386129542,17.5,0.4719731143716293,1.0,1.0,0.0,0.0,0.0019467669966009755,0.01698586717247963,0.0010724914143793284,3.0350165995211378e-06,1.4319097317638807e-05,6.9521499199254346e-06,0.00046178038716486,0.005041874945163727,0.00012717258941847835,3.7281602089933585e-05,0.00017458212096244097,4.948003370373045e-05,0.000290586660412373,0.0019093806622549891,0.00026919992815237497,0.00011065174294344615,0.0003183920925948769,0.00019515818057698201,0.0004750170676351849,0.004074069348462217,0.00027904793285339716
79_2,Chase Freedom Flex vs. other no-annual-fee cards — is it still worth it in 2024? I've had the Chase ,14,91,0.3122403174638748,0.07142857142857142,0.06423106830265145,0.04013363366435208,0.03171371768319173,0.507673530788212,0.5219465251807328,0.5140825493650122,0.5166752338409424,0.5913785696029663,0.3610836863517761,0.369733065366745,0.7121090888977051,0.6569548845291138,2,12,0.14285714285714285,0.1407378808196102,1.4003265762311883,0.42024028595938745,1.0,0.7692307692307693,neutral,0.42857142857142855,0.5714285714285714,0.14285714285714285,0.0,0.2857142857142857,19.48782979718577,26.25,0.4502138897039617,1.0,1.0,0.0,0.0,0.002021146102509062,0.01698586717247963,0.003360421280376611,2.8517869249558965e-06,1.4319097317638807e-05,5.857618702975739e-06,0.0004112276298785998,0.005041874945163727,0.00016424242494395,3.6626253729212165e-05,0.00017458212096244097,4.745063160953577e-05,0.0003780780430783385,0.0019093806622549891,0.0012511473323684175,0.00011619954602792859,0.0003183920925948769,0.00020596352114807812,0.0004943548936913496,0.004074069348462217,0.0008351648019583985
7_1,Thinking about the Hilton Honors Amex Business Card for my small consulting firm — worth it? Hey eve,16,120,0.31376462057232857,0.125,0.07176073854911444,0.04937632486946948,0.040321661391626726,0.5022700895865758,0.517901602635781,0.50901048630476,0.5078530013561249,0.5868595838546753,0.35778364539146423,0.36365675926208496,0.7121090888977051,0.6220158934593201,2,14,0.125,0.12568000587634742,1.3686896376228386,0.41074598916225413,0.9375,0.8,neutral,0.4375,0.5625,0.125,0.0625,0.25,17.20782888687588,12.5,0.4830267757719545,1.0,1.0,0.0,0.0,0.001819422253902303,0.01698586717247963,0.002708085929043591,2.668427519836314e-06,1.4319097317638807e-05,4.748205469695677e-06,0.00036350332584333955,0.005041874945163727,0.0001559441225253977,3.451611610216787e-05,0.00017458212096244097,4.542122951534111e-05,0.00034417379310980323,0.0019093806622549891,0.0009728421282488853,0.00011073922814830439,0.0003183920925948769,0.00020538778335321695,0.00044583719077095907,0.004074069348462217,0.0006772025525189443
7_2,PSA: Citi Strata Premier 60K SUB is live + my first 3 months with the card Saw the 60K ThankYou Poin,18,153,0.3160620133082072,0.2222222222222222,0.05491491356521443,0.03887839605165689,0.033118591140786614,0.4889325928064733,0.4878766756821302,0.48691053522957695,0.4897790849208832,0.6073914170265198,0.3434210419654846,0.32965725660324097,0.7121090888977051,0.5916843414306641,2,16,0.1111111111111111,0.11427675280719995,1.4750080554560212,0.4426523194935796,0.8888888888888888,0.8235294117647058,neutral,0.4444444444444444,0.5,0.1111111111111111,0.05555555555555555,0.3333333333333333,18.31514249042154,24.0,0.5283214179929291,1.0,1.0,0.0,0.0,0.0016720959861736952,0.01698586717247963,0.0020557505777105715,2.5186865476219586e-06,1.4319097317638807e-05,3.638792236415615e-06,0.000326614260605614,0.005041874945163727,0.00014764582010684538,3.2799550859231706e-05,0.00017458212096244097,4.3391827421146456e-05,0.00032075326089398004,0.0019093806622549891,0.0006945369241293531,0.00010615570742326479,0.0003183920925948769,0.00020481204555835577,0.0004101562420839013,0.004074069348462217,0.0005192403030794902
80_1,PayPal Cashback Mastercard - worth it as a daily driver? I've been looking at the PayPal Cashback Ma,15,105,0.3125093440214793,0.13333333333333333,0.06427786074128983,0.043107966341934485,0.03508073128414523,0.5080254307815006,0.5276433033602578,0.5160285007385981,0.5163508653640747,0.653400719165802,0.35433244705200195,0.35629531741142273,0.7121090888977051,0.6485700607299805,2,13,0.13333333333333333,0.13290595250825088,1.3605138827424867,0.4082924318084403,0.9333333333333333,0.7857142857142857,neutral,0.4666666666666667,0.5333333333333333,0.13333333333333333,0.06666666666666667,0.26666666666666666,16.58861724865042,20.0,0.4757729612423638,1.0,1.0,0.0,0.0,0.001913214756253486,0.01698586717247963,0.0030342536047101008,2.7520908133737977e-06,1.4319097317638807e-05,5.302912086335707e-06,0.00038561977174443504,0.005041874945163727,0.00016009327373467386,3.5565574580687095e-05,0.00017458212096244097,4.643593056243844e-05,0.00035991208957663424,0.0019093806622549891,0.0011119947303086515,0.00011350121106564377,0.0003183920925948769,0.00020567565225064753,0.00046842758233904335,0.004074069348462217,0.0007561836772386715
80_2,Chase Freedom Flex vs. Freedom Unlimited - which one are you actually using more in 2024? I've had t,18,153,0.32003922594918144,0.2777777777777778,0.08241348689910155,0.04981035239268122,0.03790787860370672,0.5102597722430634,0.5115747962122649,0.5090804750623267,0.5190576314926147,0.6191844940185547,0.3434210419654846,0.32965725660324097,0.7121090888977051,0.5916843414306641,2,16,0.1111111111111111,0.11427675280719995,1.4750080554560212,0.4426523194935796,0.8888888888888888,0.8235294117647058,neutral,0.4444444444444444,0.5,0.1111111111111111,0.05555555555555555,0.3333333333333333,21.842873233874503,11.75,0.5119423414189337,1.0,1.0,0.0,0.0,0.0016720959861736952,0.01698586717247963,0.0020557505777105715,2.5186865476219586e-06,1.4319097317638807e-05,3.638792236415615e-06,0.000326614260605614,0.005041874945163727,0.00014764582010684538,3.2799550859231706e-05,0.00017458212096244097,4.3391827421146456e-05,0.00032075326089398004,0.0019093806622549891,0.0006945369241293531,0.00010615570742326479,0.0003183920925948769,0.00020481204555835577,0.0004101562420839013,0.004074069348462217,0.0005192403030794902
81_1,Hilton Aspire Card - is the $450 AF still worth it in 2024? I've been holding the Hilton Honors Amex,17,136,0.3201952997375937,0.29411764705882354,0.07166140871824171,0.05545132356728843,0.04890827682672459,0.4834820553660393,0.4975644071750781,0.4890895424520268,0.48896317183971405,0.5672131776809692,0.34991002082824707,0.35084736347198486,0.7121090888977051,0.6120748519897461,2,15,0.11764705882352941,0.11955982205622337,1.334592953237241,0.4005135186516717,0.8823529411764706,0.8125,neutral,0.47058823529411764,0.5294117647058824,0.11764705882352941,0.058823529411764705,0.29411764705882354,10.466291253120932,17.0,0.46456123055628157,1.0,1.0,0.0,0.0,0.001749324266497484,0.01698586717247963,0.0023819182533770813,2.5868218926916597e-06,1.4319097317638807e-05,4.1934988530556455e-06,0.0003443004530067008,0.005041874945163727,0.00015179497131612152,3.3665129462058434e-05,0.00017458212096244097,4.440652846824378e-05,0.0003338943073793095,0.0019093806622549891,0.0008336895261891192,0.00010827629226054448,0.0003183920925948769,0.00020509991445578636,0.00042867454508313145,0.004074069348462217,0.0005982214277992174
81_2,Marriott Bonvoy Boundless vs. Brilliant - which one for someone just getting into hotel cards? I've ,18,153,0.3028205732504527,0.0,0.05405597689500349,0.038114171350166905,0.032376587882467237,0.47880687666874305,0.5130651400369757,0.49298061264885795,0.5018708109855652,0.6351032257080078,0.3434210419654846,0.32965725660324097,0.7121090888977051,0.5916843414306641,2,16,0.1111111111111111,0.11427675280719995,1.4750080554560212,0.4426523194935796,0.8888888888888888,0.8235294117647058,neutral,0.4444444444444444,0.5,0.1111111111111111,0.05555555555555555,0.3333333333333333,23.721116289599262,38.75,0.6886775696980432,1.0,1.0,0.0,0.0,0.0016720959861736952,0.01698586717247963,0.0020557505777105715,2.5186865476219586e-06,1.4319097317638807e-05,3.638792236415615e-06,0.000326614260605614,0.005041874945163727,0.00014764582010684538,3.2799550859231706e-05,0.00017458212096244097,4.3391827421146456e-05,0.00032075326089398004,0.0019093806622549891,0.0006945369241293531,0.00010615570742326479,0.0003183920925948769,0.00020481204555835577,0.0004101562420839013,0.004074069348462217,0.0005192403030794902
82_1,Prime Visa just hit me with a $150 Amazon gift card on approval + 5% back on Amazon. Worth it?,19,171,0.3250256259190409,0.10526315789473684,0.06588906495658299,0.0509419599860756,0.04553116892540956,0.4877963317068,0.4989326918682857,0.49196381056517885,0.50394207239151,0.6268401145935059,0.3310185372829437,0.3201761841773987,0.7121090888977051,0.5569981932640076,3,16,0.15789473684210525,0.15733224398603565,1.485181756934977,0.4457054638752913,0.8947368421052632,0.8333333333333334,neutral,0.42105263157894735,0.47368421052631576,0.10526315789473684,0.05263157894736842,0.3684210526315789,11.859052201317498,8.0,0.5733384015904134,1.0,1.0,0.0,0.0,0.0016068161578579364,0.01698586717247963,0.0017295829020440555,2.4622015165445383e-06,1.4319097317638807e-05,3.0840856197755746e-06,0.0003110891970879349,0.005041874945163727,0.00014349666889756915,3.1995172704275896e-05,0.00017458212096244097,4.23771263740491e-05,0.00030904844109165043,0.0019093806622549891,0.0005553843220695843,0.0001042831714393718,0.0003183920925948769,0.00020452417666092513,0.00039428239028295236,0.004074069348462217,0.0004402591783597618
82_2,Got a mailer for the One Key+ Card — $99 annual fee but $350 bonus after $3k spend. Is this actually,18,153,0.31693802608384025,0.16666666666666666,0.05106469217122387,0.035305523416429334,0.029391303735033476,0.5027388673202664,0.5255295653748356,0.5106482581765044,0.5146661400794983,0.630541980266571,0.3434210419654846,0.32965725660324097,0.7121090888977051,0.5916843414306641,2,16,0.1111111111111111,0.11427675280719995,1.4750080554560212,0.4426523194935796,0.8888888888888888,0.8235294117647058,neutral,0.4444444444444444,0.5,0.1111111111111111,0.05555555555555555,0.3333333333333333,33.90696239366529,33.25,0.7957305385736312,1.0,1.0,0.0,0.0,0.0016720959861736952,0.01698586717247963,0.0020557505777105715,2.5186865476219586e-06,1.4319097317638807e-05,3.638792236415615e-06,0.000326614260605614,0.005041874945163727,0.00014764582010684538,3.2799550859231706e-05,0.00017458212096244097,4.3391827421146456e-05,0.00032075326089398004,0.0019093806622549891,0.0006945369241293531,0.00010615570742326479,0.0003183920925948769,0.00020481204555835577,0.0004101562420839013,0.004074069348462217,0.0005192403030794902
83_1,Got the CSR mailer today — 125k points after $6k spend. Worth it in 2025? Title basically says it al,17,136,0.32170602503944845,0.23529411764705882,0.052083425378717886,0.036298728386219246,0.030351275744453694,0.47858695970738635,0.49487243965268135,0.4841287670766606,0.4904746115207672,0.5906082987785339,0.34991002082824707,0.35084736347198486,0.7121090888977051,0.6120748519897461,2,15,0.11764705882352941,0.11955982205622337,1.334592953237241,0.4005135186516717,0.8823529411764706,0.8125,neutral,0.47058823529411764,0.5294117647058824,0.11764705882352941,0.058823529411764705,0.29411764705882354,23.13507799662743,37.0,0.6242798824486766,1.0,1.0,0.0,0.0,0.001749324266497484,0.01698586717247963,0.0023819182533770813,2.5868218926916597e-06,1.4319097317638807e-05,4.1934988530556455e-06,0.0003443004530067008,0.005041874945163727,0.00015179497131612152,3.3665129462058434e-05,0.00017458212096244097,4.440652846824378e-05,0.0003338943073793095,0.0019093806622549891,0.0008336895261891192,0.00010827629226054448,0.0003183920925948769,0.00020509991445578636,0.00042867454508313145,0.004074069348462217,0.0005982214277992174
83_2,"College student here — Chase Freedom Rise for first credit card? Approval odds question So I'm 20, s",15,105,0.32252994378407795,0.13333333333333333,0.057680374680688644,0.03541363847793692,0.02743269199484622,0.5065124557131813,0.5198704046862466,0.5110693156719208,0.5126274228096008,0.5933583378791809,0.35433244705200195,0.35629531741142273,0.7121090888977051,0.6485700607299805,2,13,0.13333333333333333,0.13290595250825088,1.3605138827424867,0.4082924318084403,0.9333333333333333,0.7857142857142857,neutral,0.4666666666666667,0.5333333333333333,0.13333333333333333,0.06666666666666667,0.26666666666666666,26.9720843342396,49.5,0.5309465420125906,1.0,1.0,0.0,0.0,0.001913214756253486,0.01698586717247963,0.0030342536047101008,2.7520908133737977e-06,1.4319097317638807e-05,5.302912086335707e-06,0.00038561977174443504,0.005041874945163727,0.00016009327373467386,3.5565574580687095e-05,0.00017458212096244097,4.643593056243844e-05,0.00035991208957663424,0.0019093806622549891,0.0011119947303086515,0.00011350121106564377,0.0003183920925948769,0.00020567565225064753,0.00046842758233904335,0.004074069348462217,0.0007561836772386715
84_1,Wells Fargo Autograph Card - Hidden Gem or Overhyped? Been seeing a lot of buzz about the WF Autogra,14,91,0.30325146870953695,0.07142857142857142,0.06273592726883499,0.03972119769776674,0.030812189536904455,0.5283317346494276,0.5239128598145076,0.5254874134456718,0.523669421672821,0.6470845937728882,0.3610836863517761,0.369733065366745,0.7121090888977051,0.6569548845291138,2,12,0.14285714285714285,0.1407378808196102,1.4003265762311883,0.42024028595938745,1.0,0.7692307692307693,neutral,0.42857142857142855,0.5714285714285714,0.14285714285714285,0.0,0.2857142857142857,17.088753910220653,21.0,0.3544334144342061,1.0,1.0,0.0,0.0,0.002021146102509062,0.01698586717247963,0.003360421280376611,2.8517869249558965e-06,1.4319097317638807e-05,5.857618702975739e-06,0.0004112276298785998,0.005041874945163727,0.00016424242494395,3.6626253729212165e-05,0.00017458212096244097,4.745063160953577e-05,0.0003780780430783385,0.0019093806622549891,0.0012511473323684175,0.00011619954602792859,0.0003183920925948769,0.00020596352114807812,0.0004943548936913496,0.004074069348462217,0.0008351648019583985
84_2,Hilton Honors Amex Surpass - Worth the $150 AF for a casual traveler? Got a targeted offer for the H,14,91,0.3121740732874189,0.21428571428571427,0.07890059265549991,0.043583835941298964,0.030569808056284745,0.5067766619907631,0.5273746366684253,0.5162804912734817,0.5124223828315735,0.5979257225990295,0.3610836863517761,0.369733065366745,0.7121090888977051,0.6569548845291138,2,12,0.14285714285714285,0.1407378808196102,1.4003265762311883,0.42024028595938745,1.0,0.7692307692307693,neutral,0.42857142857142855,0.5714285714285714,0.14285714285714285,0.0,0.2857142857142857,24.64948151129168,31.75,0.37226832918887115,1.0,1.0,0.0,0.0,0.002021146102509062,0.01698586717247963,0.003360421280376611,2.8517869249558965e-06,1.4319097317638807e-05,5.857618702975739e-06,0.0004112276298785998,0.005041874945163727,0.00016424242494395,3.6626253729212165e-05,0.00017458212096244097,4.745063160953577e-05,0.0003780780430783385,0.0019093806622549891,0.0012511473323684175,0.00011619954602792859,0.0003183920925948769,0.00020596352114807812,0.0004943548936913496,0.004074069348462217,0.0008351648019583985
85_1,Is the Delta SkyMiles Reserve Amex worth it if I only fly Delta ~6x/year? I've been eyeing the Delta,15,105,0.3176750957965851,0.13333333333333333,0.06584495957607471,0.04431188023235632,0.03642252643410927,0.5161461131913322,0.5280686673663911,0.5207284921691531,0.5295814275741577,0.6468732953071594,0.35433244705200195,0.35629531741142273,0.7121090888977051,0.6485700607299805,2,13,0.13333333333333333,0.13290595250825088,1.3605138827424867,0.4082924318084403,0.9333333333333333,0.7857142857142857,neutral,0.4666666666666667,0.5333333333333333,0.13333333333333333,0.06666666666666667,0.26666666666666666,22.290406506437296,15.5,0.6237986895458199,1.0,1.0,0.0,0.0,0.001913214756253486,0.01698586717247963,0.0030342536047101008,2.7520908133737977e-06,1.4319097317638807e-05,5.302912086335707e-06,0.00038561977174443504,0.005041874945163727,0.00016009327373467386,3.5565574580687095e-05,0.00017458212096244097,4.643593056243844e-05,0.00035991208957663424,0.0019093806622549891,0.0011119947303086515,0.00011350121106564377,0.0003183920925948769,0.00020567565225064753,0.00046842758233904335,0.004074069348462217,0.0007561836772386715
85_2,Wells Fargo Reflect Card — anyone using it for a balance transfer? Looking for real experiences So I,15,105,0.3187201956907908,0.13333333333333333,0.06316202548915548,0.038472094009395476,0.02939056561378719,0.5161776781082154,0.5179526053723835,0.516039649929319,0.5262731313705444,0.5963907241821289,0.35433244705200195,0.35629531741142273,0.7121090888977051,0.6485700607299805,2,13,0.13333333333333333,0.13290595250825088,1.3605138827424867,0.4082924318084403,0.9333333333333333,0.7857142857142857,neutral,0.4666666666666667,0.5333333333333333,0.13333333333333333,0.06666666666666667,0.26666666666666666,25.342629873177902,37.0,0.4830234410389689,1.0,1.0,0.0,0.0,0.001913214756253486,0.01698586717247963,0.0030342536047101008,2.7520908133737977e-06,1.4319097317638807e-05,5.302912086335707e-06,0.00038561977174443504,0.005041874945163727,0.00016009327373467386,3.5565574580687095e-05,0.00017458212096244097,4.643593056243844e-05,0.00035991208957663424,0.0019093806622549891,0.0011119947303086515,0.00011350121106564377,0.0003183920925948769,0.00020567565225064753,0.00046842758233904335,0.004074069348462217,0.0007561836772386715
86_1,"CSP after 4 years — is it still worth keeping, or time to upgrade/product change? I've had the Chase",15,105,0.3246880829334259,0.3333333333333333,0.06269260415769486,0.0437414759596775,0.03654017986288769,0.4839378927435194,0.499256271975381,0.4903387081055414,0.49263039231300354,0.6363147497177124,0.35433244705200195,0.35629531741142273,0.7121090888977051,0.6485700607299805,2,13,0.13333333333333333,0.13290595250825088,1.3605138827424867,0.4082924318084403,0.9333333333333333,0.7857142857142857,neutral,0.4666666666666667,0.5333333333333333,0.13333333333333333,0.06666666666666667,0.26666666666666666,14.008886068809643,14.5,0.41859221321144346,1.0,1.0,0.0,0.0,0.001913214756253486,0.01698586717247963,0.0030342536047101008,2.7520908133737977e-06,1.4319097317638807e-05,5.302912086335707e-06,0.00038561977174443504,0.005041874945163727,0.00016009327373467386,3.5565574580687095e-05,0.00017458212096244097,4.643593056243844e-05,0.00035991208957663424,0.0019093806622549891,0.0011119947303086515,0.00011350121106564377,0.0003183920925948769,0.00020567565225064753,0.00046842758233904335,0.004074069348462217,0.0007561836772386715
86_2,Anyone have experience with the Atmos Rewards Ascent Visa Signature? Can't find much info Got a pre-,13,78,0.30399020589314973,0.07692307692307693,0.0629995662379739,0.04237853897922985,0.034903945702427115,0.5077137614672,0.519251579275498,0.5127396472753623,0.508554607629776,0.5772122740745544,0.3788752853870392,0.3768388330936432,0.7121090888977051,0.6767420768737793,2,11,0.15384615384615385,0.14899195358157158,1.2309316230479224,0.3694045846493381,0.8461538461538461,0.75,neutral,0.46153846153846156,0.5384615384615384,0.15384615384615385,0.0,0.3076923076923077,16.5872268530504,22.0,0.46472833855529133,1.0,1.0,0.0,0.0,0.0021307790974298348,0.01698586717247963,0.0036865889560431264,2.9534516600576285e-06,1.4319097317638807e-05,6.412325319615779e-06,0.0004398503480423152,0.005041874945163727,0.00016839157615322622,3.7462089004783105e-05,0.00017458212096244097,4.846533265663311e-05,0.0003965880818073996,0.0019093806622549891,0.0013902999344281863,0.00011804984947397876,0.0003183920925948769,0.00020625139004550876,0.0005209471529030615,0.004074069348462217,0.0009141459266781269
87_1,Anyone have experience with the Synchrony Premier World Mastercard? Worth it? I've been seeing some ,14,91,0.31525526302201407,0.14285714285714285,0.05623563861978484,0.04204374244711705,0.03679687257070898,0.5080502743904407,0.5105384172319056,0.5083628797924126,0.516214907169342,0.6027693748474121,0.3610836863517761,0.369733065366745,0.7121090888977051,0.6569548845291138,2,12,0.14285714285714285,0.1407378808196102,1.4003265762311883,0.42024028595938745,1.0,0.7692307692307693,neutral,0.42857142857142855,0.5714285714285714,0.14285714285714285,0.0,0.2857142857142857,17.508015656975463,17.5,0.5949325708680983,1.0,1.0,0.0,0.0,0.002021146102509062,0.01698586717247963,0.003360421280376611,2.8517869249558965e-06,1.4319097317638807e-05,5.857618702975739e-06,0.0004112276298785998,0.005041874945163727,0.00016424242494395,3.6626253729212165e-05,0.00017458212096244097,4.745063160953577e-05,0.0003780780430783385,0.0019093806622549891,0.0012511473323684175,0.00011619954602792859,0.0003183920925948769,0.00020596352114807812,0.0004943548936913496,0.004074069348462217,0.0008351648019583985
87_2,Marriott Bonvoy Boundless - still worth it in 2024? Annual fee just hit and I'm on the fence Got the,16,120,0.3084985762834549,0.0,0.062250534740370456,0.0412703397364356,0.03350634004684701,0.514240904400746,0.5240128169457118,0.5177736796438694,0.5173389613628387,0.5847156643867493,0.35778364539146423,0.36365675926208496,0.7121090888977051,0.6220158934593201,2,14,0.125,0.12568000587634742,1.3686896376228386,0.41074598916225413,0.9375,0.8,neutral,0.4375,0.5625,0.125,0.0625,0.25,16.712528047844827,16.0,0.40824495994735455,1.0,1.0,0.0,0.0,0.001819422253902303,0.01698586717247963,0.002708085929043591,2.668427519836314e-06,1.4319097317638807e-05,4.748205469695677e-06,0.00036350332584333955,0.005041874945163727,0.0001559441225253977,3.451611610216787e-05,0.00017458212096244097,4.542122951534111e-05,0.00034417379310980323,0.0019093806622549891,0.0009728421282488853,0.00011073922814830439,0.0003183920925948769,0.00020538778335321695,0.00044583719077095907,0.004074069348462217,0.0006772025525189443
88_1,Been holding the Discover it® Chrome for about 8 months now. Here's my honest take. I drive a LOT fo,16,120,0.31202350929379463,0.125,0.07895606632416997,0.05871816590182111,0.050851251999928994,0.5095611870288849,0.5111442690094312,0.5094612220923106,0.5096223950386047,0.5951290130615234,0.35778364539146423,0.36365675926208496,0.7121090888977051,0.6220158934593201,2,14,0.125,0.12568000587634742,1.3686896376228386,0.41074598916225413,0.9375,0.8,neutral,0.4375,0.5625,0.125,0.0625,0.25,8.645582325673615,7.25,0.3669212658110818,1.0,1.0,0.0,0.0,0.001819422253902303,0.01698586717247963,0.002708085929043591,2.668427519836314e-06,1.4319097317638807e-05,4.748205469695677e-06,0.00036350332584333955,0.005041874945163727,0.0001559441225253977,3.451611610216787e-05,0.00017458212096244097,4.542122951534111e-05,0.00034417379310980323,0.0019093806622549891,0.0009728421282488853,0.00011073922814830439,0.0003183920925948769,0.00020538778335321695,0.00044583719077095907,0.004074069348462217,0.0006772025525189443
88_2,Synchrony Premier World Mastercard vs Discover it Chrome — which would you pick as a second card? He,18,153,0.31649476455317604,0.2222222222222222,0.06780391416982329,0.0482429966936677,0.04047649547546971,0.5086748623380474,0.5333889522194083,0.5189203074554992,0.5193097591400146,0.6222700476646423,0.3434210419654846,0.32965725660324097,0.7121090888977051,0.5916843414306641,2,16,0.1111111111111111,0.11427675280719995,1.4750080554560212,0.4426523194935796,0.8888888888888888,0.8235294117647058,neutral,0.4444444444444444,0.5,0.1111111111111111,0.05555555555555555,0.3333333333333333,12.683711728428573,15.25,0.4390515598302198,1.0,1.0,0.0,0.0,0.0016720959861736952,0.01698586717247963,0.0020557505777105715,2.5186865476219586e-06,1.4319097317638807e-05,3.638792236415615e-06,0.000326614260605614,0.005041874945163727,0.00014764582010684538,3.2799550859231706e-05,0.00017458212096244097,4.3391827421146456e-05,0.00032075326089398004,0.0019093806622549891,0.0006945369241293531,0.00010615570742326479,0.0003183920925948769,0.00020481204555835577,0.0004101562420839013,0.004074069348462217,0.0005192403030794902
89_1,First travel credit card - is the AAdvantage MileUp actually worth it or am I being lured in? Hey r/,18,153,0.3202754060427348,0.16666666666666666,0.06412213168346392,0.04140357557242637,0.032973565728034636,0.529774030049642,0.530012254037109,0.5286128507330526,0.5288216471672058,0.6260513663291931,0.3434210419654846,0.32965725660324097,0.7121090888977051,0.5916843414306641,2,16,0.1111111111111111,0.11427675280719995,1.4750080554560212,0.4426523194935796,0.8888888888888888,0.8235294117647058,neutral,0.4444444444444444,0.5,0.1111111111111111,0.05555555555555555,0.3333333333333333,17.861262311438818,26.75,0.41008000204834016,1.0,1.0,0.0,0.0,0.0016720959861736952,0.01698586717247963,0.0020557505777105715,2.5186865476219586e-06,1.4319097317638807e-05,3.638792236415615e-06,0.000326614260605614,0.005041874945163727,0.00014764582010684538,3.2799550859231706e-05,0.00017458212096244097,4.3391827421146456e-05,0.00032075326089398004,0.0019093806622549891,0.0006945369241293531,0.00010615570742326479,0.0003183920925948769,0.00020481204555835577,0.0004101562420839013,0.004074069348462217,0.0005192403030794902
89_2,Citi Secured Mastercard vs Discover It Secured vs Capital One Platinum Secured — which one for rebui,17,136,0.3118315566988552,0.0,0.06871394993475807,0.03903615125532007,0.02846667775552326,0.5221839992000776,0.5398857825819183,0.5291325629634016,0.5255595445632935,0.6299233436584473,0.34991002082824707,0.35084736347198486,0.7121090888977051,0.6120748519897461,2,15,0.11764705882352941,0.11955982205622337,1.334592953237241,0.4005135186516717,0.8823529411764706,0.8125,neutral,0.47058823529411764,0.5294117647058824,0.11764705882352941,0.058823529411764705,0.29411764705882354,37.75132619866202,36.0,0.5730112012296914,1.0,1.0,0.0,0.0,0.001749324266497484,0.01698586717247963,0.0023819182533770813,2.5868218926916597e-06,1.4319097317638807e-05,4.1934988530556455e-06,0.0003443004530067008,0.005041874945163727,0.00015179497131612152,3.3665129462058434e-05,0.00017458212096244097,4.440652846824378e-05,0.0003338943073793095,0.0019093806622549891,0.0008336895261891192,0.00010827629226054448,0.0003183920925948769,0.00020509991445578636,0.00042867454508313145,0.004074069348462217,0.0005982214277992174
8_1,PenFed Pathfinder® Rewards Visa Signature® Card - worth it in 2025? Been looking at the PenFed Pathf,15,105,0.29339579145113626,0.0,0.06140146006106088,0.04389572475753227,0.03754081949180207,0.49930839169593083,0.5196849601609367,0.5075209024406615,0.5069074630737305,0.5916720032691956,0.35433244705200195,0.35629531741142273,0.7121090888977051,0.6485700607299805,2,13,0.13333333333333333,0.13290595250825088,1.3605138827424867,0.4082924318084403,0.9333333333333333,0.7857142857142857,neutral,0.4666666666666667,0.5333333333333333,0.13333333333333333,0.06666666666666667,0.26666666666666666,18.025167590529268,22.0,0.5563323330410268,1.0,1.0,0.0,0.0,0.001913214756253486,0.01698586717247963,0.0030342536047101008,2.7520908133737977e-06,1.4319097317638807e-05,5.302912086335707e-06,0.00038561977174443504,0.005041874945163727,0.00016009327373467386,3.5565574580687095e-05,0.00017458212096244097,4.643593056243844e-05,0.00035991208957663424,0.0019093806622549891,0.0011119947303086515,0.00011350121106564377,0.0003183920925948769,0.00020567565225064753,0.00046842758233904335,0.004074069348462217,0.0007561836772386715
8_2,Marriott Bonvoy Boundless — 100k SUB worth it even if I don't stay at Marriotts often? Got a targete,14,91,0.3237234205007553,0.21428571428571427,0.06706459883732825,0.04413051779141359,0.03562042572503896,0.5109847718542748,0.5142376485106709,0.5101414984399146,0.5078584551811218,0.6003600358963013,0.3610836863517761,0.369733065366745,0.7121090888977051,0.6569548845291138,2,12,0.14285714285714285,0.1407378808196102,1.4003265762311883,0.42024028595938745,1.0,0.7692307692307693,neutral,0.42857142857142855,0.5714285714285714,0.14285714285714285,0.0,0.2857142857142857,19.35542954990213,28.75,0.5055522643631154,1.0,1.0,0.0,0.0,0.002021146102509062,0.01698586717247963,0.003360421280376611,2.8517869249558965e-06,1.4319097317638807e-05,5.857618702975739e-06,0.0004112276298785998,0.005041874945163727,0.00016424242494395,3.6626253729212165e-05,0.00017458212096244097,4.745063160953577e-05,0.0003780780430783385,0.0019093806622549891,0.0012511473323684175,0.00011619954602792859,0.0003183920925948769,0.00020596352114807812,0.0004943548936913496,0.004074069348462217,0.0008351648019583985
90_1,First real credit card — torn between Discover it Cash Back and Capital One Quicksilver. Help me dec,19,171,0.3131497627810428,0.10526315789473684,0.062290540973410205,0.04310755966523826,0.03560925721113598,0.5158893154029958,0.5134172664399732,0.5132604333740926,0.5105291604995728,0.6072221398353577,0.3310185372829437,0.3201761841773987,0.7121090888977051,0.5569981932640076,3,16,0.15789473684210525,0.15733224398603565,1.485181756934977,0.4457054638752913,0.8947368421052632,0.8333333333333334,neutral,0.42105263157894735,0.47368421052631576,0.10526315789473684,0.05263157894736842,0.3684210526315789,19.813115776845994,17.0,0.5294644159776004,1.0,1.0,0.0,0.0,0.0016068161578579364,0.01698586717247963,0.0017295829020440555,2.4622015165445383e-06,1.4319097317638807e-05,3.0840856197755746e-06,0.0003110891970879349,0.005041874945163727,0.00014349666889756915,3.1995172704275896e-05,0.00017458212096244097,4.23771263740491e-05,0.00030904844109165043,0.0019093806622549891,0.0005553843220695843,0.0001042831714393718,0.0003183920925948769,0.00020452417666092513,0.00039428239028295236,0.004074069348462217,0.0004402591783597618
90_2,Am I the only one who thinks the Discover it Cash Back categories have been getting worse? I've had ,19,171,0.33759226924494695,0.3684210526315789,0.07868018729521079,0.0515682672110896,0.041135643839594435,0.5215685974087632,0.5253492724477199,0.522505751827307,0.5197151899337769,0.6551402807235718,0.3310185372829437,0.3201761841773987,0.7121090888977051,0.5569981932640076,3,16,0.15789473684210525,0.15733224398603565,1.485181756934977,0.4457054638752913,0.8947368421052632,0.8333333333333334,neutral,0.42105263157894735,0.47368421052631576,0.10526315789473684,0.05263157894736842,0.3684210526315789,11.398838449839536,16.0,0.32133224116758335,1.0,1.0,0.0,0.0,0.0016068161578579364,0.01698586717247963,0.0017295829020440555,2.4622015165445383e-06,1.4319097317638807e-05,3.0840856197755746e-06,0.0003110891970879349,0.005041874945163727,0.00014349666889756915,3.1995172704275896e-05,0.00017458212096244097,4.23771263740491e-05,0.00030904844109165043,0.0019093806622549891,0.0005553843220695843,0.0001042831714393718,0.0003183920925948769,0.00020452417666092513,0.00039428239028295236,0.004074069348462217,0.0004402591783597618
91_1,Got an offer for the Citi AAdvantage Platinum Select — 70k miles after $7k spend in 3 months. Worth ,14,91,0.31934431408132824,0.07142857142857142,0.06136359871215835,0.04098777242925404,0.03357777462873387,0.4932168545303764,0.5066829241894104,0.49784962554554363,0.49783843755722046,0.5938848853111267,0.3610836863517761,0.369733065366745,0.7121090888977051,0.6569548845291138,2,12,0.14285714285714285,0.1407378808196102,1.4003265762311883,0.42024028595938745,1.0,0.7692307692307693,neutral,0.42857142857142855,0.5714285714285714,0.14285714285714285,0.0,0.2857142857142857,22.32185713874294,26.5,0.5600465948788551,1.0,1.0,0.0,0.0,0.002021146102509062,0.01698586717247963,0.003360421280376611,2.8517869249558965e-06,1.4319097317638807e-05,5.857618702975739e-06,0.0004112276298785998,0.005041874945163727,0.00016424242494395,3.6626253729212165e-05,0.00017458212096244097,4.745063160953577e-05,0.0003780780430783385,0.0019093806622549891,0.0012511473323684175,0.00011619954602792859,0.0003183920925948769,0.00020596352114807812,0.0004943548936913496,0.004074069348462217,0.0008351648019583985
91_2,Is the PenFed Pathfinder® Rewards Visa Signature® Card completely dead or does anyone still use it? ,13,78,0.32448461881050694,0.15384615384615385,0.06617028166850866,0.042907721268269944,0.03425055904862184,0.5304946723656777,0.522040306757658,0.5250940865431076,0.5210647881031036,0.6056082844734192,0.3788752853870392,0.3768388330936432,0.7121090888977051,0.6767420768737793,2,11,0.15384615384615385,0.14899195358157158,1.2309316230479224,0.3694045846493381,0.8461538461538461,0.75,neutral,0.46153846153846156,0.5384615384615384,0.15384615384615385,0.0,0.3076923076923077,20.089739498960526,23.0,0.46388386054438163,1.0,1.0,0.0,0.0,0.0021307790974298348,0.01698586717247963,0.0036865889560431264,2.9534516600576285e-06,1.4319097317638807e-05,6.412325319615779e-06,0.0004398503480423152,0.005041874945163727,0.00016839157615322622,3.7462089004783105e-05,0.00017458212096244097,4.846533265663311e-05,0.0003965880818073996,0.0019093806622549891,0.0013902999344281863,0.00011804984947397876,0.0003183920925948769,0.00020625139004550876,0.0005209471529030615,0.004074069348462217,0.0009141459266781269
92_1,"OpenSky Plus Secured Visa - worth it for rebuilding or are there better options? Hey everyone, long ",14,91,0.3014237752982548,0.07142857142857142,0.057842902132044044,0.037751948402261565,0.030167842749018493,0.5127147013669485,0.5388457814415732,0.5224306753703526,0.5223971009254456,0.5989953279495239,0.3610836863517761,0.369733065366745,0.7121090888977051,0.6569548845291138,2,12,0.14285714285714285,0.1407378808196102,1.4003265762311883,0.42024028595938745,1.0,0.7692307692307693,neutral,0.42857142857142855,0.5714285714285714,0.14285714285714285,0.0,0.2857142857142857,28.142131970352473,43.5,0.641677276196962,1.0,1.0,0.0,0.0,0.002021146102509062,0.01698586717247963,0.003360421280376611,2.8517869249558965e-06,1.4319097317638807e-05,5.857618702975739e-06,0.0004112276298785998,0.005041874945163727,0.00016424242494395,3.6626253729212165e-05,0.00017458212096244097,4.745063160953577e-05,0.0003780780430783385,0.0019093806622549891,0.0012511473323684175,0.00011619954602792859,0.0003183920925948769,0.00020596352114807812,0.0004943548936913496,0.004074069348462217,0.0008351648019583985
92_2,Synchrony Premier World Mastercard - anyone have experience with this? Got a preapproval offer in th,15,105,0.32494112054506935,0.3333333333333333,0.06046664856995382,0.03863973913819903,0.03018768676179129,0.5313426347005935,0.5402082531225114,0.5341950286002386,0.5342888236045837,0.6291887760162354,0.35433244705200195,0.35629531741142273,0.7121090888977051,0.6485700607299805,2,13,0.13333333333333333,0.13290595250825088,1.3605138827424867,0.4082924318084403,0.9333333333333333,0.7857142857142857,neutral,0.4666666666666667,0.5333333333333333,0.13333333333333333,0.06666666666666667,0.26666666666666666,24.062880588620768,32.5,0.48448752862994837,1.0,1.0,0.0,0.0,0.001913214756253486,0.01698586717247963,0.0030342536047101008,2.7520908133737977e-06,1.4319097317638807e-05,5.302912086335707e-06,0.00038561977174443504,0.005041874945163727,0.00016009327373467386,3.5565574580687095e-05,0.00017458212096244097,4.643593056243844e-05,0.00035991208957663424,0.0019093806622549891,0.0011119947303086515,0.00011350121106564377,0.0003183920925948769,0.00020567565225064753,0.00046842758233904335,0.004074069348462217,0.0007561836772386715
93_1,"Just got approved for the Citi Secured Mastercard - a few questions for y'all Hey everyone, long tim",14,91,0.32846785230296,0.21428571428571427,0.049531352355863485,0.034022684338756694,0.02828145955669018,0.5026093796714322,0.528827733718432,0.5130101416137193,0.5156612992286682,0.6129956245422363,0.3610836863517761,0.369733065366745,0.7121090888977051,0.6569548845291138,2,12,0.14285714285714285,0.1407378808196102,1.4003265762311883,0.42024028595938745,1.0,0.7692307692307693,neutral,0.42857142857142855,0.5714285714285714,0.14285714285714285,0.0,0.2857142857142857,23.950736003347387,32.0,0.5712270937765986,1.0,1.0,0.0,0.0,0.002021146102509062,0.01698586717247963,0.003360421280376611,2.8517869249558965e-06,1.4319097317638807e-05,5.857618702975739e-06,0.0004112276298785998,0.005041874945163727,0.00016424242494395,3.6626253729212165e-05,0.00017458212096244097,4.745063160953577e-05,0.0003780780430783385,0.0019093806622549891,0.0012511473323684175,0.00011619954602792859,0.0003183920925948769,0.00020596352114807812,0.0004943548936913496,0.004074069348462217,0.0008351648019583985
93_2,Wells Fargo Reflect Card - 21 months 0% APR is this real life? Just got a mailer for the Wells Fargo,15,105,0.3197295288244883,0.13333333333333333,0.07178955219766268,0.040194589820692586,0.02907134599094083,0.4992018906843095,0.5180216953867958,0.5072294090475354,0.5059354305267334,0.6085229516029358,0.35433244705200195,0.35629531741142273,0.7121090888977051,0.6485700607299805,2,13,0.13333333333333333,0.13290595250825088,1.3605138827424867,0.4082924318084403,0.9333333333333333,0.7857142857142857,neutral,0.4666666666666667,0.5333333333333333,0.13333333333333333,0.06666666666666667,0.26666666666666666,20.947129211952227,23.5,0.3404192179623872,1.0,1.0,0.0,0.0,0.001913214756253486,0.01698586717247963,0.0030342536047101008,2.7520908133737977e-06,1.4319097317638807e-05,5.302912086335707e-06,0.00038561977174443504,0.005041874945163727,0.00016009327373467386,3.5565574580687095e-05,0.00017458212096244097,4.643593056243844e-05,0.00035991208957663424,0.0019093806622549891,0.0011119947303086515,0.00011350121106564377,0.0003183920925948769,0.00020567565225064753,0.00046842758233904335,0.004074069348462217,0.0007561836772386715
94_1,"Thinking about the Wells Fargo Autograph Card as my next everyday driver. Worth it? Hey everyone, lo",22,231,0.3167626302350651,0.2727272727272727,0.05549017952461665,0.036696082020281746,0.02962699224807151,0.5195677252042861,0.5117641201008966,0.5142724783647628,0.5096905827522278,0.6393158435821533,0.27698996663093567,0.2668473422527313,0.7121090888977051,0.5147377848625183,4,18,0.18181818181818182,0.18119282893497834,1.654033648757923,0.49637819158673296,0.8636363636363636,0.8095238095238095,neutral,0.36363636363636365,0.45454545454545453,0.13636363636363635,0.045454545454545456,0.36363636363636365,27.123835999704077,29.5,0.5715750881163695,1.0,1.0,0.0,0.0,0.0014527307648677379,0.01698586717247963,0.0010724914143793284,2.3248545372470373e-06,1.4319097317638807e-05,1.9597903701651374e-06,0.0002730876851108571,0.005041874945163727,0.00012717258941847819,3.092976757298774e-05,0.00017458212096244097,4.0275745050166734e-05,0.000282305274925999,0.0019093806622549891,0.00026919992815237486,0.00010118343197973445,0.0003183920925948769,0.00019515818057698185,0.0003570936298324272,0.004074069348462217,0.0002790479328533971
94_2,Discover it Chrome vs regular Discover it Cash Back for someone who drives a LOT Hi everyone! So I d,18,153,0.3243071271313561,0.2222222222222222,0.06554577960006806,0.036758676936516826,0.026691463940866907,0.49841950473442576,0.5208127434347191,0.5074635362313464,0.5063877701759338,0.6453400254249573,0.3434210419654846,0.32965725660324097,0.7121090888977051,0.5916843414306641,2,16,0.1111111111111111,0.11427675280719995,1.4750080554560212,0.4426523194935796,0.8888888888888888,0.8235294117647058,neutral,0.4444444444444444,0.5,0.1111111111111111,0.05555555555555555,0.3333333333333333,34.00367627183861,38.25,0.5165115383064093,1.0,1.0,0.0,0.0,0.0016720959861736952,0.01698586717247963,0.0020557505777105715,2.5186865476219586e-06,1.4319097317638807e-05,3.638792236415615e-06,0.000326614260605614,0.005041874945163727,0.00014764582010684538,3.2799550859231706e-05,0.00017458212096244097,4.3391827421146456e-05,0.00032075326089398004,0.0019093806622549891,0.0006945369241293531,0.00010615570742326479,0.0003183920925948769,0.00020481204555835577,0.0004101562420839013,0.004074069348462217,0.0005192403030794902
95_1,Title: Apple Card just added 3% back at Hertz — is this actually worth caring about? Body: Saw the a,14,91,0.32539511791297365,0.2857142857142857,0.0697406120807038,0.04538673186190654,0.035892273032594485,0.5164047260205824,0.5116520596074534,0.5132466250068539,0.5044037699699402,0.6246717572212219,0.3610836863517761,0.369733065366745,0.7121090888977051,0.6569548845291138,2,12,0.14285714285714285,0.1407378808196102,1.4003265762311883,0.42024028595938745,1.0,0.7692307692307693,neutral,0.42857142857142855,0.5714285714285714,0.14285714285714285,0.0,0.2857142857142857,16.73091358497064,15.75,0.39767876093308824,1.0,1.0,0.0,0.0,0.002021146102509062,0.01698586717247963,0.003360421280376611,2.8517869249558965e-06,1.4319097317638807e-05,5.857618702975739e-06,0.0004112276298785998,0.005041874945163727,0.00016424242494395,3.6626253729212165e-05,0.00017458212096244097,4.745063160953577e-05,0.0003780780430783385,0.0019093806622549891,0.0012511473323684175,0.00011619954602792859,0.0003183920925948769,0.00020596352114807812,0.0004943548936913496,0.004074069348462217,0.0008351648019583985
95_2,Title: Got pre-approved for Venture X Business — is the 150k bonus worth the $30k spend requirement?,18,153,0.3094662245776918,0.05555555555555555,0.06413328370250598,0.03711552351748316,0.027432554775352183,0.511376874703987,0.5224465307067422,0.5156629441999921,0.5142563581466675,0.621384859085083,0.3434210419654846,0.32965725660324097,0.7121090888977051,0.5916843414306641,2,16,0.1111111111111111,0.11427675280719995,1.4750080554560212,0.4426523194935796,0.8888888888888888,0.8235294117647058,neutral,0.4444444444444444,0.5,0.1111111111111111,0.05555555555555555,0.3333333333333333,29.457229928520576,36.25,0.48914219438502804,1.0,1.0,0.0,0.0,0.0016720959861736952,0.01698586717247963,0.0020557505777105715,2.5186865476219586e-06,1.4319097317638807e-05,3.638792236415615e-06,0.000326614260605614,0.005041874945163727,0.00014764582010684538,3.2799550859231706e-05,0.00017458212096244097,4.3391827421146456e-05,0.00032075326089398004,0.0019093806622549891,0.0006945369241293531,0.00010615570742326479,0.0003183920925948769,0.00020481204555835577,0.0004101562420839013,0.004074069348462217,0.0005192403030794902
96_1,Venture X 1 Year Update: Still worth it or am I coping? So I've had the Venture X for about 13 month,24,276,0.2997018275782466,0.125,0.062345921893491245,0.04551595110114861,0.03927319221191149,0.4874393264020699,0.4965669273034386,0.4902225818107094,0.49363473057746887,0.6194149255752563,0.2847925126552582,0.27630525827407837,0.7121090888977051,0.5158851146697998,4,20,0.16666666666666666,0.16910336492583156,1.7481554572476756,0.5246242995919117,0.8333333333333334,0.782608695652174,neutral,0.3333333333333333,0.4166666666666667,0.125,0.041666666666666664,0.4166666666666667,12.127791774817597,13.5,0.44101060999336716,1.0,1.0,0.0,0.0,0.03941402192867827,0.9134383797645569,0.003360421280376611,2.9142981693060697e-06,1.7087795640691184e-05,5.857618702975739e-06,0.00033630045065062103,0.005041874945163727,0.00016424242494395,3.1617185413779225e-05,0.00017458212096244097,4.7191570047289126e-05,0.03682580852425114,0.8774971961975098,0.0012511473323684175,0.00011153341377697264,0.0003733299963641912,0.00020596352114807812,0.012787032633490014,0.2988996983182612,0.0008351648019583985
96_2,Credit rebuild journey - went with the Citi Secured Mastercard. 6 month update + honest thoughts. Ba,25,300,0.33563078999519347,0.28,0.058112495427640964,0.038663499456560224,0.03135310335773182,0.5084326953689258,0.5157102650403976,0.5105327694614729,0.510128527879715,0.6295223236083984,0.2835010588169098,0.2725523114204407,0.7121090888977051,0.5087464451789856,4,21,0.16,0.1631238516420126,1.7205938321884504,0.5163530110275204,0.8,0.7916666666666666,neutral,0.36,0.4,0.12,0.04,0.44,21.745804192993184,24.0,0.4942228225680269,1.0,1.0,0.0,0.0,0.03785242260899395,0.9134383797645569,0.003034253604710107,2.855444922715833e-06,1.7087795640691184e-05,5.302912086335717e-06,0.0003240506220026873,0.005041874945163727,0.0001600932737346739,3.1071354605956e-05,0.00017458212096244097,4.621387779479848e-05,0.035356688856554686,0.8774971961975098,0.0011119947303086539,0.00010971308744046837,0.0003733299963641912,0.00020567565225064753,0.01227946699575341,0.2988996983182612,0.0007561836772386728
97_1,Is the Amex Platinum still worth it after the fee hike to $895? Let's break it down. I've been holdi,20,190,0.31341435462236406,0.15,0.05741620559334837,0.04115122648665122,0.03542860777235199,0.5002712803451639,0.49284045868798304,0.49505115276888795,0.4952871650457382,0.5837731957435608,0.3119811713695526,0.29370176792144775,0.7121090888977051,0.5376409292221069,3,17,0.15,0.15124925179407,1.6094379124341003,0.48299493849177877,0.9,0.8421052631578947,neutral,0.4,0.5,0.1,0.05,0.35,26.593749265569908,11.5,0.7565789264742506,1.0,1.0,0.0,0.0,0.0015557224789517932,0.01698586717247963,0.0014034152263775513,2.4245950214663027e-06,1.4319097317638807e-05,2.5293790031355533e-06,0.00029742231454292777,0.005041874945163727,0.00013934751768829306,3.2022549203247766e-05,0.00017458212096244097,4.1362425326951794e-05,0.00029946009781269824,0.0019093806622549891,0.0004162317200098207,0.00010360212909290566,0.0003183920925948769,0.00020423630776349454,0.0003817756941041731,0.004074069348462217,0.00036127805364003613
97_2,Anyone else looking at the U.S. Bank Smartly Visa Signature? It feels almost too good to be true. Fo,21,210,0.3170738376322247,0.23809523809523808,0.053503105676130806,0.035494478907904886,0.02902689389977607,0.49400043444974084,0.5116616799717858,0.50004498674756,0.5067568123340607,0.5895797610282898,0.30268511176109314,0.28416502475738525,0.7121090888977051,0.525236964225769,4,17,0.19047619047619047,0.18729426277180514,1.6582280766035324,0.4976369462138278,0.8571428571428571,0.8,neutral,0.38095238095238093,0.47619047619047616,0.14285714285714285,0.047619047619047616,0.3333333333333333,32.256413168177744,29.0,0.7331002992767669,1.0,1.0,0.0,0.0,0.0014991301341935816,0.01698586717247963,0.0010772475507110357,2.376300980835194e-06,1.4319097317638807e-05,1.974672386495513e-06,0.00028474352248373353,0.005041874945163727,0.00013519836647901684,3.1391995348496405e-05,0.00017458212096244097,4.034772427985445e-05,0.0002899192567426889,0.0019093806622549891,0.000277079117950052,0.00010172240408359184,0.0003183920925948769,0.00020394843886606395,0.00036821393563882124,0.004074069348462217,0.0002822969289203077
98_1,Finally looking to ditch my awful Discover Secured card and get something real. Torn between the Ban,14,91,0.3246928666319166,0.2857142857142857,0.06226045113554104,0.046723280330816165,0.04029519941635519,0.48266709833354743,0.5030684340131152,0.49155564327816387,0.4913981258869171,0.583177924156189,0.3610836863517761,0.369733065366745,0.7121090888977051,0.6569548845291138,2,12,0.14285714285714285,0.1407378808196102,1.4003265762311883,0.42024028595938745,1.0,0.7692307692307693,neutral,0.42857142857142855,0.5714285714285714,0.14285714285714285,0.0,0.2857142857142857,11.362532413909447,15.5,0.44558950642782147,1.0,1.0,0.0,0.0,0.002021146102509062,0.01698586717247963,0.003360421280376611,2.8517869249558965e-06,1.4319097317638807e-05,5.857618702975739e-06,0.0004112276298785998,0.005041874945163727,0.00016424242494395,3.6626253729212165e-05,0.00017458212096244097,4.745063160953577e-05,0.0003780780430783385,0.0019093806622549891,0.0012511473323684175,0.00011619954602792859,0.0003183920925948769,0.00020596352114807812,0.0004943548936913496,0.004074069348462217,0.0008351648019583985
98_2,"Blue Cash Preferred — 6 months in, here's my honest review (with actual numbers) **Background:** App",17,136,0.32604268543860493,0.17647058823529413,0.05845765066273578,0.04256730099464473,0.03674188734521628,0.5031387244953829,0.500556859680835,0.500457169378505,0.49987953901290894,0.6051555871963501,0.34991002082824707,0.35084736347198486,0.7121090888977051,0.6120748519897461,2,15,0.11764705882352941,0.11955982205622337,1.334592953237241,0.4005135186516717,0.8823529411764706,0.8125,neutral,0.47058823529411764,0.5294117647058824,0.11764705882352941,0.058823529411764705,0.29411764705882354,12.777575512833378,20.0,0.43618229662282615,1.0,1.0,0.0,0.0,0.001749324266497484,0.01698586717247963,0.0023819182533770813,2.5868218926916597e-06,1.4319097317638807e-05,4.1934988530556455e-06,0.0003443004530067008,0.005041874945163727,0.00015179497131612152,3.3665129462058434e-05,0.00017458212096244097,4.440652846824378e-05,0.0003338943073793095,0.0019093806622549891,0.0008336895261891192,0.00010827629226054448,0.0003183920925948769,0.00020509991445578636,0.00042867454508313145,0.004074069348462217,0.0005982214277992174
9_1,Chase Sapphire Reserve just bumped their sign-up bonus to 125K points — worth it in 2025? Was checki,16,120,0.32195582427084446,0.0625,0.05802168731035692,0.03957673081634139,0.032314989636964705,0.5091988389690717,0.5289862103760242,0.5173813134431839,0.5161959528923035,0.6315472722053528,0.35778364539146423,0.36365675926208496,0.7121090888977051,0.6220158934593201,2,14,0.125,0.12568000587634742,1.3686896376228386,0.41074598916225413,0.9375,0.8,neutral,0.4375,0.5625,0.125,0.0625,0.25,20.19282050630867,17.0,0.4751251883837334,1.0,1.0,0.0,0.0,0.001819422253902303,0.01698586717247963,0.002708085929043591,2.668427519836314e-06,1.4319097317638807e-05,4.748205469695677e-06,0.00036350332584333955,0.005041874945163727,0.0001559441225253977,3.451611610216787e-05,0.00017458212096244097,4.542122951534111e-05,0.00034417379310980323,0.0019093806622549891,0.0009728421282488853,0.00011073922814830439,0.0003183920925948769,0.00020538778335321695,0.00044583719077095907,0.004074069348462217,0.0006772025525189443
9_2,"6 months into the Self Visa secured card — sharing my honest experience (no credit inquiry, $100 dep",16,120,0.31824490427970886,0.0625,0.06358332626725745,0.04299193730171367,0.034963046289257727,0.5043036602437496,0.5082615666091442,0.5049286879599094,0.5063478946685791,0.5872684717178345,0.35778364539146423,0.36365675926208496,0.7121090888977051,0.6220158934593201,2,14,0.125,0.12568000587634742,1.3686896376228386,0.41074598916225413,0.9375,0.8,neutral,0.4375,0.5625,0.125,0.0625,0.25,15.312882648280173,23.75,0.4069869142400046,1.0,1.0,0.0,0.0,0.001819422253902303,0.01698586717247963,0.002708085929043591,2.668427519836314e-06,1.4319097317638807e-05,4.748205469695677e-06,0.00036350332584333955,0.005041874945163727,0.0001559441225253977,3.451611610216787e-05,0.00017458212096244097,4.542122951534111e-05,0.00034417379310980323,0.0019093806622549891,0.0009728421282488853,0.00011073922814830439,0.0003183920925948769,0.00020538778335321695,0.00044583719077095907,0.004074069348462217,0.0006772025525189443
__summary_mean__,__summary_mean__,15.956221198156681,122.50921658986175,0.3159611368088271,0.15623112927261582,0.06304584562789234,0.041558736536134774,0.033498514545916284,0.507576603648459,0.517920109668611,0.5111347658154329,0.511434278523867,0.6096243307612459,0.3515547329929018,0.35068171900538253,0.7101076220587101,0.6214982446986959,2.119815668202765,13.836405529953916,0.13142474990575412,0.1316886898996497,1.3732896329959978,0.41212645526483244,0.9107577747310964,0.7909535917382047,,0.44805981919042664,0.5275620061786295,0.1305278846939643,0.04379972283577798,0.2981103862916294,21.715225379811002,24.862327188940093,0.5114088879435604,1.0,1.0,0.0,0.0,0.0021758051917367145,0.02521896189022895,0.002527861068886813,2.7009711605205645e-06,1.4328953157563845e-05,4.827712450081854e-06,0.00037172320596652787,0.005030664841323653,0.0001540392728353162,3.473946303780776e-05,0.0001742962053260087,4.556919715645154e-05,0.0006710962605026142,0.009978759663677367,0.0008942950914736221,0.00011076966252825064,0.00031864137059101224,0.00020448265556384954,0.0005611391258220719,0.006784439290183072,0.0006333876238548844
