product,thread_id,comment_count,pair_count,mean_disagree_probability,hard_disagree_rate,self_bleu_2,self_bleu_3,self_bleu_4,self_bertscore_mean_precision,self_bertscore_mean_recall,self_bertscore_mean_f1,self_bertscore_median_f1,self_bertscore_top_k_mean_f1,semantic_mean_cosine,semantic_median_cosine,semantic_top_k_mean_cosine,semantic_p90_cosine,story_count,not_story_count,story_rate,mean_story_probability,emotion_entropy,emotion_entropy_normalized,avg_labels_per_comment,emotion_shift_rate,dominant_emotion_share,polite_rate,somewhat_polite_rate,neutral_rate,impolite_rate,length_std,length_iqr,length_cv,max_depth,avg_depth,avg_branching_factor,structural_virality,toxicity_mean,toxicity_max,toxicity_p90,severe_toxicity_mean,severe_toxicity_max,severe_toxicity_p90,obscene_mean,obscene_max,obscene_p90,threat_mean,threat_max,threat_p90,insult_mean,insult_max,insult_p90,identity_attack_mean,identity_attack_max,identity_attack_p90,aggression_score_mean,aggression_score_max,aggression_score_p90,dominant_emotion,thread_title
apple_iphone_15_128gb_unlocked_blue,1hc6jcz,11,55,0.22489229483263834,0.0,0.09998101644772639,0.08948557358080762,0.08298250994613846,0.472265011343089,0.4918310057033192,0.46825543533671987,0.4309658110141754,0.9863839745521545,0.3021138608455658,0.31380316615104675,0.633324921131134,0.529617190361023,0,11,0.0,0.13565308329733936,0.47413931305783735,0.14228997998472417,1.0,0.2,0.8181818181818182,0.5454545454545454,0.09090909090909091,0.2727272727272727,0.09090909090909091,65.29576701504197,101.5,1.1641060569942654,2.0,1.1818181818181819,1.0,1.0,0.0075819240512580354,0.04025400057435036,0.0139879509806633,8.127143432416647e-06,3.398398985154927e-05,1.5583704225718975e-05,0.0012756580118465618,0.008119404315948486,0.002158550312742591,6.379890592969869e-05,0.00016659779066685587,0.00015285985136870295,0.001300040328219025,0.0074358368292450905,0.0026956479996442795,0.0003487942733706652,0.0012794537469744682,0.0007358090952038765,0.0017630571190094006,0.009548212874506135,0.0032044360853736484,neutral,"[USA-CA][H] BNIB Pixel 9 Pro, iPad Pro 11” M1, iPhone 16 Pro, iPhone 15 Pro, 3x AW Series 9 [W] PayPal"
apple_iphone_15_128gb_unlocked_blue,1hc6kba,5,10,0.29567561745643617,0.0,0.07000264523934592,0.07245020770498119,0.07894123426885287,0.3297139868140221,0.4890523612499237,0.37588605284690857,0.3553437143564224,0.4995478689670563,0.2167661488056183,0.1861928403377533,0.2167661488056183,0.370959997177124,2,3,0.4,0.29965298548340796,0.5004024235381879,0.15017158220936364,1.0,0.5,0.8,0.2,0.0,0.2,0.6,28.29416901059298,16.0,1.2978976610363753,2.0,1.2,1.0,1.0,0.015948622178984805,0.07310899347066879,0.04589079581201077,6.7022823486695415e-06,1.6342866729246452e-05,1.5177785826381296e-05,0.0008175925588147948,0.003056000219658017,0.0022133392514660957,5.8624264056561515e-05,0.00014142038708087057,0.0001183330430649221,0.006826155856833794,0.0334705226123333,0.02019408507039771,0.0002551547295297496,0.0007327993516810238,0.0005617821589112282,0.003985475311761396,0.018420527700982348,0.011498821763537613,neutral,"[USA-CA][H] BNIB Pixel 9 Pro, iPad Pro 11” M1, iPhone 16 Pro, iPhone 15 Pro, 3x AW Series 9 [W] PayPal"
apple_iphone_15_128gb_unlocked_blue,1hrch3e,6,15,0.17547650914639235,0.0,0.059630453776489296,0.04751248526937119,0.041342312221003014,0.46012842456499736,0.4835147221883138,0.4553021669387817,0.43522584438323975,0.6362371444702148,0.3470931649208069,0.38329017162323,0.45831289887428284,0.567825198173523,0,6,0.0,0.16299323520312706,0.45056120886630463,0.13521415251989277,1.0,0.4,0.8333333333333334,0.6666666666666666,0.0,0.3333333333333333,0.0,92.73333932422698,98.75,1.063862401425166,2.0,1.1666666666666667,1.0,1.0,0.0027437168561543026,0.007283562328666449,0.005110030178911984,6.2562473696440675e-06,1.1389691280783154e-05,1.1145079497509869e-05,0.00037659635684879805,0.0012867734767496586,0.0008693370473338291,4.819878965160266e-05,8.509749022778124e-05,7.28661452740198e-05,0.0003670083387987688,0.0009979198221117258,0.0007093565945979208,0.0003127733725705184,0.0008662825566716492,0.000612257543252781,0.0006424249935656057,0.001665841332396667,0.001205688557471755,neutral,"[USA-CA][H] 2x iPhone 16 Pro Max, iPhone 15 Pro, iPhone 15 Pro Max, Apple Watch Series 10, iPad Pro 12.9, 512gb Meta Quest 3 [W] PayPal "
apple_iphone_15_128gb_unlocked_blue,1hrcicy,3,3,0.28665239612261456,0.0,0.09040298180476421,0.09807180597267118,0.10823228205853096,0.2644602656364441,0.49525179465611774,0.33672253290812176,0.33693578839302063,0.4200015068054199,0.38445210456848145,0.34825244545936584,0.38445210456848145,0.4535321593284607,0,3,0.0,0.20763342827558517,-0.0,0.0,1.0,0.0,1.0,0.3333333333333333,0.0,0.6666666666666666,0.0,34.89348872720461,37.5,1.2612104359230583,1.0,1.0,0.0,0.0,0.0020977448439225554,0.005002215504646301,0.004133437259588391,6.405197079099405e-06,1.6234469512710348e-05,1.3330808042155696e-05,0.0003388809764146572,0.0009410710772499442,0.0007626271137269214,4.712639141265148e-05,8.322948997374624e-05,7.248144502227661e-05,0.00018451646610628814,0.00027735214098356664,0.00025087942194659265,0.00015355627692770213,0.0003019048017449677,0.0002582146582426503,0.00047137169197715906,0.0011036679140185395,0.0009144309853051407,neutral,"[USA-CA][H] 2x iPhone 16 Pro Max, iPhone 15 Pro, iPhone 15 Pro Max, Apple Watch Series 10, iPad Pro 12.9, 512gb Meta Quest 3 [W] PayPal "
apple_iphone_15_128gb_unlocked_blue,1hzyexo,4,6,0.29199448227882385,0.0,0.04547924114603158,0.046623508174115876,0.04900281493039505,0.32636746764183044,0.4199119706948598,0.3556585560242335,0.3429315388202667,0.4613053500652313,0.16718357801437378,0.18208886682987213,0.16718357801437378,0.31243571639060974,1,3,0.25,0.31233279686421156,0.5623351446188083,0.16875769266311968,1.0,0.6666666666666666,0.75,0.25,0.0,0.5,0.25,30.97176133189716,19.5,1.3179472907190282,2.0,1.25,1.0,1.0,0.005076942659798078,0.014063012786209583,0.011381523776799442,6.533782197948312e-06,1.6424346540588886e-05,1.3529016996471912e-05,0.0005134632456247346,0.0010378318838775158,0.0010143147956114262,0.00012334900475252653,0.0003551387053448707,0.0002738994902756531,0.000712825836671982,0.0022941629868000746,0.0016906042117625479,0.0002161098709621001,0.0003384418087080121,0.00032912293099798264,0.001108204066667895,0.0030158935698333758,0.002449855630508561,neutral,"[USA-CA][H] iPhone 15, iPhone 15 Pro, 2x iPhone 15 Pro Max, Apple Watch Series 10 [W] PayPal "
apple_iphone_15_128gb_unlocked_blue,1hzyfqd,7,21,0.20198249891400338,0.0,0.05540455807975225,0.045068294108440154,0.04003852395707038,0.4603058922858465,0.46298186480998993,0.4454689820607503,0.45561739802360535,0.6274315714836121,0.30281901359558105,0.31938257813453674,0.45145097374916077,0.4848131537437439,2,5,0.2857142857142857,0.31482861350689617,-0.0,0.0,0.8571428571428571,0.0,1.0,0.5714285714285714,0.0,0.2857142857142857,0.14285714285714285,70.33157621043978,97.0,1.0408478508944576,2.0,1.1428571428571428,1.0,1.0,0.0025283453786479576,0.010254581458866596,0.005239339545369152,4.101352471609841e-06,1.1513598110468592e-05,8.201282253139655e-06,0.0002916550191522609,0.001478165271691978,0.0007138086599297826,4.350865908366229e-05,8.72881428222172e-05,7.85711206845008e-05,0.00041561211920842264,0.00149129843339324,0.0007867465959861878,0.00023395344760501757,0.0006319580134004354,0.0005361563700716943,0.0005861959960281551,0.0023258008197141558,0.0011901214806281746,neutral,"[USA-CA][H] iPhone 15, iPhone 15 Pro, 2x iPhone 15 Pro Max, Apple Watch Series 10 [W] PayPal "
apple_iphone_15_128gb_unlocked_blue,1kjulgz,129,8256,0.32056900201820016,0.1968503937007874,0.05230456911485732,0.041245216193101106,0.03736523862219597,0.480636830129408,0.48858661848560786,0.48058571117251475,0.48846690356731415,0.8478990793228149,0.23012320697307587,0.20635586977005005,0.7876753807067871,0.46210551261901855,41,88,0.3178294573643411,0.34134283863989884,1.9377723069972514,0.5815286249928776,0.8449612403100775,0.671875,0.5116279069767442,0.17054263565891473,0.08527131782945736,0.21705426356589147,0.5271317829457365,33.46343458522345,26.0,1.1015011639433083,7.0,2.8217054263565893,1.6779661016949152,4.375878220140515,0.01570990404304543,0.8939118981361389,0.0040981374680995955,3.875906456023374e-05,0.003885707352310419,3.81763147743186e-06,0.010492949220170258,0.7869253158569336,0.00027584448107518254,5.720884548437009e-05,0.0015082216123118997,8.542265568394216e-05,0.003553739893963098,0.25986146926879883,0.0006741101038642229,0.0001475123028158546,0.00290116248652339,0.00018533596594352285,0.005000012228339877,0.3246360791187423,0.0009089936637489401,neutral,Apple has started to sell refurbished iPhone 15s
apple_iphone_15_128gb_unlocked_blue,1lbdjob,8,28,0.22253997304609843,0.0,0.08987230401911651,0.07406436096526765,0.06547526799518195,0.46604439190455843,0.5237125818218503,0.48249741005046026,0.46340663731098175,0.664147138595581,0.3998717963695526,0.45107501745224,0.5722688436508179,0.6038916707038879,3,5,0.375,0.29966485244221985,0.37677016125643675,0.11306933896341992,1.0,0.14285714285714285,0.875,0.625,0.0,0.375,0.0,58.621535078842825,104.25,0.866861886563295,2.0,1.25,2.0,1.3333333333333333,0.0036021156411152333,0.022399526089429855,0.00794058253522962,4.250513669035172e-06,1.955517836904619e-05,8.131653476084463e-06,0.0005090230401947338,0.0035113710910081863,0.0011781791079556563,4.118756919524458e-05,0.0001277705014217645,8.060759137151761e-05,0.0006678744412056403,0.004052724689245224,0.0014404793706489722,0.00022331352101900848,0.0010851884726434946,0.00043266509892418963,0.0008412941210664826,0.005199356003686262,0.0018415138291175016,neutral,"[USA-CA][H] 3x iPhone 15 128gb, iPhone 15 Pro Max 256gb, iPhone 16 128gb [W] PayPal"
apple_iphone_15_128gb_unlocked_blue,1lbdk5r,2,1,0.290844589471817,0.0,0.004040412285310665,0.0032133800103362462,0.0028686168545281098,0.23940010368824005,0.5563860535621643,0.334760457277298,0.334760457277298,0.334760457277298,0.021707357838749886,0.021707357838749886,0.021707357838749886,0.021707357838749886,0,2,0.0,0.09837593697011471,0.6931471805599453,0.20801459767650946,1.0,1.0,0.5,0.5,0.0,0.5,0.0,35.5,35.5,0.8554216867469879,1.0,1.0,0.0,0.0,0.0026319294702261686,0.004854170605540276,0.004409722378477455,8.520338724338217e-06,1.562726538395509e-05,1.4205880052031717e-05,0.0004645604840334272,0.0009041830780915916,0.0008162585592799588,5.208098446018994e-05,8.104820881271735e-05,7.525476394221187e-05,0.000188993461051723,0.0002764742821455002,0.00025897811792674474,0.0001930939979502,0.0002975318056996912,0.00027664424414979293,0.0005898631227410078,0.0010715058742789552,0.0009751773239713657,neutral,"[USA-CA][H] 3x iPhone 15 128gb, iPhone 15 Pro Max 256gb, iPhone 16 128gb [W] PayPal"
apple_iphone_17_pro_256gb_cosmic_orange_at_t,1nkidrv,5,10,0.2993346095085144,0.0,0.06267630038748548,0.054071434122662264,0.051347051312170156,0.5423973679542542,0.5415722489356994,0.5375425755977631,0.5410182774066925,0.5884204506874084,0.3329680562019348,0.4109790325164795,0.3329680860042572,0.5256928205490112,0,5,0.0,0.06196298636496067,0.5004024235381879,0.15017158220936364,1.0,0.5,0.8,0.0,0.4,0.4,0.2,8.975522268926749,6.0,0.5218326900538808,4.0,2.2,1.0,1.6666666666666667,0.0016982252767775209,0.005310406442731619,0.0037350763101130727,2.018706686612859e-06,3.6898957205266925e-06,3.06815049953002e-06,0.00010208023195446003,0.00035638627014122903,0.0002389023778960109,4.9587373359827326e-05,9.06150380615145e-05,8.220766030717642e-05,0.0004067912697792053,0.001413906691595912,0.0009413540712557735,0.00011277301964582876,0.00015556110884062946,0.00014649100485257803,0.00039524597970057583,0.0012182578337842642,0.0008571493143411621,neutral,How to get iPhone 17 Pro Max before Oct 2 in Bay Area?
apple_iphone_17_pro_max_256gb_cosmic_orange_at_t,1nkidrv,5,10,0.2993346095085144,0.0,0.06267630038748548,0.054071434122662264,0.051347051312170156,0.5423973679542542,0.5415722489356994,0.5375425755977631,0.5410182774066925,0.5884204506874084,0.3329680562019348,0.4109790325164795,0.3329680860042572,0.5256928205490112,0,5,0.0,0.06196298636496067,0.5004024235381879,0.15017158220936364,1.0,0.5,0.8,0.0,0.4,0.4,0.2,8.975522268926749,6.0,0.5218326900538808,4.0,2.2,1.0,1.6666666666666667,0.0016982252767775209,0.005310406442731619,0.0037350763101130727,2.018706686612859e-06,3.6898957205266925e-06,3.06815049953002e-06,0.00010208023195446003,0.00035638627014122903,0.0002389023778960109,4.9587373359827326e-05,9.06150380615145e-05,8.220766030717642e-05,0.0004067912697792053,0.001413906691595912,0.0009413540712557735,0.00011277301964582876,0.00015556110884062946,0.00014649100485257803,0.00039524597970057583,0.0012182578337842642,0.0008571493143411621,neutral,How to get iPhone 17 Pro Max before Oct 2 in Bay Area?
apple_iphone_17_pro_max_256gb_deep_blue_at_t,1nt4dus,1,0,0.3164295554161072,0.0,0.0,0.0,0.0,0.0,0.0,0.0,0.0,0.0,0.0,0.0,0.0,0.0,0,1,0.0,0.04409347474575043,-0.0,0.0,1.0,0.0,1.0,0.0,0.0,1.0,0.0,0.0,0.0,0.0,1.0,1.0,0.0,0.0,0.0005565883475355804,0.0005565883475355804,0.0005565883475355804,2.4692881197552197e-06,2.4692881197552197e-06,2.4692881197552197e-06,5.6093791499733925e-05,5.6093791499733925e-05,5.6093791499733925e-05,2.5263503630412742e-05,2.5263503630412742e-05,2.5263503630412742e-05,8.50251381052658e-05,8.50251381052658e-05,8.50251381052658e-05,0.00011114256631117314,0.00011114256631117314,0.00011114256631117314,0.0001394304392003202,0.0001394304392003202,0.0001394304392003202,neutral,60 most-viewed ASMR videos published on YouTube last week (2025-09-14 to 2025-09-20) [Discussion]
apple_iphone_17_pro_max_256gb_silver_at_t,1qh1xfp,5,10,0.3041792392730713,0.0,0.1132317057673246,0.11538662524776537,0.12335434229908078,0.4650391906499863,0.4599175602197647,0.4608683228492737,0.44283291697502136,0.5601474046707153,0.41832488775253296,0.3886057138442993,0.41832488775253296,0.5049036145210266,0,5,0.0,0.08629709631204605,0.5004024235381879,0.15017158220936364,1.0,0.5,0.8,0.0,0.0,0.6,0.4,5.491812087098393,2.0,0.7627516787636657,2.0,1.4,1.0,1.0,0.0012966812704689802,0.004202393349260092,0.0028247581562027336,2.31186436394637e-06,5.740650976804318e-06,4.1032128137885595e-06,0.00017739843096933327,0.0007450793636962771,0.0004647965673939326,4.276995168766007e-05,0.00011683775665005669,8.229638042394073e-05,0.00022806159104220568,0.0006407775217667222,0.0004427172127179802,9.728586446726695e-05,0.00015128985978662968,0.00012823070865124463,0.0003074181621665654,0.000977019750356097,0.0006569392853937947,neutral,Used and New IPhone deals Chennai/banglore/hyderabad F2F
at_t_prepaid_sim_kit_multi,112y5mk,10,45,0.30208928883075714,0.1,0.05746414406991228,0.053856556547497866,0.053307596799217795,0.4830499556329515,0.4701294309563107,0.47448415093951757,0.4828038513660431,0.6329318881034851,0.14988167583942413,0.10537008941173553,0.40972232818603516,0.3402089476585388,2,8,0.2,0.182565394975245,1.2275294114572126,0.3683835754104631,0.9,0.6666666666666666,0.6,0.1,0.0,0.5,0.4,10.42544963059148,5.5,0.6475434553162409,8.0,3.8,1.0,3.0,0.0018036535941064358,0.012893371284008026,0.0020308659237343774,1.7227091689164808e-06,2.831861593222129e-06,1.9439787251940283e-06,4.133087149966741e-05,6.845993630122393e-05,6.834317900938913e-05,3.441174212639453e-05,9.00582890608348e-05,5.1002768668695335e-05,0.0004486670994083397,0.0034893169067800045,0.00048230106331175073,0.00015201654459815473,0.0007325563346967101,0.00017674559057923012,0.00041363376015131814,0.0028792463909326216,0.0004631956773948777,neutral,AT&T Prepaid $300 Annual - Data didn't renew this month?
at_t_prepaid_sim_kit_multi,124316q,21,210,0.30183432382695813,0.11764705882352941,0.060048098221782746,0.05059048807530273,0.04731126043362926,0.5061217669929777,0.5259970169691812,0.5122731122232619,0.5074184834957123,0.9999997615814209,0.19264638423919678,0.15421593189239502,0.6983824968338013,0.41981884837150574,2,19,0.09523809523809523,0.20873888377987204,1.4925477463093382,0.44791600928205383,0.9523809523809523,0.55,0.5714285714285714,0.2857142857142857,0.23809523809523808,0.23809523809523808,0.23809523809523808,17.409565489165487,23.0,0.6459379421775181,4.0,1.9523809523809523,1.375,1.9333333333333333,0.08627865347772881,0.9038276672363281,0.15588553249835968,0.0002526380127825351,0.00431875791400671,1.4357438885781448e-05,0.07371904311124429,0.8665376901626587,0.005695647094398737,9.752014617940101e-05,0.0008396650082431734,0.0002729877596721053,0.012627782936241212,0.1086529865860939,0.07035742700099945,0.00025927841211558276,0.0023589401971548796,0.00048658152809366584,0.028872486016048637,0.3102726978540886,0.04513364437949955,neutral,AT&T Prepaid - stop spam texts from email?
at_t_prepaid_sim_kit_multi,139x2mv,2,1,0.36236897110939026,1.0,0.066606056559321,0.057127557077250334,0.05377384334225868,0.5703717470169067,0.6614545583724976,0.6125457882881165,0.6125457882881165,0.6125457882881165,0.49004065990448,0.49004065990448,0.49004065990448,0.49004065990448,0,2,0.0,0.04225120600312948,0.6931471805599453,0.20801459767650946,1.0,1.0,0.5,0.0,0.0,0.5,0.5,3.5,3.5,0.2413793103448276,1.0,1.0,0.0,0.0,0.0004808137600775808,0.0005181274027563632,0.0005106646742206067,1.2734221286336833e-06,1.4291075558503508e-06,1.3979704704070174e-06,2.5977556106226984e-05,2.9803792131133378e-05,2.90385449261521e-05,2.1053419914096594e-05,2.1992171241436154e-05,2.180442097596824e-05,0.00011713361527654342,0.00013463063805829734,0.00013113123350194655,7.606144936289638e-05,8.429252193309367e-05,8.264630741905421e-05,0.00012038553714432965,0.00013038529846198799,0.0001283853461984563,gratitude,AT&T Prepaid - Call History?
at_t_prepaid_sim_kit_multi,15740vn,9,36,0.3051254087024265,0.1111111111111111,0.10709508595927114,0.06083513109661013,0.04357355822052918,0.5532381965054406,0.531700616909398,0.5416403536995252,0.5328415632247925,0.6196805238723755,0.5830509066581726,0.6116431951522827,0.7141822576522827,0.7183282375335693,4,5,0.4444444444444444,0.44663271659778225,1.0027182645175161,0.3009173841088146,1.0,0.75,0.6666666666666666,0.0,0.0,0.5555555555555556,0.4444444444444444,11.235965182406312,9.0,0.24134531418056518,3.0,1.4444444444444444,1.5,1.6666666666666667,0.0004619281874814381,0.0005077914102002978,0.0005058549111708998,1.8122273609656581e-06,2.5040030777745415e-06,2.4981068236229476e-06,3.664010162335924e-05,4.9091486289398745e-05,4.5947463513584806e-05,2.3640065491134817e-05,2.761608084256295e-05,2.6228235583403148e-05,9.343128234225635e-05,0.00011182206071680412,0.00010861501068575308,7.449701701666022e-05,8.37453844724223e-05,8.29644763143733e-05,0.00011532481355263574,0.00012748081618004412,0.00012441218775620654,neutral,Strange Problem - SIM card has wrong number
at_t_prepaid_sim_kit_multi,15kkef6,11,55,0.3004144484346563,0.0,0.04583133094000028,0.0309560205514234,0.025309784567426354,0.4914403969591314,0.5098216067660939,0.49631408290429546,0.49786946177482605,0.5771353840827942,0.35484611988067627,0.36581870913505554,0.615632176399231,0.5979788303375244,0,11,0.0,0.03182525001466274,1.0335620542068176,0.3101736556236982,1.0,0.7,0.6363636363636364,0.36363636363636365,0.0,0.18181818181818182,0.45454545454545453,52.57281451897246,48.5,0.9752124109758804,5.0,2.272727272727273,1.0,1.7857142857142858,0.017368187056325205,0.18524353206157684,0.001339506241492927,2.2118588379850155e-06,6.144701728771906e-06,4.985237865184899e-06,9.141817331097131e-05,0.0005561733851209283,0.0001530002773506567,2.551094257796649e-05,6.0687387303914875e-05,2.858590414689388e-05,0.014235771000544033,0.15522941946983337,0.0003466142516117543,0.00014699963238936934,0.0005287985550239682,0.00038900820072740316,0.005311683110664255,0.0569372660161207,0.0003771432628430678,neutral,AT&T Post Paid iPhone 12 to Pre-Paid - I want to test it out
at_t_prepaid_sim_kit_multi,16wcd88,33,528,0.3082246333360672,0.14285714285714285,0.04936797454785581,0.03590750262844742,0.031130427824491914,0.47158954560643795,0.4871689427474683,0.47391030418150354,0.48689164221286774,0.699176013469696,0.28403329849243164,0.2557823061943054,0.7235466241836548,0.5711190104484558,10,23,0.30303030303030304,0.318320722516739,1.415487519240508,0.42479010964608627,0.9696969696969697,0.71875,0.5757575757575758,0.45454545454545453,0.030303030303030304,0.30303030303030304,0.21212121212121213,35.46995262227777,38.0,0.8955688114270592,5.0,2.303030303030303,1.1666666666666667,2.2033898305084745,0.007850598492730183,0.23827052116394043,0.0006499662878923119,5.704275043750716e-06,0.00013794646656606346,1.8842233657778706e-06,0.0036144883190652104,0.11794076859951019,4.778833827003837e-05,3.691744892752137e-05,0.0004974030889570713,3.2441110670333734e-05,0.0005523509793089364,0.012736376374959946,0.00015265615656971933,0.00011784893175707,0.0012679693754762411,0.00010794235276989639,0.0020296514078054456,0.061808497511568326,0.00015936967286810008,neutral,AT&T Prepaid - prepayment
at_t_prepaid_sim_kit_multi,17o1huv,14,91,0.28732722309919506,0.07692307692307693,0.047020606945575874,0.03832096426974748,0.035574003015847205,0.4864125163345547,0.4817367703705044,0.4794332575012039,0.4823540151119232,0.6101058721542358,0.2483372688293457,0.23003876209259033,0.544772744178772,0.47402456402778625,2,12,0.14285714285714285,0.14949451054313354,1.3316643102930148,0.39963462813481315,1.0,0.7692307692307693,0.5,0.35714285714285715,0.21428571428571427,0.14285714285714285,0.2857142857142857,61.00334550879408,29.75,1.3302910235562573,5.0,1.9285714285714286,1.1666666666666667,1.7857142857142858,0.0006024348092198904,0.00196445663459599,0.0007404493866488337,1.5263238667882563e-06,2.417098130536033e-06,1.978182842776732e-06,4.1720228702096005e-05,0.00014374028251040727,6.554504907398947e-05,2.4873979003002334e-05,6.866674084449187e-05,3.11054371195496e-05,0.00013947218342634317,0.00036802803515456617,0.00021557127474807196,8.598732269352436e-05,0.00013268516340758651,0.00011760789493564516,0.00014933580781860742,0.00044449090933085245,0.00018988575678804409,neutral,"3 lines, need prioritized data, AT&T/Verizon - critique my plan"
at_t_prepaid_sim_kit_multi,17zyxkj,27,351,0.3053220258309291,0.19230769230769232,0.05561315187206055,0.03578113988697412,0.02778740673073326,0.5002371408151426,0.504406001917657,0.49883033577193564,0.4999065697193146,0.6009531021118164,0.3185778260231018,0.3346581757068634,0.7464509010314941,0.6054211258888245,3,24,0.1111111111111111,0.1500315662059519,1.8126447004835964,0.5439776265077708,0.9259259259259259,0.8461538461538461,0.4444444444444444,0.2222222222222222,0.18518518518518517,0.14814814814814814,0.4444444444444444,37.99935022186499,34.0,0.7230320338198412,10.0,3.740740740740741,1.05,3.5444444444444443,0.010902068839641288,0.1648351401090622,0.0034786870237439823,6.093315261279241e-06,9.657607733970508e-05,3.23670951729582e-06,0.0037347984425313945,0.09941400587558746,0.00011162662704009563,3.47264448700352e-05,0.00019491235434543341,6.163657380966461e-05,0.0017020333694677833,0.03047920949757099,0.0007505655637942248,0.004242703020281624,0.11167557537555695,0.00011992613872280336,0.003437070572008901,0.0493360327782284,0.0007712534947055843,neutral,AT&T Prepaid customers - does Unlimited Max Plus show up under your plan change options?
at_t_prepaid_sim_kit_multi,1cyfjpp,152,11476,0.3040540573852403,0.07142857142857142,0.04663337325912504,0.03620599147093065,0.03245290744181296,0.48120122697008283,0.4829709886265844,0.4765401778995222,0.47907060384750366,1.0,0.25771403312683105,0.259050577878952,0.8021873235702515,0.4853140115737915,20,132,0.13157894736842105,0.17867162669273584,1.9404704114018032,0.5823383305185477,0.9342105263157895,0.7682119205298014,0.40789473684210525,0.29605263157894735,0.08552631578947369,0.29605263157894735,0.3223684210526316,34.24801526388406,31.25,0.9522038266161288,10.0,2.6907894736842106,1.103448275862069,2.9967532467532467,0.02007499724124117,0.9169290661811829,0.0021409937413409356,4.676732323323569e-05,0.004091808572411537,3.0897554324837995e-06,0.011477614795359458,0.6571131348609924,0.000176026098779403,6.739609301875087e-05,0.0035294401459395885,4.605473441188224e-05,0.006473639389505,0.48611846566200256,0.00025557865446899095,0.00016005286663226128,0.004871865268796682,0.00015472708764718854,0.006383411284831645,0.34460374474777683,0.0005086597176386931,neutral,Data prioritization policies of the carriers and the MVNOs that use their networks
at_t_prepaid_sim_kit_multi,1dfr5pu,6,15,0.3049001197020213,0.16666666666666666,0.040881886445678625,0.0319312186457337,0.02828251205392291,0.5302104314168294,0.5415310760339102,0.530631689230601,0.5355474352836609,0.5847657322883606,0.2916620969772339,0.2684931457042694,0.38235077261924744,0.5154552459716797,1,5,0.16666666666666666,0.17635700975855192,0.6365141682948128,0.1910189384688593,1.0,0.4,0.6666666666666666,0.16666666666666666,0.16666666666666666,0.16666666666666666,0.5,27.562051205718827,38.5,0.7656125334921896,2.0,1.3333333333333333,1.0,1.0,0.002579727656363199,0.013243387453258038,0.00691325098159723,2.69530282063594e-06,9.337560186395422e-06,5.40746037813733e-06,0.0003662737884345309,0.0020594883244484663,0.0010452803107909858,4.325198854833919e-05,0.0001551328896312043,9.055709688254865e-05,0.0003736234417980692,0.0017026178538799286,0.000915700635232497,0.00010790960974797296,0.0002588762145023793,0.00017230345110874623,0.000578913631285458,0.0029048067159844018,0.0015234301951636553,neutral,ATT Prepaid 3 Month 8GB Plan - Activation
at_t_prepaid_sim_kit_multi,1eo1232,5,10,0.2759774148464203,0.0,0.05506660569080879,0.034938395132933044,0.028145821518697878,0.5544442385435104,0.4899365693330765,0.5173988193273544,0.5132172405719757,0.5756295919418335,0.47219839692115784,0.4732651710510254,0.47219839692115784,0.5999091267585754,1,4,0.2,0.2253689020872116,0.9502705392332347,0.28517773633985943,0.6,0.75,0.6,0.4,0.0,0.0,0.6,24.289915602982237,31.0,0.6747198778606177,3.0,1.6,1.0,1.3333333333333333,0.0012461707694455982,0.004521234426647425,0.002909361151978374,2.350685849705769e-06,6.159727490739897e-06,4.288458012524643e-06,0.00012049650867993478,0.0004818457819055766,0.0003022177479579114,4.421240373631008e-05,0.00013865767687093467,9.294004121329637e-05,0.00020733417186420412,0.0006069648079574108,0.0004119347286177799,0.00010488447369425558,0.0002518878027331084,0.00017993454530369491,0.00028757483554500143,0.0010011250372675324,0.0006497749857241312,neutral,AT&T Prepaid $25/month vs $33/month - use in Canada
at_t_prepaid_sim_kit_multi,1fqqg0h,16,120,0.3117805775254965,0.125,0.07492267538556102,0.05725250003065212,0.04876178128710112,0.5281774962941805,0.5166385332743327,0.5190328565736612,0.5211421847343445,0.6386005282402039,0.286343514919281,0.28331926465034485,0.6001676321029663,0.5165870785713196,4,12,0.25,0.313165690517053,1.7214023220140038,0.5165956401407951,1.0,0.8666666666666667,0.375,0.125,0.1875,0.4375,0.25,17.20056321752285,28.75,0.6583947643070946,8.0,3.625,1.2,3.0816326530612246,0.0005176116756047122,0.0008825945551507175,0.0006971483235247433,1.4576525160236997e-06,2.019625298999017e-06,1.6931671211750654e-06,3.415210710500105e-05,5.1168521167710423e-05,4.661696948460303e-05,2.2245973809731368e-05,3.279414522694424e-05,2.734836652962258e-05,0.00012157357969044824,0.00019538647029548883,0.00015400093252537772,8.192470886569936e-05,0.00015015005192253739,9.375182708026841e-05,0.00012982761626526929,0.0002074334459318076,0.0001734702329751296,neutral,AT&T Prepaid eSIM transfer
at_t_prepaid_sim_kit_multi,1g3xr4u,7,21,0.28225461446813177,0.14285714285714285,0.07006902422583057,0.04378540056824119,0.03114162048879651,0.5056575650260562,0.5272169936270941,0.512849014429819,0.5149091482162476,0.6072993278503418,0.5785490870475769,0.5830270648002625,0.6574275493621826,0.6752341389656067,0,7,0.0,0.03867248924715178,1.15374194270109,0.3462398358738274,0.8571428571428571,0.6666666666666666,0.5714285714285714,0.42857142857142855,0.0,0.2857142857142857,0.2857142857142857,66.11832312650725,49.0,0.861877582654657,4.0,2.2857142857142856,1.25,2.3333333333333335,0.04242781746766663,0.2942779064178467,0.1180362528655679,2.3474804119619614e-05,0.00015569422976113856,6.334318827612157e-05,0.027092676817119354,0.1894509345293045,0.07580317566826131,3.9562278808651694e-05,0.00016857380978763103,7.937488735478842e-05,0.008841183111404203,0.06122196465730667,0.024566369989770485,0.00022426611966303817,0.0010888613760471344,0.0005119622830534358,0.013108163433130246,0.09106065583667562,0.03650731641647178,neutral,Cricket More vs AT&T Prepaid Unlimited Max Plans - Thoughts Please…
at_t_prepaid_sim_kit_multi,1h4xbwp,9,36,0.2851515809694926,0.0,0.048472256902959636,0.029193018350201685,0.02171384192729128,0.5031463710798157,0.5011996378501257,0.48779650198088753,0.49126145243644714,0.5491187572479248,0.38808465003967285,0.3974927067756653,0.6309196949005127,0.645401656627655,2,7,0.2222222222222222,0.2668879559884469,0.6837389058487535,0.20519115911430155,0.6666666666666666,0.375,0.7777777777777778,0.5555555555555556,0.2222222222222222,0.0,0.2222222222222222,61.21022265949284,118.0,0.7803002888603904,3.0,1.5555555555555556,1.3333333333333333,1.3333333333333333,0.0005237297122625427,0.0006734234048053622,0.0006723288679495454,1.3978624843326138e-06,1.7330086166111869e-06,1.6198879393414245e-06,3.30826159269135e-05,4.924518725601956e-05,3.8523414696101105e-05,2.1332388011311803e-05,3.0854440410621464e-05,3.0129596416372807e-05,0.00012936178649801554,0.00020681470050476491,0.00015900193830020726,8.674572139473942e-05,0.000127114646602422,0.00012203168007545173,0.00013260834776297593,0.00017508013801640723,0.0001666354139691369,neutral,AT&T Postpaid to Prepaid - How Long to Port Out
at_t_prepaid_sim_kit_multi,1hksbuw,4,6,0.2557255709543824,0.25,0.04298192835754816,0.0265896410069766,0.018530454528205228,0.46886053184668225,0.5060705542564392,0.4807579467693965,0.4758302867412567,0.5457733273506165,0.3416367471218109,0.3646395802497864,0.3416367471218109,0.6344352960586548,0,4,0.0,0.025446413550525904,1.0397207708399179,0.3120218965147642,1.25,1.0,0.5,0.75,0.0,0.0,0.25,57.378131722808824,80.5,0.7217375059472808,2.0,1.25,1.0,1.0,0.0005441524845082313,0.0007182497065514326,0.0006927945301868022,1.4725755193012446e-06,1.8598370843392331e-06,1.7403703054696963e-06,3.4398683965264354e-05,4.6792581997578964e-05,4.217919886286836e-05,2.459059851389611e-05,3.878532879753038e-05,3.399948145670351e-05,0.00012156623051851057,0.00017303520871791989,0.00015310607923311182,7.679612190258922e-05,9.01124149095267e-05,8.77100435900502e-05,0.00013382944915463213,0.00017282035351702993,0.00016645155517001816,neutral,Disable International Roaming - AT&T
at_t_prepaid_sim_kit_multi,1iaff4a,1,0,0.0579347126185894,0.0,0.0,0.0,0.0,0.0,0.0,0.0,0.0,0.0,0.0,0.0,0.0,0.0,1,0,1.0,0.944859504699707,-0.0,0.0,1.0,0.0,1.0,0.0,0.0,1.0,0.0,0.0,0.0,0.0,1.0,1.0,0.0,0.0,0.0005151966470293701,0.0005151966470293701,0.0005151966470293701,1.3729420516028767e-06,1.3729420516028767e-06,1.3729420516028767e-06,3.770286639337428e-05,3.770286639337428e-05,3.770286639337428e-05,1.4959422514948528e-05,1.4959422514948528e-05,1.4959422514948528e-05,0.00013924622908234596,0.00013924622908234596,0.00013924622908234596,7.375545101240277e-05,7.375545101240277e-05,7.375545101240277e-05,0.0001303722596806741,0.0001303722596806741,0.0001303722596806741,neutral,"ATT Prepaid order - ""technical glitch"" status"
at_t_prepaid_sim_kit_multi,1kaqd1f,42,861,0.30726136136800053,0.175,0.04917699651448277,0.0339591228426968,0.028230088485723632,0.48195571683425104,0.5011129068788336,0.48926574140614054,0.49866384267807007,0.7986768484115601,0.26592928171157837,0.2780678868293762,0.6995820999145508,0.5048261284828186,5,37,0.11904761904761904,0.12319471624990304,1.375409997956686,0.4127627802425513,0.8095238095238095,0.5365853658536586,0.6428571428571429,0.19047619047619047,0.07142857142857142,0.23809523809523808,0.5,32.59947275007322,35.0,0.7490032032292533,10.0,4.523809523809524,1.3846153846153846,4.670520231213873,0.07660420995809891,0.979846715927124,0.19947087615728362,0.00045846907195688064,0.015051823109388351,2.2197000907908654e-05,0.0514830820256542,0.876089870929718,0.005542645161040124,9.911104202079255e-05,0.0013107337290421128,0.00025740005221450683,0.034069524285725836,0.7715923190116882,0.016601157095283266,0.0003946392421528886,0.0049892901442945,0.0013863719417713575,0.02718483927093492,0.4414801254752092,0.04428466056372898,neutral,AT&T Prepaid: Two for $60 - Truly unlimited?
at_t_prepaid_sim_kit_multi,1mqev27,11,55,0.2849822613325986,0.09090909090909091,0.050316053426860116,0.03460115637959726,0.028008532126797266,0.5190186641433022,0.5287042005495591,0.519108235836029,0.5185470581054688,0.5806096792221069,0.3754313588142395,0.3634262681007385,0.580409049987793,0.5554320216178894,6,5,0.5454545454545454,0.5784020342610099,1.4205719259467045,0.4263159483785742,0.7272727272727273,0.6,0.5454545454545454,0.18181818181818182,0.0,0.09090909090909091,0.7272727272727273,73.8919246530067,38.0,1.205951292556489,4.0,2.0,1.1666666666666667,2.176470588235294,0.0025457906753713773,0.012078733183443546,0.010001094080507755,2.4818671239369325e-06,8.59684769238811e-06,3.499228796499665e-06,0.0001433159934756325,0.000861708598677069,0.00029847846599295735,6.0963120135552757e-05,0.0004021456406917423,5.585540202446282e-05,0.0007222105050459504,0.004891550168395042,0.0018114211270585656,0.00013048603895268488,0.00032474499312229455,0.0003235139010939747,0.0006008747000175224,0.002942103985939563,0.002234746699286916,neutral,Trying to Switch from AT&T Prepaid to Visible - PIN Issues
at_t_prepaid_sim_kit_multi,1scal9t,21,210,0.2796080490308149,0.0,0.048879720529892055,0.034399555864780176,0.02838704553319142,0.4761004537343979,0.5033021076804116,0.4862180091085888,0.48978984355926514,0.6384606957435608,0.33623450994491577,0.3607665002346039,0.6740366220474243,0.5495896339416504,0,21,0.0,0.04091003687963599,1.167723997949895,0.3504358734237765,0.7142857142857143,0.6,0.6190476190476191,0.38095238095238093,0.047619047619047616,0.23809523809523808,0.3333333333333333,36.875472248023335,50.0,0.8058115683751198,6.0,2.142857142857143,1.3333333333333333,2.8095238095238093,0.0007106184715493804,0.0025907515082508326,0.0013093504821881652,1.5625762498097002e-06,2.7615619728749152e-06,1.9886551854142454e-06,4.653655447501002e-05,0.00015521558816544712,9.591390698915347e-05,2.626911018090877e-05,8.635820995550603e-05,3.732982440851629e-05,0.00016233454100854163,0.0006540445610880852,0.0002324426604900509,8.448570467104825e-05,0.00013677617243956774,0.00012598912871908396,0.00017196782635578315,0.0005924969141991218,0.00029100046253915934,neutral,ATT PrePaid question - $45 6gb vs $45 enhanced
at_t_prepaid_sim_kit_multi,a6ktm9,31,465,0.3114125888262476,0.17857142857142858,0.05414579711728755,0.04372396848951242,0.03971072350881996,0.4718078004737054,0.47045022595313285,0.46635884700282926,0.4704207181930542,0.7193089723587036,0.21984577178955078,0.18934941291809082,0.6821982860565186,0.4443163573741913,1,30,0.03225806451612903,0.10097648930405417,1.8675225061839433,0.5604465453669741,0.967741935483871,0.8333333333333334,0.45161290322580644,0.16129032258064516,0.06451612903225806,0.25806451612903225,0.5161290322580645,21.204666401790863,19.5,0.8373817305165818,10.0,3.3225806451612905,1.2666666666666666,4.232,0.07039272494430113,0.8907340168952942,0.1738051027059555,7.04079914451159e-05,0.0016962075605988503,5.613475423160708e-06,0.037448831006024134,0.6981180310249329,0.0007031146087683737,0.0016600555124070173,0.05004680156707764,6.440356810344383e-05,0.026255806632933296,0.3526875376701355,0.010904842056334019,0.0003338650154370454,0.003940137103199959,0.0003831432550214231,0.02269361518375796,0.31009215835365467,0.03990473004948095,neutral,FYI - AT&T Prepaid may be rolling out VoLTE
at_t_prepaid_sim_kit_multi,doe9q6,29,406,0.3066844446905728,0.0,0.06306157198988895,0.04591983071426761,0.03848004940926451,0.5073997109687974,0.5236719343903029,0.5104171693178233,0.5081582963466644,1.0000001192092896,0.3387484848499298,0.3462487459182739,0.7920764684677124,0.5451089143753052,10,19,0.3448275862068966,0.3538224112627835,1.291008790593875,0.38743384046557067,1.0,0.7857142857142857,0.5172413793103449,0.41379310344827586,0.1724137931034483,0.2413793103448276,0.1724137931034483,25.486141346100954,25.0,0.7238962772154043,8.0,3.6206896551724137,1.1578947368421053,3.128712871287129,0.00047623325472472813,0.0010221018455922604,0.0006168444175273179,1.509394451204571e-06,2.3519301066698972e-06,1.6802690197437186e-06,3.3855509235732386e-05,6.0843147366540506e-05,4.7763870679773386e-05,2.149267813114546e-05,3.8888549170223996e-05,2.609780567581765e-05,0.0001101200694643796,0.00020564708393067122,0.0001232892187545076,7.644239266138074e-05,0.00011889415327459574,9.489710500929505e-05,0.00011994221644476181,0.00023625166196931482,0.00014991910832880723,neutral,Thank you /r/nocontract - Saving $1284 a year now with better service on AT&T Prepaid Walmart deal
at_t_prepaid_sim_kit_multi,eprmsk,22,231,0.2936533039266413,0.0,0.06375721556148298,0.04590439684998031,0.036631272860134075,0.5280435379449423,0.5339493462533662,0.5276417515494607,0.5262323617935181,0.6725286245346069,0.44418877363204956,0.47536781430244446,0.732299268245697,0.6420580148696899,7,15,0.3181818181818182,0.3035127111625942,1.1595888143086257,0.3479944915648817,0.9090909090909091,0.6190476190476191,0.6363636363636364,0.2727272727272727,0.045454545454545456,0.2727272727272727,0.4090909090909091,52.984326389746684,32.5,1.1165279507417885,6.0,2.5,1.1538461538461537,2.261904761904762,0.0005600272640797564,0.000941137841437012,0.0007932537526357919,1.4563551282911e-06,2.229438223366742e-06,1.7929203522726308e-06,3.668479679287305e-05,7.12134933564812e-05,5.6412633784930205e-05,2.433188092254568e-05,6.305884744506329e-05,2.9304585586942265e-05,0.0001300355824324387,0.00019010038522537798,0.00016652529593557118,7.862084715849382e-05,9.744824637891725e-05,9.383513097418472e-05,0.00013852612108573314,0.000213299422171076,0.00019084707055678032,neutral,Paying $130+ for 2 Lines on AT&T 35GB Mobile Share - Options?
at_t_prepaid_sim_kit_multi,gbhk89,17,136,0.3071845629635979,0.058823529411764705,0.049911138369939045,0.03131744205487292,0.02399381287918075,0.5226988713530933,0.4923505217713468,0.5017066378803814,0.5154306888580322,0.6282455325126648,0.38767075538635254,0.41070032119750977,0.676301896572113,0.6137434244155884,9,8,0.5294117647058824,0.507713758989292,1.006214565944081,0.30196662986065503,0.9411764705882353,0.6875,0.6470588235294118,0.5294117647058824,0.11764705882352941,0.058823529411764705,0.29411764705882354,78.14094266397882,79.0,1.0618673263690166,7.0,3.6470588235294117,1.1818181818181819,3.338235294117647,0.000751044846016585,0.0046018268913030624,0.0007061682525090873,1.8841932722031795e-06,6.980599664530018e-06,2.291436248924583e-06,4.6748897255062783e-05,0.0001743005122989416,6.302196852630005e-05,0.0001362160568639999,0.001995684811845422,2.5397769422852435e-05,0.0001318600753781057,0.00029863673262298107,0.00017075025534722953,8.51152084685643e-05,0.00023323990171775222,0.00010553021566011012,0.00019214487954242015,0.001218444908242115,0.00017349752362558017,neutral,"AT&T Walmart - 17GB data not appearing, but CS confirms it"
at_t_prepaid_sim_kit_multi,getkjc,23,253,0.3013414021800546,0.058823529411764705,0.04477507535645473,0.030746851352981282,0.025545564845613395,0.4861062106054291,0.4674930698551208,0.4728381868172069,0.4780126214027405,0.6877716183662415,0.3162142038345337,0.3165847361087799,0.6542355418205261,0.5051723122596741,8,15,0.34782608695652173,0.34906714527017396,1.4288697063314801,0.4288061257849842,1.0434782608695652,0.8181818181818182,0.5217391304347826,0.21739130434782608,0.08695652173913043,0.391304347826087,0.30434782608695654,45.112294251429944,39.0,0.9305675047380167,4.0,1.608695652173913,1.1111111111111112,1.4,0.04173556866716472,0.9478983283042908,0.0008331492892466486,0.00011372731061150579,0.0025822410825639963,2.1093469058541816e-06,0.03417996376921782,0.7851974368095398,9.045251063071193e-05,3.3489140981185734e-05,0.0002959630510304123,3.120492146990728e-05,0.02631570448568749,0.6024591326713562,0.0001569363521412015,0.00021726376144215465,0.0033279333729296923,9.321607940364629e-05,0.017099286189184146,0.39029350588195183,0.00020246304648026127,neutral,AT&T Prepaid - May 2020
at_t_prepaid_sim_kit_multi,hyyk5z,12,66,0.3119148151441054,0.09090909090909091,0.08188512240692183,0.07511440910822295,0.07618883068273039,0.503206426447088,0.5046092529188503,0.49686788654688635,0.4940209835767746,0.5891131162643433,0.21241851150989532,0.18970270454883575,0.46874842047691345,0.3948177099227905,1,11,0.08333333333333333,0.1931690899655223,1.4241299173467734,0.4273837073919254,1.0,0.7272727272727273,0.4166666666666667,0.25,0.16666666666666666,0.08333333333333333,0.5,6.409086431691251,8.5,0.6055829699235827,5.0,3.1666666666666665,1.4285714285714286,2.7636363636363637,0.0005980117784929462,0.0009635740425437689,0.0007836649427190423,1.582485386582751e-06,2.0639258764276747e-06,1.9425962250352315e-06,3.768833297120485e-05,6.0955640947213396e-05,5.156485422048718e-05,2.8226689664734295e-05,5.084263102617115e-05,4.044377274112776e-05,0.00012236730920752356,0.000164619050337933,0.0001559361582621932,9.272223239046677e-05,0.00013520287757273763,0.00012932806712342428,0.00014676647135224307,0.0002283431935362993,0.00018943407609792,neutral,"Kroger - 15% off Refills for AT&T Prepaid, Cricket, Total Wireless, Net10, Simple Mobile, and Tracphone"
at_t_prepaid_sim_kit_multi,kk24mq,30,435,0.3081629276275635,0.16666666666666666,0.05219387896859018,0.03412883867539177,0.02691922271705825,0.5102824383083431,0.5089914024561301,0.5050581902608104,0.5083277821540833,0.6240681409835815,0.3685609996318817,0.3741466701030731,0.7386974096298218,0.5922766327857971,14,16,0.4666666666666667,0.45954260379076006,2.1159718990550855,0.6350066127675429,0.8666666666666667,0.8620689655172413,0.23333333333333334,0.5,0.13333333333333333,0.1,0.26666666666666666,48.41011143231225,42.5,0.8992590358943452,6.0,2.7333333333333334,1.263157894736842,2.7674418604651163,0.05593151376427462,0.8986936807632446,0.016006845911033633,9.171490651169734e-05,0.002278978005051613,1.8374187038716787e-05,0.04397132015358996,0.738700807094574,0.014486853394191914,5.9822794022087085e-05,0.0004658150137402117,0.00010627267547533867,0.01524520043725109,0.306503564119339,0.0012826414429582748,0.0002490687433843656,0.0035530268214643,0.00029540619580075155,0.019258106799838966,0.32503264530290227,0.005344747717185848,neutral,Port directly to AT&T prepaid from AT&T MVNO (Red pocket GSMA) - Is it possible?
at_t_prepaid_sim_kit_multi,l8cedj,61,1830,0.3217324301844738,0.22950819672131148,0.05023863709609594,0.04143984469266129,0.038840334877686435,0.4867625980592165,0.47910796543939516,0.47753469437523616,0.4792857766151428,0.7991589307785034,0.21936292946338654,0.20510974526405334,0.7102283239364624,0.4301932454109192,10,51,0.16393442622950818,0.21599664572687421,1.9463846180117395,0.5841131935534775,0.9672131147540983,0.8166666666666667,0.39344262295081966,0.18032786885245902,0.11475409836065574,0.13114754098360656,0.5737704918032787,26.193920529817344,33.0,0.9387950366150751,8.0,2.8360655737704916,1.3,2.9447852760736195,0.021850728107803332,0.8603289127349854,0.0012501874007284641,6.716344227220734e-05,0.003626070450991392,3.3639983030298026e-06,0.022235412635695194,0.8811987638473511,9.900203440338373e-05,8.428560422693349e-05,0.0027023479342460632,6.897098501212895e-05,0.001705801211651529,0.07296176254749298,0.0001962337119039148,0.0001515553165995325,0.001547700259834528,0.0001274904643651098,0.007682491053041456,0.30333545998049277,0.0002940818004238584,neutral,AT&T Prepaid - Anyone still holding onto the $50/mo Unlimited Plus plan?
at_t_prepaid_sim_kit_multi,ov8192,9,36,0.29508210884200203,0.0,0.08294947533063264,0.06380722845314529,0.05434376198595139,0.49464171793725753,0.5051280533274015,0.495870940387249,0.49016469717025757,0.6111570596694946,0.2826579511165619,0.2123589664697647,0.5550795793533325,0.5730409622192383,1,8,0.1111111111111111,0.14510376627246538,1.5229550675313184,0.45704129589910525,1.0,1.0,0.3333333333333333,0.2222222222222222,0.1111111111111111,0.0,0.6666666666666666,14.420492962584554,9.0,0.6489221833163049,7.0,3.4444444444444446,1.0,2.590909090909091,0.0009394309890922159,0.004323470406234264,0.001443076133728028,1.7689943029432066e-06,2.9823229397152318e-06,2.211588571299217e-06,4.13597275231344e-05,5.793022864963859e-05,5.526200111489743e-05,6.7165554759817e-05,0.00039140693843364716,0.00011291385453660047,0.00013929531350085098,0.0003900298906955868,0.00017411525477655236,0.00018066550627635379,0.0009865594329312444,0.00027181889163330214,0.00022828101424255258,0.0010253965366473494,0.000343063382441263,neutral,Multi line discount for at&t prepaid question
at_t_prepaid_sim_kit_multi,p21iip,12,66,0.2977838118871053,0.0,0.04887626399537755,0.02914125745632017,0.021406454078102852,0.49651974891171313,0.5026227727983937,0.494778215433612,0.4992351084947586,0.5817359685897827,0.4256608188152313,0.4325905740261078,0.6626530289649963,0.6152507662773132,3,9,0.25,0.2856183123464386,0.8369882167858358,0.2511815268930861,0.9166666666666666,0.45454545454545453,0.75,0.5,0.08333333333333333,0.16666666666666666,0.25,66.9740310369126,62.75,0.8192542022863928,3.0,2.25,1.5,1.5263157894736843,0.02483194104085366,0.22139684855937958,0.06477142964722592,2.0371052661024198e-05,0.00022524573432747275,5.233977663010593e-06,0.012794538449573642,0.1520957201719284,0.0010121032344613927,5.443568973835985e-05,0.0003873062669299543,6.418075408873849e-05,0.004990075378373149,0.04793497174978256,0.009683506064175167,0.0001352535543143555,0.0005268965032882988,0.00029264899130794226,0.007137769194252364,0.06422912880710403,0.018216894068602118,neutral,AT&T Prepaid - Switching from a monthly plan to the $300 8GB/mo Annual plan?
at_t_prepaid_sim_kit_multi,ptulze,7,21,0.2965316048690251,0.0,0.053475939845675585,0.035207766258190894,0.028551740752207313,0.5169222283931005,0.504809212116968,0.49884132402283804,0.5108861327171326,0.5757243037223816,0.2791469395160675,0.24797624349594116,0.441733181476593,0.47493863105773926,3,4,0.42857142857142855,0.36743280690695557,1.15374194270109,0.3462398358738274,0.8571428571428571,0.8333333333333334,0.5714285714285714,0.14285714285714285,0.2857142857142857,0.0,0.5714285714285714,21.82397109340356,21.0,0.6418815027471636,2.0,1.2857142857142858,2.0,1.3333333333333333,0.0898465606442187,0.6158594489097595,0.25250154528766894,0.00010823849754615367,0.0007457204628735781,0.00030059394521231325,0.07564690255432131,0.5288739800453186,0.21182696264004353,7.900850037653331e-05,0.0002763954980764538,0.00016843928751768551,0.01769832587680347,0.12054453045129776,0.04987456882372503,0.0004722048657380843,0.0026698869187384844,0.0012031328806187966,0.03064187348983405,0.21149499371434408,0.08597920714413106,neutral,AT&T 100GB Prepaid Hotspot - Signup?
at_t_prepaid_sim_kit_multi,q81swx,40,780,0.30215751497369064,0.05263157894736842,0.047361343833405165,0.03326313264846012,0.028042282806731888,0.4934773767796847,0.49904317630407136,0.4898162549504867,0.4924783706665039,0.6403957605361938,0.31895264983177185,0.32320475578308105,0.7304269075393677,0.512944757938385,8,32,0.2,0.24145908479113132,1.3631725502319894,0.4090903022516812,0.875,0.6153846153846154,0.65,0.2,0.075,0.225,0.5,39.20060586266493,29.5,0.896013848289484,10.0,2.8,1.25,3.75,0.06627148952829884,0.9866594076156616,0.010662971902638683,0.00042856952964029913,0.00914479698985815,9.911003962770339e-06,0.055423903640530625,0.8976805806159973,0.0003878588002407949,7.599764312544721e-05,0.0006582876085303724,0.00014055945066502332,0.03938982955423853,0.8443634510040283,0.002868447895161808,0.0006017718146722473,0.007600702345371246,0.0004704856895841669,0.027031926951750995,0.4526927784997194,0.0024274808056020465,neutral,Thinking of switch from AT&T post-paid to prepaid - any reason not to?
at_t_prepaid_sim_kit_multi,qj18ei,34,561,0.31411303760427417,0.21212121212121213,0.048139663290610264,0.034081873525510654,0.02874097198227431,0.48032896661609675,0.5087251577679062,0.48792804254355066,0.49335622787475586,0.6664006114006042,0.28064244985580444,0.2514537572860718,0.7445914149284363,0.5608339905738831,14,20,0.4117647058823529,0.415807260583867,1.9450139064330418,0.583701840776506,0.9411764705882353,0.7878787878787878,0.4117647058823529,0.4411764705882353,0.029411764705882353,0.20588235294117646,0.3235294117647059,59.410519788937165,74.75,1.0592331792469134,8.0,3.0294117647058822,1.1363636363636365,2.4805194805194803,0.010038185989662237,0.20935367047786713,0.002654257719404995,6.254944821648678e-06,0.0001192095223814249,4.180220730631843e-06,0.004686469243311234,0.1520622968673706,0.0006631481133808841,9.26803955093526e-05,0.00183579430449754,5.949029509793033e-05,0.0016406657895833418,0.030149074271321297,0.0005041703290771691,0.00043120722929255436,0.01074299868196249,0.00013648646126966922,0.002815910598696728,0.06541640433473124,0.0006655135136952591,neutral,AT&T $300 annual plan - not sure how to use AT&T gift card for it
at_t_prepaid_sim_kit_multi,qs9bld,43,903,0.3037454375000887,0.0,0.050446504871212314,0.03839077533055667,0.033861812914530165,0.49696831697245375,0.4930287829599243,0.4908071074506901,0.4974447190761566,0.7338549494743347,0.23082894086837769,0.18437178432941437,0.7578557729721069,0.501883327960968,5,38,0.11627906976744186,0.1780018661344467,1.7002537147221815,0.5102489086520035,0.9534883720930233,0.7857142857142857,0.4186046511627907,0.3953488372093023,0.13953488372093023,0.23255813953488372,0.23255813953488372,30.760084549856685,31.0,0.8829663789344709,7.0,3.3255813953488373,1.1851851851851851,3.7555555555555555,0.0005156422740519914,0.0012950504897162318,0.00065530554857105,1.560140384923258e-06,2.3486240934289526e-06,1.953761147888144e-06,3.89689375879243e-05,9.40592071856372e-05,5.4962502326816326e-05,2.2608760382565887e-05,4.559836452244781e-05,3.161042150168213e-05,0.00011474025154183077,0.0002837410138454288,0.00012908669596072285,7.155017865020348e-05,0.00010534947068663314,8.622360765002667e-05,0.00012751175709990652,0.0003002446578269276,0.00015311431706474345,neutral,AT&T Pay-As-You-Go Plans - How To Activate
at_t_prepaid_sim_kit_multi,qt7c0m,34,561,0.31286629070253935,0.17647058823529413,0.060368764240822534,0.04835623429354359,0.043496952407722236,0.5163856886606165,0.5144855392807945,0.5074223372919249,0.509005606174469,0.7954254746437073,0.2658199667930603,0.2591249942779541,0.7096789479255676,0.4978976249694824,14,20,0.4117647058823529,0.40694851307746244,1.2014816819517358,0.3605666093671313,0.7941176470588235,0.42424242424242425,0.7058823529411765,0.058823529411764705,0.23529411764705882,0.2647058823529412,0.4411764705882353,25.838599381411516,19.75,0.9267008216961936,6.0,2.2058823529411766,1.15,2.04,0.04260814641619457,0.8594883680343628,0.001548732514493167,3.551222827394775e-05,0.001146182999946177,2.3158135945777755e-06,0.018950429555522588,0.6421480774879456,7.728109412710182e-05,3.541127187097171e-05,0.00021839025430381298,5.846608728461433e-05,0.026460705914574004,0.47672590613365173,0.00024613391869934267,0.00018530530809691888,0.002726213773712516,0.00013597364159068093,0.014712585115755497,0.32071415104049567,0.00034829240455943965,neutral,AT&T Prepaid - VoLTE - S21 Ultra 5G
at_t_prepaid_sim_kit_multi,shmrk2,7,21,0.30142684493746075,0.14285714285714285,0.05400612699623521,0.04792009920500061,0.04554831355315614,0.4690001152810596,0.4277924398581187,0.44211949904759723,0.4248396158218384,0.5739635229110718,0.22828881442546844,0.22063855826854706,0.3308539390563965,0.3531341552734375,1,6,0.14285714285714285,0.21912915419254983,0.7963116401738131,0.23897442000999627,1.0,0.6666666666666666,0.7142857142857143,0.2857142857142857,0.14285714285714285,0.2857142857142857,0.2857142857142857,20.81208440168493,19.0,0.9460038364402241,3.0,1.5714285714285714,1.0,1.25,0.0005168686745621796,0.0007082468364387751,0.0006759688607417047,1.2983059442766326e-06,1.3650784467245103e-06,1.3415417924989015e-06,2.828131359170324e-05,3.05613357340917e-05,3.034976907656528e-05,2.1575067356544813e-05,3.063226904487237e-05,2.797397792164702e-05,0.00012373605568427593,0.00014988897601142526,0.00014594266249332578,8.193596087429407e-05,0.00010145737905986607,9.843976295087487e-05,0.00012894922966887905,0.00016961336871190724,0.00016312443624428853,neutral,AT&T Prepaid Unlimited MAX - Multiline?
at_t_prepaid_sim_kit_multi,tjk2sg,16,120,0.30342169744627817,0.07142857142857142,0.053575409703957154,0.03401298853132762,0.02684584846788827,0.5303719279666742,0.5081129317482312,0.5145409852266312,0.5205716490745544,0.6040719747543335,0.4008135199546814,0.42718133330345154,0.6743745803833008,0.5897799730300903,6,10,0.375,0.32584783888887614,1.1274832349932322,0.33835955492838293,0.875,0.5333333333333333,0.625,0.3125,0.0625,0.125,0.5,30.608413875926338,35.5,0.6311013170294091,4.0,2.1875,1.375,1.9285714285714286,0.0005546758929995121,0.0008873655460774899,0.0008460581884719431,1.6293647178144965e-06,3.189565859429422e-06,1.9780690649895405e-06,4.198889166673325e-05,0.00011191562953172252,6.076223871787079e-05,2.188732577224073e-05,3.4367556509096175e-05,2.6032707864942495e-05,0.00012077210021743667,0.00019116901967208833,0.00016267268074443564,8.392678819291177e-05,0.00011041600373573601,0.00010874628060264513,0.00013748006059444154,0.00021318675169368362,0.00019656772894904861,neutral,AT&T Prepaid - International Add On Experiences?
at_t_prepaid_sim_kit_multi,uw93zj,6,15,0.3053882618745168,0.16666666666666666,0.041210996083022915,0.03352455730904875,0.031571272836393556,0.4933911999066671,0.4831199526786804,0.47011812527974445,0.47596654295921326,0.5650050044059753,0.25796017050743103,0.1693735122680664,0.3665339946746826,0.5169354677200317,0,6,0.0,0.09907532576471567,0.8675632284814612,0.2603571376943625,1.0,0.6,0.6666666666666666,0.3333333333333333,0.0,0.5,0.16666666666666666,61.382453156871755,33.25,1.283256860422406,3.0,2.0,2.0,1.8,0.00043126873303359997,0.0005354912718757987,0.000494333406095393,1.4266959359095683e-06,1.673279939495842e-06,1.6145260133271222e-06,2.9886892055704568e-05,4.6685701818205416e-05,3.986275623901747e-05,1.9298120605526492e-05,2.142607991117984e-05,2.0796534045075532e-05,0.00010996750279446132,0.0001617130037629977,0.00013427241356112063,7.888431840304595e-05,8.527393219992518e-05,8.487117156619206e-05,0.00011178871047137465,0.0001406998945867599,0.00012820837175316532,neutral,AT&T eSim Prepaid - Better on iPhone or Android?
at_t_prepaid_sim_kit_multi,vz2rhl,7,21,0.2967639522893088,0.14285714285714285,0.10109835805912994,0.07061141789114214,0.05995320909391041,0.5357643351668403,0.5524529204482124,0.5423446709201449,0.5242417454719543,0.6384430527687073,0.34744471311569214,0.2711182236671448,0.4812220633029938,0.5403838753700256,1,6,0.14285714285714285,0.2319899427571467,-0.0,0.0,0.8571428571428571,0.0,1.0,0.0,0.42857142857142855,0.0,0.5714285714285714,7.23934826246853,8.5,0.33121201200836414,3.0,2.142857142857143,1.6666666666666667,1.5454545454545454,0.00043768638611904213,0.0005671716062352061,0.0005318212439306081,1.4996178541488398e-06,1.970672656170791e-06,1.8521813444749571e-06,3.305431398205526e-05,4.975873889634386e-05,4.45748504716903e-05,2.1834423802959335e-05,3.082741022808477e-05,2.968537046399433e-05,0.00010279110366744655,0.00012078800500603393,0.00011372802837286145,7.162504958354734e-05,9.014669922180474e-05,7.93895436800085e-05,0.00011141514916819993,0.00013597070596915728,0.00013229260644038733,neutral,AT&T Prepaid - Anyone else having garbled / pixelated audio from the person you are talking to?
at_t_prepaid_sim_kit_multi,wcu62s,3,3,0.337058146794637,0.0,0.07927179792611576,0.0682089083070246,0.06448463892994394,0.5903841257095337,0.5159231821695963,0.550371527671814,0.5473576784133911,0.5848648548126221,0.368039608001709,0.36239248514175415,0.3680395781993866,0.42671340703964233,2,1,0.6666666666666666,0.64805339773496,0.6365141682948128,0.1910189384688593,1.0,0.5,0.6666666666666666,0.3333333333333333,0.0,0.0,0.6666666666666666,2.6246692913372702,3.0,0.17117408421764804,1.0,1.0,0.0,0.0,0.0014120963072249044,0.002699463162571192,0.0023943224456161264,2.7582325780410124e-06,4.2977967495971825e-06,3.954777957915212e-06,8.484435299275599e-05,0.00013486025272868574,0.00012661942164413632,9.724289096387413e-05,0.00022819815785624087,0.0001912650877784472,0.00016757598981106034,0.0002502056013327092,0.00023182405857369304,0.00012691348577694347,0.00018943687609862536,0.00017384313978254795,0.00031523854322459656,0.0005844103078895083,0.0005203048218921443,neutral,AT&T Prepaid error GA701 - is this common?
at_t_prepaid_sim_kit_multi,wton0b,14,91,0.3112483705793108,0.0,0.04265648858649176,0.03402181058375854,0.030458522117971364,0.490796073779955,0.47696720964306005,0.47822004556655884,0.47795405983924866,0.6007996797561646,0.3213023543357849,0.3307456374168396,0.5639245510101318,0.4917656481266022,5,9,0.35714285714285715,0.4300851627652134,1.2265558156134033,0.36809139771223476,0.8571428571428571,0.6153846153846154,0.6428571428571429,0.21428571428571427,0.0,0.2857142857142857,0.5,59.72150503181669,37.0,1.308452379413824,5.0,2.0714285714285716,1.0,1.7333333333333334,0.0021650697828070925,0.020495325326919556,0.003031389846000818,1.90766563231851e-06,6.26239398116013e-06,2.7358218062545336e-06,0.00014434101532450377,0.001482052612118423,0.00012427620749804182,3.236369970441696e-05,0.0001386531803291291,4.316378326620906e-05,0.000893842323940979,0.010536232963204384,0.0004865975060965862,8.670152601553127e-05,0.0001599765964783728,0.00012838181282859293,0.0005540376689041404,0.005454737142372323,0.0006455111447413245,neutral,AT&T Prepaid SIM not working - a mystery
at_t_prepaid_sim_kit_multi,wzogl1,193,18528,0.30333723516567895,0.03804347826086957,0.04207899463031449,0.032726034733312155,0.029662718312618193,0.4791553721365894,0.4818738076179602,0.4745934966385416,0.47773629426956177,1.0,0.23355410993099213,0.21958103775978088,0.8637351989746094,0.46002277731895447,20,173,0.10362694300518134,0.15367411132033315,2.0637871385521134,0.6193458811576968,0.9585492227979274,0.7708333333333334,0.39378238341968913,0.43523316062176165,0.09844559585492228,0.22797927461139897,0.23834196891191708,46.77412576173123,43.0,1.1073854602568851,10.0,2.5544041450777204,1.1941747572815533,3.3209606986899565,0.009835263619192156,0.9882420897483826,0.0011966761434450746,3.3941942634423796e-06,0.0001083313109120354,2.8540296625578783e-06,0.000681106044323192,0.07399728149175644,0.00011492498742882162,0.0002015951034510638,0.016519032418727875,3.648771380539986e-05,0.0075169898895456316,0.9818562865257263,0.00021491581283044074,0.00013519559313278945,0.003134135389700532,0.00018793951603583993,0.003062257407318045,0.32894125987392425,0.00029112539300513184,neutral,Every Popular Unlimited Plan Sorted
at_t_prepaid_sim_kit_multi,xc0ae8,15,105,0.2890188733736674,0.0,0.06061386504123459,0.040609989865355564,0.03279046270578109,0.5105285346508026,0.5127553374994369,0.5101744941302708,0.5037829279899597,0.70679771900177,0.34222936630249023,0.33582162857055664,0.649112343788147,0.6055518984794617,4,11,0.26666666666666666,0.24925751909613608,1.3378606778364337,0.40149416812538025,0.9333333333333333,0.7857142857142857,0.4666666666666667,0.26666666666666666,0.13333333333333333,0.2,0.4,25.551690528982398,26.5,0.6335129883218776,6.0,3.1333333333333333,1.4444444444444444,2.9344262295081966,0.0007938882277812809,0.002045650966465473,0.0017521677305921911,2.396530127649991e-06,9.16484623303404e-06,3.9323440432781345e-06,6.627950545710822e-05,0.00022909809194970876,0.00015440457209479062,3.6277396793593654e-05,0.00011792302393587306,6.640826177317648e-05,0.00012746568633398663,0.00025742678553797305,0.00016970865544863043,9.533647244097665e-05,0.00018636253662407398,0.00016340250149369238,0.0001869406364890993,0.00043912925912081846,0.0003924389714332695,neutral,ATT prepaid - Convert to eSIM (iPhone) without going to the store?
at_t_prepaid_sim_kit_multi,xxm8zv,16,120,0.29095817916095257,0.0,0.05652721339118094,0.042710824669294385,0.03650539104927813,0.5066238957146804,0.5010206552843253,0.501907310138146,0.5021322667598724,0.6421881318092346,0.340536892414093,0.3613985776901245,0.5872937440872192,0.5136473178863525,5,11,0.3125,0.3005093967076391,-0.0,0.0,0.8125,0.0,1.0,0.125,0.0625,0.25,0.5625,26.705570579937064,29.75,0.8545782585579861,6.0,2.875,1.1,2.193548387096774,0.0006974180014367448,0.0017405420076102018,0.0011864708503708243,1.5848188255063178e-06,2.9625537081301445e-06,1.7379335872647061e-06,4.505462243287184e-05,0.0001087678101612255,8.679837628733367e-05,2.315293704668875e-05,4.5868113375036046e-05,2.722967565205181e-05,0.00016640369813103462,0.0005243763444013894,0.00028065328660886735,0.0001021386840420746,0.0002350817812839523,0.000167280129971914,0.0001726254603191535,0.000414027861647052,0.0002757908556626868,neutral,ATT Prepaid Unlimited Max ($50 with autopay) - International roaming experiences?
at_t_prepaid_sim_kit_multi,xzb42w,13,78,0.3003125419983497,0.0,0.04080143917970257,0.02763785576354146,0.023295265614818112,0.4554209751196397,0.4972502944561151,0.47169901927312213,0.4697805792093277,0.5737504959106445,0.27302467823028564,0.2970826029777527,0.5571848154067993,0.5189304947853088,2,11,0.15384615384615385,0.2289138327424343,0.6870920273799715,0.20619743634637988,0.8461538461538461,0.4166666666666667,0.7692307692307693,0.5384615384615384,0.0,0.15384615384615385,0.3076923076923077,74.323059407988,93.0,1.0942239776940477,4.0,1.8461538461538463,1.3333333333333333,1.7333333333333334,0.0006279275828721718,0.0016075271414592862,0.000976510997861624,1.5883100471770517e-06,1.7864572328107897e-06,1.7816836589190642e-06,4.280334654210422e-05,9.775911166798323e-05,6.556312728207561e-05,2.394838828387527e-05,3.7612408050335944e-05,3.0140357557684188e-05,0.00014315778949262144,0.00040677154902368784,0.00022012979025021204,8.015854333419926e-05,0.00011226256901863962,0.00010483229852980003,0.00015326399342869152,0.00036971001255399943,0.00023054165373726703,neutral,"AT&T, 'unlimited', SIM card + router - as a primary internet for home?"
google_pixel_10_128gb_unlocked_frost,1ske5ic,2,1,0.3202503025531769,0.0,0.026656676545913614,0.02255191453844022,0.020918987611022927,0.7160425186157227,0.6804671287536621,0.6978016495704651,0.6978016495704651,0.6978016495704651,0.42442503571510315,0.42442503571510315,0.42442503571510315,0.42442503571510315,0,2,0.0,0.0731847733259201,-0.0,0.0,1.0,0.0,1.0,1.0,0.0,0.0,0.0,11.5,11.5,0.3898305084745763,1.0,1.0,0.0,0.0,0.013604230363853276,0.024303313344717026,0.022163496748544276,2.2096277916716645e-05,3.576675953809172e-05,3.303266321381671e-05,0.002175688263378106,0.004010679665952921,0.003643681385437958,0.0002348851012357045,0.00037971706478856504,0.0003507506720779929,0.0009560423059156165,0.0016829159576445818,0.0015375412272987889,0.0006467037019319832,0.001017941627651453,0.000943694042507559,0.0029399410023719,0.005238389070048773,0.004778699456513398,neutral,SALE get 10% off your Pixel phone! - Google Store (US) lowest price ever! Superfan coupon promo code
google_pixel_10_128gb_unlocked_lemongrass,1pmo5nw,1,0,0.27409908175468445,0.0,0.0,0.0,0.0,0.0,0.0,0.0,0.0,0.0,0.0,0.0,0.0,0.0,0,1,0.0,0.030505560338497162,-0.0,0.0,1.0,0.0,1.0,1.0,0.0,0.0,0.0,0.0,0.0,0.0,1.0,1.0,0.0,0.0,0.00340822315774858,0.00340822315774858,0.00340822315774858,1.2254258763277903e-05,1.2254258763277903e-05,1.2254258763277903e-05,0.0005335938767530024,0.0005335938767530024,0.0005335938767530024,7.181942783063278e-05,7.181942783063278e-05,7.181942783063278e-05,0.00020225804473739117,0.00020225804473739117,0.00020225804473739117,0.00023923821572680026,0.00023923821572680026,0.00023923821572680026,0.0007445644969266141,0.0007445644969266141,0.0007445644969266141,neutral,"[USA-OH] [H] Google Pixel 10 Unlocked New in Box, 128gb, 256gb [W] PayPal"
google_pixel_10_pro_128gb_unlocked_obsidian,1n61jxy,94,4371,0.31343707963824274,0.07777777777777778,0.05146900803774389,0.04372927443901486,0.041749903644369986,0.47423597892779995,0.4674845338924557,0.46589958439686563,0.4728270173072815,0.9999998807907104,0.12213107943534851,0.09928619861602783,0.7685343623161316,0.2872142791748047,30,64,0.3191489361702128,0.34926189632808907,2.010303075472424,0.6032952267286632,0.8617021276595744,0.7956989247311828,0.4574468085106383,0.26595744680851063,0.07446808510638298,0.13829787234042554,0.5212765957446809,26.406089740313167,28.0,1.0106565291487937,6.0,2.0638297872340425,1.2325581395348837,2.328767123287671,0.019285618391958005,0.852532684803009,0.011682928912341614,2.2729842850792996e-05,0.0017621698789298534,8.118323239614256e-06,0.009323468367546547,0.7947125434875488,0.00039769148279447154,0.00010641355634396994,0.004179075360298157,0.00014416566555155451,0.008093704102530536,0.5385637283325195,0.00087463241070509,0.0001922364811415467,0.0020352632272988558,0.00044060467625968165,0.006170695123728567,0.2978867045943237,0.0025388609180860577,neutral,FINALLY VINE UPDATED! GOOGLE PIXEL 10 PRO ON MY RFY - WOW!
google_pixel_10_pro_128gb_unlocked_obsidian,1rc0406,2,1,0.29454900324344635,0.0,0.0025299030863357936,0.0022579326975283253,0.002135038954855566,0.2560468912124634,0.5587476491928101,0.35116976499557495,0.35116976499557495,0.35116976499557495,0.2636356055736542,0.2636356055736542,0.2636356055736542,0.2636356055736542,0,2,0.0,0.20385929942131042,-0.0,0.0,1.0,0.0,1.0,0.5,0.5,0.0,0.0,38.5,38.5,0.8461538461538461,1.0,1.0,0.0,0.0,0.003894355846568942,0.006449422333389521,0.005938409036025404,9.16510725801345e-06,1.2893124221591279e-05,1.2147520828875713e-05,0.0003403879381949082,0.00047143761184997857,0.0004452276771189645,0.0001921249640872702,0.0003457226848695427,0.0003150031407130882,0.0005837353091919795,0.00102514261379838,0.0009368611528770999,0.00034534755104687065,0.0005582785233855247,0.0005156923289177939,0.0008941861193913306,0.0014771494819190896,0.001360556809413538,neutral,"[USA-NV] [H] Google Pixel 10 Pro Unlocked, Nintendo Switch v1 HAC-001 unpatched, Retroid Pocket 4 Pro [W] PayPal"
google_pixel_10_pro_256gb_unlocked_moonstone,1nh8vxk,4,6,0.3026439920067787,0.0,0.27492454747570055,0.24986044031985857,0.26230235959106424,0.523006704946359,0.5932741661866506,0.5347261279821396,0.5247000604867935,0.8220750093460083,0.561087429523468,0.5650263428688049,0.561087429523468,0.8562807440757751,0,4,0.0,0.1737104644998908,-0.0,0.0,1.0,0.0,1.0,0.25,0.0,0.75,0.0,32.18986641786511,18.75,1.5148172431936524,2.0,1.25,1.0,1.0,0.0006504540651803836,0.0014747017994523048,0.001147490879520774,2.5590232155536796e-06,6.68514394419617e-06,5.047163347171591e-06,7.530803804911557e-05,0.00024177595332730561,0.00017527224135847067,2.4475078589603072e-05,4.633911157725379e-05,3.773255757550942e-05,0.00010529931751079857,0.00011895663192262873,0.00011391996813472361,9.823072832659818e-05,0.00014412347809411585,0.00012697728889179418,0.00015938770847867545,0.00033876368638630083,0.0002675849755007676,neutral,[USA-AL] [H] Google Pixel 10 Pro XL 256GB [W] Paypal
google_pixel_10_pro_256gb_unlocked_moonstone,1npfwyc,4,6,0.30341681092977524,0.0,0.04218129829673883,0.036619682336814445,0.03523581804334791,0.42608074843883514,0.49768759806950885,0.45670606195926666,0.45697084069252014,0.5427813529968262,0.11418070644140244,-0.008525782264769077,0.11418070644140244,0.3980744481086731,1,3,0.25,0.28985083661973476,1.3862943611198906,0.4160291953530189,1.25,1.0,0.25,0.5,0.0,0.0,0.5,28.948229652260256,43.0,0.877219080371523,2.0,1.25,1.0,1.0,0.004224300064379349,0.015650354325771332,0.011092609836487103,1.7676658501386555e-06,3.3141254789370578e-06,2.7319480068399576e-06,7.046080600048299e-05,0.00020162088912911713,0.0001515469684818527,9.683345888333861e-05,0.00033160089515149593,0.00023830604277463868,0.000895556717296131,0.003249834757298231,0.002310264304105659,0.00020487016263359692,0.0006151794805191457,0.000452822880470194,0.0009156314791738396,0.0033419840788913766,0.002374131571754864,approval,Pixel 10 Pro (Fi) vs Pixel 10 Pro (Unlocked) - Is there a difference?
google_pixel_10_pro_256gb_unlocked_moonstone,1o34lhk,1,0,0.2839201092720032,0.0,0.0,0.0,0.0,0.0,0.0,0.0,0.0,0.0,0.0,0.0,0.0,0.0,0,1,0.0,0.03521571308374405,-0.0,0.0,1.0,0.0,1.0,1.0,0.0,0.0,0.0,0.0,0.0,0.0,1.0,1.0,0.0,0.0,0.0019357057753950357,0.0019357057753950357,0.0019357057753950357,7.825867214705795e-06,7.825867214705795e-06,7.825867214705795e-06,0.0003147366805933416,0.0003147366805933416,0.0003147366805933416,5.3964544349582866e-05,5.3964544349582866e-05,5.3964544349582866e-05,0.00014055542123969644,0.00014055542123969644,0.00014055542123969644,0.0001690228673396632,0.0001690228673396632,0.0001690228673396632,0.00043696852602200426,0.00043696852602200426,0.00043696852602200426,neutral,"[USA-DMV] [H] Unifi Enterprise 8 PoE; Apple iPad Pro 12.9 LTE 5th Gen, Apple Pencil; Google Pixel 10 Pro XL 256GB [W] Paypal, Local Cash"
google_pixel_10_pro_256gb_unlocked_moonstone,1ozk4nu,4,6,0.29289864748716354,0.0,0.05457478781200179,0.05889513473038599,0.06472217123507988,0.3385981271664302,0.4853769838809967,0.3913995921611786,0.36892567574977875,0.5312902927398682,0.3017418682575226,0.29998135566711426,0.3017418682575226,0.37426328659057617,1,3,0.25,0.35879248892888427,-0.0,0.0,1.0,0.0,1.0,0.5,0.0,0.25,0.25,33.826764551165695,21.0,1.3265397863202233,2.0,1.25,1.0,1.0,0.000980087323114276,0.0014834024477750063,0.0014823734294623137,3.1523678103440034e-06,6.891290468047373e-06,5.679383980350396e-06,0.00010782199251480051,0.00023514186614193022,0.00020199520658934492,3.6885066037939396e-05,5.775696990895085e-05,5.504651235241909e-05,0.00013233137542556506,0.00019650632748380303,0.0001725533889839426,0.00011244112101849169,0.00014797032054048032,0.00014670316013507546,0.00022878654098690276,0.0003385805136228252,0.00033745219957760734,neutral,"[USA-VA] [H] Pixel 10 Pro XL Moonstone - 512GB Unlocked, Lenovo Yoga Tab Plus 12 16GB 256GB, RG405M Emulator and some Earbud's [W] Paypal, Local"
google_pixel_10_pro_256gb_unlocked_moonstone,1pyo3f4,2,1,0.2943228781223297,0.0,0.0030984858300989724,0.002584687717580008,0.0023628090091872174,0.22680610418319702,0.6527761220932007,0.33664530515670776,0.33664530515670776,0.33664530515670776,0.3485915958881378,0.3485915958881378,0.3485915958881378,0.3485915958881378,0,2,0.0,0.09619707614183426,0.6931471805599453,0.20801459767650946,1.0,1.0,0.5,0.5,0.0,0.5,0.0,40.5,40.5,0.9310344827586207,1.0,1.0,0.0,0.0,0.002312142780283466,0.004229741171002388,0.0038462214928586037,7.835929636712535e-06,1.4325368283607531e-05,1.3027480554228532e-05,0.00030381735268747434,0.0005828872672282159,0.0005270732843200677,5.8699180954135954e-05,9.783379937289283e-05,9.000687568914146e-05,0.00014865025514154695,0.00020169260096736252,0.00019108413180219942,0.00017259340893360786,0.0002674228744581342,0.0002484569813532289,0.000500623151272824,0.0008989838468854335,0.0008193117077629116,neutral,"[USA-MA] [H] Google Pixel 10 Pro ( [Storage Capacity] ), Pixel Watch 3 ([Size] WiFi/LTE), Pixel Stand Gen 2, Cases & Bands Bundle [W] PayPal / Local Cash"
google_pixel_10_pro_256gb_unlocked_moonstone,1qorw3o,2,1,0.27901703119277954,0.0,0.004381920705049351,0.003256502479270313,0.0028098692999713837,0.3180726170539856,0.537827730178833,0.39973878860473633,0.39973878860473633,0.39973878860473633,0.3728782534599304,0.3728782534599304,0.3728782534599304,0.3728782534599304,1,1,0.5,0.3182921912521124,-0.0,0.0,1.0,0.0,1.0,0.5,0.0,0.5,0.0,38.5,38.5,0.8461538461538461,1.0,1.0,0.0,0.0,0.001544707251014188,0.002474054927006364,0.002288185391807929,6.220054274308495e-06,1.0838180969585665e-05,9.914555630530232e-06,0.0002158398292522179,0.00038525660056620836,0.00035137324630341027,4.626302506949287e-05,6.464396574301645e-05,6.096777760831174e-05,0.00013805910566588864,0.00014503279817290604,0.00014363805967150257,0.00014098198516876437,0.00020595258683897555,0.0001929584665049333,0.00034867854174081003,0.000547629843216176,0.0005078395829211028,neutral,"[USA-MI] [H] Google Pixel 10 Pro XL 256GB (2 Colors) [W] PayPal, Local"
google_pixel_10_pro_256gb_unlocked_moonstone,1r4s89g,2,1,0.2698841094970703,0.0,0.0030984858302704915,0.0025846877177303027,0.0023628090093321106,0.25439590215682983,0.49755266308784485,0.33665961027145386,0.33665961027145386,0.33665961027145386,0.33081719279289246,0.33081719279289246,0.33081719279289246,0.33081719279289246,0,2,0.0,0.04212605394423008,-0.0,0.0,1.0,0.0,1.0,0.5,0.5,0.0,0.0,38.5,38.5,0.8461538461538461,1.0,1.0,0.0,0.0,0.0024616303853690624,0.002506993943825364,0.0024979212321341038,7.15902342562913e-06,1.0936338185274508e-05,1.0180875233345433e-05,0.0003140120243187994,0.00039044246659614146,0.00037515637814067304,7.766545968479477e-05,9.017594129545614e-05,8.767384497332387e-05,0.00025602202367736027,0.000366133899660781,0.00034411152446409685,0.000153493630932644,0.00020747933012899011,0.00019668219028972088,0.000544997091234715,0.0005544862007506405,0.0005525883788474554,neutral,"[USA-MI] [H] Google Pixel 10 Pro XL 256GB Moonstone [W] PayPal, Local"
google_pixel_10_pro_256gb_unlocked_moonstone,1rwmorn,1,0,0.2846844494342804,0.0,0.0,0.0,0.0,0.0,0.0,0.0,0.0,0.0,0.0,0.0,0.0,0.0,0,1,0.0,0.029859233647584915,-0.0,0.0,1.0,0.0,1.0,1.0,0.0,0.0,0.0,0.0,0.0,0.0,1.0,1.0,0.0,0.0,0.0018578023882582784,0.0018578023882582784,0.0018578023882582784,9.526184840069618e-06,9.526184840069618e-06,9.526184840069618e-06,0.0003001853183377534,0.0003001853183377534,0.0003001853183377534,5.35747421963606e-05,5.35747421963606e-05,5.35747421963606e-05,0.00013239966938272119,0.00013239966938272119,0.00013239966938272119,0.00019206517026759684,0.00019206517026759684,0.00019206517026759684,0.0004242589122137967,0.0004242589122137967,0.0004242589122137967,neutral,"[USA-MA] [H] Pixel 9 Pro XL, Pixel 10 Pro Fold [W] PayPal"
google_pixel_10_pro_256gb_unlocked_moonstone,1s2mnxk,7,21,0.29089537262916565,0.0,0.0930594007321966,0.0980542278886998,0.10613958393214855,0.4046325527486347,0.4621283525512332,0.4215985380467914,0.42494919896125793,0.6138744950294495,0.2739701271057129,0.30728796124458313,0.4195423126220703,0.4402938485145569,2,5,0.2857142857142857,0.2940763636891331,-0.0,0.0,1.1428571428571428,0.0,1.0,0.14285714285714285,0.2857142857142857,0.2857142857142857,0.2857142857142857,27.650146694816975,5.0,1.6685433350320586,4.0,2.2857142857142856,1.25,2.3333333333333335,0.0012748075407996242,0.005521880928426981,0.0028371244436129943,3.315865114927874e-06,1.4277332411438692e-05,6.729464075760921e-06,0.00014555199335778264,0.0007905949023552239,0.00035346417571418013,3.34207621303254e-05,7.73091524024494e-05,5.378785790526309e-05,0.0001654504012549296,0.0003860323049593717,0.0002965768013382331,0.00011340977757104806,0.0003128146636299789,0.00018339810922043406,0.000289326056704773,0.0011838182140309073,0.0006218444098635704,neutral,"[USA-NY] [H] iPhone 14 Pro 512GB Unlocked, iPhone 15 Pro Max 256GB Unlocked, Google Pixel 10 PRO XL 256GB Sealed Unlocked, Google Pixel 10a 128 GB Sealed Unlocked, iPad Air M3 128GB wifi with Apple Pencil Pro,  Apple M1 MacBook Air 13 8GB-512GB - A2337 [W] Paypal"
google_pixel_10_pro_256gb_unlocked_obsidian,1p2g31y,1,0,0.28218919038772583,0.0,0.0,0.0,0.0,0.0,0.0,0.0,0.0,0.0,0.0,0.0,0.0,0.0,0,1,0.0,0.028758278116583824,-0.0,0.0,1.0,0.0,1.0,1.0,0.0,0.0,0.0,0.0,0.0,0.0,1.0,1.0,0.0,0.0,0.002021133666858077,0.002021133666858077,0.002021133666858077,9.36856486077886e-06,9.36856486077886e-06,9.36856486077886e-06,0.00032007176196202636,0.00032007176196202636,0.00032007176196202636,5.57260173081886e-05,5.57260173081886e-05,5.57260173081886e-05,0.00014490989269688725,0.00014490989269688725,0.00014490989269688725,0.00019482038624119014,0.00019482038624119014,0.00019482038624119014,0.000457671714987858,0.000457671714987858,0.000457671714987858,neutral,[USA-OH] [H] Google Pixel 10 Pro XL 256GB [W] PayPal
google_pixel_10_pro_256gb_unlocked_obsidian,1qhoj50,3,3,0.28999926646550495,0.0,0.03402823133863954,0.029741984693631457,0.02872634493736916,0.3413681884606679,0.47923997044563293,0.3928746283054352,0.34465596079826355,0.5457980632781982,0.2618596851825714,0.14148984849452972,0.2618596851825714,0.46413129568099976,0,3,0.0,0.03388460415105025,0.6365141682948128,0.1910189384688593,0.6666666666666666,1.0,0.6666666666666666,0.6666666666666666,0.0,0.3333333333333333,0.0,35.4400902933387,39.0,1.0423555968629028,2.0,1.3333333333333333,1.0,1.0,0.06983569636940956,0.17198742926120758,0.14469515681266787,3.797719667394025e-05,7.934252062113956e-05,6.852127044112421e-05,0.0003614297990376751,0.00044085748959332705,0.00041794999851845204,0.0006034001635271125,0.0014575440436601639,0.0012254489643964918,0.003115717258575993,0.006867367308586836,0.0059613315388560295,0.07156450916469718,0.19257262349128723,0.15844357796013356,0.02425312165865358,0.06223419401915938,0.05180199775750226,neutral,"[USA-OH] [H] HP OMEN 16, Asus G14, Google Pixel 10 Pro XL 256GB, Segotep 650W [W] PayPal"
google_pixel_10_pro_256gb_unlocked_obsidian,1qorw3o,2,1,0.27901703119277954,0.0,0.004381920705049351,0.003256502479270313,0.0028098692999713837,0.3180726170539856,0.537827730178833,0.39973878860473633,0.39973878860473633,0.39973878860473633,0.3728782534599304,0.3728782534599304,0.3728782534599304,0.3728782534599304,1,1,0.5,0.3182921912521124,-0.0,0.0,1.0,0.0,1.0,0.5,0.0,0.5,0.0,38.5,38.5,0.8461538461538461,1.0,1.0,0.0,0.0,0.001544707251014188,0.002474054927006364,0.002288185391807929,6.220054274308495e-06,1.0838180969585665e-05,9.914555630530232e-06,0.0002158398292522179,0.00038525660056620836,0.00035137324630341027,4.626302506949287e-05,6.464396574301645e-05,6.096777760831174e-05,0.00013805910566588864,0.00014503279817290604,0.00014363805967150257,0.00014098198516876437,0.00020595258683897555,0.0001929584665049333,0.00034867854174081003,0.000547629843216176,0.0005078395829211028,neutral,"[USA-MI] [H] Google Pixel 10 Pro XL 256GB (2 Colors) [W] PayPal, Local"
google_pixel_10_pro_256gb_unlocked_obsidian,1r2t7ot,6,15,0.29478335976600645,0.0,0.06514311485901308,0.0517339996477886,0.04612819294306863,0.46750935117403664,0.5168902754783631,0.4792832414309184,0.5163542032241821,0.6590847373008728,0.4103708863258362,0.40987616777420044,0.4761904776096344,0.5650379657745361,0,6,0.0,0.11927289205292861,0.8675632284814612,0.2603571376943625,1.0,0.6,0.6666666666666666,0.3333333333333333,0.3333333333333333,0.3333333333333333,0.0,27.030846576951056,11.25,1.0812338630780423,3.0,1.8333333333333333,1.5,1.5,0.0012550989146499585,0.0028525679372251034,0.0023345043882727623,3.4301881631411866e-06,9.383058568346314e-06,6.8573394855775405e-06,0.00011767330397560727,0.00030403706477954984,0.00026653929671738297,5.8782004089152906e-05,0.00013463193317875266,0.00010392355397925712,0.0001449805470959594,0.00025061838096007705,0.00019474606961011887,0.0001323741210702186,0.00018408657342661172,0.00016661496192682534,0.0002853898465073396,0.0006030022915789838,0.00050983406231353,neutral,[USA-MA] [H] Mint Google Pixel 10 Pro 256GB Unlocked Obsidian [W] Local Cash
google_pixel_10_pro_256gb_unlocked_obsidian,1rivr6g,1,0,0.2763855457305908,0.0,0.0,0.0,0.0,0.0,0.0,0.0,0.0,0.0,0.0,0.0,0.0,0.0,0,1,0.0,0.0316537544131279,-0.0,0.0,1.0,0.0,1.0,1.0,0.0,0.0,0.0,0.0,0.0,0.0,1.0,1.0,0.0,0.0,0.002648490946739912,0.002648490946739912,0.002648490946739912,1.172363045043312e-05,1.172363045043312e-05,1.172363045043312e-05,0.00040969380643218756,0.00040969380643218756,0.00040969380643218756,6.788486643927172e-05,6.788486643927172e-05,6.788486643927172e-05,0.0001510118308942765,0.0001510118308942765,0.0001510118308942765,0.00021969743829686195,0.00021969743829686195,0.00021969743829686195,0.0005847504198754905,0.0005847504198754905,0.0005847504198754905,neutral,"[USA-NJ] [H] Google Pixel 10 Pro XL, Google Pixel Watch 4 (LTE/GPS) - 45MM, Google Pixel Buds Pro 2 [W] Cash, PayPal"
google_pixel_10_pro_256gb_unlocked_obsidian,1rknu94,4,6,0.2896854504942894,0.0,0.12825818130988342,0.13975748787240333,0.16155082059940098,0.35096997767686844,0.5105154017607371,0.40441785256067914,0.3866586983203888,0.5992413759231567,0.2626429498195648,0.22192570567131042,0.2626429498195648,0.3609384298324585,1,3,0.25,0.2826793761923909,-0.0,0.0,1.0,0.0,1.0,0.5,0.0,0.0,0.5,34.93207694941714,21.0,1.4864713595496655,2.0,1.25,1.0,1.0,0.0013929175911471248,0.0026639944408088923,0.002457866887561977,4.007000541150774e-06,1.1857186109409668e-05,8.752063558858938e-06,0.00012470073079384747,0.00041326050995849073,0.0002996129467646825,4.085087630301132e-05,6.800297705922276e-05,6.163769103295635e-05,0.00018503182036511134,0.00036883988650515676,0.00030379226227523766,0.0001932217928697355,0.0003802970750257373,0.0003329640967422165,0.00032345496866999685,0.000588608344514796,0.0005524641907641126,neutral,"[USA-NJ] [H] Google Pixel 10 Pro XL 256GB (Unlocked), Google Pixel Watch 4 (LTE) (Obsidian), Pixel Buds Pro 2 (Porcelain) [W] Cash, PayPal"
google_pixel_10_pro_fold_512gb_unlocked_moonstone,1sr1m6v,2,1,0.2896652966737747,0.0,0.0017889116280878832,0.0017921223696597075,0.0017953466035595287,0.18602508306503296,0.31976979970932007,0.2352147400379181,0.2352147400379181,0.2352147400379181,0.3325141668319702,0.3325141668319702,0.3325141668319702,0.3325141668319702,1,1,0.5,0.2752067940309644,-0.0,0.0,1.0,0.0,1.0,0.5,0.0,0.5,0.0,41.0,41.0,0.9534883720930233,1.0,1.0,0.0,0.0,0.001276298047741875,0.0018936239648610353,0.0017701587814372033,4.999376074010797e-06,8.878548214852344e-06,8.102713786684035e-06,0.000164357269568427,0.0002997563569806516,0.0002726765394982067,3.8002907785994466e-05,5.303986108629033e-05,5.003247042623116e-05,0.00015399936091853306,0.00016782690363470465,0.00016506139509147035,0.00012968310693395324,0.00018655632447917014,0.00017518168097012678,0.0002945566781704656,0.0004303378123040602,0.0004031815854773413,neutral,[USA-PA][H] 2x Google Pixel 10 Pro Fold Unlocked NEW Sealed - Moonstone 512GB [W] PayPal/Local Cash
google_pixel_10_pro_fold_512gb_unlocked_moonstone,1st18u0,1,0,0.2847331762313843,0.0,0.0,0.0,0.0,0.0,0.0,0.0,0.0,0.0,0.0,0.0,0.0,0.0,0,1,0.0,0.028882889077067375,-0.0,0.0,1.0,0.0,1.0,1.0,0.0,0.0,0.0,0.0,0.0,0.0,1.0,1.0,0.0,0.0,0.0019499968038871884,0.0019499968038871884,0.0019499968038871884,9.178639629681129e-06,9.178639629681129e-06,9.178639629681129e-06,0.0003138144384138286,0.0003138144384138286,0.0003138144384138286,5.423948459792882e-05,5.423948459792882e-05,5.423948459792882e-05,0.00014135189121589065,0.00014135189121589065,0.00014135189121589065,0.00018798212113324553,0.00018798212113324553,0.00018798212113324553,0.00044276056314629386,0.00044276056314629386,0.00044276056314629386,neutral,[USA-PA][H] Google Pixel 10 Pro Fold Unlocked open box - Moonstone 512GB [W] PayPal/Local Cash
google_pixel_10_pro_xl_256gb_unlocked_moonstone,1mwc6ih,135,9045,0.31417162408904425,0.11904761904761904,0.05403385977170345,0.04562540894758352,0.04315201373096377,0.48496496166360514,0.47128356090561996,0.47491915958767245,0.4813624322414398,0.7342580556869507,0.1928972601890564,0.1717434525489807,0.7529393434524536,0.3865545988082886,26,109,0.1925925925925926,0.23821209002700117,1.9176251408570373,0.575482427624531,0.7555555555555555,0.7313432835820896,0.4962962962962963,0.08888888888888889,0.14814814814814814,0.14074074074074075,0.6222222222222222,30.234471010940236,22.0,1.1176488462423144,10.0,3.051851851851852,1.2962962962962963,3.222648752399232,0.042244234931422396,0.9096682667732239,0.02408823072910307,9.067524046157713e-05,0.005128706805408001,1.0482744073669892e-05,0.02539367725174223,0.9219539165496826,0.0014879714464768753,0.00030403256794131635,0.017434600740671158,0.00016758222191128877,0.013119952004247655,0.5127202868461609,0.0025681615807116014,0.0004010141992626746,0.02344336360692978,0.0005314984824508427,0.01359226436584631,0.3271604804710175,0.006149144040379409,neutral,Got my pixel 10xl; been a while since I had a google device
google_pixel_10_pro_xl_256gb_unlocked_moonstone,1n78zvi,4,6,0.298639640212059,0.0,0.03842654542686416,0.029538790503317234,0.026227245941348672,0.42505761981010437,0.45778019229571026,0.4401055524746577,0.44223280251026154,0.5080249905586243,0.16662929952144623,0.1237059012055397,0.16662929952144623,0.3483966290950775,1,3,0.25,0.24769181525334716,1.0397207708399179,0.3120218965147642,0.75,1.0,0.5,0.0,0.25,0.0,0.75,14.060138690638865,16.75,0.5159683923170226,2.0,1.5,1.0,1.0,0.0005890774991712533,0.0009499535080976784,0.0008150773704983295,1.4797689686929516e-06,1.611779339327768e-06,1.5867584238549172e-06,3.6286109207139816e-05,4.9255893827648833e-05,4.51072643045336e-05,2.7735255116567714e-05,4.2279454646632075e-05,3.705548369907774e-05,0.0001304428806179203,0.00018199210171587765,0.00016429942334070802,7.808542977727484e-05,8.84270339156501e-05,8.60952386574354e-05,0.00014385115714314148,0.00021891996192380248,0.0001909072133969403,neutral,I've tried to exit Pixel Ecosystem but... :/
google_pixel_10_pro_xl_256gb_unlocked_moonstone,1nh8vxk,4,6,0.3026439994573593,0.0,0.27492454747570055,0.24986044031985857,0.26230235959106424,0.523006704946359,0.5932741463184357,0.5347261230150858,0.5247000604867935,0.8220750093460083,0.561087429523468,0.5650264024734497,0.561087429523468,0.8562808036804199,0,4,0.0,0.1737104644998908,-0.0,0.0,1.0,0.0,1.0,0.25,0.0,0.75,0.0,32.18986641786511,18.75,1.5148172431936524,2.0,1.25,1.0,1.0,0.0006504540651803836,0.0014747017994523048,0.001147490879520774,2.5590232155536796e-06,6.68514394419617e-06,5.047163347171591e-06,7.530803804911557e-05,0.00024177595332730561,0.00017527224135847067,2.4475078589603072e-05,4.633911157725379e-05,3.773255757550942e-05,0.00010529931751079857,0.00011895663192262873,0.00011391996813472361,9.823072832659818e-05,0.00014412347809411585,0.00012697728889179418,0.00015938770847867545,0.00033876368638630083,0.0002675849755007676,neutral,[USA-AL] [H] Google Pixel 10 Pro XL 256GB [W] Paypal
google_pixel_10_pro_xl_256gb_unlocked_moonstone,1o34lhk,1,0,0.2839201092720032,0.0,0.0,0.0,0.0,0.0,0.0,0.0,0.0,0.0,0.0,0.0,0.0,0.0,0,1,0.0,0.03521571308374405,-0.0,0.0,1.0,0.0,1.0,1.0,0.0,0.0,0.0,0.0,0.0,0.0,1.0,1.0,0.0,0.0,0.0019357057753950357,0.0019357057753950357,0.0019357057753950357,7.825867214705795e-06,7.825867214705795e-06,7.825867214705795e-06,0.0003147366805933416,0.0003147366805933416,0.0003147366805933416,5.3964544349582866e-05,5.3964544349582866e-05,5.3964544349582866e-05,0.00014055542123969644,0.00014055542123969644,0.00014055542123969644,0.0001690228673396632,0.0001690228673396632,0.0001690228673396632,0.00043696852602200426,0.00043696852602200426,0.00043696852602200426,neutral,"[USA-DMV] [H] Unifi Enterprise 8 PoE; Apple iPad Pro 12.9 LTE 5th Gen, Apple Pencil; Google Pixel 10 Pro XL 256GB [W] Paypal, Local Cash"
google_pixel_10_pro_xl_256gb_unlocked_moonstone,1ozk4nu,4,6,0.29289864003658295,0.0,0.05457478781200179,0.05889513473038599,0.06472217123507988,0.3385980874300003,0.4853769540786743,0.3913995524247487,0.36892564594745636,0.5312901139259338,0.3017418682575226,0.29998135566711426,0.3017418682575226,0.37426334619522095,1,3,0.25,0.35879249637946486,-0.0,0.0,1.0,0.0,1.0,0.5,0.0,0.25,0.25,33.826764551165695,21.0,1.3265397863202233,2.0,1.25,1.0,1.0,0.000980087323114276,0.0014834024477750063,0.0014823734294623137,3.1523678103440034e-06,6.891290468047373e-06,5.679383980350396e-06,0.00010782199251480051,0.00023514186614193022,0.00020199520658934492,3.6885066037939396e-05,5.775696990895085e-05,5.504651235241909e-05,0.00013233137542556506,0.00019650632748380303,0.0001725533889839426,0.00011244112101849169,0.00014797032054048032,0.00014670316013507546,0.00022878654098690276,0.0003385805136228252,0.00033745219957760734,neutral,"[USA-VA] [H] Pixel 10 Pro XL Moonstone - 512GB Unlocked, Lenovo Yoga Tab Plus 12 16GB 256GB, RG405M Emulator and some Earbud's [W] Paypal, Local"
google_pixel_10_pro_xl_256gb_unlocked_moonstone,1qorw3o,2,1,0.27901703119277954,0.0,0.004381920705049351,0.003256502479270313,0.0028098692999713837,0.3180726170539856,0.537827730178833,0.39973878860473633,0.39973878860473633,0.39973878860473633,0.3728782534599304,0.3728782534599304,0.3728782534599304,0.3728782534599304,1,1,0.5,0.3182921912521124,-0.0,0.0,1.0,0.0,1.0,0.5,0.0,0.5,0.0,38.5,38.5,0.8461538461538461,1.0,1.0,0.0,0.0,0.001544707251014188,0.002474054927006364,0.002288185391807929,6.220054274308495e-06,1.0838180969585665e-05,9.914555630530232e-06,0.0002158398292522179,0.00038525660056620836,0.00035137324630341027,4.626302506949287e-05,6.464396574301645e-05,6.096777760831174e-05,0.00013805910566588864,0.00014503279817290604,0.00014363805967150257,0.00014098198516876437,0.00020595258683897555,0.0001929584665049333,0.00034867854174081003,0.000547629843216176,0.0005078395829211028,neutral,"[USA-MI] [H] Google Pixel 10 Pro XL 256GB (2 Colors) [W] PayPal, Local"
google_pixel_10_pro_xl_256gb_unlocked_moonstone,1r4s89g,2,1,0.2698841094970703,0.0,0.0030984858302704915,0.0025846877177303027,0.0023628090093321106,0.25439590215682983,0.49755266308784485,0.33665961027145386,0.33665961027145386,0.33665961027145386,0.33081725239753723,0.33081725239753723,0.33081725239753723,0.33081725239753723,0,2,0.0,0.04212605394423008,-0.0,0.0,1.0,0.0,1.0,0.5,0.5,0.0,0.0,38.5,38.5,0.8461538461538461,1.0,1.0,0.0,0.0,0.0024616303853690624,0.002506993943825364,0.0024979212321341038,7.15902342562913e-06,1.0936338185274508e-05,1.0180875233345433e-05,0.0003140120243187994,0.00039044246659614146,0.00037515637814067304,7.766545968479477e-05,9.017594129545614e-05,8.767384497332387e-05,0.00025602202367736027,0.000366133899660781,0.00034411152446409685,0.000153493630932644,0.00020747933012899011,0.00019668219028972088,0.000544997091234715,0.0005544862007506405,0.0005525883788474554,neutral,"[USA-MI] [H] Google Pixel 10 Pro XL 256GB Moonstone [W] PayPal, Local"
google_pixel_10_pro_xl_256gb_unlocked_moonstone,1s2mnxk,7,21,0.29089537262916565,0.0,0.0930594007321966,0.0980542278886998,0.10613958393214855,0.4046325555869511,0.46212836248534067,0.42159854372342426,0.42494916915893555,0.6138744950294495,0.2739700973033905,0.30728796124458313,0.41954225301742554,0.4402938187122345,2,5,0.2857142857142857,0.2940763636891331,-0.0,0.0,1.1428571428571428,0.0,1.0,0.14285714285714285,0.2857142857142857,0.2857142857142857,0.2857142857142857,27.650146694816975,5.0,1.6685433350320586,4.0,2.2857142857142856,1.25,2.3333333333333335,0.0012748075407996242,0.005521880928426981,0.0028371244436129943,3.315865114927874e-06,1.4277332411438692e-05,6.729464075760921e-06,0.00014555199335778264,0.0007905949023552239,0.00035346417571418013,3.34207621303254e-05,7.73091524024494e-05,5.378785790526309e-05,0.0001654504012549296,0.0003860323049593717,0.0002965768013382331,0.00011340977757104806,0.0003128146636299789,0.00018339810922043406,0.000289326056704773,0.0011838182140309073,0.0006218444098635704,neutral,"[USA-NY] [H] iPhone 14 Pro 512GB Unlocked, iPhone 15 Pro Max 256GB Unlocked, Google Pixel 10 PRO XL 256GB Sealed Unlocked, Google Pixel 10a 128 GB Sealed Unlocked, iPad Air M3 128GB wifi with Apple Pencil Pro,  Apple M1 MacBook Air 13 8GB-512GB - A2337 [W] Paypal"
google_pixel_10_pro_xl_256gb_unlocked_obsidian,1p2g31y,1,0,0.28218916058540344,0.0,0.0,0.0,0.0,0.0,0.0,0.0,0.0,0.0,0.0,0.0,0.0,0.0,0,1,0.0,0.028758278116583824,-0.0,0.0,1.0,0.0,1.0,1.0,0.0,0.0,0.0,0.0,0.0,0.0,1.0,1.0,0.0,0.0,0.0020211306400597095,0.0020211306400597095,0.0020211306400597095,9.368547580379527e-06,9.368547580379527e-06,9.368547580379527e-06,0.0003200714709237218,0.0003200714709237218,0.0003200714709237218,5.572595546254888e-05,5.572595546254888e-05,5.572595546254888e-05,0.0001449097617296502,0.0001449097617296502,0.0001449097617296502,0.00019481999333947897,0.00019481999333947897,0.00019481999333947897,0.0004576710615159148,0.0004576710615159148,0.0004576710615159148,neutral,[USA-OH] [H] Google Pixel 10 Pro XL 256GB [W] PayPal
google_pixel_10_pro_xl_256gb_unlocked_obsidian,1qhoj50,3,3,0.28999924659729004,0.0,0.03402823133863954,0.029741984693631457,0.02872634493736916,0.3413681884606679,0.47923997044563293,0.3928746283054352,0.34465596079826355,0.5457980632781982,0.2618596851825714,0.14148984849452972,0.2618596851825714,0.46413129568099976,0,3,0.0,0.03388460911810398,0.6365141682948128,0.1910189384688593,0.6666666666666666,1.0,0.6666666666666666,0.6666666666666666,0.0,0.3333333333333333,0.0,35.4400902933387,39.0,1.0423555968629028,2.0,1.3333333333333333,1.0,1.0,0.06983575783669949,0.17198754847049713,0.14469526559114457,3.7977181515695214e-05,7.934252062113956e-05,6.852127553429455e-05,0.0003614299251542737,0.00044085850822739303,0.0004179506853688508,0.0006033986210240982,0.001457540551200509,0.0012254459434188902,0.003115718577949641,0.006867376621812582,0.005961337918415666,0.07156453722564038,0.1925726979970932,0.15844363942742348,0.024253136561330598,0.06223422744490866,0.051802026806884297,neutral,"[USA-OH] [H] HP OMEN 16, Asus G14, Google Pixel 10 Pro XL 256GB, Segotep 650W [W] PayPal"
google_pixel_10_pro_xl_256gb_unlocked_obsidian,1qorw3o,2,1,0.27901706099510193,0.0,0.004381920705049351,0.003256502479270313,0.0028098692999713837,0.3180726170539856,0.537827730178833,0.39973878860473633,0.39973878860473633,0.39973878860473633,0.3728782534599304,0.3728782534599304,0.3728782534599304,0.3728782534599304,1,1,0.5,0.3182921912521124,-0.0,0.0,1.0,0.0,1.0,0.5,0.0,0.5,0.0,38.5,38.5,0.8461538461538461,1.0,1.0,0.0,0.0,0.0015447030018549412,0.0024740479420870543,0.0022881789540406317,6.220020338787435e-06,1.0838119123945944e-05,9.914499366914243e-06,0.00021583953275694512,0.00038525587297044694,0.0003513726049277466,4.6263196963991504e-05,6.464433681685477e-05,6.096810884628212e-05,0.00013805932394461706,0.00014503361308015883,0.00014363875525305047,0.00014098245083005168,0.0002059535909211263,0.0001929593629029114,0.000348677921114889,0.0005476289124999312,0.0005078387142229228,neutral,"[USA-MI] [H] Google Pixel 10 Pro XL 256GB (2 Colors) [W] PayPal, Local"
google_pixel_10_pro_xl_256gb_unlocked_obsidian,1rivr6g,1,0,0.2763855755329132,0.0,0.0,0.0,0.0,0.0,0.0,0.0,0.0,0.0,0.0,0.0,0.0,0.0,0,1,0.0,0.0316537544131279,-0.0,0.0,1.0,0.0,1.0,1.0,0.0,0.0,0.0,0.0,0.0,0.0,1.0,1.0,0.0,0.0,0.0026484783738851547,0.0026484783738851547,0.0026484783738851547,1.1723664101737086e-05,1.1723664101737086e-05,1.1723664101737086e-05,0.00040969610563479364,0.00040969610563479364,0.00040969610563479364,6.788512109778821e-05,6.788512109778821e-05,6.788512109778821e-05,0.00015101212193258107,0.00015101212193258107,0.00015101212193258107,0.00021969723457004875,0.00021969723457004875,0.00021969723457004875,0.0005847487702036839,0.0005847487702036839,0.0005847487702036839,neutral,"[USA-NJ] [H] Google Pixel 10 Pro XL, Google Pixel Watch 4 (LTE/GPS) - 45MM, Google Pixel Buds Pro 2 [W] Cash, PayPal"
google_pixel_10_pro_xl_256gb_unlocked_obsidian,1rknu94,4,6,0.2896854728460312,0.0,0.12825818130988342,0.13975748787240333,0.16155082059940098,0.35096997767686844,0.5105154017607371,0.40441785256067914,0.3866586983203888,0.5992413759231567,0.2626429498195648,0.22192570567131042,0.2626429498195648,0.3609384298324585,1,3,0.25,0.2826793761923909,-0.0,0.0,1.0,0.0,1.0,0.5,0.0,0.0,0.5,34.93207694941714,21.0,1.4864713595496655,2.0,1.25,1.0,1.0,0.0013929216365795583,0.002664000727236271,0.0024578738724812866,4.007001621175732e-06,1.1857186109409668e-05,8.752061853556372e-06,0.00012470096999095404,0.0004132613248657435,0.000299613536844845,4.085067075720872e-05,6.800246046623215e-05,6.163724974612705e-05,0.00018503181127016433,0.0003688395372591913,0.0003037921051145531,0.00019322206208016723,0.0003802970750257373,0.00033296422770945355,0.0003234556920498714,0.0005886095632376964,0.0005524654468558766,neutral,"[USA-NJ] [H] Google Pixel 10 Pro XL 256GB (Unlocked), Google Pixel Watch 4 (LTE) (Obsidian), Pixel Buds Pro 2 (Porcelain) [W] Cash, PayPal"
google_pixel_10a_128gb_unlocked_obsidian,1roepzw,12,66,0.297471617658933,0.0,0.07101554674053395,0.058952032559613704,0.054471480116381,0.524634064598517,0.49259451121994946,0.505112018549081,0.49853548407554626,1.0000001192092896,0.2989078462123871,0.2677899897098541,0.5690366625785828,0.5038315653800964,3,9,0.25,0.3082760591059923,1.0751393240053735,0.32265106199884586,1.0833333333333333,0.7272727272727273,0.5833333333333334,0.3333333333333333,0.08333333333333333,0.3333333333333333,0.25,19.813014802284773,19.5,0.6911516791494687,4.0,2.0,1.1428571428571428,1.7333333333333334,0.0007901886104567287,0.003217825200408697,0.0014399192179553213,1.5767818789906112e-06,2.1392465896497015e-06,1.87687182915397e-06,4.25882347675118e-05,0.00014170493523124605,4.4819219328928736e-05,2.5053512824039597e-05,4.351670213509351e-05,4.056729430885753e-05,0.00018020807995829577,0.0008687165682204068,0.000223764697147999,0.0001094381859729765,0.0003618127666413784,0.00014433737815124916,0.00019150890097642382,0.0007296365810323854,0.0003480228190881008,neutral,Is this a good deal ? - Pixel 10a
google_pixel_9_128gb_unlocked_obsidian,1evh2he,33,528,0.29951624843207275,0.030303030303030304,0.05465304135708904,0.040111524143443,0.034960542089255545,0.5028849598020315,0.5211102864846135,0.5084342698594837,0.5048929750919342,0.6475241780281067,0.34219416975975037,0.33113017678260803,0.7263249158859253,0.5778564810752869,11,22,0.3333333333333333,0.3324681991203265,1.1011185077704229,0.3304474573538487,0.9090909090909091,0.46875,0.696969696969697,0.06060606060606061,0.06060606060606061,0.2727272727272727,0.6060606060606061,46.84270221867908,34.0,1.0994375342933211,6.0,2.3636363636363638,1.3125,2.126984126984127,0.048106037385437186,0.9537279605865479,0.029845581576228165,0.0003053118554444981,0.009583542123436928,4.011420060123783e-06,0.04160719909073536,0.9174033999443054,0.0002521251386497171,6.219787599437757e-05,0.0009424385498277843,4.280310604372062e-05,0.012698685228701144,0.27701088786125183,0.010043960623443135,0.0003779527374497389,0.005160670727491379,0.00025449337263125935,0.01719289736229372,0.3606381499654769,0.007065736157278485,neutral,Why does bestbuy only have 128 and 256GB pixels?
google_pixel_9_128gb_unlocked_obsidian,1ffdsa7,5,10,0.3077381908893585,0.0,0.040593815057548235,0.027522261625906114,0.023067633365344366,0.5108149826526642,0.4736062288284302,0.4906145304441452,0.48111920058727264,0.5415790677070618,0.3300681710243225,0.2744770050048828,0.3300681710243225,0.5438517928123474,1,4,0.2,0.24609046913683413,1.0549201679861442,0.3165832603505712,1.0,0.75,0.4,0.2,0.2,0.0,0.6,25.97999230176945,34.0,0.5623374957092954,3.0,1.8,1.0,1.25,0.0005874382914043963,0.0007430376135744154,0.0007282908190973103,1.4822565390204546e-06,1.9048788999498356e-06,1.7349822428514016e-06,3.5561719050747344e-05,5.1361083023948595e-05,4.7487443225691095e-05,3.0431567574851214e-05,6.791924533899873e-05,5.306383973220364e-05,0.00013127667480148376,0.0001668792247073725,0.0001644267962547019,7.925340178189799e-05,0.00010875494626816362,9.875584801193327e-05,0.00014424065185873286,0.0001769134699808698,0.00017538619508362293,neutral,Promo order got canceled right before shipment. Anyway to get this honored?
google_pixel_9_128gb_unlocked_obsidian,1fj18r0,1,0,0.29248982667922974,0.0,0.0,0.0,0.0,0.0,0.0,0.0,0.0,0.0,0.0,0.0,0.0,0.0,0,1,0.0,0.037122342735528946,-0.0,0.0,1.0,0.0,1.0,1.0,0.0,0.0,0.0,0.0,0.0,0.0,1.0,1.0,0.0,0.0,0.002866297261789441,0.002866297261789441,0.002866297261789441,1.2132790288887918e-05,1.2132790288887918e-05,1.2132790288887918e-05,0.0004599277745001018,0.0004599277745001018,0.0004599277745001018,7.160251698223874e-05,7.160251698223874e-05,7.160251698223874e-05,0.00016054198204074055,0.00016054198204074055,0.00016054198204074055,0.00022861824254505336,0.00022861824254505336,0.00022861824254505336,0.0006331867613577439,0.0006331867613577439,0.0006331867613577439,neutral,[USA-NJ][H] BNIB Unlocked Obsidian Google Pixel 9 128GB [W] Local Cash / Paypal
google_pixel_9_128gb_unlocked_obsidian,1frff34,1,0,0.2865501642227173,0.0,0.0,0.0,0.0,0.0,0.0,0.0,0.0,0.0,0.0,0.0,0.0,0.0,0,1,0.0,0.037665583193302155,-0.0,0.0,1.0,0.0,1.0,1.0,0.0,0.0,0.0,0.0,0.0,0.0,1.0,1.0,0.0,0.0,0.0028772971127182245,0.0028772971127182245,0.0028772971127182245,1.2189560038677882e-05,1.2189560038677882e-05,1.2189560038677882e-05,0.00046221964294090867,0.00046221964294090867,0.00046221964294090867,7.18574519851245e-05,7.18574519851245e-05,7.18574519851245e-05,0.00016073803999461234,0.00016073803999461234,0.00016073803999461234,0.0002292720164405182,0.0002292720164405182,0.0002292720164405182,0.0006355956373530111,0.0006355956373530111,0.0006355956373530111,neutral,"[USA-NJ][H] BNIB Unlocked Obsidian Google Pixel 9 128GB, Unlocked Blue Samsung S20 FE 5G 128gb with screen protectors and case [W] Local Cash / Paypal"
google_pixel_9_128gb_unlocked_obsidian,1gzgyrn,3,3,0.29319284359614056,0.0,0.09022254426994125,0.0979738624674553,0.10816592603493025,0.36559975147247314,0.46406838297843933,0.38197851181030273,0.3302534520626068,0.5520608425140381,0.4367104768753052,0.421308696269989,0.4367104768753052,0.5674157738685608,0,3,0.0,0.2916364260017872,-0.0,0.0,1.0,0.0,1.0,0.3333333333333333,0.0,0.6666666666666666,0.0,35.122009560324926,37.5,1.2849515692801803,1.0,1.0,0.0,0.0,0.001111167250201106,0.0014834024477750063,0.0014288572827354073,3.259794918146023e-06,5.700265319319442e-06,5.130532690600376e-06,0.0001119350587638716,0.00018177165475208312,0.00017034792399499564,4.105542514783641e-05,5.775696990895085e-05,5.459058593260124e-05,0.00014943044273726022,0.00019650632748380303,0.00018733997130766512,0.00011710697193241988,0.0001437464525224641,0.00014090963522903622,0.00025565915728344006,0.00033481946680543234,0.0003235471205395394,neutral,"[USA-CA] [H] Pixel 9 128GB Obisidian, ASUS ROG Strix B650E-F Motherboard, Sony WH-1000XM4 Headphones, HyperX Cloud II Core Wireless, Corsair Void Pro RGB USB Headphones, Retroid Pocket 4 Pro 16 Bit US [W] Local Cash, PayPal"
google_pixel_9_128gb_unlocked_obsidian,1h1fave,1,0,0.2859097421169281,0.0,0.0,0.0,0.0,0.0,0.0,0.0,0.0,0.0,0.0,0.0,0.0,0.0,0,1,0.0,0.034433599561452866,-0.0,0.0,1.0,0.0,1.0,1.0,0.0,0.0,0.0,0.0,0.0,0.0,1.0,1.0,0.0,0.0,0.0012106766225770116,0.0012106766225770116,0.0012106766225770116,5.700265319319442e-06,5.700265319319442e-06,5.700265319319442e-06,0.00018177165475208312,0.00018177165475208312,0.00018177165475208312,4.1925050027202815e-05,4.1925050027202815e-05,4.1925050027202815e-05,0.00010111045412486419,0.00010111045412486419,0.00010111045412486419,0.00012956236605532467,0.00012956236605532467,0.00012956236605532467,0.00027845773547596764,0.00027845773547596764,0.00027845773547596764,neutral,"[USA-CA] [H] Pixel 9 128GB Obisidian, ASUS ROG Strix B650E-F Motherboard, Sony WH-1000XM4 Headphones, HyperX Cloud II Core Wireless, Corsair Void Pro RGB USB Headphones, Retroid Pocket 4 Pro 16 Bit US [W] Local Cash, PayPal"
google_pixel_9_128gb_unlocked_obsidian,1h9kwde,18,153,0.3292463328689337,0.25,0.06898316764837693,0.05824372394518628,0.055508511927116734,0.5148695765757093,0.4869392553186105,0.4972110616615395,0.49202385544776917,1.0000001192092896,0.22416754066944122,0.19015122950077057,0.5912764072418213,0.42388609051704407,2,16,0.1111111111111111,0.1889738156977627,1.1648729119013703,0.3495802578576195,0.8333333333333334,0.5882352941176471,0.6111111111111112,0.1111111111111111,0.16666666666666666,0.2222222222222222,0.5,20.409390237744567,30.5,0.854346568091633,5.0,2.3333333333333335,1.0909090909090908,2.6666666666666665,0.055235337035911575,0.9455001950263977,0.015814365632832065,0.0005842477124120807,0.010484731756150723,4.4961360572415305e-06,0.04608817632076049,0.8279204964637756,0.0004464335303055127,8.13873568606343e-05,0.0007448791875503957,0.0001614891749341041,0.01329166274364171,0.22446903586387634,0.004512812534812845,0.00042305271300493687,0.005693921819329262,0.00032645697647240026,0.019283977313765237,0.3358022100195133,0.0035443423309023617,neutral,Selling brand new (unopened box) Pixel 9 Pro 128GB Obsidian + Free Gift (Fitbit Versa 4 Watch) for $750 - Columbus Ohio
google_pixel_9_128gb_unlocked_obsidian,1kpxteh,30,435,0.3012122172733833,0.0,0.04794919965730408,0.03823341471985592,0.03483363171905152,0.47692876249209215,0.47561242792798186,0.4715799721493118,0.4823673665523529,0.6796006560325623,0.2127103954553604,0.1945882886648178,0.6868411898612976,0.4704640805721283,7,23,0.23333333333333334,0.2503812871873379,1.6726559645507677,0.5019667788826147,0.9666666666666667,0.7241379310344828,0.4666666666666667,0.16666666666666666,0.1,0.2,0.5333333333333333,40.538650966974984,34.0,1.0520411150599045,4.0,2.2,1.3333333333333333,2.3492063492063493,0.01726592928462196,0.3942420780658722,0.01969854142516852,6.786496161718484e-06,7.337201532209292e-05,6.727787740601352e-06,0.00048227995830529835,0.0059379693120718,0.0007322634337469944,0.00012328421222870627,0.0022884542122483253,0.000189666377264075,0.010490258687301928,0.2814701497554779,0.0013865502434782686,0.0002863068172397713,0.0017579533159732819,0.0009573106770403689,0.004775807575976563,0.11310853753260137,0.004769022051429299,neutral,Pixel 9 Pro - Best Buy deal
google_pixel_9_128gb_unlocked_obsidian,1llcq6y,6,15,0.29802802205085754,0.0,0.056036195304969144,0.05640769372357881,0.05995477634194423,0.40718347430229185,0.4773377497990926,0.42938719391822816,0.4359694719314575,0.5753433108329773,0.24939985573291779,0.24867713451385498,0.3157007694244385,0.3755645751953125,1,5,0.16666666666666666,0.15778469604750475,0.45056120886630463,0.13521415251989277,1.0,0.4,0.8333333333333334,0.16666666666666666,0.16666666666666666,0.5,0.16666666666666666,25.86771905075685,13.75,1.2416505144363288,2.0,1.3333333333333333,1.0,1.0,0.0007429843050582955,0.0017045835265889764,0.0013347068743314594,2.693995782010461e-06,7.631944754393771e-06,5.057108296568913e-06,8.500039378607956e-05,0.0002679136232472956,0.00019166483980370685,2.985535411426099e-05,5.247502849670127e-05,4.4835371227236465e-05,0.00011783828328285988,0.00017552216013427824,0.00014729415124747902,8.714109693149415e-05,0.00015927340427879244,0.00011991546853096224,0.0001775855714925001,0.00038515727828780655,0.0003062322389837391,neutral,"[USA-AZ] [H] Pixel 9 Pro, Pixel 8, Samsung S25, [W] PayPal, Local Cash"
google_pixel_9_128gb_unlocked_obsidian,1lnxfrj,1,0,0.28044024109840393,0.0,0.0,0.0,0.0,0.0,0.0,0.0,0.0,0.0,0.0,0.0,0.0,0.0,0,1,0.0,0.037886328995227814,-0.0,0.0,1.0,0.0,1.0,1.0,0.0,0.0,0.0,0.0,0.0,0.0,1.0,1.0,0.0,0.0,0.0016785674961283803,0.0016785674961283803,0.0016785674961283803,7.562457085441565e-06,7.562457085441565e-06,7.562457085441565e-06,0.0002649810630828142,0.0002649810630828142,0.0002649810630828142,5.2135892474325374e-05,5.2135892474325374e-05,5.2135892474325374e-05,0.0001184801512863487,0.0001184801512863487,0.0001184801512863487,0.00015742921095807105,0.00015742921095807105,0.00015742921095807105,0.0003798593785025635,0.0003798593785025635,0.0003798593785025635,neutral,"[USA-AZ] [H] Pixel 9 Pro, Pixel 8, Samsung S25, [W] PayPal, Local Cash"
google_pixel_9_128gb_unlocked_obsidian,1opeqwx,9,36,0.32631699244181317,0.1111111111111111,0.0449822704690398,0.040744735776472696,0.041091230702056496,0.4797895575563113,0.47246306389570236,0.46648414267434013,0.4885786324739456,0.5801021456718445,0.14267711341381073,0.12199489772319794,0.33296260237693787,0.3300444483757019,1,8,0.1111111111111111,0.19271782019899952,1.2148896539491203,0.36459036359843433,0.8888888888888888,0.5,0.4444444444444444,0.5555555555555556,0.0,0.1111111111111111,0.3333333333333333,19.94498606506915,34.0,0.8842604659390262,2.0,1.4444444444444444,2.0,1.4285714285714286,0.112025327314364,0.9221476912498474,0.248555499315262,0.0023942647459939004,0.02150806039571762,0.004322497342946012,0.10417151283804237,0.9368510246276855,0.18765684885438547,0.00016965985853150615,0.0009403040166944265,0.0005025007063522936,0.04402636823376977,0.3883410692214966,0.08298706896603114,0.008973649182331024,0.058240924030542374,0.02860701605677605,0.04529346369550543,0.3818311147624627,0.09580947703701295,neutral,"UPDATE: Massive price rises today! Some products have DOUBLED in price, be wary and always check the price history graph. I assume they're marking up before sales."
google_pixel_9_128gb_unlocked_obsidian,1ph0i4e,2,1,0.30002668499946594,0.0,0.009207136421071327,0.008259568333178372,0.007851009979746831,0.39906546473503113,0.541938841342926,0.45965588092803955,0.45965588092803955,0.45965588092803955,0.35876980423927307,0.35876980423927307,0.35876980423927307,0.35876980423927307,0,2,0.0,0.047746140509843826,0.6931471805599453,0.20801459767650946,1.0,1.0,0.5,0.0,0.0,0.5,0.5,25.0,25.0,0.7575757575757576,1.0,1.0,0.0,0.0,0.0007864320068620145,0.0008608772186562419,0.0008459881762973965,2.387126187386457e-06,2.3893298930488527e-06,2.3888891519163734e-06,7.961551455082372e-05,0.00010203700367128477,9.755270584719255e-05,3.192270378349349e-05,3.614986053435132e-05,3.530442918417976e-05,0.00011809406350948848,0.00014296427252702415,0.000137990230723517,8.333217556355521e-05,8.45282047521323e-05,8.428899891441688e-05,0.0001836305984094603,0.00020442563860948818,0.0002002666305694826,neutral,[Google Store] Google Pixel 9 128GB Unlocked + Pixel Watch 2 LTE + Pixel 9 Case - $499
google_pixel_9_128gb_unlocked_obsidian,1ph1uwq,2,1,0.31814394891262054,0.0,0.385500205036869,0.32271429929605466,0.2632555856501718,0.7559205293655396,0.689793586730957,0.7213447093963623,0.7213447093963623,0.7213447093963623,0.7212142944335938,0.7212142944335938,0.7212142944335938,0.7212142944335938,0,2,0.0,0.08904130756855011,-0.0,0.0,0.0,0.0,1.0,0.5,0.0,0.5,0.0,2.0,2.0,0.11764705882352941,1.0,1.0,0.0,0.0,0.0007986338750924915,0.0010836315341293812,0.0010266320023220032,1.8364441416451882e-06,2.2799167709308676e-06,2.1912222450737317e-06,3.3289328712271526e-05,3.902142634615302e-05,3.787500681937673e-05,5.883987159904791e-05,9.281183884013444e-05,8.601744539191714e-05,0.0001500868529547006,0.00017926435975823551,0.00017342885839752853,0.00013645509898196906,0.00018311636813450605,0.00017378411430399865,0.0001965235785803543,0.0002633542406632235,0.00024998810824664963,neutral,Google Pixel Codes - US Store - Big Pixel 9 Discount!!!
google_pixel_9_128gb_unlocked_obsidian,1ppje5o,4,6,0.3070463339487712,0.0,0.07915619865815315,0.07572273462780635,0.0730015352179395,0.4946590115626653,0.344786969323953,0.3933532734711965,0.2988767772912979,0.726899266242981,0.29453614354133606,0.22057709097862244,0.29453614354133606,0.487293541431427,1,3,0.25,0.198584308847785,0.5623351446188083,0.16875769266311968,0.75,0.6666666666666666,0.75,0.0,0.0,0.75,0.25,2.7726341266023544,1.75,0.35775924214223925,1.0,1.0,0.0,0.0,0.002576272061560303,0.007848035544157028,0.005788025225047023,6.4051124297748174e-06,1.9253900973126292e-05,1.4445790156969455e-05,0.000649655743927724,0.0023930976167321205,0.0017180905124405403,6.75007554491458e-05,0.00017716392176225781,0.0001369233781588264,0.0002132961653842358,0.00043488413211889565,0.0003501060622511432,0.00013506013237929437,0.0002558122214395553,0.00021140633034519852,0.0006080316618550796,0.0018547078895304974,0.001369178586484547,neutral,Google Pixel Discount - US Store
google_pixel_9_128gb_unlocked_obsidian,1rntea9,1,0,0.28028568625450134,0.0,0.0,0.0,0.0,0.0,0.0,0.0,0.0,0.0,0.0,0.0,0.0,0.0,0,1,0.0,0.029859233647584915,-0.0,0.0,1.0,0.0,1.0,1.0,0.0,0.0,0.0,0.0,0.0,0.0,1.0,1.0,0.0,0.0,0.0018578023882582784,0.0018578023882582784,0.0018578023882582784,9.526184840069618e-06,9.526184840069618e-06,9.526184840069618e-06,0.0003001853183377534,0.0003001853183377534,0.0003001853183377534,5.35747421963606e-05,5.35747421963606e-05,5.35747421963606e-05,0.00013239966938272119,0.00013239966938272119,0.00013239966938272119,0.00019206517026759684,0.00019206517026759684,0.00019206517026759684,0.0004242589122137967,0.0004242589122137967,0.0004242589122137967,neutral,[USA-MA] [H] New Condition Pixel 9 Pro & Pro XL [W] PayPal
google_pixel_9_128gb_unlocked_obsidian,1s9onpm,2,1,0.2027842029929161,0.0,0.007583595965541555,0.005643304262703888,0.004875771231664639,0.3619627356529236,0.6454527378082275,0.4638201892375946,0.4638201892375946,0.4638201892375946,0.16905394196510315,0.16905394196510315,0.16905394196510315,0.16905394196510315,0,2,0.0,0.12865841016173363,0.6931471805599453,0.20801459767650946,1.0,1.0,0.5,0.5,0.0,0.5,0.0,47.5,47.5,0.8878504672897196,1.0,1.0,0.0,0.0,0.0007023805228527635,0.0007977974019013345,0.0007787140260916203,2.0553466129058506e-06,2.564880333011388e-06,2.4629735889902805e-06,6.403898078133352e-05,8.142981823766604e-05,7.795165074639953e-05,2.681824662431609e-05,3.3722331863828003e-05,3.234151481592562e-05,0.00012426783359842375,0.0001353614206891507,0.0001331427032710053,7.780086889397353e-05,7.839683530619368e-05,7.827764202374964e-05,0.0001662269665606194,0.00018451425235828842,0.0001808567951987546,gratitude,"🔥 Best Amazon Deals Today - Handpicked – April 1, 2026 🔥"
lively_jitterbug_flip2_cell_phone_for_seniors_red,1i95299,4,6,0.24182153306901455,0.0,0.04436130593089318,0.04162193219774796,0.04069979694627673,0.45727621018886566,0.46545447905858356,0.45497043430805206,0.44870199263095856,0.5974791049957275,0.22354286909103394,0.15312495827674866,0.22354285418987274,0.5080957412719727,0,4,0.0,0.04983269050717354,1.0397207708399179,0.3120218965147642,0.5,0.6666666666666666,0.5,0.0,0.25,0.5,0.25,36.030369134939484,39.25,1.0675664928870958,3.0,1.75,1.0,1.3333333333333333,0.0007743878013570793,0.001566983642987907,0.001265267241979018,1.4002284842717927e-06,1.5183275081653846e-06,1.4968561458772454e-06,3.160777623634203e-05,3.66123640560545e-05,3.599095725803636e-05,2.452769922456355e-05,3.3387077564839274e-05,3.164979934808799e-05,0.000168009702974814,0.0003243220562580973,0.00026463848771527413,0.00013612522889161482,0.0003137638559564948,0.00024526869819965216,0.00018934307286144755,0.0003790740661884229,0.00030695045510356075,approval,[SELLING] Lively® - Jitterbug Flip2 Cell Phone for Seniors - Red
mint_mobile_5gb_mo_phone_plan_3_months_of_wireless_service,11rw5qv,177,15576,0.3176343957151192,0.16666666666666666,0.050321904544164166,0.039990657060055196,0.03645824977791885,0.4880504123015118,0.4940151124857806,0.48769063794909834,0.49222953617572784,0.8266089558601379,0.22959914803504944,0.2123095691204071,0.8219024538993835,0.46492403745651245,21,156,0.11864406779661017,0.15302787404402166,1.7502986782679621,0.525267483710336,0.8418079096045198,0.6590909090909091,0.5536723163841808,0.14689265536723164,0.06779661016949153,0.1977401129943503,0.5875706214689266,27.271961846653124,23.0,0.9224416676586285,7.0,2.3220338983050848,1.967741935483871,2.8491704374057316,0.042331750182392824,0.9752810597419739,0.030540328845381742,7.257649143748546e-05,0.004768150392919779,8.137562690535561e-06,0.02429678388742587,0.8635231256484985,0.001210777205415073,0.00012421786188990494,0.00851177703589201,0.0001670842611929402,0.01615464084725472,0.7557104229927063,0.006181644927710299,0.00029341213860270164,0.011593163944780827,0.0004332838812842969,0.013878896901500579,0.433994195535585,0.007207550890658852,neutral,T-Mobile reaches agreement to acquire Mint Mobile
mint_mobile_5gb_mo_phone_plan_3_months_of_wireless_service,17nlrxo,123,7503,0.3118913305987572,0.15517241379310345,0.04609071626426297,0.032303790663972674,0.027471196313475384,0.5026364157505867,0.4987417970413242,0.49509486499252786,0.4954339861869812,0.9779026508331299,0.2804853916168213,0.2509600520133972,0.8693447113037109,0.5579109787940979,45,78,0.36585365853658536,0.3995079650748067,2.1918448139516364,0.6577761980870711,0.7967479674796748,0.7868852459016393,0.42276422764227645,0.2764227642276423,0.07317073170731707,0.07317073170731707,0.5772357723577236,59.671695273959365,54.0,1.1063639612145013,5.0,1.7235772357723578,1.375,2.2048192771084336,0.06685220098408787,0.9605482220649719,0.11335580199956892,0.00010574430430873379,0.0064887674525380135,9.501405475020873e-06,0.04024337966008561,0.8684303164482117,0.0015216570347547525,0.0005002153010706926,0.05214855819940567,9.503503533778707e-05,0.028148144605956174,0.6899363398551941,0.0232792558148503,0.0003366564220724707,0.010887815617024899,0.000571213662624359,0.022697723546263596,0.4227690586121753,0.03306231284483749,neutral,What has changed with Mint? Lot more negative posts.
mint_mobile_5gb_mo_phone_plan_3_months_of_wireless_service,1dh1zmc,4,6,0.23387474194169044,0.0,0.025113278751814686,0.015227000278902768,0.012291845088004419,0.42628324031829834,0.4849093556404114,0.44696152706940967,0.45165710151195526,0.5048397183418274,0.21938633918762207,0.1489613801240921,0.21938633918762207,0.4043293297290802,0,4,0.0,0.043880960904061794,0.5623351446188083,0.16875769266311968,1.0,0.3333333333333333,0.75,0.25,0.25,0.5,0.0,69.93210993527937,121.5,0.75195817134709,2.0,1.25,1.0,1.0,0.0019021850894205272,0.006388653069734573,0.004603136843070389,1.6039581112181622e-06,2.1872367597097764e-06,1.996158221118094e-06,7.171180823206669e-05,0.000195419997908175,0.00014680742824566554,2.0368425339256646e-05,2.5099127014982514e-05,2.3823854826332538e-05,0.0010197146111750044,0.003763784421607852,0.002670785321970471,7.447294410667382e-05,9.620886703487486e-05,8.877532382030041e-05,0.0005150094727307912,0.0017445169687941113,0.0012547024610607123,neutral,Can I still use the 3 month unlimited data for $45 if I have a $45 dollar sim kit that is only 5GB a month?
mint_mobile_5gb_mo_phone_plan_3_months_of_wireless_service,1egqmo3,180,16110,0.2970368911019143,0.041176470588235294,0.04758657010205198,0.034357409779892184,0.029719120624856897,0.5043823019863285,0.49697932910837794,0.4961115995820896,0.5026195347309113,0.9881277680397034,0.3295626938343048,0.3223663568496704,0.9042831659317017,0.5652266144752502,56,124,0.3111111111111111,0.3253511063547598,2.337005995281747,0.701339304999281,0.7444444444444445,0.8379888268156425,0.3388888888888889,0.3388888888888889,0.06666666666666667,0.17222222222222222,0.4222222222222222,68.77383223290673,40.0,1.4821946601919553,6.0,1.6055555555555556,1.3111111111111111,2.8582375478927204,0.05864476376235769,0.975310206413269,0.09145463630557021,4.049156734077365e-05,0.0018495164113119245,8.184245780284977e-06,0.01993345965351586,0.8229343295097351,0.0010684305452741659,5.704874556613504e-05,0.001238505239598453,0.00012129310853197236,0.03170279495304082,0.96013343334198,0.0371874749660492,0.0003161557825781832,0.011080569587647915,0.0005468089075293389,0.018449119077399902,0.3231748672036095,0.029175866234565157,neutral,What is everyone's thoughts on Mint Mobile?
mint_mobile_5gb_mo_phone_plan_3_months_of_wireless_service,1eymeqo,62,1891,0.3065293526341175,0.10344827586206896,0.04374556012905138,0.035140864323631615,0.032537404944661265,0.4701182456053734,0.4740752190083565,0.46646605334321006,0.47294503450393677,0.6677902936935425,0.19541917741298676,0.16169559955596924,0.714438796043396,0.46458113193511963,17,45,0.27419354838709675,0.308345184391064,1.7593708043963583,0.5279900435354289,0.8387096774193549,0.5901639344262295,0.5645161290322581,0.1935483870967742,0.08064516129032258,0.20967741935483872,0.5161290322580645,40.66100881529148,37.5,1.0741297599267456,4.0,1.8387096774193548,1.736842105263158,2.4461538461538463,0.02486598229921994,0.6288043260574341,0.005576579971238969,1.7384037503674216e-05,0.0005042030243203044,7.1665246650809415e-06,0.01756608554299624,0.5704317688941956,0.0002558153617428615,0.00011525573612039631,0.0035805150400847197,0.00012358501771814187,0.007333936579426893,0.3328145742416382,0.00048410787130705993,0.00014770815487868423,0.001150857307948172,0.0002603196960990317,0.008341058725024306,0.21274357269430766,0.0012920504844108407,neutral,"After T-Mobile buyout, mint mobile cuts off ALL internet after gigs run out instead of throttling speeds. "
mint_mobile_5gb_mo_phone_plan_3_months_of_wireless_service,1km3ldg,48,1128,0.3011202484052232,0.10638297872340426,0.04594299620199411,0.033798114672766076,0.029628409457380364,0.489501722289104,0.49775633982098694,0.49055058337378166,0.4975088983774185,0.6419497132301331,0.2832928001880646,0.26239290833473206,0.7656540870666504,0.5209679007530212,15,33,0.3125,0.3494373724097386,2.026712038462585,0.6082195832440136,0.8333333333333334,0.7872340425531915,0.375,0.375,0.0625,0.20833333333333334,0.3541666666666667,38.188471755230005,28.25,0.9342745383542509,5.0,1.625,1.1428571428571428,1.8285714285714285,0.03470179058604117,0.8613719940185547,0.03509610928595044,5.501821149778152e-06,0.0001469860872020945,4.669304507842748e-06,0.0027893205350816666,0.12725678086280823,0.00047311384987551685,3.625237915609129e-05,0.0003003696911036968,6.007214687997474e-05,0.027686745216669806,0.812116801738739,0.018065109616145367,0.00016180288268211976,0.0011027760338038206,0.00043673109030351,0.010896902236796771,0.279102304476055,0.009583067663030846,neutral,Extremely disappointing
mint_mobile_5gb_mo_phone_plan_3_months_of_wireless_service,1lqcesu,39,741,0.3148415468230441,0.21621621621621623,0.047229306790713604,0.031216378933485677,0.025476582762321547,0.5030175914407259,0.5364939132039203,0.513903426375949,0.5119326710700989,0.8511511087417603,0.3968510329723358,0.4020690321922302,0.8421807289123535,0.7120081782341003,21,18,0.5384615384615384,0.5171672073789896,2.3038647026022043,0.6913935490955414,0.8717948717948718,0.8947368421052632,0.15384615384615385,0.5641025641025641,0.0,0.02564102564102564,0.41025641025641024,48.6778782578871,39.0,0.8842278770645537,4.0,1.564102564102564,1.4545454545454546,1.95,0.01613566526495374,0.23478390276432037,0.009824857674539096,5.0064945374591234e-06,0.00010860695329029113,3.6471475141297586e-06,0.004071556290606774,0.1481018364429474,0.00021475509856827592,4.397070733830333e-05,0.00031004127231426537,7.304007012862721e-05,0.009295264239018509,0.1948229819536209,0.0031763915903866326,0.0001577848461471522,0.0009319214150309563,0.0003520939149893821,0.004951541307100323,0.07192704202217708,0.0023706113108801228,approval,I see a lot of negative posts on here...
mint_mobile_5gb_mo_phone_plan_3_months_of_wireless_service,1n2bgzw,36,630,0.30190266183379927,0.09090909090909091,0.059452495163856124,0.04669297144983954,0.04221932726430392,0.4751033507169239,0.5024429616000917,0.4842497693877372,0.4908750653266907,0.8078784942626953,0.3112599551677704,0.29923945665359497,0.7243527770042419,0.5208074450492859,8,28,0.2222222222222222,0.22310002194717526,1.6150066329619055,0.48466612059083675,0.7777777777777778,0.6857142857142857,0.5833333333333334,0.19444444444444445,0.05555555555555555,0.1111111111111111,0.6388888888888888,30.334388972270194,23.25,1.1086680233520072,3.0,1.6944444444444444,1.3846153846153846,1.5454545454545454,0.046233937062627066,0.9379006624221802,0.010827262129168957,0.00031025807274431827,0.010459832847118378,3.682771307467192e-06,0.03992724107496946,0.9473701119422913,0.00022312258806778118,7.252568346100613e-05,0.0007703761220909655,0.00016260765551123768,0.0069119920618605744,0.12107820808887482,0.0010406075743958354,0.00021190207058276024,0.002855469472706318,0.00024799280072329566,0.01561130933770753,0.3367391101492103,0.0023878262900230616,neutral,Unlimited plan for 24 months
mint_mobile_5gb_mo_phone_plan_3_months_of_wireless_service,1n9jlta,34,561,0.29913688922191367,0.17647058823529413,0.04841130278754831,0.03230190833493838,0.026252149066592644,0.4981537737523383,0.49988946621430747,0.4954748899541437,0.4967660903930664,0.6571046113967896,0.3483116328716278,0.33609557151794434,0.7103666067123413,0.5621101260185242,11,23,0.3235294117647059,0.29250809533850236,1.6799708641014761,0.5041619921500992,0.7941176470588235,0.7878787878787878,0.5294117647058824,0.20588235294117646,0.058823529411764705,0.23529411764705882,0.5,40.51357156520341,40.5,0.7953010584393279,5.0,1.7352941176470589,1.1818181818181819,2.1176470588235294,0.021911447103347574,0.5039545297622681,0.008643906936049455,4.023089693017776e-06,4.518338027992286e-05,3.2400912914454233e-06,0.0017169899892370962,0.05548044666647911,0.00024607252344139836,0.0014581179125076125,0.048486970365047455,8.958750731835602e-05,0.013253757346854614,0.43474680185317993,0.0014638196909800164,0.0001953543956273386,0.003164716763421893,0.00024022431898629287,0.006423281639544542,0.1565653026274655,0.0018128111834206102,neutral,New customer with Mint
mint_mobile_5gb_mo_phone_plan_3_months_of_wireless_service,1nsfuba,44,946,0.29529300264336844,0.045454545454545456,0.054497574906877906,0.04045426763905071,0.03518000529720755,0.4875347624369454,0.5059835557957785,0.49404100875269785,0.49814970791339874,0.9999999403953552,0.24157749116420746,0.2128174751996994,0.7534424066543579,0.4869331121444702,12,32,0.2727272727272727,0.28214361501688306,1.6369049335895691,0.49123783627059026,0.9545454545454546,0.6976744186046512,0.5227272727272727,0.18181818181818182,0.20454545454545456,0.20454545454545456,0.4090909090909091,33.39826664478313,24.5,0.8949596421257354,7.0,2.590909090909091,1.1071428571428572,2.1625,0.018017623107880354,0.5848457217216492,0.003623278182931249,9.649725386266669e-06,0.0001759016449796036,5.192288881517022e-06,0.006363937576845108,0.19209592044353485,0.00015834136866033088,0.0010510952970435028,0.044553425163030624,5.171802513359581e-05,0.0063785976857285605,0.25575166940689087,0.0006527169665787373,0.00018953718898212009,0.0015549592208117247,0.0005499031016370293,0.005335073430310985,0.17228698795224773,0.0009188005738754644,neutral,Is the 50% off unlimited 12-month deal really ending in 2 days or is that just a high-pressure sales trick?
mint_mobile_5gb_mo_phone_plan_3_months_of_wireless_service,1nt3jch,32,496,0.288722105200092,0.06666666666666667,0.04959432504593368,0.033499718257513175,0.02791499011234785,0.5078783756903102,0.5063912562064586,0.5037524670122131,0.5037660598754883,0.6508035659790039,0.3389294445514679,0.3214043378829956,0.7446302175521851,0.5882984399795532,16,16,0.5,0.5261514007579535,1.8796173508178855,0.5640762279380797,0.8125,0.7096774193548387,0.40625,0.1875,0.09375,0.21875,0.5,35.713213153537446,37.25,0.7774304904171416,3.0,1.25,1.0,1.25,0.0763838778138961,0.9366574883460999,0.002529683406464754,0.00031459759611252025,0.006153236608952284,2.4800781147860104e-06,0.06443448073281388,0.9110177755355835,0.00010635240905685348,0.00010980966601437103,0.0014532626373693347,7.301266377908172e-05,0.011206694528937078,0.1493949145078659,0.0006230903003597629,0.0003056502944218664,0.0031317034736275673,0.00015239787608152248,0.02545918510536597,0.3345652835560031,0.0005469622154710879,neutral,Warning - Don't buy a new phone from Mint unless you like having no cell service for days...
mint_mobile_5gb_mo_phone_plan_3_months_of_wireless_service,1o8wnq6,37,666,0.2919929246267965,0.12903225806451613,0.05222462171986088,0.04119188612518313,0.03717538148102458,0.4734861269458994,0.494014675642277,0.47964235298984403,0.4819888025522232,0.6717824935913086,0.22406427562236786,0.1988142430782318,0.6783850789070129,0.47310513257980347,8,29,0.21621621621621623,0.24096524790936225,1.4978154111681556,0.44949684408457935,0.8918918918918919,0.6388888888888888,0.6216216216216216,0.10810810810810811,0.13513513513513514,0.1891891891891892,0.5675675675675675,30.55801939435969,13.0,1.0488374003629948,5.0,2.0,1.4,1.8235294117647058,0.0008029895472793362,0.008988584391772747,0.0009213534067384899,1.691746691707325e-06,6.071122243156424e-06,2.1984983504808042e-06,6.0773832907167115e-05,0.0009068274521268904,5.715204533771609e-05,2.519618494654817e-05,8.454480848740786e-05,3.922009927919135e-05,0.0002046079743367217,0.0029653452802449465,0.000168538570869714,0.00010047808511346277,0.0006131614791229367,0.00013082845835015177,0.00019928956187915722,0.0022607557556663473,0.00021509229677576513,neutral,Minternet so far
mint_mobile_5gb_mo_phone_plan_3_months_of_wireless_service,1oa4jld,33,528,0.30761296972632407,0.1,0.054270605630822935,0.04700402620704247,0.04461047347516915,0.47761221938399656,0.5008268358580994,0.48223771657230274,0.4849220961332321,0.6601874828338623,0.23415541648864746,0.1952914595603943,0.6954867243766785,0.4793987274169922,5,28,0.15151515151515152,0.1769621458017465,1.8137744428222033,0.5443166640233726,0.8484848484848485,0.71875,0.45454545454545453,0.24242424242424243,0.12121212121212122,0.21212121212121213,0.42424242424242425,38.07722567078917,22.0,1.3102694964922237,5.0,1.7878787878787878,1.0714285714285714,1.5925925925925926,0.02819499598064629,0.8968210816383362,0.003807110479101541,0.00010027915397076316,0.003257042495533824,2.5216338144673498e-06,0.026718305134526225,0.8802116513252258,9.985340293496848e-05,4.331580533868294e-05,0.0004826396470889449,5.8955045824404825e-05,0.004084617784731866,0.12746991217136383,0.0006988611479755494,0.0001597258403004768,0.0019019906176254153,0.0002445831487420947,0.009883539949919053,0.31835738631586236,0.0008202685240727689,neutral,Mint Mobile is the lowest cost cell service.
mint_mobile_5gb_mo_phone_plan_3_months_of_wireless_service,1oubdf7,15,105,0.29393159672617913,0.06666666666666667,0.04627648389802584,0.02516534711994058,0.018330323705139123,0.4998293658097585,0.5110990038939884,0.5026158619494665,0.5099621415138245,0.5692759156227112,0.49905627965927124,0.48464497923851013,0.7697359919548035,0.706363320350647,10,5,0.6666666666666666,0.59819355905056,1.9867316488081912,0.596221403200649,0.6666666666666666,0.8571428571428571,0.3333333333333333,0.4666666666666667,0.0,0.0,0.5333333333333333,55.14328809766627,98.0,0.6050836294550066,4.0,1.4,1.0,1.6666666666666667,0.025551856245147064,0.36796414852142334,0.00288189030252397,1.6983463774522532e-05,0.00022485436056740582,5.91179223192739e-06,0.01729177889501443,0.25832492113113403,0.00020273157861083743,4.290094839234371e-05,0.00025208626175299287,6.649623828707262e-05,0.00357770030144214,0.04955168440937996,0.0009279976831749079,0.00018149253737647085,0.0008510184125043452,0.0005366477882489559,0.007777118731857828,0.11285694667700834,0.0007303070277809335,neutral,One Full Year on Mint Review
mint_mobile_5gb_mo_phone_plan_3_months_of_wireless_service,1oxudf3,27,351,0.28455192071420177,0.0,0.04214755861014256,0.030309773190705654,0.026253572326319162,0.5087734659512838,0.4969163249191056,0.49791905640536904,0.5036396384239197,0.6223979592323303,0.3538050055503845,0.35838329792022705,0.7476719617843628,0.6013281345367432,7,20,0.25925925925925924,0.3146976372572007,1.4086852627508049,0.42274874139604884,0.8888888888888888,0.6153846153846154,0.5925925925925926,0.4074074074074074,0.037037037037037035,0.18518518518518517,0.37037037037037035,43.73686751754077,49.5,0.9218543504868079,4.0,1.5185185185185186,1.4285714285714286,1.75,0.022520915560933105,0.5709980726242065,0.004557028226554391,3.533190553955339e-06,2.772300285869278e-05,6.9354634433693694e-06,0.0006958131297896789,0.017187675461173058,0.00013337651616893704,3.612844476366364e-05,0.00013084949750918895,6.313573103398085e-05,0.01609477489223031,0.4269857406616211,0.000797810172662139,0.0002884646036599642,0.002409071195870638,0.0007643284625373777,0.006606604970321779,0.16927207173345474,0.0011840826805988997,neutral,Should we switch to Mint Mobile from Xfinity Mobile?
mint_mobile_5gb_mo_phone_plan_3_months_of_wireless_service,1p5vt4s,26,325,0.3074923364015726,0.15384615384615385,0.057787812310814105,0.04600494785589637,0.04179991716162849,0.4812561290997725,0.4998207536110511,0.4868319843365596,0.49353310465812683,0.6952478885650635,0.21874774992465973,0.17921854555606842,0.685945451259613,0.46606916189193726,6,20,0.23076923076923078,0.2605461712496785,1.8502443583143333,0.5552613450538333,0.8461538461538461,0.84,0.4230769230769231,0.19230769230769232,0.07692307692307693,0.11538461538461539,0.6153846153846154,33.65112076876612,21.75,1.1839365899701206,4.0,1.8846153846153846,1.25,2.3777777777777778,0.04381977213891402,0.9149636030197144,0.021162279415875673,0.00011794701122460957,0.002979547716677189,4.6984646360215265e-06,0.03284461456839311,0.8503897786140442,0.00044142947444925085,0.0027188296583587476,0.06933005899190903,0.00013597823635791428,0.011330903387995651,0.26415345072746277,0.0027923925372306257,0.00022710069270732885,0.002227563876658678,0.000323582389682997,0.015176527909598912,0.3391993447682277,0.005533306691859252,neutral,Paid for mint mobile upfront for 12 months and package got suspended
mint_mobile_5gb_mo_phone_plan_3_months_of_wireless_service,1pjx3pj,30,435,0.29518186723192535,0.0,0.04240136647553953,0.029251752947729418,0.024888170397706747,0.503273461262385,0.49058190111456246,0.4927551205130829,0.4980778098106384,0.6394233703613281,0.24378105998039246,0.22765156626701355,0.6526540517807007,0.42628175020217896,8,22,0.26666666666666666,0.3034945534542203,1.4265247993232653,0.42810241537313687,0.9666666666666667,0.6206896551724138,0.6333333333333333,0.2,0.03333333333333333,0.2,0.5666666666666667,47.00874623112408,53.5,0.8814139918335764,8.0,3.2666666666666666,1.2941176470588236,4.092436974789916,0.029066474653275994,0.7181602120399475,0.0029409212525934036,1.5844430064741268e-05,0.00034949087421409786,8.004934989003233e-06,0.015840153331919283,0.4474242925643921,0.0002680833247723072,5.3329208943371974e-05,0.00034291972406208515,0.00011915558061446075,0.010490731608782274,0.27326318621635437,0.0003715759696206087,0.00019980432104299933,0.001726658665575087,0.0002744040597463031,0.009277722925671443,0.24009345935337478,0.0006905067366309002,neutral,No usable data on unlimited plan
mint_mobile_5gb_mo_phone_plan_3_months_of_wireless_service,1prxg85,29,406,0.2947299696248153,0.0,0.05190284849652029,0.03921457501107637,0.034625726047676546,0.5075962955655136,0.5044330454665452,0.4981219772194407,0.501419186592102,0.8306995630264282,0.24309930205345154,0.1815970242023468,0.7176015973091125,0.5605957508087158,6,23,0.20689655172413793,0.22845852805365777,0.9899199833822503,0.2970765990981152,0.896551724137931,0.7142857142857143,0.6206896551724138,0.41379310344827586,0.0,0.20689655172413793,0.3793103448275862,44.15694633499232,39.0,1.118385540362251,4.0,1.793103448275862,1.0666666666666667,1.375,0.007421175614079653,0.19281351566314697,0.0015771245816722512,6.411995647387561e-06,0.0001410999393556267,2.2123002054286188e-06,0.004664971487288532,0.13403567671775818,8.356084872502829e-05,3.652186349991725e-05,0.0003115393628831953,4.384979183669202e-05,0.0007865346169324014,0.01745530217885971,0.0002689483109861612,0.00010437398530735538,0.000632649171166122,0.00012256598274689167,0.0021699982604592074,0.05756496383886164,0.0003406994822550283,neutral,Changing to Mint T-Mobile
mint_mobile_5gb_mo_phone_plan_3_months_of_wireless_service,1q40e10,60,1770,0.31515411225457984,0.2,0.04850364527199128,0.03568745711861613,0.031234679168949245,0.4889726024142093,0.5148482729149404,0.49651024984774617,0.49878455698490143,0.8770366311073303,0.2628404200077057,0.24436992406845093,0.7992275953292847,0.5055831670761108,13,47,0.21666666666666667,0.226662501723816,1.657378801673863,0.4973820774243895,0.8666666666666667,0.6779661016949152,0.5666666666666667,0.18333333333333332,0.03333333333333333,0.08333333333333333,0.7,53.98274158366625,37.5,1.1157301050706079,7.0,2.25,1.1428571428571428,2.244186046511628,0.05887131674147288,0.9844610095024109,0.039537008851766635,6.771507262518147e-05,0.002563465153798461,4.6621725687146015e-06,0.023913339999641417,0.8084789514541626,0.0005948871083091953,0.00010414066767528614,0.0015879824059084058,0.00011506415030453365,0.029868851646218293,0.9778220057487488,0.018616797029972106,0.00027225109151913786,0.003946049604564905,0.0004788286605617032,0.018849602536525366,0.33046126104697277,0.008986727590043622,neutral,Horrible experience with Mint.
mint_mobile_5gb_mo_phone_plan_3_months_of_wireless_service,1qqml88,19,171,0.2989274726102227,0.10526315789473684,0.04208552096436032,0.028986629467656518,0.024396401003860993,0.4934398305346394,0.47763925930212814,0.4817550152714489,0.48488110303878784,0.615016758441925,0.3154572546482086,0.28795117139816284,0.6649143695831299,0.567980170249939,0,19,0.0,0.10403258392685338,1.7494938253936618,0.5250259460520553,0.7894736842105263,0.8888888888888888,0.42105263157894735,0.2631578947368421,0.05263157894736842,0.3157894736842105,0.3684210526315789,48.75741296007774,32.5,0.9491709490179067,8.0,3.0526315789473686,1.0833333333333333,3.156862745098039,0.052317006861190556,0.9319181442260742,0.011272985022515022,0.00014634943568724243,0.0027309355791658163,6.270927951845791e-06,0.043407776725105485,0.8234617114067078,0.0001770419185049828,0.0014010509504786522,0.02574247121810913,0.00012917623971588877,0.01636041390884202,0.30761078000068665,0.0004380088066682214,0.00024060984364232833,0.0020958518143743277,0.00033472211798652937,0.018978867954157715,0.34472174537950195,0.0028894113075996963,neutral,Consistently Bad Call Quality/Data Speed & Terrible Customer Support - Resolutions?
mint_mobile_5gb_mo_phone_plan_3_months_of_wireless_service,1qy3m5i,19,171,0.29530315865811546,0.10526315789473684,0.06892849966286206,0.048347475340003145,0.040026202924491064,0.48630946979188083,0.5010495436818976,0.49133039357369407,0.4908919036388397,0.6377384066581726,0.2989772856235504,0.2793884575366974,0.6848574876785278,0.581462025642395,5,14,0.2631578947368421,0.2899335296334405,1.7040703402696966,0.511394284194189,0.7368421052631579,0.8888888888888888,0.42105263157894735,0.10526315789473684,0.05263157894736842,0.2631578947368421,0.5789473684210527,35.67613633230353,15.5,0.9375471511946984,6.0,2.473684210526316,1.2222222222222223,2.212121212121212,0.06770925328141618,0.9815801978111267,0.061017253994941505,7.708666304863168e-06,8.679569873493165e-05,8.484278441756011e-06,0.0011801050586655037,0.013637708500027657,0.0017262092209421043,3.416858912954156e-05,0.0001340406306553632,7.9686647222843e-05,0.06433078459629446,0.9638371467590332,0.051885109208524044,0.00015917891945910494,0.001175207202322781,0.00023091620532795758,0.02223686651854494,0.32569726840423147,0.019354233794001564,neutral,"Picked the wrong plan, what can I do now"
mint_mobile_5gb_mo_phone_plan_3_months_of_wireless_service,1qyitxw,35,595,0.3051887469426278,0.12903225806451613,0.04799517779892728,0.03834637471078055,0.035206740843591475,0.484162226369401,0.49871570595673154,0.4843773449168486,0.48612692952156067,1.0,0.32829606533050537,0.30977863073349,0.8110969662666321,0.5915425419807434,13,22,0.37142857142857144,0.4087682416928666,1.3856394007357318,0.4158326406751296,0.8285714285714286,0.5882352941176471,0.5714285714285714,0.14285714285714285,0.17142857142857143,0.22857142857142856,0.45714285714285713,46.552195853423605,35.0,1.1490316324892993,7.0,2.5142857142857142,1.1176470588235294,2.915492957746479,0.004793713352410123,0.11426635831594467,0.001578230294398965,2.4655843390064546e-06,1.930348480527755e-05,2.5194679437845482e-06,7.586661631648894e-05,0.000766886689234525,0.00011388932471163575,0.0005478393915317221,0.010621207766234875,3.945325370295906e-05,0.0006785315503033677,0.015762921422719955,0.0004519235109910375,0.00019084877692096468,0.0032490703742951155,0.00010841870534932242,0.0010482108786369453,0.023631114360796346,0.00037397277817490286,neutral,Device Never Unlocked - support not helpful
mint_mobile_5gb_mo_phone_plan_3_months_of_wireless_service,1r0olvd,38,703,0.30020952607328827,0.08108108108108109,0.05174137508269582,0.04514354977953151,0.04346277289173856,0.4829448390100284,0.5000092126906003,0.4872611405415352,0.48561546206474304,0.7596797347068787,0.2716885209083557,0.26029539108276367,0.7262983322143555,0.5078089237213135,8,30,0.21052631578947367,0.21237355588298096,1.2716551190686118,0.3816257721233771,0.9210526315789473,0.5675675675675675,0.6578947368421053,0.13157894736842105,0.02631578947368421,0.34210526315789475,0.5,31.64615654983605,27.0,1.1859506399346842,7.0,2.5,1.15,2.359375,0.006379687346021743,0.15486401319503784,0.00293439386878162,2.5505248297457385e-06,1.6758842320996337e-05,3.7350793718360366e-06,0.0001807871313806237,0.002719047712162137,0.00017325541557511288,5.1961728930013795e-05,0.0005360096110962331,8.9983311772812e-05,0.0026759344823643148,0.08468600362539291,0.0005906937818508593,0.00014743371636876347,0.0008924254798330367,0.0002081448066746816,0.0015730591549825337,0.0404034330823985,0.0006415483576157979,neutral,Mint Unlimited Plan
mint_mobile_5gb_mo_phone_plan_3_months_of_wireless_service,1remiou,35,595,0.27879268070682883,0.03125,0.05408923747201707,0.04344572868440008,0.04009374615047179,0.4717048183208754,0.5078568313802991,0.48365381154693476,0.494017094373703,0.9999999403953552,0.27495425939559937,0.2508494555950165,0.8340457677841187,0.5111342668533325,17,18,0.4857142857142857,0.45373816122966154,1.8917948281455448,0.5677307087151371,0.8571428571428571,0.8529411764705882,0.45714285714285713,0.17142857142857143,0.11428571428571428,0.17142857142857143,0.5428571428571428,45.44810002539565,32.0,1.2245446504148172,10.0,3.342857142857143,1.2105263157894737,4.432835820895522,0.0007081845093385449,0.0019989260472357273,0.0017473956104367974,1.627752492692837e-06,2.9643028938153293e-06,2.3849299850553515e-06,4.2582599884813786e-05,0.0001200381011585705,8.365999819943688e-05,2.8663441168776315e-05,9.50998073676601e-05,5.413818726083267e-05,0.00016485751319643375,0.0006627103430218995,0.00029589539626613277,8.145915365145942e-05,0.00012368861644063145,0.00010872320999624207,0.00017122916162212018,0.00045254176067525503,0.0004032317954852261,neutral,Mint plan cancelled automatically
mint_mobile_5gb_mo_phone_plan_3_months_of_wireless_service,1roaixh,17,136,0.27922183976453896,0.0,0.05749176102982479,0.036903090786738486,0.029374271326242523,0.5037846552098498,0.5087773100856472,0.5032979206127279,0.5139627158641815,0.6477164030075073,0.42342495918273926,0.45994746685028076,0.7597063779830933,0.6922069787979126,9,8,0.5294117647058824,0.5052328779197791,1.6442107102094015,0.4934303117316622,0.8823529411764706,0.75,0.4117647058823529,0.47058823529411764,0.0,0.058823529411764705,0.47058823529411764,38.12790348578654,26.0,0.7992285564221593,2.0,1.0588235294117647,1.0,1.0,0.05452351908281665,0.9103654623031616,0.0045360850170254735,5.453875273280359e-06,6.603551446460187e-05,2.788909932860407e-06,0.0015536062140146148,0.025379939004778862,0.00023133673530537646,2.8595961767303595e-05,0.00010010580444941297,5.084826516394971e-05,0.0515528006495408,0.8726853728294373,0.0010224123136140409,0.00011576821313664208,0.000635201227851212,0.00014971191121730958,0.017963290666091546,0.3015363248972183,0.0009963869777038785,neutral,Opinions?
mint_mobile_5gb_mo_phone_plan_3_months_of_wireless_service,1rwmbbm,12,66,0.28729653275675243,0.3333333333333333,0.04443771972403857,0.02923333396471318,0.023626723311721148,0.48011181074561493,0.5198831923983314,0.4966787664276181,0.49811510741710663,0.6427335739135742,0.31128594279289246,0.2910717725753784,0.6066644191741943,0.5606708526611328,1,11,0.08333333333333333,0.10230569712196787,1.234267866079077,0.37040579661606077,0.8333333333333334,0.7272727272727273,0.5833333333333334,0.08333333333333333,0.08333333333333333,0.16666666666666666,0.6666666666666666,44.524025973499846,36.0,0.8144638897591435,3.0,1.5,1.0,1.3333333333333333,0.10166137406001023,0.5670766830444336,0.3593471258878708,3.9762511979309544e-05,0.00028715506778098643,0.00015567320917853075,0.04139016728383164,0.3681630492210388,0.11494414703338411,6.240227336699415e-05,0.0003248001157771796,0.00017403626807208645,0.04118179044113882,0.311231791973114,0.12525677606463434,0.0003182269198684177,0.001707011484540999,0.0010142068815184762,0.03077562058169923,0.1784509562300324,0.10965555603971024,neutral,Done with Minternet. Went back to Spectrum.
mint_mobile_5gb_mo_phone_plan_3_months_of_wireless_service,1rzrcyl,40,780,0.31207322587983477,0.16666666666666666,0.044672181397388044,0.036380157279023766,0.033590521710457046,0.4798756666481495,0.4647630014671729,0.46727924813062716,0.47719402611255646,1.0,0.30103355646133423,0.27167433500289917,0.8092588186264038,0.5954670310020447,11,29,0.275,0.29581648972816765,2.043211377716264,0.6131710618232235,0.875,0.8205128205128205,0.375,0.35,0.075,0.15,0.425,53.12997623752528,47.75,1.165770186232041,4.0,1.575,1.1666666666666667,1.8333333333333333,0.000714437704300508,0.002817317843437195,0.001382061082404107,1.700497304568671e-06,4.300777618482243e-06,2.3879754280642378e-06,5.172308856344898e-05,0.00016856705769896507,0.00011403081880416721,2.7298703980704885e-05,0.00016123587556649,3.836405485344585e-05,0.00016289691757265246,0.0005431058816611767,0.00023793295258656147,9.11837222702161e-05,0.0003141841443721205,0.00011338641415932215,0.0001748734389986832,0.0006097899487637429,0.00032028933061951654,neutral,Switched from Tmobile to Mint after 26 years and never been happier.
mint_mobile_5gb_mo_phone_plan_3_months_of_wireless_service,1s281sn,30,435,0.2877372711896896,0.0,0.04790589918346444,0.030498908660582812,0.024179864216613254,0.4785713812400555,0.498350728380269,0.4843312371736285,0.4868354797363281,0.6666386723518372,0.3242858648300171,0.31056082248687744,0.7244145274162292,0.5624337792396545,5,25,0.16666666666666666,0.18181132028500238,1.3515467800407577,0.405601389684721,0.9666666666666667,0.5517241379310345,0.6333333333333333,0.36666666666666664,0.0,0.2,0.43333333333333335,65.67774018307539,64.0,0.9513916974853992,5.0,1.9,1.0714285714285714,2.1714285714285713,0.015239176747854799,0.4203280210494995,0.0012384987319819637,1.2676644280418259e-05,0.0003309585154056549,2.104617465192862e-06,0.008221576673834836,0.24490559101104736,0.00010203404090134429,5.568642081925646e-05,0.0006814006483182311,3.236177162762037e-05,0.001606236218988973,0.040171828120946884,0.00036092205264139966,0.00010975115789430371,0.0008415830670855939,0.00011895664283656517,0.004207517310612098,0.11787656373538387,0.00029785794882855067,neutral,Question for the minty mobilers
mint_mobile_5gb_mo_phone_plan_3_months_of_wireless_service,1s3a8kp,12,66,0.2755161576593916,0.0,0.04358373312527215,0.03617977721079776,0.03400108478052503,0.483250486128258,0.4640524204481732,0.46434125078446936,0.4656532108783722,0.5966747999191284,0.24158036708831787,0.20283430814743042,0.5471859574317932,0.47288572788238525,3,9,0.25,0.29422936278084916,1.349792396172401,0.4050748962288123,0.6666666666666666,0.8181818181818182,0.5833333333333334,0.3333333333333333,0.16666666666666666,0.3333333333333333,0.16666666666666666,152.54423311143412,36.25,1.92080881147661,4.0,2.0,1.0,1.6666666666666667,0.0009362435400059136,0.0034935222938656807,0.00181996850296855,2.0083092048632048e-06,6.047360784577904e-06,3.0247759923440758e-06,5.456317906767557e-05,0.00016232710913755,0.00010715563403209674,5.722797027374327e-05,0.0004240631824359298,3.772735726670362e-05,0.00019272595212290375,0.0006996861193329096,0.0003352388521307149,9.35689355780293e-05,0.00022244414140004665,0.00014947238450986334,0.00022272298104218812,0.0007619765736990303,0.00044795758570520175,neutral,Trouble Receiving Texts
mint_mobile_5gb_mo_phone_plan_3_months_of_wireless_service,1s5ihsr,60,1770,0.29467754556487,0.05,0.05312273540803858,0.03767888056681116,0.03203196681268084,0.5176120048778206,0.5105287061235999,0.5087724030354602,0.5108436346054077,0.7126752734184265,0.3601923882961273,0.3762921690940857,0.8097135424613953,0.5882294774055481,10,50,0.16666666666666666,0.21206996782372395,1.5236502978799205,0.45724993565890365,0.9333333333333333,0.6949152542372882,0.6,0.26666666666666666,0.03333333333333333,0.2833333333333333,0.4166666666666667,52.80608919012613,35.5,1.2228349484398178,4.0,1.6166666666666667,1.3157894736842106,2.0327868852459017,0.026812271549230597,0.9158368110656738,0.0008356667822226884,0.00012615226426078153,0.006789362523704767,1.8305588810108021e-06,0.023202813593798055,0.7727095484733582,5.446172581287102e-05,4.118769834349223e-05,0.0008716483716852963,3.661087903310545e-05,0.002484337121010564,0.08190945535898209,0.00017030555754899982,0.00014790509261122982,0.0030758946668356657,0.00010252742140437478,0.008802444553209119,0.29686545341003995,0.00019924897163150492,neutral,Looking to switch from T-Mobile but I want to know the ACTUAL price
mint_mobile_5gb_mo_phone_plan_3_months_of_wireless_service,1s64ydb,11,55,0.23740857674015892,0.0,0.07297516404319272,0.05664216671592229,0.05004958539546985,0.5233723987232555,0.5416095343503085,0.521368638493798,0.5178908109664917,0.9999999403953552,0.47317373752593994,0.447540819644928,0.8218604922294617,0.7769158482551575,5,6,0.45454545454545453,0.45795653997497127,1.159588814308626,0.34799449156488177,0.8181818181818182,0.6,0.6363636363636364,0.2727272727272727,0.0,0.36363636363636365,0.36363636363636365,65.07490915593269,87.5,0.9072547537582503,2.0,1.2727272727272727,1.0,1.0,0.0891300122920339,0.9711403250694275,0.002046821406111121,0.001089373142277013,0.011962387710809708,3.3030376016540686e-06,0.08595408838267428,0.944847047328949,0.0001739186845952645,9.063429553696716e-05,0.0007025984232313931,7.50284525565803e-05,0.033453888458263296,0.36544981598854065,0.0007664537988603115,0.0005886334871651012,0.005601251032203436,0.00012124542990932241,0.03505110500965842,0.3832839042588603,0.0005121506544204143,neutral,I can't send out text
mint_mobile_5gb_mo_phone_plan_3_months_of_wireless_service,1s7dr0u,12,66,0.27440850267356093,0.0,0.049875181738036255,0.03608583544283038,0.03203278896575107,0.5177013266718749,0.4516546599792712,0.46847362409938464,0.46959245204925537,0.9123439788818359,0.3850509524345398,0.32609379291534424,0.6865467429161072,0.6428852081298828,6,6,0.5,0.48012338873619836,0.8369882167858358,0.2511815268930861,0.75,0.5454545454545454,0.75,0.5,0.08333333333333333,0.0,0.4166666666666667,177.20772101939826,110.5,1.469587181916226,4.0,1.8333333333333333,1.0,1.5,0.021406561315719348,0.22478188574314117,0.017279886594042188,2.226777401877674e-06,4.097722467122367e-06,3.86270673971012e-06,0.00011617952562422336,0.0005041157710365951,0.00031523461075266834,8.166190324724691e-05,0.0005842440878041089,0.0001062201787135564,0.016025672113149387,0.18106423318386078,0.00776598748052493,0.00016098886468777587,0.00046067984658293426,0.0004129088512854651,0.006298881749971643,0.06777473769955122,0.00431617559505071,neutral,Nightmare attempting to activate
mint_mobile_5gb_mo_phone_plan_3_months_of_wireless_service,1s7pltc,21,210,0.28392272209748626,0.0,0.04939920846788476,0.038736757746022435,0.035827674533455235,0.46137175347123827,0.5277856728860311,0.4864594876766205,0.4932774752378464,0.6879602670669556,0.19295883178710938,0.16194650530815125,0.6169288754463196,0.45218417048454285,4,17,0.19047619047619047,0.20422311313450336,1.2337380151460802,0.370246787488206,0.9047619047619048,0.7,0.6190476190476191,0.19047619047619047,0.09523809523809523,0.2857142857142857,0.42857142857142855,37.82151662984188,23.0,1.0880162318173692,4.0,1.7619047619047619,1.4285714285714286,1.9230769230769231,0.000890301443481197,0.007707607001066208,0.000979717937298119,1.7698781242697373e-06,6.671953542536357e-06,2.002382188948104e-06,4.506108849628141e-05,0.00020241178572177887,6.665546970907599e-05,0.00012051402587704139,0.002092692768201232,2.8896251023979858e-05,0.00015080460781020867,0.0005470776231959462,0.00021387367451097816,8.709893951336631e-05,0.00031220418168231845,9.042315650731325e-05,0.00021592499721706076,0.0017944541351274286,0.00022752456258482803,neutral,Ping sufficient for gaming?
mint_mobile_5gb_mo_phone_plan_3_months_of_wireless_service,1s9citc,14,91,0.2814838181560238,0.0,0.05317947020069193,0.03564882918041378,0.029006895634161606,0.4910117554795611,0.5164319322659419,0.4989257336972834,0.5098910927772522,0.5911589860916138,0.2187676876783371,0.15558619797229767,0.6028558015823364,0.5266073942184448,5,9,0.35714285714285715,0.3242018751001784,1.450805020083924,0.4353889491637601,0.7857142857142857,0.6923076923076923,0.5714285714285714,0.2857142857142857,0.21428571428571427,0.35714285714285715,0.14285714285714285,51.79177304458731,19.0,0.9693647361286394,3.0,1.7142857142857142,2.0,2.0,0.000651296934977706,0.0018163500353693962,0.001315618737135082,1.5579547363943545e-06,2.928153435277636e-06,1.7253116652682366e-06,4.025628978914548e-05,0.00010588083387119696,5.309819862304721e-05,2.2091186500412213e-05,3.3366199204465374e-05,3.217922494513914e-05,0.0001699503991403617,0.0006719498778693378,0.0002835375868016853,7.552984737100945e-05,0.00011049057502532378,9.387247555423527e-05,0.00016011376875250485,0.00045412073855762475,0.00029667149727667186,neutral,Trapped in Mint Family Plan with No Family
mint_mobile_5gb_mo_phone_plan_3_months_of_wireless_service,1sa03dc,8,28,0.25897598871961236,0.0,0.02605515631847829,0.019344626835560604,0.017206401907113342,0.451606455125979,0.47575579583644867,0.445478760770389,0.45009945333004,0.5430165529251099,0.35396096110343933,0.32444053888320923,0.5341382026672363,0.5751707553863525,3,5,0.375,0.4051370918750763,0.7356219397587946,0.22076134208224704,0.875,0.42857142857142855,0.75,0.5,0.0,0.125,0.375,175.84581314321932,127.75,1.4354760256589332,2.0,1.125,1.0,1.0,0.0010333427781006321,0.003314477624371648,0.002094034955371171,2.324067125414331e-06,6.047360784577904e-06,4.008569953839469e-06,7.522423902628361e-05,0.00016375580162275583,0.00016275571688311173,2.9827841444785008e-05,7.495829049730673e-05,4.935669821861665e-05,0.0002650244487085729,0.0012821980053558946,0.0005128763077664187,8.820135462883627e-05,0.00015522980538662523,0.00011296661687083541,0.0002489907881724207,0.000811990685785228,0.00048231247265372674,neutral,iPhone RCS/ Group Text Issues
mint_mobile_5gb_mo_phone_plan_3_months_of_wireless_service,1siv3en,13,78,0.27417318895459175,0.0,0.04188095541605266,0.03352175456759478,0.03060365110394044,0.4661112408607434,0.52897715033629,0.4909141984505531,0.4877418130636215,0.7048328518867493,0.23792289197444916,0.19709612429141998,0.5798373818397522,0.49695077538490295,6,7,0.46153846153846156,0.4883509242477325,1.4105135571148382,0.4232974155120734,0.9230769230769231,0.75,0.5384615384615384,0.46153846153846156,0.07692307692307693,0.07692307692307693,0.38461538461538464,50.61713815059296,35.0,1.113405746121334,2.0,1.1538461538461537,1.0,1.0,0.001560330641670869,0.012943590059876442,0.001006863673683256,1.7830070996401796e-06,3.142195510008605e-06,2.0650590158766135e-06,8.054535464907531e-05,0.0005364420358091593,6.723376282025129e-05,2.7606053733437035e-05,3.897988790413365e-05,3.836473115370609e-05,0.0006473510847382175,0.006815660744905472,0.0002744420431554319,8.513461440228499e-05,0.00014237617142498493,0.00010130258742719888,0.00040045845938225394,0.0034133248519386448,0.00023229291253604363,neutral,New to Mint
mint_mobile_5gb_mo_phone_plan_3_months_of_wireless_service,1snds1s,50,1225,0.32287892547188973,0.2653061224489796,0.05274904580199526,0.03691301474737341,0.03122828025082111,0.5025031744217386,0.5101342345013911,0.5015829985239068,0.5071337819099426,0.6572422981262207,0.26183265447616577,0.2498953640460968,0.7228928804397583,0.4940989315509796,10,40,0.2,0.23329978808760643,1.8816433538737642,0.5646842347544957,0.78,0.6938775510204082,0.5,0.1,0.08,0.1,0.72,32.8477457369604,30.0,0.8244916098634637,8.0,2.44,1.1538461538461537,2.413793103448276,0.11257835516531486,0.9943398833274841,0.7917251944541932,8.251032599446262e-05,0.0024332033935934305,2.3437000891135587e-05,0.030090085453557548,0.7427360415458679,0.0028950691921636467,0.00022743813869965379,0.00630340538918972,0.00024323291436303417,0.08448349474507268,0.9918952584266663,0.15928894877433805,0.0003073094481078442,0.0022952044382691383,0.0008617980463895953,0.037961532212791166,0.3320038198968784,0.2659165639266879,neutral,Lost number after 15 years
mint_mobile_5gb_mo_phone_plan_3_months_of_wireless_service,1sno2rq,12,66,0.31380853491524857,0.3333333333333333,0.04729295361406627,0.03014830236745636,0.024068913145499797,0.4986879046667706,0.48621855676174164,0.48620224540883844,0.48426468670368195,0.6807499527931213,0.22956782579421997,0.2060498744249344,0.5424336194992065,0.5069186091423035,1,11,0.08333333333333333,0.12566831250054142,1.4451858789480823,0.43370263575812035,1.0833333333333333,0.9090909090909091,0.3333333333333333,0.75,0.0,0.0,0.25,44.87358787626513,20.25,0.8037060515151963,4.0,1.6666666666666667,1.0,1.5,0.0007646555920170309,0.001911495579406619,0.001762176462216303,1.6578494997550781e-06,3.826870852208231e-06,2.155699644390552e-06,5.880600944389395e-05,0.0002523853909224272,0.00010803803015733141,2.3267128199222498e-05,4.660914419218898e-05,3.145914488413837e-05,0.00017522893419178823,0.0005668967496603727,0.0002421402241452597,7.919753473591602e-05,0.00011344446829752997,0.00010112437812495046,0.00018380217468126777,0.0004403645826490295,0.0004076208073835612,neutral,I'm so desperate for help with minternet speeds!
mint_mobile_5gb_mo_phone_plan_3_months_of_wireless_service,a2g0wk,12,66,0.3155317658727819,0.09090909090909091,0.037059422091705624,0.028458925948123315,0.02537969552770784,0.47516064165216504,0.4641344195062464,0.4655949753342253,0.4863096624612808,0.5559024214744568,0.2601450979709625,0.19706805050373077,0.5623633861541748,0.5387117862701416,1,11,0.08333333333333333,0.14816257233421007,1.3143738430069454,0.3944457307447306,0.9166666666666666,0.7272727272727273,0.5,0.3333333333333333,0.0,0.08333333333333333,0.5833333333333334,45.19610049550735,42.25,1.0213808021583581,2.0,1.5,1.5,1.3333333333333333,0.01371015725696149,0.15403394401073456,0.004343364323722201,2.2908274767511707e-06,1.0755950825114269e-05,2.791666929624626e-06,0.00018345778759491319,0.001711672288365662,0.0001299057868891396,5.3501376138835134e-05,0.000260932429227978,0.00014578315604012464,0.008048866213963871,0.09442973136901855,0.0007549782909336501,0.00014211706487306705,0.0006107756635174155,0.00029147730674594646,0.0036900650878348216,0.04184296861861488,0.0009438505823444153,neutral,Mint Mobile Has This Year's Absolute Best Value Wireless Plan: 3 Months Of 5GB LTE Data For Just $20
mint_mobile_5gb_mo_phone_plan_3_months_of_wireless_service,fm7xys,2,1,0.2976617068052292,0.0,0.17776925014797326,0.1216540438142103,0.10260252577461401,0.5752241611480713,0.6243607401847839,0.5987860560417175,0.5987860560417175,0.5987860560417175,0.4195634424686432,0.4195634424686432,0.4195634424686432,0.4195634424686432,0,2,0.0,0.06838431023061275,0.6931471805599453,0.20801459767650946,1.0,1.0,0.5,0.0,0.0,0.0,1.0,4.0,4.0,0.3076923076923077,1.0,1.0,0.0,0.0,0.000596946818404831,0.0007807178189978004,0.0007439636188792065,1.651834224958293e-06,1.982302592296037e-06,1.9162089188284883e-06,3.5801747799268924e-05,4.900598287349567e-05,4.636513585865032e-05,2.7977283934887964e-05,3.384172305231914e-05,3.26688352288329e-05,0.00011674808047246188,0.00012959004379808903,0.0001270216511329636,8.817946945782751e-05,0.00010002985072787851,9.765977447386832e-05,0.0001445508723823726,0.00018252795367364646,0.0001749325374153917,caring,3 month trial on phone previously used on Mint Mobile - New user or not?
mint_mobile_5gb_mo_phone_plan_3_months_of_wireless_service,iphu26,178,15753,0.3175605467285018,0.13855421686746988,0.04815632855732086,0.03705671312932355,0.033336529888420195,0.4802552519486396,0.4939882730713861,0.4813986821665897,0.4865063726902008,1.0,0.2521227300167084,0.231083944439888,0.8749855160713196,0.5350410342216492,20,158,0.11235955056179775,0.1546504271551548,2.2655475443661954,0.6798945075094072,0.8764044943820225,0.8361581920903954,0.37640449438202245,0.2640449438202247,0.10112359550561797,0.1404494382022472,0.4943820224719101,34.69631674846204,37.0,0.966955437799631,10.0,2.7134831460674156,1.4125,3.9562764456981663,0.025161212556105986,0.7144235372543335,0.006959196971729419,1.370256394415101e-05,0.0010218876414000988,3.843656418212055e-06,0.007237790365313609,0.6227170825004578,0.0003393761580809951,0.00419402686754203,0.5714240074157715,6.576974046765827e-05,0.007914836665375414,0.6438934803009033,0.001529727014712992,0.00024373986893346574,0.01049649715423584,0.0002741240139584989,0.007460884814535774,0.23025114178502312,0.0015781495293974036,neutral,Mint Unlimited Is Here!
mint_mobile_5gb_mo_phone_plan_3_months_of_wireless_service,zeev10,195,18915,0.30266786829421394,0.07368421052631578,0.047364762305512176,0.03214859435428888,0.02675858468739736,0.5031614432913457,0.5066464181287308,0.5001561348050038,0.5042058825492859,0.9507932662963867,0.28928640484809875,0.27778056263923645,0.8420712351799011,0.5120729804039001,90,105,0.46153846153846156,0.464238002934517,1.8873137990710533,0.5663859445925246,0.8512820512820513,0.7061855670103093,0.49743589743589745,0.24102564102564103,0.06666666666666667,0.2,0.49230769230769234,44.53437384368298,42.0,0.8852398470456861,10.0,2.707692307692308,1.1634615384615385,3.0845986984815617,0.011598847740186522,0.7492814064025879,0.0015763488132506593,1.1089536418787761e-05,0.000977260060608387,3.970048601331655e-06,0.006625911333041866,0.4109453558921814,0.00016444627835880926,0.0003273972773268514,0.03597460687160492,5.01233858813066e-05,0.0024927501460367167,0.2557840645313263,0.00024141346802935003,0.00011829285629060812,0.0015587646048516035,0.00014526372251566497,0.0035290481482168914,0.2364691139421969,0.00038941497864470817,neutral,Pixel users MUST manually change their APN to these settings for connectivity
mint_mobile_unlimited_phone_plan_3_months_of_wireless_service,11rw5qv,177,15576,0.3176343957151192,0.16666666666666666,0.050321904544164166,0.039990657060055196,0.03645824977791885,0.48805041136301414,0.49401510981570224,0.48769063625769793,0.49222950637340546,0.8266088962554932,0.22959914803504944,0.2123095691204071,0.8219024538993835,0.4649239778518677,21,156,0.11864406779661017,0.15302787400192797,1.7502986782679621,0.525267483710336,0.8418079096045198,0.6590909090909091,0.5536723163841808,0.14689265536723164,0.06779661016949153,0.1977401129943503,0.5875706214689266,27.271961846653124,23.0,0.9224416676586285,7.0,2.3220338983050848,1.967741935483871,2.8491704374057316,0.04233175018535253,0.9752810597419739,0.030540328845381742,7.257649144455075e-05,0.004768150392919779,8.137562690535561e-06,0.02429678388793971,0.8635231256484985,0.001210777205415073,0.00012421786198239592,0.00851177703589201,0.0001670842611929402,0.01615464084733693,0.7557104229927063,0.006181644927710299,0.00029341213860270164,0.011593163944780827,0.0004332838812842969,0.013878896902109798,0.433994195535585,0.007207550890658852,neutral,T-Mobile reaches agreement to acquire Mint Mobile
mint_mobile_unlimited_phone_plan_3_months_of_wireless_service,1679b52,191,18145,0.3210357242553938,0.24043715846994534,0.052351213143184874,0.0400423097963711,0.034983918161085065,0.5135132509072512,0.5033989537711576,0.5001639835727415,0.4985464811325073,1.0,0.22885200381278992,0.1809321790933609,0.9137649536132812,0.5389255285263062,64,127,0.33507853403141363,0.3444637543282896,2.298321787411412,0.689730111220145,0.9267015706806283,0.8789473684210526,0.2513089005235602,0.5602094240837696,0.08376963350785341,0.05235602094240838,0.3036649214659686,44.74309036380153,56.0,1.0259219999383065,8.0,1.869109947643979,1.0888888888888888,1.9893617021276595,0.03462681554928934,0.9592693448066711,0.006437632720917463,0.00013215018011477462,0.005524614825844765,3.13457235279202e-06,0.02773720138808816,0.8973655104637146,0.0002179743896704167,0.00010245226373831548,0.004879275802522898,9.603581565897912e-05,0.00936575247852055,0.6985847353935242,0.0009764856658875942,0.000598633482710017,0.06418564915657043,0.0002287534298375249,0.012093834223743523,0.4170065020104327,0.00139980305524053,neutral,Why are there so many poor or negative reviews on this sub?
mint_mobile_unlimited_phone_plan_3_months_of_wireless_service,17nlrxo,123,7503,0.3118913305987572,0.15517241379310345,0.04609071626426297,0.032303790663972674,0.027471196313475384,0.5026364131727236,0.4987417963581309,0.49509486384857626,0.4954340159893036,0.9779026508331299,0.2804853916168213,0.2509600818157196,0.8693447113037109,0.5579109191894531,45,78,0.36585365853658536,0.39950797696242,2.1918448139516364,0.6577761980870711,0.7967479674796748,0.7868852459016393,0.42276422764227645,0.2764227642276423,0.07317073170731707,0.07317073170731707,0.5772357723577236,59.671695273959365,54.0,1.1063639612145013,5.0,1.7235772357723578,1.375,2.2048192771084336,0.06685220096965426,0.9605482220649719,0.11335580199956892,0.00010574430435032654,0.0064887674525380135,9.501405475020873e-06,0.04024337966008561,0.8684303164482117,0.0015216570347547525,0.0005002153010706926,0.05214855819940567,9.503503533778707e-05,0.02814814460879557,0.6899363398551941,0.0232792558148503,0.00033665642023869276,0.010887815617024899,0.000571213662624359,0.02269772354403253,0.4227690586121753,0.03306231284483749,neutral,What has changed with Mint? Lot more negative posts.
mint_mobile_unlimited_phone_plan_3_months_of_wireless_service,1ci2zxj,134,8911,0.3160622766775678,0.13953488372093023,0.04632094630511977,0.036043692634027374,0.032589206032751394,0.4964961359301824,0.48650287414972343,0.48609400793346486,0.48954132199287415,1.0,0.228777676820755,0.19372543692588806,0.9002341032028198,0.47942420840263367,26,108,0.19402985074626866,0.21141269056599088,2.1327619952762715,0.6400453479861994,0.8656716417910447,0.8195488721804511,0.35074626865671643,0.30597014925373134,0.03731343283582089,0.2537313432835821,0.40298507462686567,41.66458545333188,34.75,1.1480679520350547,6.0,2.0223880597014925,1.293103448275862,2.379166666666667,0.029329978197173617,0.9298990368843079,0.001459612324833871,9.215823744493243e-05,0.007220116443932056,2.039446803792089e-06,0.027236871852872,0.9392239451408386,6.758711024303921e-05,4.2780152954892676e-05,0.0006878501153551042,3.841780380753335e-05,0.0060941396906529725,0.4370037317276001,0.00024486715847160667,0.00017233211889757893,0.0032621813006699085,0.00012868597696069628,0.010494710041665998,0.3623590742014737,0.0003429558581956374,neutral,Mint + T-Mobile
mint_mobile_unlimited_phone_plan_3_months_of_wireless_service,1dh1zmc,4,6,0.23387474194169044,0.0,0.025113278751814686,0.015227000278902768,0.012291845088004419,0.42628324031829834,0.48490936557451886,0.44696152706940967,0.45165710151195526,0.5048397183418274,0.21938635408878326,0.1489613950252533,0.21938635408878326,0.4043293297290802,0,4,0.0,0.043880957178771496,0.5623351446188083,0.16875769266311968,1.0,0.3333333333333333,0.75,0.25,0.25,0.5,0.0,69.93210993527937,121.5,0.75195817134709,2.0,1.25,1.0,1.0,0.0019021850894205272,0.006388653069734573,0.004603136843070389,1.6039581112181622e-06,2.1872367597097764e-06,1.996158221118094e-06,7.171180823206669e-05,0.000195419997908175,0.00014680742824566554,2.0368425339256646e-05,2.5099127014982514e-05,2.3823854826332538e-05,0.0010197146111750044,0.003763784421607852,0.002670785321970471,7.447294410667382e-05,9.620886703487486e-05,8.877532382030041e-05,0.0005150094727307912,0.0017445169687941113,0.0012547024610607123,neutral,Can I still use the 3 month unlimited data for $45 if I have a $45 dollar sim kit that is only 5GB a month?
mint_mobile_unlimited_phone_plan_3_months_of_wireless_service,1egqmo3,180,16110,0.2970368909266065,0.041176470588235294,0.04758657010205198,0.034357409779892184,0.029719120624856897,0.5043823051506284,0.49697932064496236,0.49611159589888515,0.5026195347309113,0.9881277680397034,0.3295626938343048,0.3223663568496704,0.9042831659317017,0.5652266144752502,56,124,0.3111111111111111,0.32535110079786844,2.337005995281747,0.701339304999281,0.7444444444444445,0.8379888268156425,0.3388888888888889,0.3388888888888889,0.06666666666666667,0.17222222222222222,0.4222222222222222,68.77383223290673,40.0,1.4821946601919553,6.0,1.6055555555555556,1.3111111111111111,2.8582375478927204,0.0586447657490175,0.975310206413269,0.09145463630557021,4.0491565711893904e-05,0.0018495164113119245,8.184245780284977e-06,0.019933461637012644,0.8229343295097351,0.0010684305452741659,5.704874952748974e-05,0.001238505239598453,0.00012129310853197236,0.03170279483747436,0.96013343334198,0.037187473475933076,0.00031615576366069337,0.011080569587647915,0.0005468089075293389,0.01844911971706742,0.3231748672036095,0.029175866234565157,neutral,What is everyone's thoughts on Mint Mobile?
mint_mobile_unlimited_phone_plan_3_months_of_wireless_service,1eymeqo,62,1891,0.3065293526341175,0.10344827586206896,0.04374556012905138,0.035140864323631615,0.032537404944661265,0.4701182492380732,0.4740752228065372,0.4664660559436242,0.47294503450393677,0.6677902936935425,0.19541916251182556,0.16169559955596924,0.714438796043396,0.46458113193511963,17,45,0.27419354838709675,0.30834517784176335,1.7593708043963583,0.5279900435354289,0.8387096774193549,0.5901639344262295,0.5645161290322581,0.1935483870967742,0.08064516129032258,0.20967741935483872,0.5161290322580645,40.66100881529148,37.5,1.0741297599267456,4.0,1.8387096774193548,1.736842105263158,2.4461538461538463,0.02486598229921994,0.6288043260574341,0.005576579971238969,1.7384037621028375e-05,0.0005042030243203044,7.1665312134427945e-06,0.01756608554299624,0.5704317688941956,0.0002558153617428615,0.0001152557371765837,0.0035805150400847197,0.00012358501771814187,0.00733393657567156,0.3328145742416382,0.00048410787130705993,0.00014770815487868423,0.001150857307948172,0.0002603196960990317,0.008341058724594008,0.21274357269430766,0.0012920504844108407,neutral,"After T-Mobile buyout, mint mobile cuts off ALL internet after gigs run out instead of throttling speeds. "
mint_mobile_unlimited_phone_plan_3_months_of_wireless_service,1lqcesu,39,741,0.3148415468230441,0.21621621621621623,0.047229306790713604,0.031216378933485677,0.025476582762321547,0.5030175919635737,0.5364939137669871,0.5139034272607682,0.5119326710700989,0.8511511087417603,0.3968510329723358,0.4020690321922302,0.8421807289123535,0.7120081782341003,21,18,0.5384615384615384,0.5171672058506653,2.3038647026022043,0.6913935490955414,0.8717948717948718,0.8947368421052632,0.15384615384615385,0.5641025641025641,0.0,0.02564102564102564,0.41025641025641024,48.6778782578871,39.0,0.8842278770645537,4.0,1.564102564102564,1.4545454545454546,1.95,0.01613566526495374,0.23478390276432037,0.009824857674539096,5.0064945374591234e-06,0.00010860695329029113,3.6471475141297586e-06,0.004071556290606774,0.1481018364429474,0.00021475509856827592,4.397070733830333e-05,0.00031004127231426537,7.304007012862721e-05,0.009295264239018509,0.1948229819536209,0.0031763915903866326,0.0001577848461471522,0.0009319214150309563,0.0003520939149893821,0.004951541307100323,0.07192704202217708,0.0023706113108801228,approval,I see a lot of negative posts on here...
mint_mobile_unlimited_phone_plan_3_months_of_wireless_service,1lwuh4k,41,820,0.3220743499696255,0.2926829268292683,0.048262884586762214,0.03514295947399643,0.03063620816178852,0.4774694859799815,0.47661628018065194,0.469982150306062,0.47675134241580963,0.6771214604377747,0.2905426621437073,0.2796775996685028,0.7465383410453796,0.5561872124671936,7,34,0.17073170731707318,0.19219652899518247,1.8082081097332798,0.542646198398611,0.8536585365853658,0.775,0.4878048780487805,0.12195121951219512,0.07317073170731707,0.024390243902439025,0.7804878048780488,40.32186092888807,37.0,0.9696165971169566,7.0,2.5853658536585367,1.3888888888888888,2.8857142857142857,0.11404755907119024,0.9888883233070374,0.4400836229324341,0.0004444231283453452,0.013694512657821178,0.00035726799978874624,0.06527829692072928,0.9443235993385315,0.22023813426494598,0.00011568337380062653,0.001232834067195654,0.0002448385348543525,0.05083277079765827,0.9735139608383179,0.17723380029201508,0.0004614827705109946,0.005492873024195433,0.0012921846937388182,0.038530036010372457,0.36425681174053653,0.130374305799099,neutral,Mint is refusing to accept my phone return
mint_mobile_unlimited_phone_plan_3_months_of_wireless_service,1n2bgzw,36,630,0.3019026645431013,0.09090909090909091,0.059452495163856124,0.04669297144983954,0.04221932726430392,0.4751033554711039,0.5024429636815237,0.4842497720841378,0.4908750206232071,0.8078784942626953,0.3112599551677704,0.29923945665359497,0.7243527770042419,0.5208074450492859,8,28,0.2222222222222222,0.22310004481631848,1.6150066329619055,0.48466612059083675,0.7777777777777778,0.6857142857142857,0.5833333333333334,0.19444444444444445,0.05555555555555555,0.1111111111111111,0.6388888888888888,30.334388972270194,23.25,1.1086680233520072,3.0,1.6944444444444444,1.3846153846153846,1.5454545454545454,0.046233937062627066,0.9379006624221802,0.010827262129168957,0.00031025807274431827,0.010459832847118378,3.682771307467192e-06,0.03992724107496946,0.9473701119422913,0.00022312258806778118,7.252568346100613e-05,0.0007703761220909655,0.00016260765551123768,0.0069119920618605744,0.12107820808887482,0.0010406075743958354,0.00021190207058276024,0.002855469472706318,0.00024799280072329566,0.01561130933770753,0.3367391101492103,0.0023878262900230616,neutral,Unlimited plan for 24 months
mint_mobile_unlimited_phone_plan_3_months_of_wireless_service,1n9jlta,34,561,0.29913689185153036,0.17647058823529413,0.04841130278754831,0.03230190833493838,0.026252149066592644,0.4981537651463201,0.49988946233628695,0.49547488150749613,0.4967660903930664,0.6571046113967896,0.3483116328716278,0.33609557151794434,0.7103666067123413,0.5621101260185242,11,23,0.3235294117647059,0.2925080451566507,1.6799708641014761,0.5041619921500992,0.7941176470588235,0.7878787878787878,0.5294117647058824,0.20588235294117646,0.058823529411764705,0.23529411764705882,0.5,40.51357156520341,40.5,0.7953010584393279,5.0,1.7352941176470589,1.1818181818181819,2.1176470588235294,0.021911441857810132,0.5039543509483337,0.008643906936049455,4.023089693017776e-06,4.518338027992286e-05,3.240091814404877e-06,0.0017169899979040458,0.05548044666647911,0.00024607252344139836,0.0014581179137381055,0.048486970365047455,8.958750731835602e-05,0.013253752066221376,0.4347466230392456,0.0014638192369602612,0.0001953544016193037,0.003164716763421893,0.00024022438010433682,0.006423279887830997,0.1565652430948982,0.0018128111834206102,neutral,New customer with Mint
mint_mobile_unlimited_phone_plan_3_months_of_wireless_service,1nt3jch,32,496,0.288722105200092,0.06666666666666667,0.04959432504593368,0.033499718257513175,0.02791499011234785,0.5078783655959752,0.5063912480348541,0.5037524590208646,0.5037660598754883,0.6508035659790039,0.3389294445514679,0.3214043378829956,0.7446302175521851,0.5882984399795532,16,16,0.5,0.5261514007579535,1.8796173508178855,0.5640762279380797,0.8125,0.7096774193548387,0.40625,0.1875,0.09375,0.21875,0.5,35.713213153537446,37.25,0.7774304904171416,3.0,1.25,1.0,1.25,0.0763838778138961,0.9366574883460999,0.002529683406464754,0.00031459759611252025,0.006153236608952284,2.4800781147860104e-06,0.06443448073281388,0.9110177755355835,0.00010635240905685348,0.00010980966601437103,0.0014532626373693347,7.301266377908172e-05,0.011206694528937078,0.1493949145078659,0.0006230903003597629,0.0003056502944218664,0.0031317034736275673,0.00015239787608152248,0.02545918510536597,0.3345652835560031,0.0005469622154710879,neutral,Warning - Don't buy a new phone from Mint unless you like having no cell service for days...
mint_mobile_unlimited_phone_plan_3_months_of_wireless_service,1oa4jld,33,528,0.3076129707197348,0.1,0.054270605630822935,0.04700402620704247,0.04461047347516915,0.4776122212184198,0.5008268337132353,0.4822377153869831,0.4849220961332321,0.6601874828338623,0.23415541648864746,0.1952914595603943,0.6954867243766785,0.4793987274169922,5,28,0.15151515151515152,0.1769621560745167,1.8137744428222033,0.5443166640233726,0.8484848484848485,0.71875,0.45454545454545453,0.24242424242424243,0.12121212121212122,0.21212121212121213,0.42424242424242425,38.07722567078917,22.0,1.3102694964922237,5.0,1.7878787878787878,1.0714285714285714,1.5925925925925926,0.02819499598064629,0.8968210816383362,0.003807110479101541,0.00010027915397076316,0.003257042495533824,2.5216338144673498e-06,0.026718305134526225,0.8802116513252258,9.985340293496848e-05,4.331580533868294e-05,0.0004826396470889449,5.8955045824404825e-05,0.004084617784731866,0.12746991217136383,0.0006988611479755494,0.0001597258403004768,0.0019019906176254153,0.0002445831487420947,0.009883539949919053,0.31835738631586236,0.0008202685240727689,neutral,Mint Mobile is the lowest cost cell service.
mint_mobile_unlimited_phone_plan_3_months_of_wireless_service,1oubdf7,15,105,0.29393159672617913,0.06666666666666667,0.04627648389802584,0.02516534711994058,0.018330323705139123,0.4998293604169573,0.5110989976496924,0.5026158571243287,0.5099621415138245,0.5692759156227112,0.49905627965927124,0.4846450090408325,0.7697359919548035,0.706363320350647,10,5,0.6666666666666666,0.59819355905056,1.9867316488081912,0.596221403200649,0.6666666666666666,0.8571428571428571,0.3333333333333333,0.4666666666666667,0.0,0.0,0.5333333333333333,55.14328809766627,98.0,0.6050836294550066,4.0,1.4,1.0,1.6666666666666667,0.025551856245147064,0.36796414852142334,0.00288189030252397,1.6983463774522532e-05,0.00022485436056740582,5.91179223192739e-06,0.01729177889501443,0.25832492113113403,0.00020273157861083743,4.290094839234371e-05,0.00025208626175299287,6.649623828707262e-05,0.00357770030144214,0.04955168440937996,0.0009279976831749079,0.00018149253737647085,0.0008510184125043452,0.0005366477882489559,0.007777118731857828,0.11285694667700834,0.0007303070277809335,neutral,One Full Year on Mint Review
mint_mobile_unlimited_phone_plan_3_months_of_wireless_service,1p9xuo5,27,351,0.2940980002835945,0.07407407407407407,0.046560595422830676,0.028530847375307655,0.02220802541675417,0.506497326994214,0.5060984554283979,0.5036408854515804,0.505302906036377,0.6586018800735474,0.39675599336624146,0.39404982328414917,0.7522225975990295,0.6651957631111145,9,18,0.3333333333333333,0.34543390668652674,1.8374388884256019,0.551418402686512,0.8518518518518519,0.8076923076923077,0.4074074074074074,0.3333333333333333,0.18518518518518517,0.1111111111111111,0.37037037037037035,44.89405299717359,59.5,0.702282404938405,3.0,1.4074074074074074,1.1428571428571428,1.3333333333333333,0.03219695269190534,0.8441430330276489,0.0015596314799040546,3.4246118553306183e-06,3.4422559110680595e-05,2.6741644887806604e-06,0.000661333890160744,0.011870474554598331,0.00011736102896975343,3.358145487355715e-05,0.00019915500888600945,6.307483054115428e-05,0.029024197883026553,0.7793956398963928,0.0003091018821578473,0.00014007396277048866,0.0016528127016499639,0.00011996214889222753,0.01034326074909867,0.2717260317300922,0.00037027508183958447,neutral,"I've had Mint's Unlimited plan, for several months, and the core service has been pretty dang close to post-paid T-Mobile.  I'm starting to wonder where and/or when it is actually worse...🤔"
mint_mobile_unlimited_phone_plan_3_months_of_wireless_service,1pjx3pj,30,435,0.29518186723192535,0.0,0.04240136647553953,0.029251752947729418,0.024888170397706747,0.5032734768144016,0.4905819355071276,0.49275514812305055,0.4980778396129608,0.6394233703613281,0.24378105998039246,0.2276516556739807,0.6526539921760559,0.42628175020217896,8,22,0.26666666666666666,0.3034945494805773,1.4265247993232653,0.42810241537313687,0.9666666666666667,0.6206896551724138,0.6333333333333333,0.2,0.03333333333333333,0.2,0.5666666666666667,47.00874623112408,53.5,0.8814139918335764,8.0,3.2666666666666666,1.2941176470588236,4.092436974789916,0.029066474653275994,0.7181602120399475,0.0029409212525934036,1.5844430064741268e-05,0.00034949087421409786,8.004934989003233e-06,0.015840153331919283,0.4474242925643921,0.0002680833247723072,5.3329208943371974e-05,0.00034291972406208515,0.00011915558061446075,0.010490731608782274,0.27326318621635437,0.0003715759696206087,0.00019980432104299933,0.001726658665575087,0.0002744040597463031,0.009277722925671443,0.24009345935337478,0.0006905067366309002,neutral,No usable data on unlimited plan
mint_mobile_unlimited_phone_plan_3_months_of_wireless_service,1pmpu23,41,820,0.2905857387538019,0.07894736842105263,0.04484370502225077,0.027275143173236937,0.021407844098277787,0.5161146203555712,0.5013022742256885,0.5028531769426857,0.5058182179927826,0.6813809275627136,0.3531430959701538,0.36209747195243835,0.775574803352356,0.6107473373413086,13,28,0.3170731707317073,0.36734348662742755,2.065456264152256,0.6198467884684714,0.9512195121951219,0.8,0.4146341463414634,0.36585365853658536,0.024390243902439025,0.1951219512195122,0.4146341463414634,56.243162053807275,69.0,0.8422095121278664,6.0,2.1707317073170733,1.2,2.3797468354430378,0.0006223999044755701,0.0018086772179231048,0.0010210833279415965,1.5929073131745809e-06,3.472742719168309e-06,1.828638460210641e-06,4.361746598478043e-05,0.0001355970453005284,5.996507024974562e-05,2.380686851765637e-05,6.8050401750952e-05,3.332323831273243e-05,0.0001487648055999449,0.0006490329396910965,0.00020471350580919534,7.910797081067135e-05,0.00013172469334676862,0.00010402746556792408,0.00015321498711696628,0.00044247154778531694,0.00023779727916917182,neutral,Should I get Minternet?
mint_mobile_unlimited_phone_plan_3_months_of_wireless_service,1q40e10,60,1770,0.31515411225457984,0.2,0.04850364527199128,0.03568745711861613,0.031234679168949245,0.4889726038959067,0.5148482731001526,0.4965102514304684,0.49878455698490143,0.8770366311073303,0.2628404200077057,0.2443699836730957,0.7992275953292847,0.5055831670761108,13,47,0.21666666666666667,0.22666250371063748,1.657378801673863,0.4973820774243895,0.8666666666666667,0.6779661016949152,0.5666666666666667,0.18333333333333332,0.03333333333333333,0.08333333333333333,0.7,53.98274158366625,37.5,1.1157301050706079,7.0,2.25,1.1428571428571428,2.244186046511628,0.05887131674147288,0.9844610095024109,0.039537008851766635,6.771507262518147e-05,0.002563465153798461,4.6621725687146015e-06,0.023913339999641417,0.8084789514541626,0.0005948871083091953,0.00010414066767528614,0.0015879824059084058,0.00011506415030453365,0.029868851646218293,0.9778220057487488,0.018616797029972106,0.00027225109151913786,0.003946049604564905,0.0004788286605617032,0.018849602536525366,0.33046126104697277,0.008986727590043622,neutral,Horrible experience with Mint.
mint_mobile_unlimited_phone_plan_3_months_of_wireless_service,1qqml88,19,171,0.2989274726102227,0.10526315789473684,0.04208552096436032,0.028986629467656518,0.024396401003860993,0.49343987166533,0.4776392802160386,0.4817550520450748,0.48488113284111023,0.6150169372558594,0.31545722484588623,0.28795117139816284,0.6649143695831299,0.567980170249939,0,19,0.0,0.10403258392685338,1.7494938253936618,0.5250259460520553,0.7894736842105263,0.8888888888888888,0.42105263157894735,0.2631578947368421,0.05263157894736842,0.3157894736842105,0.3684210526315789,48.75741296007774,32.5,0.9491709490179067,8.0,3.0526315789473686,1.0833333333333333,3.156862745098039,0.052317006861190556,0.9319181442260742,0.011272985022515022,0.00014634943568724243,0.0027309355791658163,6.270927951845791e-06,0.043407776725105485,0.8234617114067078,0.0001770419185049828,0.0014010509504786522,0.02574247121810913,0.00012917623971588877,0.01636041390884202,0.30761078000068665,0.0004380088066682214,0.00024060984364232833,0.0020958518143743277,0.00033472211798652937,0.018978867954157715,0.34472174537950195,0.0028894113075996963,neutral,Consistently Bad Call Quality/Data Speed & Terrible Customer Support - Resolutions?
mint_mobile_unlimited_phone_plan_3_months_of_wireless_service,1qy3m5i,19,171,0.29530315865811546,0.10526315789473684,0.06892849966286206,0.048347475340003145,0.040026202924491064,0.48630946316914253,0.5010495412419413,0.4913303878223687,0.4908919036388397,0.6377383470535278,0.2989772856235504,0.2793884575366974,0.6848574876785278,0.581462025642395,5,14,0.2631578947368421,0.2899335296334405,1.7040703402696966,0.511394284194189,0.7368421052631579,0.8888888888888888,0.42105263157894735,0.10526315789473684,0.05263157894736842,0.2631578947368421,0.5789473684210527,35.67613633230353,15.5,0.9375471511946984,6.0,2.473684210526316,1.2222222222222223,2.212121212121212,0.06770925328141618,0.9815801978111267,0.061017253994941505,7.708666304863168e-06,8.679569873493165e-05,8.484278441756011e-06,0.0011801050586655037,0.013637708500027657,0.0017262092209421043,3.416858912954156e-05,0.0001340406306553632,7.9686647222843e-05,0.06433078459629446,0.9638371467590332,0.051885109208524044,0.00015917891945910494,0.001175207202322781,0.00023091620532795758,0.02223686651854494,0.32569726840423147,0.019354233794001564,neutral,"Picked the wrong plan, what can I do now"
mint_mobile_unlimited_phone_plan_3_months_of_wireless_service,1qyitxw,35,595,0.3051887469426278,0.12903225806451613,0.04799517779892728,0.03834637471078055,0.035206740843591475,0.48416220768660057,0.4987157005722783,0.4843773327955679,0.48612692952156067,1.0,0.32829606533050537,0.30977872014045715,0.8110969662666321,0.5915425419807434,13,22,0.37142857142857144,0.40876824265079836,1.3856394007357318,0.4158326406751296,0.8285714285714286,0.5882352941176471,0.5714285714285714,0.14285714285714285,0.17142857142857143,0.22857142857142856,0.45714285714285713,46.552195853423605,35.0,1.1490316324892993,7.0,2.5142857142857142,1.1176470588235294,2.915492957746479,0.004793713357399351,0.11426635831594467,0.001578230294398965,2.4655843390064546e-06,1.930348480527755e-05,2.5194679437845482e-06,7.586661548495094e-05,0.000766886689234525,0.00011388932471163575,0.0005478393901285017,0.010621207766234875,3.945325370295906e-05,0.0006785315469772156,0.015762921422719955,0.0004519235109910375,0.00019084877671308016,0.0032490703742951155,0.00010841870534932242,0.0010482108785070175,0.023631114360796346,0.00037397277817490286,neutral,Device Never Unlocked - support not helpful
mint_mobile_unlimited_phone_plan_3_months_of_wireless_service,1r0olvd,38,703,0.30020952446235194,0.08108108108108109,0.05174137508269582,0.04514354977953151,0.04346277289173856,0.48294483879806305,0.5000092127329934,0.487261139057778,0.4856155812740326,0.7596797347068787,0.2716884911060333,0.2602953612804413,0.7262983322143555,0.5078089237213135,8,30,0.21052631578947367,0.2123735745584494,1.2716551190686118,0.3816257721233771,0.9210526315789473,0.5675675675675675,0.6578947368421053,0.13157894736842105,0.02631578947368421,0.34210526315789475,0.5,31.64615654983605,27.0,1.1859506399346842,7.0,2.5,1.15,2.359375,0.006379687346021743,0.15486401319503784,0.00293439386878162,2.5505248297457385e-06,1.6758842320996337e-05,3.7350793718360366e-06,0.0001807871313806237,0.002719047712162137,0.00017325541557511288,5.1961728930013795e-05,0.0005360096110962331,8.9983311772812e-05,0.0026759344823643148,0.08468600362539291,0.0005906937818508593,0.00014743371636876347,0.0008924254798330367,0.0002081448066746816,0.0015730591549825337,0.0404034330823985,0.0006415483576157979,neutral,Mint Unlimited Plan
mint_mobile_unlimited_phone_plan_3_months_of_wireless_service,1remiou,35,595,0.27879268070682883,0.03125,0.05408923747201707,0.04344572868440008,0.04009374615047179,0.47170481010645376,0.5078568352871582,0.4836538076400757,0.494017094373703,0.9999998807907104,0.274954229593277,0.2508494555950165,0.8340457677841187,0.5111342668533325,17,18,0.4857142857142857,0.45373816122966154,1.8917948281455448,0.5677307087151371,0.8571428571428571,0.8529411764705882,0.45714285714285713,0.17142857142857143,0.11428571428571428,0.17142857142857143,0.5428571428571428,45.44810002539565,32.0,1.2245446504148172,10.0,3.342857142857143,1.2105263157894737,4.432835820895522,0.0007081845093385449,0.0019989260472357273,0.0017473956104367974,1.627752492692837e-06,2.9643028938153293e-06,2.3849299850553515e-06,4.2582599884813786e-05,0.0001200381011585705,8.365999819943688e-05,2.8663441168776315e-05,9.50998073676601e-05,5.413818726083267e-05,0.00016485751319643375,0.0006627103430218995,0.00029589539626613277,8.145915365145942e-05,0.00012368861644063145,0.00010872320999624207,0.00017122916162212018,0.00045254176067525503,0.0004032317954852261,neutral,Mint plan cancelled automatically
mint_mobile_unlimited_phone_plan_3_months_of_wireless_service,1roaixh,17,136,0.27922183976453896,0.0,0.05749176102982479,0.036903090786738486,0.029374271326242523,0.5037846558672541,0.5087773138109375,0.5032979225849404,0.5139627158641815,0.6477164030075073,0.42342495918273926,0.45994746685028076,0.7597063779830933,0.6922069787979126,9,8,0.5294117647058824,0.5052329019150313,1.6442107102094015,0.4934303117316622,0.8823529411764706,0.75,0.4117647058823529,0.47058823529411764,0.0,0.058823529411764705,0.47058823529411764,38.12790348578654,26.0,0.7992285564221593,2.0,1.0588235294117647,1.0,1.0,0.05452351908281665,0.9103654623031616,0.0045360850170254735,5.453875273280359e-06,6.603551446460187e-05,2.788909932860407e-06,0.0015536062140146148,0.025379939004778862,0.00023133673530537646,2.8595961767303595e-05,0.00010010580444941297,5.084826516394971e-05,0.0515528006495408,0.8726853728294373,0.0010224123136140409,0.00011576821313664208,0.000635201227851212,0.00014971191121730958,0.017963290666091546,0.3015363248972183,0.0009963869777038785,neutral,Opinions?
mint_mobile_unlimited_phone_plan_3_months_of_wireless_service,1rpcvp3,21,210,0.2981332515676816,0.047619047619047616,0.057324520559613255,0.04558976247778352,0.04122898846144456,0.4949585974216461,0.5096261214642298,0.4981441841239021,0.5060946047306061,1.0,0.28625786304473877,0.24854949116706848,0.6988669633865356,0.52702796459198,4,17,0.19047619047619047,0.22135313582562266,1.7911087331546238,0.5375146476410144,1.0,0.85,0.47619047619047616,0.2857142857142857,0.14285714285714285,0.23809523809523808,0.3333333333333333,39.25935623713404,19.0,1.1611922267321337,5.0,2.2857142857142856,1.4444444444444444,2.2093023255813953,0.0006021994507006769,0.0014958909014239907,0.0009996473090723157,1.7303506237589145e-06,3.6911201277689543e-06,2.3573352336825337e-06,4.447269531651511e-05,0.00013848642993252724,5.548500848817639e-05,2.425443996062746e-05,5.6302691518794745e-05,2.905485780502204e-05,0.00013821399625157937,0.0005909728351980448,0.00015720989904366434,8.582117412255943e-05,0.00013646793377120048,0.00010858158202609047,0.00014944868449595283,0.00037619944059012295,0.00023892831831062722,neutral,Mint Mobile and Minternet
mint_mobile_unlimited_phone_plan_3_months_of_wireless_service,1rtphax,16,120,0.28602358885109425,0.0625,0.04611138404916356,0.028603994509736996,0.02232175430009883,0.4772995052238305,0.5045082328220208,0.483065614849329,0.4895031750202179,0.5877573490142822,0.33063024282455444,0.3240870237350464,0.6636298298835754,0.6000949144363403,3,13,0.1875,0.1966071797069162,1.64622455382987,0.49403466948171,0.8125,0.7333333333333333,0.5,0.1875,0.0625,0.125,0.625,42.718509966406835,43.25,0.6939047304187912,3.0,1.8125,1.3333333333333333,1.4666666666666666,0.029144905778593966,0.4566953778266907,0.0015871936921030283,2.15109470502739e-06,1.0679344995878637e-05,2.1631062736560125e-06,0.00021237799933260249,0.0027583343908190727,0.00010258024485665374,2.5539773332639015e-05,5.931490159127861e-05,3.608694896684028e-05,0.02497761911172347,0.39736929535865784,0.0003995270235463977,9.552557776260073e-05,0.0003037542919628322,0.00012189846893306822,0.009076353222575053,0.1428661260191196,0.00036783076385897096,neutral,pSIMs and eSIMs
mint_mobile_unlimited_phone_plan_3_months_of_wireless_service,1rzrcyl,40,780,0.31207322587983477,0.16666666666666666,0.044672181397388044,0.036380157279023766,0.033590521710457046,0.4798756858286185,0.46476298383413217,0.4672792441569842,0.47719402611255646,1.0,0.30103355646133423,0.27167433500289917,0.8092588186264038,0.5954670310020447,11,29,0.275,0.29581649689935147,2.043211377716264,0.6131710618232235,0.875,0.8205128205128205,0.375,0.35,0.075,0.15,0.425,53.12997623752528,47.75,1.165770186232041,4.0,1.575,1.1666666666666667,1.8333333333333333,0.000714437704300508,0.002817317843437195,0.001382061082404107,1.700497304568671e-06,4.300777618482243e-06,2.3879754280642378e-06,5.172308856344898e-05,0.00016856705769896507,0.00011403081880416721,2.7298703980704885e-05,0.00016123587556649,3.836405485344585e-05,0.00016289691757265246,0.0005431058816611767,0.00023793295258656147,9.11837222702161e-05,0.0003141841443721205,0.00011338641415932215,0.0001748734389986832,0.0006097899487637429,0.00032028933061951654,neutral,Switched from Tmobile to Mint after 26 years and never been happier.
mint_mobile_unlimited_phone_plan_3_months_of_wireless_service,1s281sn,30,435,0.2877372711896896,0.0,0.04790589918346444,0.030498908660582812,0.024179864216613254,0.4785713765813016,0.49835072738685826,0.484331235940429,0.4868354797363281,0.6666386723518372,0.3242858052253723,0.3105609714984894,0.7244145274162292,0.5624337792396545,5,25,0.16666666666666666,0.18181132028500238,1.3515467800407577,0.405601389684721,0.9666666666666667,0.5517241379310345,0.6333333333333333,0.36666666666666664,0.0,0.2,0.43333333333333335,65.67774018307539,64.0,0.9513916974853992,5.0,1.9,1.0714285714285714,2.1714285714285713,0.015239176747854799,0.4203280210494995,0.0012384987319819637,1.2676644280418259e-05,0.0003309585154056549,2.104617465192862e-06,0.008221576673834836,0.24490559101104736,0.00010203404090134429,5.568642081925646e-05,0.0006814006483182311,3.236177162762037e-05,0.001606236218988973,0.040171828120946884,0.00036092205264139966,0.00010975115789430371,0.0008415830670855939,0.00011895664283656517,0.004207517310612098,0.11787656373538387,0.00029785794882855067,neutral,Question for the minty mobilers
mint_mobile_unlimited_phone_plan_3_months_of_wireless_service,1s3a8kp,12,66,0.2755161576593916,0.0,0.04358373312527215,0.03617977721079776,0.03400108478052503,0.48325048703135864,0.46405241977084766,0.46434125078446936,0.4656532257795334,0.5966747999191284,0.24158036708831787,0.20283430814743042,0.5471859574317932,0.47288572788238525,3,9,0.25,0.29422936278084916,1.349792396172401,0.4050748962288123,0.6666666666666666,0.8181818181818182,0.5833333333333334,0.3333333333333333,0.16666666666666666,0.3333333333333333,0.16666666666666666,152.54423311143412,36.25,1.92080881147661,4.0,2.0,1.0,1.6666666666666667,0.0009362435400059136,0.0034935222938656807,0.00181996850296855,2.0083092048632048e-06,6.047360784577904e-06,3.0247759923440758e-06,5.456317906767557e-05,0.00016232710913755,0.00010715563403209674,5.722797027374327e-05,0.0004240631824359298,3.772735726670362e-05,0.00019272595212290375,0.0006996861193329096,0.0003352388521307149,9.35689355780293e-05,0.00022244414140004665,0.00014947238450986334,0.00022272298104218812,0.0007619765736990303,0.00044795758570520175,neutral,Trouble Receiving Texts
mint_mobile_unlimited_phone_plan_3_months_of_wireless_service,1s5ihsr,60,1770,0.29467754556487,0.05,0.05312273540803858,0.03767888056681116,0.03203196681268084,0.5176120030930487,0.5105287072096167,0.5087724034732345,0.5108436048030853,0.7126752734184265,0.3601923882961273,0.3762921690940857,0.8097135424613953,0.5882294774055481,10,50,0.16666666666666666,0.21206995534400144,1.5236502978799205,0.45724993565890365,0.9333333333333333,0.6949152542372882,0.6,0.26666666666666666,0.03333333333333333,0.2833333333333333,0.4166666666666667,52.80608919012613,35.5,1.2228349484398178,4.0,1.6166666666666667,1.3157894736842106,2.0327868852459017,0.026812271551655917,0.9158368110656738,0.0008356667822226884,0.00012615226427972932,0.006789362523704767,1.8305588810108021e-06,0.023202813592918876,0.7727095484733582,5.446172581287102e-05,4.118769861634064e-05,0.0008716483716852963,3.661087903310545e-05,0.002484337125012341,0.08190945535898209,0.00017030555754899982,0.0001479050926718628,0.0030758946668356657,0.00010252742140437478,0.008802444554192511,0.29686545341003995,0.00019924897163150492,neutral,Looking to switch from T-Mobile but I want to know the ACTUAL price
mint_mobile_unlimited_phone_plan_3_months_of_wireless_service,1s64ydb,11,55,0.23740857674015892,0.0,0.07297516404319272,0.05664216671592229,0.05004958539546985,0.5233724019744179,0.5416095408526334,0.5213686439124021,0.5178908109664917,0.9999999403953552,0.47317373752593994,0.447540819644928,0.8218604922294617,0.7769158482551575,5,6,0.45454545454545453,0.45795653997497127,1.159588814308626,0.34799449156488177,0.8181818181818182,0.6,0.6363636363636364,0.2727272727272727,0.0,0.36363636363636365,0.36363636363636365,65.07490915593269,87.5,0.9072547537582503,2.0,1.2727272727272727,1.0,1.0,0.0891300122920339,0.9711403250694275,0.002046821406111121,0.001089373142277013,0.011962387710809708,3.3030376016540686e-06,0.08595408838267428,0.944847047328949,0.0001739186845952645,9.063429553696716e-05,0.0007025984232313931,7.50284525565803e-05,0.033453888458263296,0.36544981598854065,0.0007664537988603115,0.0005886334871651012,0.005601251032203436,0.00012124542990932241,0.03505110500965842,0.3832839042588603,0.0005121506544204143,neutral,I can't send out text
mint_mobile_unlimited_phone_plan_3_months_of_wireless_service,1s7dr0u,12,66,0.27440850267356093,0.0,0.049875181738036255,0.03608583544283038,0.03203278896575107,0.5177013302842776,0.45165465568954294,0.468473627260237,0.46959245204925537,0.9123439788818359,0.3850509524345398,0.32609379291534424,0.6865467429161072,0.6428852081298828,6,6,0.5,0.48012338873619836,0.8369882167858358,0.2511815268930861,0.75,0.5454545454545454,0.75,0.5,0.08333333333333333,0.0,0.4166666666666667,177.20772101939826,110.5,1.469587181916226,4.0,1.8333333333333333,1.0,1.5,0.021406561315719348,0.22478188574314117,0.017279886594042188,2.226777401877674e-06,4.097722467122367e-06,3.86270673971012e-06,0.00011617952562422336,0.0005041157710365951,0.00031523461075266834,8.166190324724691e-05,0.0005842440878041089,0.0001062201787135564,0.016025672113149387,0.18106423318386078,0.00776598748052493,0.00016098886468777587,0.00046067984658293426,0.0004129088512854651,0.006298881749971643,0.06777473769955122,0.00431617559505071,neutral,Nightmare attempting to activate
mint_mobile_unlimited_phone_plan_3_months_of_wireless_service,1snds1s,50,1225,0.32287892547188973,0.2653061224489796,0.05274904580199526,0.03691301474737341,0.03122828025082111,0.5025031483659939,0.5101342153062626,0.501582975144289,0.5071336627006531,0.6572422981262207,0.26183265447616577,0.2498953640460968,0.7228928804397583,0.4940989315509796,10,40,0.2,0.23329979047179222,1.8816433538737642,0.5646842347544957,0.78,0.6938775510204082,0.5,0.1,0.08,0.1,0.72,32.8477457369604,30.0,0.8244916098634637,8.0,2.44,1.1538461538461537,2.413793103448276,0.11257835516531486,0.9943398833274841,0.7917251944541932,8.251032599446262e-05,0.0024332033935934305,2.3437000891135587e-05,0.030090085453557548,0.7427360415458679,0.0028950691921636467,0.00022743813869965379,0.00630340538918972,0.00024323291436303417,0.08448349474507268,0.9918952584266663,0.15928894877433805,0.0003073094481078442,0.0022952044382691383,0.0008617980463895953,0.037961532212791166,0.3320038198968784,0.2659165639266879,neutral,Lost number after 15 years
mint_mobile_unlimited_phone_plan_3_months_of_wireless_service,1sno2rq,12,66,0.31380853491524857,0.3333333333333333,0.04729295361406627,0.03014830236745636,0.024068913145499797,0.49868790128014306,0.48621856172879535,0.48620224269953644,0.48426468670368195,0.6807499527931213,0.22956782579421997,0.2060498744249344,0.5424336194992065,0.5069186091423035,1,11,0.08333333333333333,0.12566831250054142,1.4451858789480823,0.43370263575812035,1.0833333333333333,0.9090909090909091,0.3333333333333333,0.75,0.0,0.0,0.25,44.87358787626513,20.25,0.8037060515151963,4.0,1.6666666666666667,1.0,1.5,0.0007646555920170309,0.001911495579406619,0.001762176462216303,1.6578494997550781e-06,3.826870852208231e-06,2.155699644390552e-06,5.880600944389395e-05,0.0002523853909224272,0.00010803803015733141,2.3267128199222498e-05,4.660914419218898e-05,3.145914488413837e-05,0.00017522893419178823,0.0005668967496603727,0.0002421402241452597,7.919753473591602e-05,0.00011344446829752997,0.00010112437812495046,0.00018380217468126777,0.0004403645826490295,0.0004076208073835612,neutral,I'm so desperate for help with minternet speeds!
mint_mobile_unlimited_phone_plan_3_months_of_wireless_service,a2g0wk,12,66,0.3155317658727819,0.09090909090909091,0.037059422091705624,0.028458925948123315,0.02537969552770784,0.4751606506831718,0.46413443169810553,0.4655949906869368,0.4863096922636032,0.5559024214744568,0.2601450979709625,0.19706805050373077,0.5623633861541748,0.5387117862701416,1,11,0.08333333333333333,0.14816257233421007,1.3143738430069454,0.3944457307447306,0.9166666666666666,0.7272727272727273,0.5,0.3333333333333333,0.0,0.08333333333333333,0.5833333333333334,45.19610049550735,42.25,1.0213808021583581,2.0,1.5,1.5,1.3333333333333333,0.01371015725696149,0.15403394401073456,0.004343364323722201,2.2908274767511707e-06,1.0755950825114269e-05,2.791666929624626e-06,0.00018345778759491319,0.001711672288365662,0.0001299057868891396,5.3501376138835134e-05,0.000260932429227978,0.00014578315604012464,0.008048866213963871,0.09442973136901855,0.0007549782909336501,0.00014211706487306705,0.0006107756635174155,0.00029147730674594646,0.0036900650878348216,0.04184296861861488,0.0009438505823444153,neutral,Mint Mobile Has This Year's Absolute Best Value Wireless Plan: 3 Months Of 5GB LTE Data For Just $20
mint_mobile_unlimited_phone_plan_3_months_of_wireless_service,fm7xys,2,1,0.2976617068052292,0.0,0.17776925014797326,0.1216540438142103,0.10260252577461401,0.5752240419387817,0.6243607401847839,0.5987860560417175,0.5987860560417175,0.5987860560417175,0.4195634126663208,0.4195634126663208,0.4195634126663208,0.4195634126663208,0,2,0.0,0.06838431023061275,0.6931471805599453,0.20801459767650946,1.0,1.0,0.5,0.0,0.0,0.0,1.0,4.0,4.0,0.3076923076923077,1.0,1.0,0.0,0.0,0.000596946818404831,0.0007807178189978004,0.0007439636188792065,1.651834224958293e-06,1.982302592296037e-06,1.9162089188284883e-06,3.5801747799268924e-05,4.900598287349567e-05,4.636513585865032e-05,2.7977283934887964e-05,3.384172305231914e-05,3.26688352288329e-05,0.00011674808047246188,0.00012959004379808903,0.0001270216511329636,8.817946945782751e-05,0.00010002985072787851,9.765977447386832e-05,0.0001445508723823726,0.00018252795367364646,0.0001749325374153917,caring,3 month trial on phone previously used on Mint Mobile - New user or not?
mint_mobile_unlimited_phone_plan_3_months_of_wireless_service,jcnqx6,8,28,0.3342391960322857,0.125,0.045603936945687325,0.0343527940264834,0.029913793027209822,0.4523033733878817,0.49886678052800043,0.47159285843372345,0.4828687757253647,0.5738477110862732,0.24196740984916687,0.19322800636291504,0.46026119589805603,0.49236416816711426,3,5,0.375,0.27107088058255613,1.3208883431493221,0.39640074284632404,0.625,0.7142857142857143,0.375,0.375,0.125,0.125,0.375,28.660730974627985,26.25,0.7120678503013164,3.0,1.5,1.0,1.25,0.16586853611443075,0.9516586065292358,0.43062978386878953,6.533853003531931e-05,0.00029879933572374284,0.00017297290905844416,0.0632713660331774,0.20329706370830536,0.17227068394422532,9.456992859213642e-05,0.00021294296311680228,0.0001925924574607052,0.11307581425444369,0.8514041900634766,0.2745008682832121,0.0003047909754059219,0.0007638121605850756,0.0007320443051867186,0.05711340263934754,0.33458688828977756,0.14641608135279963,neutral,Mint 40 day review
mint_mobile_unlimited_phone_plan_3_months_of_wireless_service,jx8yi5,193,18528,0.3140396431168133,0.053475935828877004,0.051805459402207765,0.04130260384927839,0.037944810012347514,0.5041395737387446,0.5073966119504358,0.5013889642271482,0.504753977060318,1.0,0.23383095860481262,0.19234782457351685,0.9114190340042114,0.5062205195426941,34,159,0.17616580310880828,0.22911089570912982,2.2145327453839605,0.6645848832572172,0.9067357512953368,0.8385416666666666,0.3471502590673575,0.47668393782383417,0.06217616580310881,0.25906735751295334,0.20207253886010362,27.57920460257653,25.0,0.935298978790594,8.0,2.233160621761658,1.3333333333333333,3.88388969521045,0.016921519758897576,0.9416731595993042,0.001876400946639478,4.384998001197049e-05,0.007846472784876823,3.424481701586047e-06,0.005606202566112923,0.9310701489448547,0.00013195312058087444,0.00012856134229020423,0.015914328396320343,5.7796507462626343e-05,0.009460352435582884,0.6375795006752014,0.0003355583758093419,0.00017977570619906414,0.008503359742462635,0.00020434311300050468,0.005390043631515772,0.3411737378143395,0.0004295649923506062,neutral,eSIM comes to Mint Mobile!
mint_mobile_unlimited_phone_plan_3_months_of_wireless_service,lgz6x0,13,78,0.31153468787670135,0.16666666666666666,0.05724227358146421,0.04713259469651574,0.04389998001193704,0.46563926071692735,0.49075991755876786,0.4742680107935881,0.48481570184230804,0.615168035030365,0.3435969054698944,0.33747249841690063,0.5489839911460876,0.48841527104377747,3,10,0.23076923076923078,0.28103135698116744,1.1786549963416462,0.35371628384227644,0.6923076923076923,0.5,0.6153846153846154,0.15384615384615385,0.07692307692307693,0.15384615384615385,0.6153846153846154,28.492498753305238,12.0,1.089419069979318,5.0,2.3846153846153846,1.0,1.7777777777777777,0.002365464203579065,0.013405222445726395,0.006718248780816796,2.9969651747635976e-06,1.1590330359467771e-05,8.56928772918764e-06,0.00040634502637168713,0.0044640060514211655,0.00028416225977707666,0.00028048110638897365,0.003247974207624793,6.999839388299733e-05,0.0002883657983217675,0.0009735228377394378,0.0008900236687622967,0.00013521767155347893,0.0006596815655939281,0.00017910141032189135,0.0005798117952316225,0.003033930315420245,0.0019120853380400157,neutral,My Swap to Mint
mint_mobile_unlimited_phone_plan_3_months_of_wireless_service,w8lzs1,181,16290,0.3359611414920139,0.20903954802259886,0.054384071491298105,0.04056356289027341,0.03566289901236274,0.5282338539795908,0.5200779076649632,0.518564584196309,0.5182260572910309,1.0000004768371582,0.3056762218475342,0.3022100329399109,0.8882125616073608,0.5734148621559143,82,99,0.4530386740331492,0.4634979378679016,2.291193563558903,0.6875909196336915,0.9005524861878453,0.8444444444444444,0.2430939226519337,0.47513812154696133,0.03867403314917127,0.055248618784530384,0.430939226519337,39.627648665424786,35.0,1.0726191727892758,6.0,1.408839779005525,1.2972972972972974,2.1526717557251906,0.03425931947489748,0.9148279428482056,0.012081111781299114,5.565649089652079e-05,0.0023337453603744507,5.11595317220781e-06,0.02442621937078414,0.8335950374603271,0.00041321897879242897,7.714998892522759e-05,0.0026047690771520138,9.764414426172152e-05,0.00824633124143751,0.5028919577598572,0.0018300400115549564,0.0002222816990939283,0.007166172843426466,0.0003336618538014591,0.011214493044339129,0.35261814296730637,0.0029341343676302736,neutral,Am I the only person having a great experience with Mint?
mint_mobile_unlimited_phone_plan_3_months_of_wireless_service,wm1ynh,169,14196,0.2969715289904603,0.02976190476190476,0.03967794908466264,0.027745910516627517,0.023543658791330198,0.4753460611850989,0.4774483314697744,0.47108580053448845,0.47353847324848175,0.9999998807907104,0.23071607947349548,0.2142021656036377,0.8134399652481079,0.4432078003883362,58,111,0.3431952662721893,0.35447865563648695,1.8523882452606302,0.5559047290177377,0.9349112426035503,0.7619047619047619,0.46153846153846156,0.2958579881656805,0.05917159763313609,0.31952662721893493,0.3254437869822485,54.30735834624301,55.0,0.967423164384428,10.0,2.408284023668639,1.0930232558139534,2.5985130111524164,0.01470471724000561,0.5836092829704285,0.0012009342201054086,1.0476411953263966e-05,0.0006274750339798629,3.205477605661144e-06,0.005698057549830217,0.500415563583374,0.00010674425575416529,3.870182293336342e-05,0.0008503719000145793,4.18473158788401e-05,0.005314177689915757,0.432439923286438,0.0002131727465894073,0.00014493256266495438,0.006335618440061808,0.00012232619628775864,0.004318510546217195,0.19135770656187864,0.0002837318695507442,neutral,Mint Mobile FAQ - Updated!
mint_mobile_unlimited_phone_plan_3_months_of_wireless_service,zeev10,195,18915,0.30266786829421394,0.07368421052631578,0.047364762305512176,0.03214859435428888,0.02675858468739736,0.5031614418425889,0.506646416444423,0.500156133448419,0.5042058825492859,0.9507932662963867,0.28928640484809875,0.27778056263923645,0.8420712351799011,0.5120729804039001,90,105,0.46153846153846156,0.46423800287720485,1.8873137990710533,0.5663859445925246,0.8512820512820513,0.7061855670103093,0.49743589743589745,0.24102564102564103,0.06666666666666667,0.2,0.49230769230769234,44.53437384368298,42.0,0.8852398470456861,10.0,2.707692307692308,1.1634615384615385,3.0845986984815617,0.011598847740037272,0.7492814064025879,0.0015763488132506593,1.108953638905428e-05,0.000977260060608387,3.970048601331655e-06,0.00662591133231427,0.4109453558921814,0.00016444617358501963,0.0003273972774294611,0.03597460687160492,5.01233858813066e-05,0.002492750136148877,0.2557840645313263,0.00024141346802935003,0.0001182928560294199,0.0015587646048516035,0.00014526372251566497,0.003529048146391392,0.2364691139421969,0.00038941497864470817,neutral,Pixel users MUST manually change their APN to these settings for connectivity
motorola_moto_g_2025_128gb_unlocked_forest_gray,1nve835,2,1,0.17596716806292534,0.0,0.04543865300214195,0.03250315688039606,0.02765490377232879,0.39037781953811646,0.46988046169281006,0.42645543813705444,0.42645543813705444,0.42645543813705444,0.1420103907585144,0.1420103907585144,0.1420103907585144,0.1420103907585144,0,2,0.0,0.03921707533299923,-0.0,0.0,0.5,0.0,1.0,0.5,0.0,0.5,0.0,10.5,10.5,0.42857142857142855,1.0,1.0,0.0,0.0,0.0005196136771701276,0.0005903727142140269,0.0005762209068052471,1.6660371784382733e-06,1.8771825125440955e-06,1.8349534457229312e-06,3.509789348754566e-05,4.190678373561241e-05,4.0545005685999054e-05,2.661713369889185e-05,2.6848332709050737e-05,2.680209290701896e-05,0.00010245671364828013,0.00010730801295721903,0.00010633775309543125,8.137476470437832e-05,8.255713328253478e-05,8.232065956690349e-05,0.00012780436998127698,0.00014019459346551835,0.00013771654876867007,neutral,Best Amazon Prime Day Smartphone Deals October 2025 (Reddit Thread)
motorola_moto_g_power_2024_5g_128gb_unlocked_midnight_blue,1rk6fbp,4,6,0.29038165509700775,0.0,0.03339981958037216,0.022311883635355547,0.016816221414640432,0.5607645660638809,0.47100310524304706,0.5098486344019572,0.5257127285003662,0.5686993598937988,0.5230733752250671,0.5304314494132996,0.5230733752250671,0.6146979331970215,0,4,0.0,0.0549352141097188,1.0397207708399179,0.3120218965147642,0.5,1.0,0.5,0.25,0.25,0.25,0.25,49.19540120783649,79.75,0.8233539951102341,1.0,1.0,0.0,0.0,0.0009949297818820924,0.0016240195836871862,0.0015369031811133028,2.062649826939378e-06,3.656208491520374e-06,3.076997495554679e-06,7.104796623025322e-05,0.00013583412510342896,0.00011684257260640153,6.282990716499626e-05,0.00017984287114813924,0.00013531421354855412,0.00019304328998259734,0.00029845882090739906,0.00027235540037509056,9.643524208513554e-05,0.00013858629972673953,0.00012740296151605434,0.00023672480619533567,0.0003822310845483419,0.0003595151276575355,neutral,Opinions/options on replacing my broken pixel 7 pro?
motorola_moto_g_stylus_2025_256gb_unlocked_pantone_gibraltar_sea,1oqxhi1,8,28,0.29592448845505714,0.0,0.05986035790264087,0.04794498993011404,0.04309179903598937,0.48173325083085466,0.47288317552634646,0.4744090938142368,0.5167068243026733,0.5932531952857971,0.21729685366153717,0.19512003660202026,0.43923527002334595,0.5578223466873169,0,8,0.0,0.07922544004395604,1.3862943611198906,0.4160291953530189,1.0,0.5714285714285714,0.5,0.25,0.0,0.25,0.5,12.175154003132773,11.5,0.590310497121589,4.0,1.75,1.0,1.6666666666666667,0.00044875948879052885,0.0005267177475616336,0.0005212011106777936,1.3895763828486452e-06,1.4939598713681335e-06,1.4698594668516307e-06,2.9048217584204394e-05,3.633414235082455e-05,3.300784119346644e-05,2.1712063244194724e-05,2.665907231858e-05,2.45652508965577e-05,0.00010675568137230584,0.00011897093645529822,0.0001130335069319699,7.70211572671542e-05,8.55031466926448e-05,8.184159014490433e-05,0.00011411436410687276,0.00013101745086411634,0.0001286503849125135,neutral,Motorola g stylus 5G 2025 unlocked $300 best buy or free with straight talk unlocks in 60 days with them. Just pay for the first month's plan which is $55
nokia_2780_flip_phone_unlocked_black,1mta0l7,5,10,0.25284324362874033,0.0,0.027478995253364495,0.024562597285521848,0.024007663620887253,0.39661103338003156,0.4805262804031372,0.4307234793901443,0.4287234842777252,0.5162863731384277,0.1772640198469162,0.11630460619926453,0.1772640198469162,0.35886722803115845,0,5,0.0,0.0938000239431858,0.9502705392332347,0.28517773633985943,1.0,1.0,0.6,0.6,0.0,0.2,0.2,39.174481489867865,25.0,1.0148829401520172,2.0,1.2,1.0,1.0,0.04633757792762481,0.22947967052459717,0.13802475130651148,4.8857765477805515e-06,1.7911341274157166e-05,1.1592239115998384e-05,0.0009444249750231393,0.004545483738183975,0.0027547249512281276,3.259916920796968e-05,5.8444107708055526e-05,5.3561443928629165e-05,0.02809389992908109,0.13996750116348267,0.0840500815655105,0.00015094147529453038,0.00042479526018723845,0.0002960285928566009,0.012594054875463218,0.062415634355905546,0.03753179001652522,neutral,What type of phone should i get?
nokia_2780_flip_phone_unlocked_black,1mta31l,4,6,0.31955359131097794,0.0,0.02803737420544088,0.022054097503351477,0.02084281132932753,0.4610535204410553,0.47963061432043713,0.45250847438971203,0.4551238417625427,0.5286937952041626,0.22377295792102814,0.20924577116966248,0.22377295792102814,0.45090794563293457,0,4,0.0,0.17632795963436365,1.0397207708399179,0.3120218965147642,0.75,1.0,0.5,0.5,0.0,0.25,0.25,36.07197665778797,58.75,0.8961981778332415,2.0,1.5,2.0,1.3333333333333333,0.00044484352838480845,0.0004947786219418049,0.00048680286563467233,1.4096059715029696e-06,1.5415787402162096e-06,1.5175898738561954e-06,3.2518170883122366e-05,3.870053478749469e-05,3.7628085556207226e-05,1.974427686946001e-05,2.1913998352829367e-05,2.1058156926301307e-05,0.00011222362445550971,0.00012837770918849856,0.0001259453987586312,6.866387866466539e-05,7.625452417414635e-05,7.538462887168862e-05,0.00011323384753817814,0.00012294058874810312,0.00012132988795580482,neutral,What type of phone should i get?
nokia_2780_flip_phone_unlocked_black,1n8h1qj,3,3,0.2168754388888677,0.0,0.010824145580016098,0.007585138609545905,0.006479027597761269,0.41170040766398114,0.4990820586681366,0.41824014981587726,0.4424912631511688,0.46143466234207153,0.18013328313827515,0.09923429787158966,0.18013329803943634,0.40119031071662903,1,2,0.3333333333333333,0.2998178092141946,1.0986122886681096,0.32969533691986563,0.6666666666666666,1.0,0.3333333333333333,0.3333333333333333,0.0,0.3333333333333333,0.3333333333333333,44.294469180700204,54.0,0.7770959505386,1.0,1.0,0.0,0.0,0.16651327046565711,0.2691669762134552,0.2612295150756836,9.43670526491284e-06,1.7911341274157166e-05,1.606584028195357e-05,0.0021585615589477434,0.004545483738183975,0.004013837059028447,5.1080197105572246e-05,6.026575283613056e-05,5.990142381051555e-05,0.1252751358115347,0.23569710552692413,0.21655118465423584,0.000345196914471065,0.00047167003504000604,0.0004622950800694525,0.04905878027549685,0.08454865861782916,0.08012205376544444,neutral,Does anyone have experience with this phone?
oneplus_15_512gb_unlocked_infinite_black,1r1fgxx,1,0,0.2800505757331848,0.0,0.0,0.0,0.0,0.0,0.0,0.0,0.0,0.0,0.0,0.0,0.0,0.0,0,1,0.0,0.028645437210798264,-0.0,0.0,1.0,0.0,1.0,1.0,0.0,0.0,0.0,0.0,0.0,0.0,1.0,1.0,0.0,0.0,0.0013634474016726017,0.0013634474016726017,0.0013634474016726017,5.537113793252502e-06,5.537113793252502e-06,5.537113793252502e-06,0.0002084400039166212,0.0002084400039166212,0.0002084400039166212,4.0042530599748716e-05,4.0042530599748716e-05,4.0042530599748716e-05,0.00013868756650481373,0.00013868756650481373,0.00013868756650481373,0.00013401878823060542,0.00013401878823060542,0.00013401878823060542,0.0003150289007862739,0.0003150289007862739,0.0003150289007862739,neutral,"[USA-OR][H] OnePlus 15 Infinite Black 512GB, Samsung Galaxy Watch 8 44MM [W] PayPal"
samsung_galaxy_s25_128gb_unlocked_silver_shadow,1ktk1lc,4,6,0.2982257604598999,0.0,0.1433188623567932,0.13829246617532473,0.1294038321256578,0.4378510043025017,0.5488435079654058,0.46562941869099933,0.39882975816726685,0.9356261491775513,0.3229352533817291,0.256152480840683,0.3229353129863739,0.5303582549095154,0,4,0.0,0.08854869101196527,0.6931471805599453,0.20801459767650946,1.0,0.6666666666666666,0.5,0.25,0.0,0.5,0.25,31.075512867851433,21.25,1.336581198617266,1.0,1.0,0.0,0.0,0.01978192311071325,0.07669719308614731,0.05415248633362354,1.4522651014203802e-05,4.8324807721655816e-05,3.5998845305584844e-05,0.0028786516863874567,0.011199096217751503,0.007920918817399071,0.0006579806349691353,0.0025416368152946234,0.0017939744859177158,0.0031936781560943928,0.012441501021385193,0.008744779072731036,0.0005740658307331614,0.0019655199721455574,0.0014193028880981732,0.004516803678318601,0.017482211986740975,0.012344576740512522,neutral,[USA-NH] [H] 4x Samsung Galaxy S25 128gb Unlocked - Like New [W] Paypal
samsung_galaxy_s25_128gb_unlocked_silver_shadow,1rokpjn,1,0,0.056951623409986496,0.0,0.0,0.0,0.0,0.0,0.0,0.0,0.0,0.0,0.0,0.0,0.0,0.0,0,1,0.0,0.024972908198833466,-0.0,0.0,1.0,0.0,1.0,1.0,0.0,0.0,0.0,0.0,0.0,0.0,1.0,1.0,0.0,0.0,0.0014569471823051572,0.0014569471823051572,0.0014569471823051572,1.6189352436413174e-06,1.6189352436413174e-06,1.6189352436413174e-06,6.95597700541839e-05,6.95597700541839e-05,6.95597700541839e-05,2.8541066058096476e-05,2.8541066058096476e-05,2.8541066058096476e-05,0.0003904365294147283,0.0003904365294147283,0.0003904365294147283,9.38160956138745e-05,9.38160956138745e-05,9.38160956138745e-05,0.0003401532631149469,0.0003401532631149469,0.0003401532631149469,gratitude,BRAND NEW SEALED Samsung Galaxy S25 - 128GB - Silver Shadow (Canadian Model) $900
samsung_galaxy_s25_ultra_256gb_unlocked_titanium_silverblue,1ikcq62,2,1,0.28896327316761017,0.0,0.0019880759144020295,0.00199204284378078,0.001996028314588583,0.26635706424713135,0.4332851767539978,0.3299073874950409,0.3299073874950409,0.3299073874950409,0.26411184668540955,0.26411184668540955,0.26411184668540955,0.26411184668540955,1,1,0.5,0.49588995054364204,-0.0,0.0,1.0,0.0,1.0,0.5,0.0,0.5,0.0,33.0,33.0,0.75,1.0,1.0,0.0,0.0,0.0011427161807660013,0.0018265157705172896,0.001689755852567032,4.99795834230099e-06,8.401540981139988e-06,7.720824453372187e-06,0.00016680702174198814,0.00029851432191208005,0.00027217286187806165,4.077340418007225e-05,5.447076910058968e-05,5.173129611648619e-05,0.00011252769036218524,0.00011961032578255981,0.0001181937986984849,0.00012183334911242127,0.00016396860883105546,0.00015554155688732863,0.0002649426007508282,0.00041191355618745246,0.00038251936510012765,neutral,"[USA-CA][H]  New/Unopened - Samsung Galaxy S25 Ultra (Unlocked) - Titanium Silverblue - 256GB [W] Local Cash, PayPal"
samsung_galaxy_s26_512gb_unlocked_black,1rfzdob,10,45,0.30040428340435027,0.0,0.05634880691059344,0.04825209988204385,0.04771817358895152,0.45595267679956225,0.4417339265346527,0.44240259130795795,0.45558997988700867,0.5785984992980957,0.2608889639377594,0.24144792556762695,0.5432535409927368,0.5599979162216187,1,9,0.1,0.1568800875917077,0.8979457248567797,0.26947497433450346,0.9,0.4444444444444444,0.6,0.0,0.2,0.1,0.7,26.68632608659349,41.0,0.9599397872875356,1.0,1.0,0.0,0.0,0.005083877968718298,0.04124961793422699,0.006331133190542446,2.9712718969676644e-06,8.460678145638667e-06,4.501338844420387e-06,0.0002163008102797903,0.0012179316254332662,0.00040612326993141293,0.00011952893255511299,0.0006446049665100873,0.0003067247918806969,0.0013837416052410844,0.012318323366343975,0.0014712363597936884,0.00013102757147862576,0.0003873241366818547,0.00019620862440206102,0.0011562413600283133,0.009304377117890303,0.0014243423508749674,neutral,Should I upgrade from S25 ultra w/ 512GB
samsung_galaxy_s26_512gb_unlocked_black,1rkk4j7,5,10,0.2987171173095703,0.0,0.07250057710857552,0.06547450950701325,0.06428545764057797,0.4893286764621735,0.4526714771986008,0.4626087427139282,0.4505512863397598,0.5580189228057861,0.20952875912189484,0.18905094265937805,0.20952875912189484,0.3375287353992462,1,4,0.2,0.2306790232658386,0.6730116670092565,0.20197189726925563,1.0,0.75,0.6,0.0,0.0,0.2,0.8,5.192301994298868,7.0,0.44002559273719216,2.0,1.2,1.0,1.0,0.006922840268816799,0.030310966074466705,0.01890513161197305,2.6597786018101033e-06,6.298588232311886e-06,4.624205212166999e-06,0.00012886114600405563,0.00039457203820347786,0.0002733790868660435,0.00020377582659421024,0.0008467205334454775,0.000536315524368547,0.0015542235123575665,0.006920815911144018,0.004279747465625407,0.00026190779462922367,0.0009100699098780751,0.0005949385813437402,0.0015123780545006108,0.006564907175895011,0.004095450728254946,neutral,Who else pre ordered s26U from Best Buy ? Did anyone got it early yet?
samsung_galaxy_s26_512gb_unlocked_black,1rrzmnb,3,3,0.3008413414160411,0.0,0.029461609521123883,0.029659197670041517,0.03039079354931809,0.3758866786956787,0.383400559425354,0.3788602153460185,0.3687517046928406,0.45514023303985596,0.12027981132268906,0.16485130786895752,0.12027981132268906,0.19431905448436737,1,2,0.3333333333333333,0.24274630223711333,0.6365141682948128,0.1910189384688593,1.0,0.5,0.6666666666666666,0.0,0.0,0.3333333333333333,0.6666666666666666,11.775681155103795,14.0,0.841120082507414,1.0,1.0,0.0,0.0,0.0036294725238500782,0.009798327460885048,0.007970736362040045,2.5145828506841403e-06,4.088358309672913e-06,3.673621768029989e-06,9.9854041764047e-05,0.00020914693595841527,0.00017921087419381365,0.00011346010918108125,0.0002875651989597827,0.00023657676429138518,0.0003853878806694411,0.0009270121809095144,0.0007665690092835576,0.0002783036155354542,0.0006680020014755428,0.0005521965795196593,0.0007514987923084642,0.0019823570227496625,0.001618160535182748,neutral,Samsung now has the Double Store deal
samsung_galaxy_s26_ultra_1tb_unlocked_black,1rrzmnb,3,3,0.3008413314819336,0.0,0.029461609521123883,0.029659197670041517,0.03039079354931809,0.3758866488933563,0.3834005395571391,0.3788601855436961,0.3687516450881958,0.45514020323753357,0.12027982622385025,0.16485130786895752,0.12027982622385025,0.19431911408901215,1,2,0.3333333333333333,0.2427462637424469,0.6365141682948128,0.1910189384688593,1.0,0.5,0.6666666666666666,0.0,0.0,0.3333333333333333,0.6666666666666666,11.775681155103795,14.0,0.841120082507414,1.0,1.0,0.0,0.0,0.0036294729313037046,0.009798327460885048,0.00797073660651222,2.5145958109836406e-06,4.088405148650054e-06,3.6736584661412055e-06,9.9854041764047e-05,0.00020914673223160207,0.00017921073376783172,0.00011345991030490647,0.0002875646750908345,0.00023657632700633258,0.0003853889284073375,0.0009270157315768301,0.0007665718498174102,0.00027830245865819353,0.0006679981597699225,0.0005521935207070783,0.0007514988110415288,0.0019823568607838147,0.0016181604493795024,neutral,Samsung now has the Double Store deal
samsung_galaxy_s26_ultra_256gb_unlocked_black,1rpdrt3,1,0,0.27774709463119507,0.0,0.0,0.0,0.0,0.0,0.0,0.0,0.0,0.0,0.0,0.0,0.0,0.0,0,1,0.0,0.03080553188920021,-0.0,0.0,1.0,0.0,1.0,1.0,0.0,0.0,0.0,0.0,0.0,0.0,1.0,1.0,0.0,0.0,0.0018900817958638072,0.0018900817958638072,0.0018900817958638072,9.512395081401337e-06,9.512395081401337e-06,9.512395081401337e-06,0.00031463828054256737,0.00031463828054256737,0.00031463828054256737,5.554255403694697e-05,5.554255403694697e-05,5.554255403694697e-05,0.0001337695721304044,0.0001337695721304044,0.0001337695721304044,0.00018500228179618716,0.00018500228179618716,0.00018500228179618716,0.0004314244799085524,0.0004314244799085524,0.0004314244799085524,neutral,[USA-UT] [H] Samsung Galaxy S26 Ultra [W] PayPal
samsung_galaxy_s26_ultra_512gb_unlocked_black,1rfzdob,10,45,0.30040428340435027,0.0,0.05634880691059344,0.04825209988204385,0.04771817358895152,0.45595267679956225,0.4417339265346527,0.44240259130795795,0.45558997988700867,0.5785984992980957,0.2608889639377594,0.24144792556762695,0.5432535409927368,0.5599979162216187,1,9,0.1,0.1568800875917077,0.8979457248567797,0.26947497433450346,0.9,0.4444444444444444,0.6,0.0,0.2,0.1,0.7,26.68632608659349,41.0,0.9599397872875356,1.0,1.0,0.0,0.0,0.005083877968718298,0.04124961793422699,0.006331133190542446,2.9712718969676644e-06,8.460678145638667e-06,4.501338844420387e-06,0.0002163008102797903,0.0012179316254332662,0.00040612326993141293,0.00011952893255511299,0.0006446049665100873,0.0003067247918806969,0.0013837416052410844,0.012318323366343975,0.0014712363597936884,0.00013102757147862576,0.0003873241366818547,0.00019620862440206102,0.0011562413600283133,0.009304377117890303,0.0014243423508749674,neutral,Should I upgrade from S25 ultra w/ 512GB
samsung_galaxy_s26_ultra_512gb_unlocked_black,1rkk4j7,5,10,0.2987171173095703,0.0,0.07250057710857552,0.06547450950701325,0.06428545764057797,0.4893286764621735,0.4526714771986008,0.4626087427139282,0.4505512863397598,0.5580189228057861,0.20952875912189484,0.18905094265937805,0.20952875912189484,0.3375287353992462,1,4,0.2,0.2306790232658386,0.6730116670092565,0.20197189726925563,1.0,0.75,0.6,0.0,0.0,0.2,0.8,5.192301994298868,7.0,0.44002559273719216,2.0,1.2,1.0,1.0,0.006922840268816799,0.030310966074466705,0.01890513161197305,2.6597786018101033e-06,6.298588232311886e-06,4.624205212166999e-06,0.00012886114600405563,0.00039457203820347786,0.0002733790868660435,0.00020377582659421024,0.0008467205334454775,0.000536315524368547,0.0015542235123575665,0.006920815911144018,0.004279747465625407,0.00026190779462922367,0.0009100699098780751,0.0005949385813437402,0.0015123780545006108,0.006564907175895011,0.004095450728254946,neutral,Who else pre ordered s26U from Best Buy ? Did anyone got it early yet?
samsung_galaxy_s26_ultra_512gb_unlocked_black,1rrzmnb,3,3,0.3008413414160411,0.0,0.029461609521123883,0.029659197670041517,0.03039079354931809,0.3758866786956787,0.383400559425354,0.3788602153460185,0.3687517046928406,0.45514023303985596,0.12027981132268906,0.16485130786895752,0.12027981132268906,0.19431905448436737,1,2,0.3333333333333333,0.24274630223711333,0.6365141682948128,0.1910189384688593,1.0,0.5,0.6666666666666666,0.0,0.0,0.3333333333333333,0.6666666666666666,11.775681155103795,14.0,0.841120082507414,1.0,1.0,0.0,0.0,0.0036294725238500782,0.009798327460885048,0.007970736362040045,2.5145828506841403e-06,4.088358309672913e-06,3.673621768029989e-06,9.9854041764047e-05,0.00020914693595841527,0.00017921087419381365,0.00011346010918108125,0.0002875651989597827,0.00023657676429138518,0.0003853878806694411,0.0009270121809095144,0.0007665690092835576,0.0002783036155354542,0.0006680020014755428,0.0005521965795196593,0.0007514987923084642,0.0019823570227496625,0.001618160535182748,neutral,Samsung now has the Double Store deal
samsung_galaxy_s26_ultra_512gb_unlocked_sky_blue,1rfzdob,10,45,0.3004042774438858,0.0,0.05634880691059344,0.04825209988204385,0.04771817358895152,0.4559526820977529,0.44173392322328353,0.44240259130795795,0.45558997988700867,0.5785984992980957,0.2608889639377594,0.24144792556762695,0.5432535409927368,0.5599979162216187,1,9,0.1,0.1568800887092948,0.8979457248567797,0.26947497433450346,0.9,0.4444444444444444,0.6,0.0,0.2,0.1,0.7,26.68632608659349,41.0,0.9599397872875356,1.0,1.0,0.0,0.0,0.00508387967129238,0.041249632835388184,0.006331146205775426,2.971263540985092e-06,8.46065358928172e-06,4.501336388784692e-06,0.0002163010933145415,0.001217935117892921,0.0004061236191773784,0.00011952912955166539,0.0006446064217016101,0.00030672517314087587,0.001383740457094973,0.01231831219047308,0.001471235242206599,0.00013102771845296957,0.0003873263776767999,0.0001962085472769103,0.0011562415555412524,0.00930437893278698,0.0014243443902235684,neutral,Should I upgrade from S25 ultra w/ 512GB
samsung_galaxy_s26_ultra_512gb_unlocked_sky_blue,1rtcpx8,3,3,0.30831538637479144,0.3333333333333333,0.10987485609338121,0.08080097309670432,0.07036087733765609,0.5533207257588705,0.5608761707941691,0.5567968487739563,0.5741828680038452,0.5864591002464294,0.5426211953163147,0.5253876447677612,0.5426211953163147,0.5808937549591064,3,0,1.0,0.9021368225415548,1.0986122886681096,0.32969533691986563,0.6666666666666666,1.0,0.3333333333333333,0.0,0.3333333333333333,0.0,0.6666666666666666,3.299831645537222,4.0,0.1767766952966369,3.0,2.0,1.0,1.3333333333333333,0.00045811073505319655,0.0005544783198274672,0.0005293820053339004,1.3721524965149001e-06,1.4683513427371508e-06,1.439918742107693e-06,3.070228801031286e-05,3.4619162761373445e-05,3.3685275775496847e-05,2.307549645289934e-05,2.6480969609110616e-05,2.6021077428595166e-05,0.0001111647021995547,0.00013178825611248612,0.00012585505901370196,7.415690682440375e-05,8.164846803992987e-05,8.044736896408721e-05,0.00011643038017281369,0.00013800627220916795,0.00013256038574809283,neutral,S23 ultra trade in price during pre-order for s26 ultra at Bestbuy.
visible_25_mo_plan_esim_psim_kit_unlimited_5g_data_included_blue,105erdh,1,0,0.30418992042541504,0.0,0.0,0.0,0.0,0.0,0.0,0.0,0.0,0.0,0.0,0.0,0.0,0.0,0,1,0.0,0.019946906715631485,-0.0,0.0,1.0,0.0,1.0,0.0,0.0,0.0,1.0,0.0,0.0,0.0,1.0,1.0,0.0,0.0,0.002487879479303956,0.002487879479303956,0.002487879479303956,2.1099467630847357e-06,2.1099467630847357e-06,2.1099467630847357e-06,0.0001592064363649115,0.0001592064363649115,0.0001592064363649115,3.290579479653388e-05,3.290579479653388e-05,3.290579479653388e-05,0.0006209529237821698,0.0006209529237821698,0.0006209529237821698,0.00011420000373618677,0.00011420000373618677,0.00011420000373618677,0.0005695424307911404,0.0005695424307911404,0.0005695424307911404,neutral,Speed Test using Download location in California (I live in Nevada) - Visible $30 plan
visible_25_mo_plan_esim_psim_kit_unlimited_5g_data_included_blue,10kcqgp,2,1,0.3350445628166199,0.5,0.09752218744846847,0.08649135126333696,0.0762222210027069,0.5629088878631592,0.7728900909423828,0.6513954401016235,0.6513954401016235,0.6513954401016235,0.6848325133323669,0.6848325133323669,0.6848325133323669,0.6848325133323669,0,2,0.0,0.028875721618533134,0.6931471805599453,0.20801459767650946,1.0,1.0,0.5,0.0,0.0,0.5,0.5,23.0,23.0,0.6216216216216216,1.0,1.0,0.0,0.0,0.0004004960210295394,0.00041431590216234326,0.0004115519259357825,1.3084342640468094e-06,1.339181039838877e-06,1.3330316846804634e-06,2.832499194482807e-05,3.064599877689034e-05,3.0181797410477883e-05,1.831037843658123e-05,1.9153048924636096e-05,1.8984514827025124e-05,0.00010875613952521235,0.0001147416332969442,0.00011354453454259783,6.398467667168006e-05,6.663856765953824e-05,6.61077894619666e-05,0.00010353010697864798,0.00010662995255946346,0.00010600998344330037,neutral,PSA - Verizon Visible $30 / Month Plan
visible_25_mo_plan_esim_psim_kit_unlimited_5g_data_included_blue,1255ou2,4,6,0.29876185456911725,0.0,0.06918349762701063,0.05175710455754342,0.04200017078701059,0.5130969087282816,0.500598723689715,0.5067386478185654,0.5153867602348328,0.5312025547027588,0.30766966938972473,0.23143795132637024,0.30766966938972473,0.5220609307289124,1,3,0.25,0.279424128588289,1.0397207708399179,0.3120218965147642,0.75,1.0,0.5,0.25,0.25,0.5,0.0,8.381527307120106,10.5,0.24294282049623495,2.0,1.5,1.0,1.0,0.001308203602093272,0.0038402157370001078,0.0028415239357855175,1.9396561299345194e-06,2.805459416777012e-06,2.5281882017225145e-06,9.032877778736292e-05,0.00026356102898716927,0.00019493360305204992,3.0528717161359964e-05,4.375051139504649e-05,4.1250314097851515e-05,0.0003082360763073666,0.0009395807865075767,0.0006875906568893699,9.148145363724325e-05,0.0001461432402720675,0.00012507239080150614,0.00030511971385275655,0.0008726761272631242,0.000648330478653255,approval,Upgraded to Visible+ & Good Download Speeds (200+mbps) But Horrible Upload Speeds (Less than 5mb) - IPhone 12 mini in SF with 5G UW - any advice on why the upload is so bad???
visible_25_mo_plan_esim_psim_kit_unlimited_5g_data_included_blue,12xq3x1,28,378,0.300930024257728,0.03571428571428571,0.05175312380267201,0.03463393561668972,0.028581179217952123,0.4856101977762091,0.491851669139963,0.4853887875717153,0.4915894418954849,0.6096947193145752,0.30515262484550476,0.31787174940109253,0.7542679309844971,0.6043410301208496,2,26,0.07142857142857142,0.08700451507632222,1.4950426779986528,0.4486647423450144,0.8928571428571429,0.6666666666666666,0.5357142857142857,0.25,0.17857142857142858,0.32142857142857145,0.25,26.62686229953442,47.5,0.6012517293443256,10.0,3.75,1.375,3.323232323232323,0.0004780432978545183,0.001284095924347639,0.0005620605195872486,1.6762217041689707e-06,3.96410041503259e-06,2.232527958767605e-06,4.21005816601142e-05,0.00017473431944381446,5.699062712665182e-05,2.247512786977625e-05,7.013919821474701e-05,2.4367797414015514e-05,0.00011031275321978942,0.0003095208667218685,0.00011646303391898982,7.503651873516251e-05,0.00014568089682143182,8.20982109871693e-05,0.00012160741684058825,0.00033135588432742225,0.00014011107973222657,neutral,"50 GB Premium Data - unlimited on 5GUW? Does that include C-Band as well, or just mmWave?"
visible_25_mo_plan_esim_psim_kit_unlimited_5g_data_included_blue,14ab48c,11,55,0.30561061338944867,0.09090909090909091,0.06276330950207351,0.035255674987831685,0.0242856428669188,0.5272688936103475,0.5251969722184268,0.5235379489985379,0.5246678590774536,0.5980227589607239,0.5339223742485046,0.5671277642250061,0.7078214883804321,0.6744784712791443,3,8,0.2727272727272727,0.2888254323466258,1.294545165844896,0.38849511243739066,0.7272727272727273,0.6,0.5454545454545454,0.2727272727272727,0.0,0.2727272727272727,0.45454545454545453,59.59560691558031,110.0,0.6339958182508544,7.0,3.0,1.0,2.590909090909091,0.07090600682634184,0.7718358039855957,0.0025259614922106266,0.00013352457596159763,0.0014464964624494314,3.4961531127919443e-06,0.07469637326423915,0.8210141062736511,0.0001674040249781683,5.8593761423253454e-05,0.00032607436878606677,7.205253496067598e-05,0.006114022923363585,0.06581594794988632,0.0003773473436012864,0.00019101860115452754,0.001200791564770043,0.00014745720545761287,0.02534992332541399,0.27693987010085647,0.0005489531257201937,neutral,"Traveling internationally with data only esim - visible sim seems to not work anymore, which prevents iMessage to visible number"
visible_25_mo_plan_esim_psim_kit_unlimited_5g_data_included_blue,14e6vu0,188,17578,0.3110176609006039,0.11046511627906977,0.047623152313835244,0.0383873539517547,0.03560578073882679,0.4885313394316798,0.4939715676692067,0.48571662971276663,0.4909125566482544,1.0,0.1964150369167328,0.17964407801628113,0.820709228515625,0.40924620628356934,54,134,0.2872340425531915,0.3118562366159514,2.0753049305603923,0.6228023892961104,0.8404255319148937,0.7700534759358288,0.44680851063829785,0.18617021276595744,0.06382978723404255,0.19680851063829788,0.5531914893617021,62.251683942600714,33.25,1.5474436838832386,10.0,2.7180851063829787,1.375,3.4185303514377,0.07881213192849053,0.9792105555534363,0.1653846211731451,0.0001099663182314321,0.005301839206367731,1.934414849529282e-05,0.035731565138160074,0.902140736579895,0.002832192927598958,0.002777857109868877,0.4986473023891449,0.00026162415742874177,0.03638273558685119,0.9669008851051331,0.07421517074108157,0.0004973910199043259,0.03299529477953911,0.0008292313839774583,0.025718607850251072,0.3445780814023844,0.04891712933343453,neutral,Visible Network Upgrade: Important Updates
visible_25_mo_plan_esim_psim_kit_unlimited_5g_data_included_blue,19deydk,9,36,0.2868625786569383,0.0,0.0385736994842645,0.025691564252698154,0.020309983677122515,0.46461640753679806,0.4586626953548855,0.4554131519463327,0.46136124432086945,0.5921800136566162,0.36258089542388916,0.34867945313453674,0.6066004037857056,0.624903678894043,0,9,0.0,0.04736031653980414,0.8486855577264172,0.2546919179584791,0.8888888888888888,0.375,0.6666666666666666,0.3333333333333333,0.1111111111111111,0.3333333333333333,0.2222222222222222,96.43202685036303,125.0,1.0648935480408188,5.0,2.2222222222222223,1.0,1.9090909090909092,0.0005157615717810889,0.0008679209859110415,0.00062487703980878,1.762013893211487e-06,3.884055786329554e-06,2.3864425202191344e-06,4.070099587099523e-05,0.00011283609637757763,5.410492449300365e-05,2.0760687119844886e-05,2.6995545340469107e-05,2.6166359748458487e-05,0.00011042136773337713,0.00015532424731645733,0.00013831105607096106,8.285553768574673e-05,0.00012324041745159775,9.680217772256583e-05,0.00012871036234737742,0.00020826585879755535,0.00015278787705028666,neutral,Verizon Unlimited Ultimate vs Visible+ with Airalo eSim - Travel to the UK
visible_25_mo_plan_esim_psim_kit_unlimited_5g_data_included_blue,1bl90yf,190,17955,0.3265661014829363,0.2914285714285714,0.042280552481399586,0.03009277025181925,0.02615345186148704,0.49027539148897686,0.4696595245493517,0.47300953777909976,0.4807210862636566,0.8692483305931091,0.2807537615299225,0.2512948513031006,0.8420929908752441,0.5955437421798706,16,174,0.08421052631578947,0.11504304879590084,1.7604766388675877,0.5283219062610967,0.8105263157894737,0.6772486772486772,0.5684210526315789,0.1368421052631579,0.06315789473684211,0.10526315789473684,0.6947368421052632,63.48904872085598,58.75,1.138333420492841,10.0,3.4789473684210526,1.2478632478632479,5.472040668119099,0.07366492645202302,0.9745233058929443,0.09802086055278736,0.00041721208561727366,0.020388053730130196,1.2295174565224421e-05,0.05339924253947079,0.9262386560440063,0.0024178572464734287,0.003616134819965641,0.6688490509986877,0.000336394872283563,0.024216754474841045,0.7248160243034363,0.01898744609206912,0.0005649492288572027,0.014918887056410313,0.0006041765154805026,0.025979869933462497,0.3911875011059844,0.03004251422617758,neutral,Visible *STILL* has a hidden cap on the base plan - it's 400Mbps now.
visible_25_mo_plan_esim_psim_kit_unlimited_5g_data_included_blue,1cfo16r,46,1035,0.33118708237357763,0.2608695652173913,0.052399500548327725,0.040771083813798875,0.036661459549734016,0.4954953798349353,0.4769192748311637,0.48268567807432533,0.49247419834136963,0.764133632183075,0.23294846713542938,0.20463958382606506,0.7480848431587219,0.5073652863502502,13,33,0.2826086956521739,0.32485246427519165,1.6708386698372186,0.5014214057796134,0.8260869565217391,0.6222222222222222,0.5217391304347826,0.15217391304347827,0.021739130434782608,0.10869565217391304,0.717391304347826,28.336954437050675,28.75,0.8621031111801132,5.0,1.6304347826086956,1.2857142857142858,1.9024390243902438,0.08500596792588982,0.9738374948501587,0.18701009824872017,1.3759436085266593e-05,0.00040554555016569793,1.3743062936555361e-05,0.009021261547747165,0.3739285469055176,0.0021251215948723257,7.038640413394087e-05,0.00032721442403271794,0.00018220565834781155,0.06679615521399841,0.9607570171356201,0.08386734686791897,0.0002439014565227452,0.0012550126994028687,0.0006212136649992317,0.026858571997396226,0.3230976712056872,0.05626307232273575,neutral,Visible phone plan - Scam
visible_25_mo_plan_esim_psim_kit_unlimited_5g_data_included_blue,1hotxi4,4,6,0.3042536675930023,0.0,0.03547447508872805,0.02603596140012678,0.022882373325699312,0.5227107008298238,0.5161093771457672,0.5091145634651184,0.5222618579864502,0.566843569278717,0.2876906394958496,0.3138611316680908,0.2876906394958496,0.4345731735229492,0,4,0.0,0.11385434214025736,1.3862943611198906,0.4160291953530189,0.75,1.0,0.25,0.75,0.0,0.25,0.0,29.47032405658275,25.5,0.8930401229267501,2.0,1.5,1.0,1.0,0.0013763244933215901,0.002217579632997513,0.002184560103341937,3.4576687539811246e-06,9.365367077407427e-06,7.027650804047881e-06,5.145792374605662e-05,0.00011343452206347138,9.010093745018822e-05,3.3820241696957964e-05,4.788309524883516e-05,4.39335413830122e-05,0.0002490993338142289,0.0003855595423374325,0.0003775736229727044,0.0003352615331095876,0.0007139164372347295,0.0006202156742801891,0.0003415701990737337,0.000574031111379251,0.0005508101088973187,approval,"Base Visible plan - Will I incur r roaming charge while outside US, if I did not purchase global pass. "
visible_25_mo_plan_esim_psim_kit_unlimited_5g_data_included_blue,1htm9kx,54,1431,0.3200769027074178,0.21568627450980393,0.05274939608928473,0.04412769840297076,0.04166676862098781,0.4764625333889975,0.4599838196127503,0.46368324419237533,0.46812161803245544,0.7241310477256775,0.20451965928077698,0.1719309240579605,0.693522572517395,0.4478403925895691,10,44,0.18518518518518517,0.20065786110030281,1.6522731204212568,0.49584985416587835,0.9259259259259259,0.6981132075471698,0.5370370370370371,0.3333333333333333,0.05555555555555555,0.09259259259259259,0.5185185185185185,34.32366318730179,23.0,1.1760646015953657,6.0,2.6666666666666665,1.3571428571428572,3.080246913580247,0.028850226876481127,0.957693874835968,0.0030343350023031264,0.00011483285376917356,0.005426222458481789,5.278416620058128e-06,0.021155539261632873,0.9092084169387817,0.00030888085311744364,6.773489945367651e-05,0.0012260234216228127,9.163802678813227e-05,0.008977456776914618,0.42364969849586487,0.0004150397027842701,0.000208602305065142,0.0040379855781793594,0.00019673127681016923,0.009895732162219437,0.3834064164645194,0.0007147745341853813,neutral,Nice try Visible - not switching to visible+ plan with save15 code for 24 months!!
visible_25_mo_plan_esim_psim_kit_unlimited_5g_data_included_blue,1jh33hi,24,276,0.30909590298930806,0.08333333333333333,0.05341343073111798,0.042659244135248506,0.03910283833986275,0.4769016793132692,0.4826426912045133,0.47419772923424625,0.475162997841835,0.6869982481002808,0.3480667769908905,0.33594900369644165,0.7207902073860168,0.5747485160827637,1,23,0.041666666666666664,0.07994166567611198,1.0768102826779202,0.323152519417634,1.0416666666666667,0.5217391304347826,0.6666666666666666,0.041666666666666664,0.0,0.5,0.4583333333333333,76.18726927774745,24.5,1.7926416300646457,6.0,2.375,1.4,3.486111111111111,0.0005599582618742716,0.00222621182911098,0.0007601677905768156,1.517670384032499e-06,3.9551737245346885e-06,1.5869169715188035e-06,3.8277889871096704e-05,0.00018337969959247857,4.801844406756572e-05,2.189257323455725e-05,4.8547255573794246e-05,2.8115766508562955e-05,0.0001262612298281359,0.0003116427396889776,0.00015947160427458583,8.855819639090139e-05,0.0003011769149452448,9.698428184492513e-05,0.00013941097026383254,0.0005124856021060017,0.00018031132895354553,neutral,which one is better  - visible+ or  Verizon unlimited welcome -  in terms of quality?
visible_25_mo_plan_esim_psim_kit_unlimited_5g_data_included_blue,1jpwi0o,98,4753,0.3177961350783058,0.1956521739130435,0.0491095794552902,0.03503961191228439,0.030012719626609796,0.5033430719460885,0.49437117756554233,0.4939431549999655,0.49709728360176086,0.7831510305404663,0.2673012912273407,0.26055121421813965,0.7956199049949646,0.501433253288269,24,74,0.24489795918367346,0.2581751717596638,2.187979101084336,0.6566160913602792,0.8163265306122449,0.8556701030927835,0.30612244897959184,0.37755102040816324,0.07142857142857142,0.15306122448979592,0.3979591836734694,37.67304513657685,35.75,0.9011370328007156,7.0,2.5408163265306123,1.2448979591836735,4.112676056338028,0.07886189658685387,0.9609682559967041,0.23430825620889573,0.0002620561060956677,0.009933097288012505,2.1460130665218406e-05,0.05507868737581424,0.9317835569381714,0.004498915909789495,7.46363569175758e-05,0.0006187814869917929,0.00022516924800584066,0.025590394975050893,0.5985930562019348,0.057713712006807326,0.0003728172319750563,0.005681993439793587,0.000951685820473358,0.026706748105451216,0.37728706500881043,0.07310060183960225,neutral,"Alright Visible, you got me 😂"
visible_25_mo_plan_esim_psim_kit_unlimited_5g_data_included_blue,1kng4dl,1,0,0.2778945863246918,0.0,0.0,0.0,0.0,0.0,0.0,0.0,0.0,0.0,0.0,0.0,0.0,0.0,1,0,1.0,0.5016676783561707,-0.0,0.0,1.0,0.0,1.0,0.0,0.0,0.0,1.0,0.0,0.0,0.0,1.0,1.0,0.0,0.0,0.000381744175683707,0.000381744175683707,0.000381744175683707,1.3842368389305193e-06,1.3842368389305193e-06,1.3842368389305193e-06,3.0269600756582804e-05,3.0269600756582804e-05,3.0269600756582804e-05,1.898883783724159e-05,1.898883783724159e-05,1.898883783724159e-05,9.989963291445747e-05,9.989963291445747e-05,9.989963291445747e-05,6.416375254048035e-05,6.416375254048035e-05,6.416375254048035e-05,9.940837276189995e-05,9.940837276189995e-05,9.940837276189995e-05,neutral,The free Moto Razr - 2024 has been replaced with a $149 Moto Razr - 2025 with sign up of an annual Visible+ Pro plan
visible_25_mo_plan_esim_psim_kit_unlimited_5g_data_included_blue,1kw3ijn,12,66,0.2938856432835261,0.0,0.04476897125314717,0.03816841643627164,0.03698200936481346,0.44867179158962134,0.45408397416273755,0.4442794806126392,0.4382786303758621,0.6046542525291443,0.25683268904685974,0.24405896663665771,0.5302674174308777,0.4759926199913025,1,11,0.08333333333333333,0.1552133448421955,1.3579778549873245,0.4075313657491939,1.0,0.6363636363636364,0.5,0.16666666666666666,0.08333333333333333,0.3333333333333333,0.4166666666666667,23.876272508264115,18.75,0.9778678160381207,3.0,1.8333333333333333,1.1666666666666667,1.3636363636363635,0.08057909029351625,0.9597659707069397,0.0011439074587542566,0.0008101473529412336,0.00970373209565878,1.9820078023258247e-06,0.07722578627969294,0.9262142181396484,7.403246127068998e-05,9.807142441786709e-05,0.0008882876136340201,3.539903773344122e-05,0.022892312184922048,0.2732214331626892,0.00018560711614554748,0.0005118458654275552,0.005243045277893543,0.00012888102282886395,0.030352875566819645,0.3625061144994106,0.0002613626842067637,neutral,I set up visible on a Motorola phone - I have the $25 plan . — my cricket hot spot works perfect but I don’t have unlimited — with visible it kept buffering and never really played any tv for us. Is it cause of using Verizon towers or at&ts? Or should I up my plan?
visible_25_mo_plan_esim_psim_kit_unlimited_5g_data_included_blue,1l4126o,50,1225,0.2919029878809097,0.02127659574468085,0.05792822402430176,0.04698085955177915,0.04324542949834387,0.4975522361969461,0.47892900603158134,0.48239943402154106,0.482914537191391,0.8044269680976868,0.32338035106658936,0.3314340114593506,0.7808704972267151,0.5963032245635986,9,41,0.18,0.23523173213005066,1.9736719216444003,0.5923021578110242,0.94,0.7959183673469388,0.42,0.36,0.08,0.18,0.38,35.52889528257246,22.25,1.1938472877208488,4.0,1.36,1.1,1.6,0.004838361162110232,0.2034381926059723,0.0008715202100574974,5.446643017421593e-06,0.00018693451420404017,2.104711779793434e-06,0.00580671633615566,0.2876545488834381,7.115429689292801e-05,5.769765641161939e-05,0.0013549176510423422,3.774862052523531e-05,0.00029992910407599993,0.007942106574773788,0.00021365862194215883,8.766558079514652e-05,0.00037623129901476204,9.751482066349127e-05,0.0018493027470943466,0.08331847898080014,0.00021143137066133029,neutral,It’s finally here - Android wearables support!
visible_25_mo_plan_esim_psim_kit_unlimited_5g_data_included_blue,1l9mcb7,3,3,0.33225612839063007,0.3333333333333333,0.04606210073913733,0.03063227689813429,0.022721523652125226,0.4575308561325073,0.5127999186515808,0.4783988396326701,0.4337739646434784,0.578330934047699,0.27731049060821533,0.14617446064949036,0.27731049060821533,0.47748804092407227,1,2,0.3333333333333333,0.2759522081663211,1.0986122886681096,0.32969533691986563,1.0,1.0,0.3333333333333333,0.6666666666666666,0.0,0.0,0.3333333333333333,22.55363976538303,27.5,0.5638409941345757,2.0,1.3333333333333333,1.0,1.0,0.0006689169094897807,0.001113502192310989,0.000983508740318939,1.3647316260782343e-06,1.4085489965509623e-06,1.3970068266644375e-06,3.2116985797377616e-05,3.4274078643647954e-05,3.400650675757788e-05,2.1533856852329336e-05,2.6507068469072692e-05,2.5366853515151887e-05,0.0001494228951438951,0.00022216814977582544,0.00020035046909470112,9.421777940588072e-05,0.00012011265062028542,0.00011371313885319979,0.00016126219305255695,0.00025298582966115646,0.00022592836494368386,approval,Pre-paying for Visible+ annual plan - do I get Canadian roaming immediately ?
visible_25_mo_plan_esim_psim_kit_unlimited_5g_data_included_blue,1lhwsi6,9,36,0.28903716802597046,0.0,0.07276977325878906,0.04796123909118238,0.037148880923520894,0.5486314851376746,0.5410722701085938,0.5369260932008425,0.5315726399421692,0.7010145783424377,0.35967186093330383,0.4557342827320099,0.6546847224235535,0.6310058832168579,1,8,0.1111111111111111,0.12040220759809017,1.3030924037617193,0.3910601524554098,1.0,0.75,0.5555555555555556,0.2222222222222222,0.2222222222222222,0.1111111111111111,0.4444444444444444,23.012610606221543,26.0,0.5674342341260106,4.0,2.0,1.25,2.3333333333333335,0.002405191021454003,0.017896607518196106,0.00408075358718634,4.147818534268784e-06,2.5852705221041106e-05,6.759665302524813e-06,5.287867012763551e-05,0.0002096300886478275,8.553313964512201e-05,7.485258558719781e-05,0.0004954006290063262,0.0001247032487299294,0.0007573595365910376,0.005930284969508648,0.0013034475734457385,0.00013970486907055601,0.0007211097399704158,0.00020875855698250246,0.0005723557502274498,0.004213147608425061,0.0009629974574939607,neutral,Last year 2024 I signed up for Visible+ Legacy 2 Annual Plan - Can I change or am I'm stuck for another year?
visible_25_mo_plan_esim_psim_kit_unlimited_5g_data_included_blue,1lpq4fk,57,1596,0.31478031894616915,0.15789473684210525,0.043812006383329,0.029715913171151655,0.02489607942142797,0.48526887287546816,0.4794527690829639,0.4767036375806744,0.48079586029052734,0.8211362957954407,0.28406059741973877,0.22393524646759033,0.8348855972290039,0.617145299911499,15,42,0.2631578947368421,0.29653054776421767,1.7549797202503998,0.5266722720323443,0.8596491228070176,0.6964285714285714,0.47368421052631576,0.45614035087719296,0.10526315789473684,0.15789473684210525,0.2807017543859649,58.53825764826727,65.0,1.0232078153790967,4.0,1.7543859649122806,1.2608695652173914,2.0,0.0031071133143677,0.05784066021442413,0.0009016687399707732,3.2377585256925383e-06,4.5925880840513855e-05,2.2856486793898497e-06,0.0011287071949418373,0.04156969487667084,6.984713108977301e-05,2.982913312671212e-05,0.00036121741868555546,3.3972631354117755e-05,0.0008186636880150457,0.03018249198794365,0.00023926136782392854,0.00011026083494040282,0.0011366690741851926,0.00011450519814388825,0.000866301987319565,0.015159260050647086,0.00022253467507956265,neutral,Switched two lines from T-Mobile to Visible a few days ago. Did a 500+ mile road trip today. Here are my thoughts.
visible_25_mo_plan_esim_psim_kit_unlimited_5g_data_included_blue,1mkcv2u,44,946,0.29606757245280524,0.022727272727272728,0.046484517261366605,0.03441916538961044,0.030328017035273495,0.4932011737631945,0.49303353081671936,0.48941248844340285,0.4974375516176224,0.6362097859382629,0.26127657294273376,0.25031375885009766,0.6898650527000427,0.502900242805481,14,30,0.3181818181818182,0.32329468797384336,1.6606889401243212,0.4983754553639338,0.8409090909090909,0.7209302325581395,0.5227272727272727,0.2727272727272727,0.045454545454545456,0.18181818181818182,0.5,28.270927668537333,43.25,0.7654897337942417,4.0,1.5227272727272727,1.25,1.7,0.010897292148993902,0.429701566696167,0.001149257039651275,4.06539854741988e-06,9.330638567917049e-05,2.294942510161491e-06,0.0001509017758756024,0.0025478010065853596,7.599124583066443e-05,0.0028540259495457576,0.12396001070737839,4.021243184979542e-05,0.001055244804526658,0.035970255732536316,0.0002615298522869125,0.0003144425049454598,0.009329630993306637,0.00021036965772509581,0.0025459954304057997,0.1001975577819394,0.0002697999395157543,neutral,What is the downside to the cheapest Visible plan?
visible_25_mo_plan_esim_psim_kit_unlimited_5g_data_included_blue,1mzs1nn,2,1,0.28304634988307953,0.0,0.11207362786164865,0.07026790685768114,0.05607271143374619,0.5963703393936157,0.5581695437431335,0.5766379833221436,0.5766379833221436,0.5766379833221436,0.3453916311264038,0.3453916311264038,0.3453916311264038,0.3453916311264038,0,2,0.0,0.13671371713280678,0.6931471805599453,0.20801459767650946,1.0,1.0,0.5,0.0,0.0,0.5,0.5,4.5,4.5,0.14285714285714285,2.0,1.5,1.0,1.0,0.4536222699098289,0.9067317843437195,0.8161098814569414,0.0033328744209484285,0.006664137355983257,0.005997884768976292,0.3731933381095587,0.7463520765304565,0.671720328846277,0.0004523874213191448,0.0008781294454820454,0.0007929810406494652,0.03078064549845294,0.061457157135009766,0.0553218548076984,0.0017063420054910239,0.003342212410643697,0.0030150383296131626,0.14384797622759984,0.28757091620354913,0.2588263282083593,disappointment,Galaxy A15 5G - Slow Data Speed
visible_25_mo_plan_esim_psim_kit_unlimited_5g_data_included_blue,1n5zlih,61,1830,0.3155404026309649,0.21666666666666667,0.04517629650199133,0.03343311428703845,0.02955471438226316,0.4849543997580236,0.482867946919522,0.4794953192273776,0.4876405745744705,0.9336357712745667,0.2302839457988739,0.20756565034389496,0.7168002128601074,0.46950584650039673,19,42,0.3114754098360656,0.32655787597731,1.872240666048807,0.561862472825945,0.8360655737704918,0.7833333333333333,0.45901639344262296,0.2459016393442623,0.0,0.2459016393442623,0.5081967213114754,35.111868672682725,57.0,0.849593014293394,9.0,2.5245901639344264,1.3571428571428572,2.8076923076923075,0.04395609876221107,0.867515504360199,0.028001893311738968,5.998380128381004e-05,0.001840901793912053,1.1007375178451184e-05,0.02484036804940604,0.6982195973396301,0.0018421559361740947,0.00012274567979759132,0.004372201394289732,9.675961337052286e-05,0.014550062385721697,0.2749731242656708,0.005776410922408104,0.0006512426574414856,0.025851303711533546,0.00032436163746751845,0.01403008355597695,0.3042891747221195,0.007220013554767017,neutral,Global Pass debacle - don't risk ruining your vacation
visible_25_mo_plan_esim_psim_kit_unlimited_5g_data_included_blue,1nhr8mr,44,946,0.3168670576672221,0.20930232558139536,0.050235923184033665,0.0415836179470236,0.0388516095046027,0.4879535885870331,0.48342309252656285,0.48075685053118694,0.4859977513551712,0.6412881016731262,0.21081367135047913,0.18062785267829895,0.7131523489952087,0.44104689359664917,8,36,0.18181818181818182,0.2147298977625641,1.409428159062548,0.4229716857890099,0.9545454545454546,0.5348837209302325,0.6136363636363636,0.13636363636363635,0.06818181818181818,0.22727272727272727,0.5681818181818182,26.435052174547987,27.75,0.9187537880569601,4.0,1.9545454545454546,1.4210526315789473,2.189873417721519,0.07215910562345842,0.969404935836792,0.19192919358611163,0.00017953370640487844,0.006129266694188118,2.0428342213563173e-05,0.02294383609271542,0.8779820799827576,0.0014173646923154608,0.01713047429145511,0.7130647301673889,0.0009282546350732462,0.033254366212614433,0.6238853931427002,0.008365718601271535,0.0006249063745516734,0.015176785178482533,0.0006982499617151921,0.02438203705019999,0.4136938997350323,0.04902049027153542,neutral,Hit the 450 GB throttle on Visible + Pro plan: weird data reporting and reset experience
visible_25_mo_plan_esim_psim_kit_unlimited_5g_data_included_blue,1ntpcvz,11,55,0.30288536711172626,0.0,0.05114262032506798,0.04037710263522787,0.03722618247505091,0.5002760605378584,0.42200526676394723,0.4487044068900022,0.44570404291152954,0.6829012632369995,0.28369075059890747,0.30651456117630005,0.6419817805290222,0.6170209050178528,2,9,0.18181818181818182,0.2053640904751691,1.294545165844896,0.38849511243739066,0.9090909090909091,0.7,0.5454545454545454,0.36363636363636365,0.0,0.2727272727272727,0.36363636363636365,69.65641771528034,139.5,1.093039365004399,3.0,1.5454545454545454,1.0,1.3333333333333333,0.000587453560332175,0.0018267182167619467,0.0008279717876575887,1.499297406388161e-06,2.621708517835941e-06,1.6812971352919703e-06,3.4681834718371235e-05,7.140498200897127e-05,4.920617720927112e-05,2.6734692090196237e-05,9.576018783263862e-05,2.7558280635275878e-05,0.00012626313929848203,0.00023763638455420732,0.00016375503037124872,7.954165068275125e-05,0.00014459741942118853,8.838210487738252e-05,0.00014269569575472732,0.0003964564831827981,0.00019188943131590955,neutral,"Who can tell me the difference between Visible base plan and Visible + plan in-terms of Unlimited bundle , 5G , Premium Data and Deprioritization?"
visible_25_mo_plan_esim_psim_kit_unlimited_5g_data_included_blue,1o7am3t,9,36,0.3133253686957889,0.2222222222222222,0.05704455957154039,0.049358757431080605,0.04634028898222927,0.5122856249411901,0.48671058896515107,0.49470842878023785,0.5002465397119522,0.6526550650596619,0.1994236558675766,0.1453750729560852,0.38943925499916077,0.4122127294540405,2,7,0.2222222222222222,0.275435255219539,0.936888307539016,0.28116170681545455,0.8888888888888888,1.0,0.5555555555555556,0.2222222222222222,0.1111111111111111,0.1111111111111111,0.5555555555555556,35.055511533693085,9.0,1.2228666814078983,2.0,1.4444444444444444,1.0,1.0,0.0006495638032599041,0.0017457361100241542,0.0009331203764304521,1.6836477875080568e-06,2.882495664380258e-06,2.459887127770344e-06,4.606209909575732e-05,0.00011033769260393456,9.003941231640056e-05,2.629081387163347e-05,4.3796135287266225e-05,3.881344891851768e-05,0.00014619211449624144,0.0003208960988558829,0.0002141628065146506,9.846389204742284e-05,0.00026095035718753934,0.00013971101143397393,0.00016137606175974453,0.000413061755277037,0.00023700732625305443,neutral,Question - Anyone transfer from a work provided phone plan to Visible?
visible_25_mo_plan_esim_psim_kit_unlimited_5g_data_included_blue,1p25tmo,2,1,0.2863908112049103,0.0,0.05477617031868136,0.04008655831296254,0.034508041410590315,0.5457471609115601,0.4915277361869812,0.5172204375267029,0.5172204375267029,0.5172204375267029,0.4968561828136444,0.4968561828136444,0.4968561828136444,0.4968561828136444,0,2,0.0,0.050226228311657906,-0.0,0.0,1.0,0.0,1.0,0.0,0.0,1.0,0.0,8.0,8.0,0.2962962962962963,1.0,1.0,0.0,0.0,0.0003981354966526851,0.0004225434677209705,0.00041766187350731346,1.4737871651959722e-06,1.5435972500199568e-06,1.52963523305516e-06,3.158000163239194e-05,3.342221680213697e-05,3.305377376818797e-05,1.91411490959581e-05,2.0703644622699358e-05,2.0391145517351104e-05,9.813617361942306e-05,9.842529107118025e-05,9.836746758082881e-05,6.361901978380047e-05,6.455833499785513e-05,6.43704719550442e-05,0.0001020142713249091,0.00010645661452220641,0.00010556814588274695,neutral,Moving from VZW to Visible Pro + - Best Code for Monthly?
visible_25_mo_plan_esim_psim_kit_unlimited_5g_data_included_blue,1p7bkaj,27,351,0.30096313467732183,0.037037037037037035,0.049197593697108674,0.03657619626816296,0.03193520827367828,0.4883248382314318,0.4905095087666797,0.48598750805922725,0.49577808380126953,0.684961199760437,0.2796013653278351,0.27910107374191284,0.6433326601982117,0.47468456625938416,13,14,0.48148148148148145,0.4639042054337484,1.585324439102631,0.4757584458762036,0.8518518518518519,0.8076923076923077,0.4444444444444444,0.37037037037037035,0.14814814814814814,0.2222222222222222,0.25925925925925924,32.488850044731976,25.5,0.9214274697560539,5.0,1.8518518518518519,1.1666666666666667,1.6538461538461537,0.0029136244524529,0.06287259608507156,0.0010233979672193527,2.064208948232354e-06,1.4752383322047535e-05,2.2371737486537307e-06,0.00019629312339896355,0.004216013941913843,7.27035774616524e-05,2.761322543341925e-05,9.166044037556276e-05,3.326514342916197e-05,0.0008661977165805487,0.01972658559679985,0.0001647117576794699,0.00010170982770634712,0.0005497068050317466,0.00010298894922016189,0.000684583759086735,0.014578552542085768,0.00023522078016261123,neutral,Switched today 🤭 T-Mobile $105 -> 25$
visible_25_mo_plan_esim_psim_kit_unlimited_5g_data_included_blue,1p98kpw,33,528,0.30146387964487076,0.0,0.05483918115345399,0.045604184724038,0.042664204546467493,0.4983853343874216,0.5024851981663343,0.497125717387958,0.49690183997154236,0.6618925333023071,0.24361014366149902,0.23150098323822021,0.6276856660842896,0.4352095127105713,5,28,0.15151515151515152,0.18829634441345028,1.5920690788440186,0.47778252324624254,0.9090909090909091,0.75,0.5454545454545454,0.06060606060606061,0.12121212121212122,0.45454545454545453,0.36363636363636365,19.528510390964048,30.0,0.8147166155522296,3.0,1.4545454545454546,1.0833333333333333,1.1875,0.056511717607711696,0.9422879219055176,0.005421274993568662,0.0003523794090921056,0.008006219752132893,5.3791560276295055e-06,0.05440385309581567,0.9345294237136841,0.00028775275277439507,0.00011026945972072568,0.0015185920055955648,0.00011898124066647147,0.007899964961600772,0.1619054228067398,0.0004887012590188534,0.00036239125091180375,0.004142042249441147,0.000232771018636413,0.019940095964142132,0.3417542357929051,0.0011310561561307022,neutral,Visible Pro + for under ~$10/mo
visible_25_mo_plan_esim_psim_kit_unlimited_5g_data_included_blue,1plliy7,40,780,0.3086620718240738,0.075,0.053474636103076824,0.04772867148242072,0.04721311643276287,0.4716197978036526,0.4793534614527837,0.46889922603582723,0.4771529734134674,0.7924015522003174,0.2000921368598938,0.1632087230682373,0.722305417060852,0.4715344309806824,4,36,0.1,0.14564168499782681,1.513234282486475,0.45412407247684533,0.9,0.6153846153846154,0.575,0.125,0.1,0.325,0.45,39.95994869866577,19.75,1.4245971015567118,6.0,2.1,1.5,2.4875,0.01068375657996512,0.3781488239765167,0.0026679550996050252,3.6078190191801695e-06,7.424879731843248e-05,2.1693604367101215e-06,0.0010729451997121941,0.03991018235683441,8.554512096452528e-05,5.7585037302487764e-05,0.0005821624072268605,0.00011950826810789295,0.007287325513243559,0.28081995248794556,0.0004272200458217418,0.00016020200619095703,0.0017792973667383194,0.0002388991983025335,0.0032109036925722497,0.11682573027186056,0.0005862057010328199,neutral,5G-SA on Visible - Any ETA?
visible_25_mo_plan_esim_psim_kit_unlimited_5g_data_included_blue,1plwqx0,51,1275,0.30985633998501055,0.12244897959183673,0.05643047297437548,0.039069129521846116,0.0326686923857293,0.5164677345285229,0.5118641094366709,0.5115144938814874,0.5136228799819946,0.6485388278961182,0.27953460812568665,0.26497212052345276,0.7318541407585144,0.4921700656414032,8,43,0.1568627450980392,0.18637489023454049,1.8817964663978717,0.5647301840723242,0.7647058823529411,0.74,0.45098039215686275,0.3333333333333333,0.1568627450980392,0.11764705882352941,0.39215686274509803,26.793211854142765,33.5,0.7065428151816344,7.0,2.196078431372549,1.1111111111111112,2.0615384615384613,0.029333953945966,0.9510948657989502,0.0022886209189891815,3.201241718349646e-06,5.378195419325493e-05,2.8376580303302035e-06,0.0001931466420358572,0.004065460991114378,8.248575613833964e-05,0.0002102184527543346,0.006748626008629799,6.011026562191546e-05,0.024660928864499974,0.9161178469657898,0.00024973275139927864,0.00020842926802716274,0.004363987594842911,0.00023776513990014791,0.00910164640250028,0.31263008339434845,0.0005333548853059256,neutral,Real life test of Global Pass - it’s good… and kinda not good.
visible_25_mo_plan_esim_psim_kit_unlimited_5g_data_included_blue,1q31ofv,29,406,0.3129712010805423,0.07692307692307693,0.0432988651407351,0.031991662717978694,0.02797075747301951,0.4684313057091436,0.47247939692635843,0.46603933732791486,0.46843649446964264,0.6482069492340088,0.22899512946605682,0.1933957040309906,0.6684935688972473,0.46559080481529236,10,19,0.3448275862068966,0.39531225858834285,1.9205464860573631,0.5763591280765605,0.8620689655172413,0.7142857142857143,0.41379310344827586,0.06896551724137931,0.06896551724137931,0.2413793103448276,0.6206896551724138,48.3563614555764,50.0,1.0349331972042182,4.0,1.7241379310344827,1.3333333333333333,1.5185185185185186,0.03874223440451997,0.9917877316474915,0.02452878281474113,0.0009883546596256565,0.028553176671266556,1.3646727893501518e-05,0.03279585095145288,0.9464561343193054,0.0008663570741191506,0.00023853921309888266,0.0044196052476763725,0.0002722363686189053,0.03049509486375208,0.8587873578071594,0.0028365685604512672,0.00117042385067305,0.015792660415172577,0.0011577021796256295,0.01740508299052042,0.47370473395373364,0.00652730006446897,neutral,"Four Major Issues with Visible in Four Weeks, Still Love the Price, But Damn…"
visible_25_mo_plan_esim_psim_kit_unlimited_5g_data_included_blue,1qynpk1,31,465,0.3020254900058111,0.03333333333333333,0.05269911894357475,0.041810377088587945,0.038180652793840995,0.5082259430039313,0.4834076320612302,0.49040609457159556,0.49681881070137024,0.6626231074333191,0.37173449993133545,0.3734479546546936,0.7361222505569458,0.56321120262146,1,30,0.03225806451612903,0.06734296853744215,1.5667431692127394,0.4701821765226414,0.9032258064516129,0.7666666666666667,0.5161290322580645,0.25806451612903225,0.16129032258064516,0.1935483870967742,0.3870967741935484,32.633556524632894,28.0,1.045082905231012,10.0,2.870967741935484,1.0666666666666667,3.359375,0.008383777256371574,0.20142294466495514,0.0009292303584516048,4.633605187571506e-06,5.3272833611117676e-05,1.8333216758037452e-06,0.0028947156165339684,0.04939258471131325,5.184961264603771e-05,3.448611853180468e-05,0.00023645551118534058,4.6498156734742224e-05,0.003701427654549104,0.10727947950363159,0.0001966647250810638,0.00010415524804791917,0.0006354837096296251,0.00010767742060124874,0.0025205325832036566,0.059836703489054344,0.0002111653972936741,neutral,Visible on iPad
visible_25_mo_plan_esim_psim_kit_unlimited_5g_data_included_blue,1r1k5k9,30,435,0.3013283054033915,0.06666666666666667,0.045868347572447184,0.03227121614261099,0.0275043541276612,0.5054266962511786,0.5163418774632201,0.506833802831584,0.5098697543144226,0.6745717525482178,0.3378172218799591,0.34948065876960754,0.6673197746276855,0.5477102398872375,7,23,0.23333333333333334,0.24322201516479253,1.1843200748925393,0.35541638314098223,0.9333333333333333,0.4482758620689655,0.6666666666666666,0.23333333333333334,0.13333333333333333,0.1,0.5333333333333333,85.11975877158801,56.0,1.3425829459241012,3.0,1.3333333333333333,1.1428571428571428,1.4166666666666667,0.00382512510016871,0.059384070336818695,0.0016936251195147636,4.97093536750981e-06,5.8745677961269394e-05,3.46193749010127e-06,0.0016620760256652527,0.03192786127328873,0.00017841153021436187,4.699284642507943e-05,0.0005800253711640835,4.38102742919e-05,0.0002809856635091516,0.002541968133300543,0.0003027215745532885,0.00010832621119334362,0.000659781857393682,0.00014804085221840072,0.0009880794637215078,0.013316666940227151,0.00038453837681610514,neutral,How long can I use Visible Hotspot full time?
visible_25_mo_plan_esim_psim_kit_unlimited_5g_data_included_blue,1r7fa5u,164,13366,0.3114417543634772,0.0875,0.0493530119433832,0.03791214122376585,0.033964082667846514,0.4948419488550624,0.4904216328847913,0.4884351656068304,0.49693116545677185,0.7612457275390625,0.2736165523529053,0.2714216709136963,0.7891197204589844,0.5123032331466675,53,111,0.3231707317073171,0.3468778802127373,2.021064205072546,0.6065246592461639,0.8719512195121951,0.7668711656441718,0.45121951219512196,0.24390243902439024,0.06707317073170732,0.21341463414634146,0.47560975609756095,37.542759678574036,32.0,1.0805567896255075,8.0,2.0548780487804876,1.489795918367347,3.440711462450593,0.030862868639992595,0.9572665095329285,0.006890203338116405,2.5353642948774485e-05,0.0015392855275422335,5.138443202667986e-06,0.013368585152808763,0.6627324819564819,0.0002824353578034784,5.93459317647879e-05,0.001085316063836217,8.772102009970694e-05,0.016481345043247553,0.9339972138404846,0.0008564006595406651,0.00015788870338682745,0.0022579224314540625,0.0002844545990228651,0.010159231185691559,0.3155318335626968,0.0014480285800649046,neutral,Visible customer for 5+ Years - cancelling and here's why
visible_25_mo_plan_esim_psim_kit_unlimited_5g_data_included_blue,1s7wdve,20,190,0.29981509745121004,0.05,0.048502601704712614,0.037021272589581156,0.03305973107340078,0.4899217166398701,0.5040773940713782,0.49102757133935626,0.4869377017021179,0.6289546489715576,0.2966400980949402,0.28126072883605957,0.6879621744155884,0.5914391279220581,3,17,0.15,0.16589869214221836,1.3303162832349145,0.39923008301941465,0.85,0.6842105263157895,0.55,0.15,0.2,0.3,0.35,35.25460962767848,38.75,0.9593091055150605,6.0,2.3,1.375,2.8085106382978724,0.0005748251875047572,0.0021092130336910486,0.0008490564185194672,1.5291001432160555e-06,2.2416138563130517e-06,1.7141551438726314e-06,3.7105676346982365e-05,8.608089410699904e-05,5.694651117664763e-05,2.3833334216760706e-05,4.726983024738729e-05,3.414578568481375e-05,0.00012856604625994806,0.0003862969751935452,0.00016735902026994155,9.061078144441126e-05,0.0003947374352719635,9.631507127778606e-05,0.00014274502098601263,0.0004959876825788948,0.00020152800992339812,neutral,Wireless Internet speed difference between the lowest tier and Visible +
visible_25_mo_plan_esim_psim_kit_unlimited_5g_data_included_blue,1sivg38,10,45,0.2888229787349701,0.0,0.05297012331507249,0.038474658317939,0.033280397696765246,0.47461276716656153,0.502901268005371,0.4866867436303033,0.4940492808818817,0.5664505362510681,0.31690824031829834,0.2781905233860016,0.5501981973648071,0.5662887096405029,1,9,0.1,0.17145530823618174,0.3250829733914482,0.09755792971253006,0.9,0.1111111111111111,0.9,0.2,0.1,0.4,0.3,28.462080036427412,40.5,0.7713300822880058,3.0,1.4,1.0,1.25,0.00045785937982145697,0.000652281625661999,0.0005198022408876568,1.4844874726804847e-06,2.2583399186260067e-06,1.6420570091213446e-06,3.056374753214186e-05,4.954939504386857e-05,3.586380007618572e-05,2.2753429766453338e-05,4.3282165279379115e-05,3.0055870774958744e-05,0.00010594435661914758,0.00012432324001565576,0.00011694971908582374,7.812616750015877e-05,9.333878551842645e-05,9.089830273296685e-05,0.00011612192811867319,0.00015656050209145178,0.0001300263605685359,neutral,Porting from Verizon to Visible with physical SIM - will my Verizon service deactivate immediately?
visible_25_mo_plan_esim_psim_kit_unlimited_5g_data_included_blue,1so70ji,35,595,0.3083532503673008,0.08571428571428572,0.057257521741644606,0.04845545904724526,0.04595880008652172,0.4921543850117371,0.4821074971631795,0.48320948211084896,0.48836395144462585,0.6659430265426636,0.19921259582042694,0.16983243823051453,0.6665252447128296,0.4505783021450043,6,29,0.17142857142857143,0.22158575441156114,1.7430697032630087,0.5230980565389607,0.8857142857142857,0.7352941176470589,0.45714285714285713,0.05714285714285714,0.08571428571428572,0.34285714285714286,0.5142857142857142,20.974503472510794,17.5,0.9074259845956462,10.0,3.7714285714285714,1.2857142857142858,3.5416666666666665,0.10923796937152344,0.9921533465385437,0.4998114831745636,0.005886447478360424,0.1345652937889099,0.0004056120831592134,0.09598572012832197,0.9761921763420105,0.30661728559061957,0.00029098579621599386,0.006254398263990879,0.0004683162784203893,0.05901326158366698,0.7663137316703796,0.22450122982263615,0.0013813482772093266,0.021873435005545616,0.0012792112655006375,0.04529928877254969,0.48210306820692495,0.17212654146555945,neutral,No service at home?
visible_25_mo_plan_esim_psim_kit_unlimited_5g_data_included_blue,1sorptz,18,153,0.3136143849955665,0.3333333333333333,0.06269853024053135,0.04653456556093529,0.03954279354767247,0.5141928867966521,0.5040945798353432,0.5035905074449926,0.4997183680534363,0.7205289602279663,0.29530981183052063,0.2735678255558014,0.6368465423583984,0.5121648907661438,2,16,0.1111111111111111,0.16135204821411106,1.5607104090414066,0.46837173537087196,0.8333333333333334,0.7058823529411765,0.5,0.16666666666666666,0.05555555555555555,0.1111111111111111,0.6666666666666666,29.230881691191673,19.5,0.9230804744586844,5.0,1.8888888888888888,1.0,1.6875,0.0543571354679039,0.9623972773551941,0.0024560643592849377,2.930900071381378e-06,2.4941553419921547e-05,2.4907802298912435e-06,0.00011714470201695804,0.0012539003510028124,0.0001289876505325083,3.664396222625833e-05,0.00011098466347903013,6.37253066088306e-05,0.05287542931708029,0.9483166337013245,0.000494631426408887,0.00010949598941402251,0.0004073224263265729,0.0001539686651085504,0.01791646338978546,0.3187467264967078,0.0005459450918920084,neutral,"Bought a Best Buy SIM online, Visible won’t honor"
visible_25_mo_plan_esim_psim_kit_unlimited_5g_data_included_blue,ce994a,3,3,0.3101302882035573,0.0,0.009154654604884306,0.005237261014135173,0.0037619259251397822,0.41841863592465717,0.48205533623695374,0.4410308202107747,0.4522579312324524,0.496513694524765,0.4687449634075165,0.4439847469329834,0.4687449634075165,0.602477490901947,1,2,0.3333333333333333,0.34178199494878453,1.0986122886681096,0.32969533691986563,1.0,1.0,0.3333333333333333,0.3333333333333333,0.0,0.3333333333333333,0.3333333333333333,331.89690501051007,380.0,1.0098283113910043,1.0,1.0,0.0,0.0,0.0423456632415764,0.09165862947702408,0.08032928854227066,2.5066599543303408e-05,6.399802805390209e-05,5.317121376720025e-05,0.004779310675075976,0.012801879085600376,0.010543896234594285,0.00010230165692822386,0.00022586747945751995,0.00019338218553457409,0.018567873257173535,0.05403018370270729,0.04353909355122597,0.000327424878681389,0.0005168860079720616,0.00049124201759696,0.011024606718163138,0.024631828164122755,0.02137436481122374,gratitude,1 Week on Visible - My Review (coming from T-Mobile + Google Voice)
visible_25_mo_plan_esim_psim_kit_unlimited_5g_data_included_blue,en37j1,29,406,0.3038182886583464,0.07142857142857142,0.04863964359348036,0.04010955192206102,0.03766900824349968,0.4819947448857312,0.4786698164904646,0.4763809017506726,0.48505210876464844,0.6159639358520508,0.1638890504837036,0.13156238198280334,0.5820902585983276,0.349182665348053,7,22,0.2413793103448276,0.2631172965569743,2.0188072510183086,0.6058473436590367,0.9655172413793104,0.8928571428571429,0.3793103448275862,0.1724137931034483,0.06896551724137931,0.4482758620689655,0.3103448275862069,25.267698733492995,20.0,0.8871225947594393,9.0,2.8275862068965516,1.0,2.7547169811320753,0.000673421970689027,0.00447241822257638,0.0007377883652225135,1.533039416056548e-06,2.0918325844831998e-06,1.86514998858911e-06,4.110688151458503e-05,0.00018574304704088718,6.48553905193694e-05,2.165144247430425e-05,3.3077201806008816e-05,2.6901219462160954e-05,0.0001770521058492234,0.0016655907966196537,0.00014091380871832367,7.923757986081282e-05,0.00012986404180992395,9.029360953718423e-05,0.00016566716996733481,0.0010800871690435088,0.00017249979514796597,neutral,"How To Download and View Your Visible Phone Call, Messages and Data Records Information - The Official How To Guide"
visible_25_mo_plan_esim_psim_kit_unlimited_5g_data_included_blue,f0tfux,7,21,0.30132247720445904,0.14285714285714285,0.03833450637462358,0.028518458909891273,0.02473520219605742,0.4732741770290193,0.4736051559448242,0.4693989540849413,0.48955464363098145,0.5697304606437683,0.23529155552387238,0.2034810334444046,0.33773180842399597,0.4004760980606079,0,7,0.0,0.03471553325653076,1.15374194270109,0.3462398358738274,1.1428571428571428,0.8333333333333334,0.5714285714285714,0.14285714285714285,0.14285714285714285,0.42857142857142855,0.2857142857142857,20.663484503750446,27.5,0.6103138882964267,3.0,1.7142857142857142,1.0,1.2,0.007079845028264182,0.047012265771627426,0.019090854655951277,2.8906339528995365e-06,1.1388527127564885e-05,5.805173759654285e-06,0.00047956875355989074,0.0031715957447886467,0.0012950226497196137,3.2938653540830796e-05,0.00011002008977811784,5.9532120576477634e-05,0.0031724613644265836,0.02160506881773472,0.008710587264795329,0.00014009780768122124,0.0005506575107574463,0.0002692038542591037,0.0018179670402376016,0.012076832743635654,0.0049021165232792,neutral,Privacy - What data does Visible keep?
visible_25_mo_plan_esim_psim_kit_unlimited_5g_data_included_blue,kwnwi7,3,3,0.29976870616277057,0.0,0.042892699821123835,0.032382472442153296,0.028702804184209896,0.47260387738545734,0.5869118571281433,0.5187954604625702,0.48798879981040955,0.6014894843101501,0.4727717936038971,0.488799512386322,0.4727717936038971,0.527370810508728,0,3,0.0,0.026368556544184685,0.6365141682948128,0.1910189384688593,1.0,0.5,0.6666666666666666,0.3333333333333333,0.0,0.3333333333333333,0.3333333333333333,60.58786090372302,65.0,1.0211437230964553,3.0,2.0,1.0,1.3333333333333333,0.00041690833556155366,0.00047045829705893993,0.0004550910962279886,1.4187490933181834e-06,1.5969200148902019e-06,1.548567638565146e-06,3.111728923007225e-05,4.346515197539702e-05,3.9937049587024374e-05,1.9070195169964183e-05,2.0496836441452615e-05,2.0190238137729464e-05,0.00010603447541749726,0.00011528933828230947,0.00011252257827436552,7.326261887404446e-05,8.076289668679237e-05,7.98897526692599e-05,0.00010796861055774167,0.00011898905451820004,0.00011581990655713525,neutral,Switching to Visible + Buying Pixel 4a 5G - Questions
visible_25_mo_plan_esim_psim_kit_unlimited_5g_data_included_blue,oifbn9,18,153,0.30435235301653546,0.1111111111111111,0.07740829545887876,0.0626054914691054,0.05682713556152567,0.526134825220295,0.5236347459889705,0.5226225790634654,0.5178789496421814,0.6881359219551086,0.33802586793899536,0.3095552623271942,0.6934419870376587,0.5652111768722534,1,17,0.05555555555555555,0.12533590332087544,1.3801087571572688,0.4141728855305775,0.8888888888888888,0.8235294117647058,0.5555555555555556,0.0,0.1111111111111111,0.4444444444444444,0.4444444444444444,9.0008572979892,12.75,0.4836281533247928,4.0,2.388888888888889,1.2727272727272727,1.8823529411764706,0.0007322122708299301,0.004286634270101786,0.0008247906342148785,1.8128162335213144e-06,5.8514638112683315e-06,2.0707162093458467e-06,5.326360577681852e-05,0.00037114525912329555,5.9323970708646826e-05,3.3008984650627506e-05,0.00013790464436169714,4.6209262291085936e-05,0.00012738648931392364,0.0003228834830224514,0.00016171055904123938,8.479000704634625e-05,0.00014126539463177323,0.0001069055258994922,0.00017207902897519453,0.0008776140858420453,0.00019592346451039106,neutral,Using one Visible plan on both laptop and phone - possible?
visible_25_mo_plan_esim_psim_kit_unlimited_5g_data_included_blue,qv88rw,21,210,0.3091791144439152,0.14285714285714285,0.044849690248412726,0.03679470678256403,0.034250070245308246,0.4922337732144764,0.46899895128749663,0.47543832248165496,0.48546697199344635,0.6159121990203857,0.17479731142520905,0.1242017075419426,0.5573447942733765,0.4309760630130768,3,18,0.14285714285714285,0.21347968768151032,1.3906826278129532,0.41734612133390114,0.7619047619047619,0.65,0.6190476190476191,0.2857142857142857,0.047619047619047616,0.14285714285714285,0.5238095238095238,65.61185944456416,24.0,1.4736353458137403,7.0,2.761904761904762,1.25,2.7636363636363637,0.017595303763214144,0.34277674555778503,0.004178543575108051,2.0253022230896195e-05,0.0003829046618193388,4.607033133652294e-06,0.007509042026001788,0.15446503460407257,0.0005956102395430207,8.386575098570792e-05,0.0010183058911934495,0.00010871109407162294,0.0013906745811081713,0.0242204237729311,0.0007712641381658614,0.00019101770400690535,0.0021018132101744413,0.00012959017476532608,0.004465026141257936,0.08749420461632933,0.0009879534492256425,neutral,Tmo to Visible Game Plan - Please Review
visible_25_mo_plan_esim_psim_kit_unlimited_5g_data_included_blue,r8dhui,12,66,0.3145529205600421,0.16666666666666666,0.06592309543054588,0.053763247711907644,0.0498178621742882,0.49430101658358716,0.513119998754877,0.5004573419238582,0.5011038482189178,0.6171531677246094,0.24870213866233826,0.2529371380805969,0.5369209051132202,0.5211490392684937,1,11,0.08333333333333333,0.12255502368013065,1.6762349391347309,0.5030408349836235,1.0,0.9090909090909091,0.3333333333333333,0.0,0.0,0.4166666666666667,0.5833333333333334,13.111434788848328,9.0,0.6752670277518452,5.0,2.5833333333333335,1.125,2.4444444444444446,0.15457142502903784,0.9364280700683594,0.8129571562632921,0.0005338183741514513,0.006366001442074776,1.6958368178165987e-05,0.07492759085607759,0.8972682952880859,0.000913202646188438,0.00018151591287581445,0.0013158037327229977,0.0004709026659838857,0.08322000254702289,0.8647266030311584,0.11863752741483045,0.00045501417116611265,0.0034956594463437796,0.0008522347430698576,0.05231489448172194,0.3294317323792105,0.265490220726224,neutral,Visible solution to terrible data speeds in my town - use your own wifi
visible_25_mo_plan_esim_psim_kit_unlimited_5g_data_included_blue,tiqr8l,13,78,0.3045356099804242,0.08333333333333333,0.05068263472504099,0.037975585406830416,0.03279126831077975,0.49138454978282636,0.47994488363082594,0.48253907645360017,0.48270417749881744,0.6238119006156921,0.24207833409309387,0.20790129899978638,0.5151148438453674,0.45088469982147217,3,10,0.23076923076923078,0.2853388465367831,1.303875529336385,0.3912951697156873,1.0769230769230769,0.6666666666666666,0.5384615384615384,0.15384615384615385,0.07692307692307693,0.15384615384615385,0.6153846153846154,33.09534370795881,36.0,0.8691706428352819,4.0,2.076923076923077,1.3333333333333333,2.0,0.059135683525640234,0.755340576171875,0.0057092132279649415,2.4677655206827553e-06,8.930561307352036e-06,4.683457837018069e-06,8.743051484298821e-05,0.0004961061640642583,0.00015822905406821523,0.00015668557129034665,0.0016539099160581827,8.125642925733704e-05,0.052045339683760315,0.6746306419372559,0.0004712278896477075,0.00013574178256721308,0.0005685455398634076,0.000231761409668252,0.01859389147393696,0.23852242088347944,0.001317953243346893,neutral,Questions - thinking about switching daughter to Visible but might switch her back to Xfinity in the future. Any problems with this plan?
visible_25_mo_plan_esim_psim_kit_unlimited_5g_data_included_blue,tpdz6g,23,253,0.29563348643157794,0.0,0.05219941127733485,0.04345271506650262,0.04065695239248528,0.4737366196430719,0.5158556091926786,0.49007008528049756,0.4942921996116638,0.6435790657997131,0.2834053337574005,0.2839653491973877,0.6420211791992188,0.49250978231430054,5,18,0.21739130434782608,0.21761768214080646,1.5751765904639272,0.47271305997395285,0.9565217391304348,0.8636363636363636,0.5217391304347826,0.2608695652173913,0.08695652173913043,0.391304347826087,0.2608695652173913,46.40880237215939,22.0,1.4366116481287565,4.0,2.0434782608695654,1.0833333333333333,2.242424242424242,0.0007915826496647913,0.006904707755893469,0.0006146902102045716,1.6568132512316958e-06,3.333569566166261e-06,2.4472001314279628e-06,4.5991805445342123e-05,0.0002567671472206712,5.626425554510207e-05,2.7467305145641465e-05,0.0001520369405625388,2.6272480681654997e-05,0.0001617593617360715,0.0012296675704419613,0.00012679292558459568,9.84753183413135e-05,0.00047274131793528795,9.670383878983557e-05,0.0001878222089307319,0.001485417493578704,0.0001453481521290693,neutral,Visible 5G speed test iPhone 12 Max Pro vs Samsung S22 Ultra - speed test taken at the same exact location
visible_25_mo_plan_esim_psim_kit_unlimited_5g_data_included_blue,wqok4o,182,16471,0.3087723149646143,0.10559006211180125,0.04501563663094899,0.03522941391925283,0.031927738306824646,0.48401686684257034,0.4732451850800456,0.4733362561941625,0.4789969325065613,1.0000001192092896,0.23880615830421448,0.2233203649520874,0.854066014289856,0.4745696485042572,15,167,0.08241758241758242,0.12751049446044388,1.8157785996162035,0.5449181147410223,0.8736263736263736,0.6795580110497238,0.5054945054945055,0.19230769230769232,0.09340659340659341,0.25274725274725274,0.46153846153846156,35.35242930747281,36.5,0.9806648580948105,10.0,2.9505494505494507,1.3564356435643565,4.250501002004008,0.022282269526660636,0.987800121307373,0.0017884231987409299,2.525152499239474e-05,0.0019693728536367416,2.4771150947344727e-06,0.01278826980215344,0.7807781100273132,7.999331501196141e-05,3.7562621280932825e-05,0.00040850043296813965,5.2772233902942414e-05,0.012532380621500984,0.9823988080024719,0.0002584089423180559,0.00014109344188549945,0.002142774173989892,0.0001320397001109086,0.007967804589745645,0.39636434213995625,0.00041671038502499896,neutral,Visible launches two new plans: Visible and Visible+ - Details & Megathread
visible_25_mo_plan_esim_psim_kit_unlimited_5g_data_included_blue,wvsdz4,4,6,0.30049824714660645,0.0,0.03837923535775032,0.03279168795705827,0.03142852353209052,0.4766453256209691,0.5112573057413101,0.48601284126440686,0.4781196117401123,0.5308351516723633,0.21820013225078583,0.15058653056621552,0.21820013225078583,0.43108534812927246,0,4,0.0,0.04120187787339091,0.5623351446188083,0.16875769266311968,1.0,0.6666666666666666,0.75,0.0,0.0,0.0,1.0,25.469344318219107,42.75,0.777689902846385,2.0,1.25,1.0,1.0,0.007312209520023316,0.02793639898300171,0.019709506782237443,4.5084364330705284e-06,1.3453791325446218e-05,9.919523961343659e-06,0.00017981855489779264,0.0006165765225887299,0.000445950149151031,0.002686626006379811,0.010683230124413967,0.007484857335475683,0.00042852100159507245,0.0014121204148977995,0.0010213327310339086,0.00018156409896619152,0.0004910368588753045,0.0003693237951665652,0.001798874603049209,0.006858802782517159,0.004839358891655367,neutral,No 5G UW logo on C-Band (n77) and mmwave (n261) isn’t connecting - Visible + issue
visible_25_mo_plan_esim_psim_kit_unlimited_5g_data_included_blue,zzn5mv,14,91,0.31293874979019165,0.14285714285714285,0.05567447461924271,0.0437863807580393,0.039781637775680515,0.49265918397641445,0.5157268116107354,0.499223618716984,0.4968820810317993,0.6237088441848755,0.2339698076248169,0.21749335527420044,0.49375978112220764,0.39722421765327454,5,9,0.35714285714285715,0.3674615728003638,1.7721393884375287,0.5318219163998285,0.9285714285714286,0.8461538461538461,0.42857142857142855,0.42857142857142855,0.0,0.21428571428571427,0.35714285714285715,42.547032799009614,25.75,1.233247327507525,4.0,2.0714285714285716,1.4285714285714286,2.076923076923077,0.00196421831995914,0.02110721729695797,0.0008040651446208357,2.62376330186141e-06,1.7396041585016064e-05,1.9232676436331532e-06,0.00019690502462513644,0.002289719646796584,6.70624980557477e-05,9.644557511429801e-05,0.0010539195500314236,3.100800604443066e-05,0.00029306719235527065,0.002604765584692359,0.00016384623158955945,0.00010271649651778196,0.000429007806815207,0.00010732322334661148,0.00044266272864558145,0.004583670987813093,0.00019385440938701016,neutral,New Visible customer - $30 plan + paypal and Pixel 7
visible_visible_35_mo_plan_esim_psim_kit_unlimited_5g_data_included_blue,105erdh,1,0,0.30418992042541504,0.0,0.0,0.0,0.0,0.0,0.0,0.0,0.0,0.0,0.0,0.0,0.0,0.0,0,1,0.0,0.019946906715631485,-0.0,0.0,1.0,0.0,1.0,0.0,0.0,0.0,1.0,0.0,0.0,0.0,1.0,1.0,0.0,0.0,0.002487879479303956,0.002487879479303956,0.002487879479303956,2.1099467630847357e-06,2.1099467630847357e-06,2.1099467630847357e-06,0.0001592064363649115,0.0001592064363649115,0.0001592064363649115,3.290579479653388e-05,3.290579479653388e-05,3.290579479653388e-05,0.0006209529237821698,0.0006209529237821698,0.0006209529237821698,0.00011420000373618677,0.00011420000373618677,0.00011420000373618677,0.0005695424307911404,0.0005695424307911404,0.0005695424307911404,neutral,Speed Test using Download location in California (I live in Nevada) - Visible $30 plan
visible_visible_35_mo_plan_esim_psim_kit_unlimited_5g_data_included_blue,11gc2ti,1,0,0.30787479877471924,0.0,0.0,0.0,0.0,0.0,0.0,0.0,0.0,0.0,0.0,0.0,0.0,0.0,0,1,0.0,0.27838823199272156,-0.0,0.0,1.0,0.0,1.0,0.0,0.0,1.0,0.0,0.0,0.0,0.0,1.0,1.0,0.0,0.0,0.0006518180598504841,0.0006518180598504841,0.0006518180598504841,2.0979759938200004e-06,2.0979759938200004e-06,2.0979759938200004e-06,5.385678741731681e-05,5.385678741731681e-05,5.385678741731681e-05,3.4440949093550444e-05,3.4440949093550444e-05,3.4440949093550444e-05,0.000103928214230109,0.000103928214230109,0.000103928214230109,7.764132169540972e-05,7.764132169540972e-05,7.764132169540972e-05,0.00015396388471344835,0.00015396388471344835,0.00015396388471344835,neutral,"Give a $5 month, Get a $5 month - you'll both receive a month of $5 service. Visible Mobile Service Unlimited Internet Unlimited Data Text Calls"
visible_visible_35_mo_plan_esim_psim_kit_unlimited_5g_data_included_blue,1255ou2,4,6,0.29876185456911725,0.0,0.06918349762701063,0.05175710455754342,0.04200017078701059,0.5130968789259592,0.5005986938873926,0.5067386279503504,0.5153867304325104,0.5312025547027588,0.30766966938972473,0.23143798112869263,0.30766966938972473,0.5220609903335571,1,3,0.25,0.27942423429340124,1.0397207708399179,0.3120218965147642,0.75,1.0,0.5,0.25,0.25,0.5,0.0,8.381527307120106,10.5,0.24294282049623495,2.0,1.5,1.0,1.0,0.001308203602093272,0.0038402157370001078,0.0028415239357855175,1.9396561299345194e-06,2.805459416777012e-06,2.5281882017225145e-06,9.032877778736292e-05,0.00026356102898716927,0.00019493360305204992,3.0528717161359964e-05,4.375051139504649e-05,4.1250314097851515e-05,0.0003082360763073666,0.0009395807865075767,0.0006875906568893699,9.148145363724325e-05,0.0001461432402720675,0.00012507239080150614,0.00030511971385275655,0.0008726761272631242,0.000648330478653255,approval,Upgraded to Visible+ & Good Download Speeds (200+mbps) But Horrible Upload Speeds (Less than 5mb) - IPhone 12 mini in SF with 5G UW - any advice on why the upload is so bad???
visible_visible_35_mo_plan_esim_psim_kit_unlimited_5g_data_included_blue,12xq3x1,28,378,0.300930024257728,0.03571428571428571,0.05175312380267201,0.03463393561668972,0.028581179217952123,0.48561018855168075,0.49185167245133216,0.48538878221045095,0.49158941209316254,0.6096947193145752,0.30515262484550476,0.31787174940109253,0.7542679309844971,0.6043410301208496,2,26,0.07142857142857142,0.08700451447761484,1.4950426779986528,0.4486647423450144,0.8928571428571429,0.6666666666666666,0.5357142857142857,0.25,0.17857142857142858,0.32142857142857145,0.25,26.62686229953442,47.5,0.6012517293443256,10.0,3.75,1.375,3.323232323232323,0.0004780432978545183,0.001284095924347639,0.0005620605195872486,1.6762217041689707e-06,3.96410041503259e-06,2.232527958767605e-06,4.21005816601142e-05,0.00017473431944381446,5.699062712665182e-05,2.247512786977625e-05,7.013919821474701e-05,2.4367797414015514e-05,0.00011031275321978942,0.0003095208667218685,0.00011646303391898982,7.503651873516251e-05,0.00014568089682143182,8.20982109871693e-05,0.00012160741684058825,0.00033135588432742225,0.00014011107973222657,neutral,"50 GB Premium Data - unlimited on 5GUW? Does that include C-Band as well, or just mmWave?"
visible_visible_35_mo_plan_esim_psim_kit_unlimited_5g_data_included_blue,19deydk,9,36,0.2868625786569383,0.0,0.0385736994842645,0.025691564252698154,0.020309983677122515,0.46461641126208836,0.458662699494097,0.4554131544298596,0.46136121451854706,0.5921799540519714,0.36258089542388916,0.34867945313453674,0.6066004037857056,0.624903678894043,0,9,0.0,0.04736031653980414,0.8486855577264172,0.2546919179584791,0.8888888888888888,0.375,0.6666666666666666,0.3333333333333333,0.1111111111111111,0.3333333333333333,0.2222222222222222,96.43202685036303,125.0,1.0648935480408188,5.0,2.2222222222222223,1.0,1.9090909090909092,0.0005157615717810889,0.0008679209859110415,0.00062487703980878,1.762013893211487e-06,3.884055786329554e-06,2.3864425202191344e-06,4.070099587099523e-05,0.00011283609637757763,5.410492449300365e-05,2.0760687119844886e-05,2.6995545340469107e-05,2.6166359748458487e-05,0.00011042136773337713,0.00015532424731645733,0.00013831105607096106,8.285553768574673e-05,0.00012324041745159775,9.680217772256583e-05,0.00012871036234737742,0.00020826585879755535,0.00015278787705028666,neutral,Verizon Unlimited Ultimate vs Visible+ with Airalo eSim - Travel to the UK
visible_visible_35_mo_plan_esim_psim_kit_unlimited_5g_data_included_blue,1bl90yf,190,17955,0.3265661014829363,0.2914285714285714,0.042280552481399586,0.03009277025181925,0.02615345186148704,0.4902753635390294,0.46965952181394505,0.4730095210073055,0.4807210862636566,0.8692482113838196,0.2807537615299225,0.2512948513031006,0.8420929908752441,0.5955437421798706,16,174,0.08421052631578947,0.11504304879590084,1.7604766388675877,0.5283219062610967,0.8105263157894737,0.6772486772486772,0.5684210526315789,0.1368421052631579,0.06315789473684211,0.10526315789473684,0.6947368421052632,63.48904872085598,58.75,1.138333420492841,10.0,3.4789473684210526,1.2478632478632479,5.472040668119099,0.07366492645202302,0.9745233058929443,0.09802086055278736,0.00041721208561727366,0.020388053730130196,1.2295174565224421e-05,0.05339924253947079,0.9262386560440063,0.0024178572464734287,0.003616134819965641,0.6688490509986877,0.000336394872283563,0.024216754474841045,0.7248160243034363,0.01898744609206912,0.0005649492288572027,0.014918887056410313,0.0006041765154805026,0.025979869933462497,0.3911875011059844,0.03004251422617758,neutral,Visible *STILL* has a hidden cap on the base plan - it's 400Mbps now.
visible_visible_35_mo_plan_esim_psim_kit_unlimited_5g_data_included_blue,1bov244,196,19110,0.3027536920271814,0.06770833333333333,0.0517057881041461,0.0414166738515752,0.03805363039553842,0.49338237701957605,0.48891313269866943,0.4869462451047139,0.4900669753551483,0.9999999403953552,0.21177802979946136,0.18822452425956726,0.8198732137680054,0.4318430423736572,39,157,0.1989795918367347,0.2271827565487094,1.907724337590326,0.5725111804407287,0.8571428571428571,0.7025641025641025,0.5051020408163265,0.14795918367346939,0.0663265306122449,0.28061224489795916,0.5051020408163265,25.595528734761373,27.0,0.8955236758324222,10.0,3.2142857142857144,1.4421052631578948,5.001337792642141,0.046634773716653644,0.9953664541244507,0.006121784681454301,7.976539616056841e-05,0.008570055477321148,6.349433760988177e-06,0.01721071900207177,0.9234439134597778,0.0003281043900642544,7.756149528511148e-05,0.00300503708422184,6.807036697864532e-05,0.02747122562697991,0.9916868805885315,0.0006728019507136196,0.00019077712284120118,0.003362641902640462,0.0002735008019953966,0.015277470393332035,0.3621545705803631,0.0013524502430376137,neutral,New Visible+ plan
visible_visible_35_mo_plan_esim_psim_kit_unlimited_5g_data_included_blue,1cfo16r,46,1035,0.33118708172570105,0.2608695652173913,0.052399500548327725,0.040771083813798875,0.036661459549734016,0.4954953511699962,0.4769192321864879,0.4826856398496075,0.4924742877483368,0.7641335129737854,0.23294846713542938,0.20463958382606506,0.7480847835540771,0.5073652863502502,13,33,0.2826086956521739,0.32485246427519165,1.6708386698372186,0.5014214057796134,0.8260869565217391,0.6222222222222222,0.5217391304347826,0.15217391304347827,0.021739130434782608,0.10869565217391304,0.717391304347826,28.336954437050675,28.75,0.8621031111801132,5.0,1.6304347826086956,1.2857142857142858,1.9024390243902438,0.08500596792588982,0.9738374948501587,0.18701009824872017,1.3759436085266593e-05,0.00040554555016569793,1.3743062936555361e-05,0.009021261547747165,0.3739285469055176,0.0021251215948723257,7.038640508297881e-05,0.00032721442403271794,0.00018220565834781155,0.06679615521399841,0.9607570171356201,0.08386734686791897,0.0002439014565227452,0.0012550126994028687,0.0006212136649992317,0.026858571997554398,0.3230976712056872,0.05626307232273575,neutral,Visible phone plan - Scam
visible_visible_35_mo_plan_esim_psim_kit_unlimited_5g_data_included_blue,1hbxmg6,160,12720,0.3107570896023198,0.09868421052631579,0.05247063802691141,0.044712511928235894,0.04266786632205227,0.4725186238990827,0.4679187286328876,0.4661000482456864,0.4741082042455673,0.8130777478218079,0.18261496722698212,0.15573112666606903,0.7556415796279907,0.39733725786209106,28,132,0.175,0.19713985261041672,1.7001257273365973,0.5102104994291621,0.89375,0.6792452830188679,0.55625,0.15,0.0625,0.3875,0.4,23.771713758162242,23.25,0.987402440629792,9.0,2.38125,1.36986301369863,2.88,0.028047542647618683,0.9720374941825867,0.0015795708168298002,9.35195736154526e-05,0.01103260088711977,3.2221951869360057e-06,0.019855447489430845,0.9104401469230652,0.00010205081562162376,5.221687280254628e-05,0.0010215863585472107,5.406509699241722e-05,0.007583205887704026,0.41028907895088196,0.0002399371514911763,0.00017315437401066447,0.00446027796715498,0.0001397791435010731,0.00930084780753037,0.38486519930302165,0.0003463288075825704,neutral,Visible+ is Getting Even Better — Just in Time for the Holidays!
visible_visible_35_mo_plan_esim_psim_kit_unlimited_5g_data_included_blue,1hlo6bx,10,45,0.3112226492828793,0.1111111111111111,0.051459157827207315,0.04264404176317982,0.04007782874339819,0.43995015886094835,0.46879476375050017,0.45073760483000014,0.4518367648124695,0.6132612824440002,0.27915897965431213,0.3019120693206787,0.5521603226661682,0.5237009525299072,0,10,0.0,0.04936002008616924,1.2206072645530175,0.3663062278517951,0.9,0.6666666666666666,0.5,0.2,0.1,0.4,0.3,19.946177578674067,28.5,0.7822030423009438,3.0,1.7,1.0,1.2857142857142858,0.0033184563741087913,0.028028568252921104,0.0035976699029561035,2.1192929580138298e-06,6.767320883227512e-06,2.7709205141945843e-06,0.0001337525543931406,0.0010345913469791412,0.00014394313766388187,3.1548695187666456e-05,9.132001287071034e-05,4.251241334713994e-05,0.0015737839239591267,0.014725313521921635,0.001584637146152085,0.00019225529686082155,0.0008456349023617804,0.0002622382540721444,0.0008753193562445937,0.0074553658929896,0.0009333950210513321,neutral,On visible plan without global pass - does wifi calling work in China
visible_visible_35_mo_plan_esim_psim_kit_unlimited_5g_data_included_blue,1jh33hi,24,276,0.30909590795636177,0.08333333333333333,0.05341343073111798,0.042659244135248506,0.03910283833986275,0.476901650428772,0.4826426903406779,0.4741977137931879,0.4751628637313843,0.6869982481002808,0.3480668067932129,0.33594900369644165,0.7207902073860168,0.5747485160827637,1,23,0.041666666666666664,0.07994166567611198,1.0768102826779202,0.323152519417634,1.0416666666666667,0.5217391304347826,0.6666666666666666,0.041666666666666664,0.0,0.5,0.4583333333333333,76.18726927774745,24.5,1.7926416300646457,6.0,2.375,1.4,3.486111111111111,0.0005599582618742716,0.00222621182911098,0.0007601677905768156,1.517670384032499e-06,3.9551737245346885e-06,1.5869169715188035e-06,3.8277889871096704e-05,0.00018337969959247857,4.801844406756572e-05,2.189257323455725e-05,4.8547255573794246e-05,2.8115766508562955e-05,0.0001262612298281359,0.0003116427396889776,0.00015947160427458583,8.855819639090139e-05,0.0003011769149452448,9.698428184492513e-05,0.00013941097026383254,0.0005124856021060017,0.00018031132895354553,neutral,which one is better  - visible+ or  Verizon unlimited welcome -  in terms of quality?
visible_visible_35_mo_plan_esim_psim_kit_unlimited_5g_data_included_blue,1joqyjg,190,17955,0.3075222147035075,0.12087912087912088,0.05273529429223901,0.043023727736439865,0.039642705638374416,0.4808356537016545,0.48874813071186246,0.47822286284955823,0.4852880835533142,0.8873619437217712,0.24409210681915283,0.21849767863750458,0.837022602558136,0.4898916482925415,40,150,0.21052631578947367,0.24947623317374995,1.675274702530513,0.5027526664149521,0.868421052631579,0.6455026455026455,0.5684210526315789,0.21052631578947367,0.10526315789473684,0.3,0.38421052631578945,26.270877464791376,21.0,0.9963007421777168,9.0,3.1473684210526316,1.439252336448598,3.713971397139714,0.017812412314110827,0.9481282234191895,0.001420413900632407,6.517357460743847e-05,0.010685805231332779,3.1919943694447265e-06,0.010738907743813654,0.9453679323196411,0.0001033280510455369,3.9879476289091766e-05,0.001124387257732451,5.056755435361991e-05,0.006047866334579578,0.6424291133880615,0.00021807564917253328,0.00013298278086279567,0.003357076086103916,0.00014564591547241434,0.005806203704043895,0.3423137097658279,0.00033847373776438804,neutral,New Visible Plans
visible_visible_35_mo_plan_esim_psim_kit_unlimited_5g_data_included_blue,1jpwi0o,98,4753,0.31779613799375034,0.1956521739130435,0.0491095794552902,0.03503961191228439,0.030012719626609796,0.503343060597003,0.4943711663575366,0.493943144121146,0.4970972239971161,0.7831510901451111,0.2673013210296631,0.26055121421813965,0.7956199049949646,0.501433253288269,24,74,0.24489795918367346,0.25817517158860454,2.187979101084336,0.6566160913602792,0.8163265306122449,0.8556701030927835,0.30612244897959184,0.37755102040816324,0.07142857142857142,0.15306122448979592,0.3979591836734694,37.67304513657685,35.75,0.9011370328007156,7.0,2.5408163265306123,1.2448979591836735,4.112676056338028,0.07886189555990443,0.9609682559967041,0.23430819362401872,0.00026205601261724545,0.009933087974786758,2.1460130665218406e-05,0.05507868680992293,0.9317835569381714,0.004498915909789495,7.46363580498039e-05,0.0006187814869917929,0.00022516924800584066,0.025590390727079557,0.5985930562019348,0.057713712006807326,0.00037281715594872367,0.0056819855235517025,0.000951685820473358,0.026706747103920445,0.3772870025325877,0.07310058210283962,neutral,"Alright Visible, you got me 😂"
visible_visible_35_mo_plan_esim_psim_kit_unlimited_5g_data_included_blue,1kw3ijn,12,66,0.2938856432835261,0.0,0.04476897125314717,0.03816841643627164,0.03698200936481346,0.44867181642489,0.45408397687203955,0.4442794955138004,0.4382784962654114,0.6046541333198547,0.25683268904685974,0.2440589815378189,0.5302674174308777,0.4759926199913025,1,11,0.08333333333333333,0.1552133448421955,1.3579778549873245,0.4075313657491939,1.0,0.6363636363636364,0.5,0.16666666666666666,0.08333333333333333,0.3333333333333333,0.4166666666666667,23.876272508264115,18.75,0.9778678160381207,3.0,1.8333333333333333,1.1666666666666667,1.3636363636363635,0.08057909029351625,0.9597659707069397,0.0011439074587542566,0.0008101473529412336,0.00970373209565878,1.9820078023258247e-06,0.07722578627969294,0.9262142181396484,7.403246127068998e-05,9.807142441786709e-05,0.0008882876136340201,3.539903773344122e-05,0.022892312184922048,0.2732214331626892,0.00018560711614554748,0.0005118458654275552,0.005243045277893543,0.00012888102282886395,0.030352875566819645,0.3625061144994106,0.0002613626842067637,neutral,I set up visible on a Motorola phone - I have the $25 plan . — my cricket hot spot works perfect but I don’t have unlimited — with visible it kept buffering and never really played any tv for us. Is it cause of using Verizon towers or at&ts? Or should I up my plan?
visible_visible_35_mo_plan_esim_psim_kit_unlimited_5g_data_included_blue,1l9mcb7,3,3,0.33225611845652264,0.3333333333333333,0.04606210073913733,0.03063227689813429,0.022721523652125226,0.45753080646197003,0.5127999087174734,0.47839879989624023,0.4337739050388336,0.5783308744430542,0.27731049060821533,0.14617447555065155,0.27731049060821533,0.47748804092407227,1,2,0.3333333333333333,0.2759522081663211,1.0986122886681096,0.32969533691986563,1.0,1.0,0.3333333333333333,0.6666666666666666,0.0,0.0,0.3333333333333333,22.55363976538303,27.5,0.5638409941345757,2.0,1.3333333333333333,1.0,1.0,0.0006689169094897807,0.001113502192310989,0.000983508740318939,1.3647316260782343e-06,1.4085489965509623e-06,1.3970068266644375e-06,3.2116985797377616e-05,3.4274078643647954e-05,3.400650675757788e-05,2.1533856852329336e-05,2.6507068469072692e-05,2.5366853515151887e-05,0.00014942285876410702,0.00022216814977582544,0.00020035046909470112,9.421775030205026e-05,0.00012011265062028542,0.00011371312139090151,0.00016126218213862053,0.00025298582966115646,0.00022592836494368386,approval,Pre-paying for Visible+ annual plan - do I get Canadian roaming immediately ?
visible_visible_35_mo_plan_esim_psim_kit_unlimited_5g_data_included_blue,1lhwsi6,9,36,0.28903716802597046,0.0,0.07276977325878906,0.04796123909118238,0.037148880923520894,0.54863148348199,0.5410722386505868,0.5369260716769431,0.5315726101398468,0.7010143995285034,0.35967186093330383,0.45573416352272034,0.6546847224235535,0.6310057640075684,1,8,0.1111111111111111,0.12040220759809017,1.3030924037617193,0.3910601524554098,1.0,0.75,0.5555555555555556,0.2222222222222222,0.2222222222222222,0.1111111111111111,0.4444444444444444,23.012610606221543,26.0,0.5674342341260106,4.0,2.0,1.25,2.3333333333333335,0.002405191021454003,0.017896607518196106,0.00408075358718634,4.1478186605874926e-06,2.5852705221041106e-05,6.759665302524813e-06,5.287867336139445e-05,0.0002096300886478275,8.553313964512201e-05,7.48525831618786e-05,0.0004954006290063262,0.0001247032487299294,0.0007573595592273503,0.005930284969508648,0.0013034475734457385,0.00013970486907055601,0.0007211097399704158,0.00020875855698250246,0.0005723557541559616,0.004213147608425061,0.0009629974574939607,neutral,Last year 2024 I signed up for Visible+ Legacy 2 Annual Plan - Can I change or am I'm stuck for another year?
visible_visible_35_mo_plan_esim_psim_kit_unlimited_5g_data_included_blue,1muk0xh,80,3160,0.3109778961852977,0.09210526315789473,0.04230598502971764,0.03056912279404957,0.026606114328596258,0.48015320260502115,0.47190474532073057,0.4700676218571165,0.4770147055387497,0.731670081615448,0.22055523097515106,0.1866941750049591,0.7961707711219788,0.481806218624115,25,55,0.3125,0.341767417662777,2.4101639193611213,0.7232941171532108,0.8,0.8481012658227848,0.2875,0.35,0.1125,0.125,0.4125,63.774944874535166,51.5,1.2001871536021673,10.0,2.8625,1.1666666666666667,3.4065420560747666,0.036354157848109026,0.9017371535301208,0.004356451984494921,1.2310010163218976e-05,0.0006948121590539813,7.932729840831593e-06,0.007912909749643404,0.5937145352363586,0.0002729414656641873,4.229022772506141e-05,0.0003370538470335305,7.230233459267751e-05,0.024025515059838652,0.7677506804466248,0.00046665689151268277,0.00016477928720632918,0.001621554489247501,0.0002731954155024138,0.011418660363780947,0.28177401355545345,0.0010345906948865968,neutral,"My Visible by Verizon review & first impressions, needed the hotspot to just work"
visible_visible_35_mo_plan_esim_psim_kit_unlimited_5g_data_included_blue,1n6t77c,124,7626,0.29926270221249535,0.00847457627118644,0.05080337647552806,0.03993029494483004,0.03612035829272924,0.5013831406988061,0.49026807840965314,0.4920113266546083,0.49550315737724304,0.7495551109313965,0.23902717232704163,0.20887911319732666,0.8401436805725098,0.5012248754501343,42,82,0.3387096774193548,0.3550379517668438,2.402860581156959,0.7211023734646524,0.7741935483870968,0.8373983739837398,0.33064516129032256,0.3951612903225806,0.03225806451612903,0.18548387096774194,0.3870967741935484,41.268113987071764,27.25,1.1683210352504336,6.0,1.596774193548387,1.4642857142857142,2.6357142857142857,0.03286688384316456,0.9936612844467163,0.011487991642206916,3.442291636606716e-05,0.003282650373876095,5.743218389397957e-06,0.009802000087655605,0.8634377121925354,0.0003935977874789387,0.00028239665710228315,0.02260938473045826,7.725578034296632e-05,0.02045264262661447,0.9890671372413635,0.0014493421418592342,0.0006242032729841735,0.053548067808151245,0.00041538377990946185,0.010677091567314523,0.33461505608768977,0.002514407833041333,neutral,How’s everyone’s experience been with Visible?
visible_visible_35_mo_plan_esim_psim_kit_unlimited_5g_data_included_blue,1nmhpl0,83,3403,0.3048014282425748,0.02531645569620253,0.05344306095568891,0.044165606778265414,0.04109316338029026,0.5029427342788984,0.47844993898685,0.48469935195116026,0.48884955048561096,0.9999997615814209,0.221639946103096,0.2080235332250595,0.770118236541748,0.4194398522377014,16,67,0.1927710843373494,0.2400870483189103,1.874532475108686,0.5625502484570267,0.9397590361445783,0.6463414634146342,0.46987951807228917,0.24096385542168675,0.04819277108433735,0.25301204819277107,0.4578313253012048,25.825648989707595,18.0,0.9891688353233643,6.0,1.927710843373494,1.131578947368421,1.8837209302325582,0.00887908001152619,0.3098298907279968,0.004476903099566695,7.157180545553011e-06,0.00024384772405028343,3.1079460313776506e-06,0.007152337926702577,0.403167188167572,0.00027416575758252253,0.00011199791653604943,0.004711170680820942,9.513572731520974e-05,0.000994248565704371,0.043747346848249435,0.0008387757756281629,0.00014096184444146691,0.0013631293550133705,0.00017447732097934928,0.002880963907576035,0.12168881359199683,0.0009503857025113873,neutral,Too good to be true?
visible_visible_35_mo_plan_esim_psim_kit_unlimited_5g_data_included_blue,1ntpcvz,11,55,0.30288536711172626,0.0,0.05114262032506798,0.04037710263522787,0.03722618247505091,0.5002760708332061,0.42200528898022394,0.448704422603954,0.44570401310920715,0.6829012632369995,0.2836907207965851,0.30651456117630005,0.6419817805290222,0.6170209050178528,2,9,0.18181818181818182,0.2053640904751691,1.294545165844896,0.38849511243739066,0.9090909090909091,0.7,0.5454545454545454,0.36363636363636365,0.0,0.2727272727272727,0.36363636363636365,69.65641771528034,139.5,1.093039365004399,3.0,1.5454545454545454,1.0,1.3333333333333333,0.000587453560332175,0.0018267182167619467,0.0008279717876575887,1.499297406388161e-06,2.621708517835941e-06,1.6812971352919703e-06,3.4681834718371235e-05,7.140498200897127e-05,4.920617720927112e-05,2.6734692090196237e-05,9.576018783263862e-05,2.7558280635275878e-05,0.00012626313929848203,0.00023763638455420732,0.00016375503037124872,7.954165068275125e-05,0.00014459741942118853,8.838210487738252e-05,0.00014269569575472732,0.0003964564831827981,0.00019188943131590955,neutral,"Who can tell me the difference between Visible base plan and Visible + plan in-terms of Unlimited bundle , 5G , Premium Data and Deprioritization?"
visible_visible_35_mo_plan_esim_psim_kit_unlimited_5g_data_included_blue,1nu7j7l,24,276,0.30274257560571033,0.041666666666666664,0.042891262372402275,0.03071803549070482,0.02609337533539909,0.4695351013670797,0.4706090011674425,0.4659528125455414,0.4697280675172806,0.5871673822402954,0.23270228505134583,0.20247045159339905,0.6326483488082886,0.4399377703666687,3,21,0.125,0.17502328582728902,1.5094626441371208,0.4529921976660895,0.875,0.7391304347826086,0.5,0.3333333333333333,0.125,0.08333333333333333,0.4583333333333333,41.21918040589033,41.75,0.8723636064738693,9.0,3.9166666666666665,1.2142857142857142,3.292134831460674,0.0016247804220862843,0.014989731833338737,0.0016031140112318099,2.5216210133294226e-06,1.2618083928828128e-05,3.5759258935286194e-06,0.00011591269647700149,0.0016140452353283763,0.0001305024641624186,4.125642999497359e-05,0.0003520275931805372,4.5709642654401245e-05,0.00024719904528562137,0.001775563694536686,0.00037143762747291473,0.000306551726074152,0.005156287923455238,0.0001668538665398955,0.0003897036568218936,0.003163337125746087,0.0003556022629065107,neutral,Best Buy Offer - Visible+ $30/mo. for 12 months Visible+ Pro $35/mo for 12 months
visible_visible_35_mo_plan_esim_psim_kit_unlimited_5g_data_included_blue,1o7am3t,9,36,0.3133253686957889,0.2222222222222222,0.05704455957154039,0.049358757431080605,0.04634028898222927,0.5122856108678712,0.4867105608185132,0.49470841470691895,0.5002464950084686,0.6526551246643066,0.1994236558675766,0.1453750729560852,0.38943925499916077,0.4122127294540405,2,7,0.2222222222222222,0.275435255219539,0.936888307539016,0.28116170681545455,0.8888888888888888,1.0,0.5555555555555556,0.2222222222222222,0.1111111111111111,0.1111111111111111,0.5555555555555556,35.055511533693085,9.0,1.2228666814078983,2.0,1.4444444444444444,1.0,1.0,0.0006495638032599041,0.0017457361100241542,0.0009331203764304521,1.6836477875080568e-06,2.882495664380258e-06,2.459887127770344e-06,4.606209909575732e-05,0.00011033769260393456,9.003941231640056e-05,2.629081387163347e-05,4.3796135287266225e-05,3.881344891851768e-05,0.00014619211449624144,0.0003208960988558829,0.0002141628065146506,9.846389204742284e-05,0.00026095035718753934,0.00013971101143397393,0.00016137606175974453,0.000413061755277037,0.00023700732625305443,neutral,Question - Anyone transfer from a work provided phone plan to Visible?
visible_visible_35_mo_plan_esim_psim_kit_unlimited_5g_data_included_blue,1o8qvla,91,4095,0.3151455161335704,0.17582417582417584,0.05208900218558352,0.03795108135733037,0.03267505392051581,0.49868202833174496,0.49289754021808196,0.49154342161139,0.5003337860107422,0.6641322374343872,0.20616059005260468,0.19402633607387543,0.7355794906616211,0.3991193473339081,6,85,0.06593406593406594,0.09756362759559364,1.9945527627960014,0.5985685322450781,0.8901098901098901,0.6444444444444445,0.4835164835164835,0.1978021978021978,0.14285714285714285,0.10989010989010989,0.5494505494505495,35.39392751673336,31.5,0.9478656280231712,10.0,3.197802197802198,1.372093023255814,4.70573566084788,0.03650108230099399,0.9779572486877441,0.0032478170469403267,2.6858798629381364e-06,5.9613739722408354e-05,4.052969870826928e-06,0.00017218310525065166,0.003031902713701129,0.00019880192121490836,3.6164254977068466e-05,0.00023800965573173016,7.197809463832527e-05,0.0309156601516796,0.9640504717826843,0.0003564032376743853,0.00011764325193196003,0.0007307327468879521,0.00020478028454817832,0.011290903157449366,0.324300218665788,0.0006581979832086896,neutral,The next evolution of Visible?
visible_visible_35_mo_plan_esim_psim_kit_unlimited_5g_data_included_blue,1pfeyi2,148,10878,0.315544141366564,0.15172413793103448,0.04964431724149542,0.03686869636630387,0.03218931014524419,0.49590122267277853,0.4961290486837753,0.4907875992611152,0.49734069406986237,0.8287887573242188,0.28003165125846863,0.27086448669433594,0.8334041833877563,0.5240879654884338,45,103,0.30405405405405406,0.3218095249660011,2.1374521119805268,0.6414528596470034,0.9594594594594594,0.8367346938775511,0.3716216216216216,0.40540540540540543,0.060810810810810814,0.17567567567567569,0.3581081081081081,35.47554109107984,38.5,0.9414344775828969,10.0,2.608108108108108,1.25,3.4511930585683297,0.01067356418679009,0.8035311698913574,0.0027272616047412162,1.085199448880303e-05,0.000954265589825809,5.654950246025695e-06,0.00591433673723775,0.6791613101959229,0.0001691246856353248,0.0018187632160358614,0.2073066681623459,7.783329419908116e-05,0.0013101699380943476,0.13194753229618073,0.00043611596338450953,0.00023027294719213387,0.004666464403271675,0.00034108485560864255,0.003326326503306498,0.26950661159450345,0.0006534852929083483,neutral,"Visible + Pro for $225/yr with code BLACKFRIDAY50CARE upgraded from legacy, Apple Watch carried over, billing starts after my Feb renewal (no downtime)"
visible_visible_35_mo_plan_esim_psim_kit_unlimited_5g_data_included_blue,1plliy7,39,741,0.3075619210035373,0.07692307692307693,0.053182191810439386,0.047049034254309514,0.04631822964680243,0.4751885130538953,0.48246230178999033,0.47204855353886943,0.4819084703922272,0.7924015522003174,0.19780150055885315,0.15506020188331604,0.722305417060852,0.4870222806930542,4,35,0.10256410256410256,0.14806264457412255,1.537603341703725,0.461437266832965,0.8974358974358975,0.5789473684210527,0.5641025641025641,0.1282051282051282,0.10256410256410256,0.3333333333333333,0.4358974358974359,40.33818250472314,20.5,1.4121984898421927,6.0,2.1025641025641026,1.5333333333333334,2.5063291139240507,0.01089165572491952,0.3781488239765167,0.002589538833126429,3.6470941127985357e-06,7.424879731843248e-05,2.1711940007662636e-06,0.0010989127755377782,0.03991018235683441,8.688849484315145e-05,5.601844270877803e-05,0.0005821624072268605,9.967837249860176e-05,0.007464305161519382,0.28081995248794556,0.00041223539737984675,0.00015825376780972315,0.0017792973667383194,0.00020414600730873667,0.003278798827767997,0.11682573027186056,0.0006073552738371297,neutral,5G-SA on Visible - Any ETA?
visible_visible_35_mo_plan_esim_psim_kit_unlimited_5g_data_included_blue,1pq2n7h,70,2415,0.3000791673274601,0.058823529411764705,0.042881254986245315,0.029740352865687165,0.02534308652276576,0.49546565274027315,0.49608691212553413,0.49131751006187613,0.49185460805892944,0.7090460658073425,0.2920963168144226,0.2600484788417816,0.7721261978149414,0.5666413307189941,27,43,0.38571428571428573,0.38292889906359573,2.051208788787335,0.6155710979094391,0.8285714285714286,0.7536231884057971,0.4142857142857143,0.38571428571428573,0.05714285714285714,0.2,0.35714285714285715,67.4169542050493,52.5,1.1663832907447975,6.0,1.9285714285714286,1.1428571428571428,2.04,0.022367583583192234,0.840934693813324,0.0020277514355257153,4.939446168431719e-05,0.0033012153580784798,6.236648823687574e-06,0.008586136826254784,0.5931529998779297,0.00013157271023374052,3.725786546056042e-05,0.0007219772087410092,4.3551427006605093e-05,0.008558250187239278,0.4772787392139435,0.00036136646813247355,0.00023535353720944842,0.005343965720385313,0.0002602456457680092,0.006638996076840102,0.24799986973327273,0.0005312762617146896,neutral,Thoughts on visible + and visible as a whole???
visible_visible_35_mo_plan_esim_psim_kit_unlimited_5g_data_included_blue,1pxzn2n,58,1653,0.30732141655904277,0.12962962962962962,0.045699732030967825,0.037252736403893025,0.03466664780032081,0.47152815160611433,0.48603561677430807,0.4736504537079887,0.4761737883090973,0.6613430976867676,0.24449962377548218,0.2216370403766632,0.7275276780128479,0.5011926293373108,5,53,0.08620689655172414,0.1282663500129149,1.2192527110218396,0.36589972413119765,0.9482758620689655,0.543859649122807,0.6724137931034483,0.1896551724137931,0.05172413793103448,0.29310344827586204,0.46551724137931033,57.38028689901746,40.25,1.3678818907287351,6.0,2.4310344827586206,1.2857142857142858,3.726829268292683,0.020913513129424497,0.9834871292114258,0.009817940182983875,4.868961407910005e-06,0.00010055316670332104,7.88049856055295e-06,0.00024424286807359373,0.007284620311111212,0.00030832129705231636,0.0011073580578873777,0.04141170158982277,8.914055870263836e-05,0.017366238101862233,0.9696007966995239,0.0008915077138226472,0.000257569206261341,0.0024029912892729044,0.0008444142760708926,0.006648965054152827,0.3269191698976404,0.0021950340846425805,neutral,At how many GB will I get throttled on this plan?
visible_visible_35_mo_plan_esim_psim_kit_unlimited_5g_data_included_blue,1q7dsma,64,2016,0.3032452971674502,0.03125,0.05152820994974206,0.03805725388741979,0.03334304560155055,0.49197394575273234,0.49581228759849355,0.4898639756387898,0.4926935285329819,0.7549216747283936,0.3055776059627533,0.29039984941482544,0.8397291302680969,0.5791705846786499,19,45,0.296875,0.31008939602179453,1.7837780619360744,0.5353147012703267,0.921875,0.6507936507936508,0.546875,0.25,0.03125,0.125,0.59375,30.189489453077872,32.5,0.8378696118807388,5.0,1.796875,1.4444444444444444,2.409090909090909,0.05428490257872909,0.9852943420410156,0.0058043328113853935,0.00024651928817043256,0.013435590080916882,5.544351665776057e-06,0.04020231126114027,0.916590690612793,0.00016709989577066157,7.68533805626248e-05,0.0016327104531228542,7.643982899026015e-05,0.020755165264858988,0.7544628977775574,0.0006950883194804206,0.00039405569964401366,0.0065418207086622715,0.0003428948504733862,0.019326634578850907,0.4461650907857499,0.0013851963580729415,neutral,Any downsides?
visible_visible_35_mo_plan_esim_psim_kit_unlimited_5g_data_included_blue,1qez7dd,44,946,0.32967923013936906,0.3333333333333333,0.04634079410333645,0.0369123874386726,0.03357331420559915,0.47820080246532193,0.48148755423614387,0.4756857854871367,0.4766300469636917,0.6955403685569763,0.1744927316904068,0.13207775354385376,0.7127538919448853,0.43154919147491455,12,32,0.2727272727272727,0.2933278308800337,2.181262663530814,0.654600477512746,0.8636363636363636,0.7674418604651163,0.38636363636363635,0.11363636363636363,0.0,0.18181818181818182,0.7045454545454546,32.01161979114603,34.0,0.9491315841040603,10.0,3.590909090909091,1.25,4.848360655737705,0.0551832782002748,0.9750770330429077,0.07494362145662324,9.840853160560734e-06,0.000179126305738464,2.0794010197278112e-05,0.003164718270743999,0.11520757526159286,0.0023103498504497165,0.0004157924918631166,0.015275071375072002,0.0002636279707076029,0.04181374927859658,0.9648076891899109,0.004654591856524348,0.004457755312945334,0.18687568604946136,0.0005354342691134666,0.01750752240126406,0.3236558352121695,0.021951860627208043,neutral,Visible doesn't allow numbers in email domain
visible_visible_35_mo_plan_esim_psim_kit_unlimited_5g_data_included_blue,1qt5z73,61,1830,0.3091165680309822,0.06896551724137931,0.045471664348936645,0.0347746097107534,0.030939123300169152,0.4740944154112717,0.47583925869784066,0.47035470110633987,0.4763074368238449,0.691436231136322,0.283080130815506,0.26880061626434326,0.7798216342926025,0.5275850296020508,12,49,0.19672131147540983,0.22643034144869592,1.4787274245007866,0.44376850820090774,0.9508196721311475,0.5666666666666667,0.639344262295082,0.22950819672131148,0.08196721311475409,0.29508196721311475,0.39344262295081966,50.96019176625549,36.0,1.2105029975629225,7.0,2.1311475409836067,1.2608695652173914,3.58,0.03163637301968563,0.9809076189994812,0.0013483153888955712,3.1526527431062695e-05,0.0016875079600140452,2.564865553722484e-06,0.013531524342964032,0.7983987331390381,0.00011744911898858845,3.6107132652179014e-05,0.00034541336935944855,5.113227598485537e-05,0.018607885445698094,0.9726989269256592,0.00026984474970959127,0.00013600121287783592,0.001761957653798163,0.00014201212616171688,0.010663236280218143,0.3261580253547436,0.0003026369097369752,neutral,Switching from Verizon to Visible. What am I missing ?
visible_visible_35_mo_plan_esim_psim_kit_unlimited_5g_data_included_blue,1r7fa5u,164,13366,0.3114417539909482,0.0875,0.0493530119433832,0.03791214122376585,0.033964082667846514,0.4948419195767222,0.4904215184281316,0.48843509818035813,0.49693118035793304,0.7612457275390625,0.2736165523529053,0.27142173051834106,0.7891197204589844,0.5123032331466675,53,111,0.3231707317073171,0.3468778793041299,2.021064205072546,0.6065246592461639,0.8719512195121951,0.7668711656441718,0.45121951219512196,0.24390243902439024,0.06707317073170732,0.21341463414634146,0.47560975609756095,37.542759678574036,32.0,1.0805567896255075,8.0,2.0548780487804876,1.489795918367347,3.440711462450593,0.03086286865294735,0.9572665095329285,0.006890203338116405,2.5353642957093033e-05,0.0015392855275422335,5.138443202667986e-06,0.013368585154239554,0.6627324819564819,0.0002824353578034784,5.934593196443308e-05,0.001085316063836217,8.772102009970694e-05,0.016481345046530607,0.9339972138404846,0.0008564006595406651,0.000157888703874849,0.0022579224314540625,0.0002844545990228651,0.010159231188752322,0.3155318335626968,0.0014480285800649046,neutral,Visible customer for 5+ Years - cancelling and here's why
visible_visible_35_mo_plan_esim_psim_kit_unlimited_5g_data_included_blue,1rsjmjo,52,1326,0.31853307955540144,0.1346153846153846,0.05234860684850796,0.040534629197389156,0.03652069285798304,0.4942971448418242,0.4752363589441974,0.48055914533219185,0.4927622824907303,0.670561671257019,0.2641793489456177,0.2355535626411438,0.732671320438385,0.5187894105911255,14,38,0.2692307692307692,0.3064451433288363,1.9303707176531146,0.5793073959772108,0.9423076923076923,0.803921568627451,0.4807692307692308,0.23076923076923078,0.07692307692307693,0.09615384615384616,0.5961538461538461,29.720013727727842,29.25,0.9259680730029046,6.0,2.1153846153846154,1.4210526315789473,3.844311377245509,0.047713646457570855,0.9896036386489868,0.01720316233113406,1.2419981181630226e-05,0.00040882377652451396,3.842434239231805e-06,0.010621416409601526,0.5412868857383728,0.000382505994639359,0.0001290504363938593,0.00481017678976059,8.38916421344038e-05,0.0360916379561856,0.9844717383384705,0.0014043031143955878,0.0002088705451359811,0.002650490729138255,0.0002645929926075041,0.015796173631011576,0.3296673299179626,0.004034705899160443,neutral,I switched from ATT to Visible
visible_visible_35_mo_plan_esim_psim_kit_unlimited_5g_data_included_blue,1sgbrnm,179,15931,0.31958498687229375,0.2159090909090909,0.05046214409308938,0.03942457865170167,0.03539781501479101,0.4944691543476287,0.489846372528045,0.4883389671949125,0.493634968996048,0.7836833596229553,0.24765005707740784,0.2229660600423813,0.809843897819519,0.4947720170021057,26,153,0.1452513966480447,0.16805057286404532,1.5741519116952984,0.47240555220679753,0.888268156424581,0.5898876404494382,0.5977653631284916,0.07262569832402235,0.0670391061452514,0.1564245810055866,0.7039106145251397,37.837715393772854,28.5,1.1464033607795092,8.0,2.64804469273743,1.4482758620689655,4.0843373493975905,0.052872811379555,0.9913553595542908,0.07761087268590902,0.0001063515308312401,0.00991366058588028,9.807686365093104e-06,0.01951756069876113,0.9050429463386536,0.0011837264522910102,0.00020217342711851787,0.008770987391471863,0.00026320343022234727,0.026857331892556457,0.9526897072792053,0.010452203638851616,0.0003558116000098197,0.012373315170407295,0.0005536344600841402,0.01665200675480536,0.4679732756242932,0.02072933835564374,neutral,Visible+ Pro rep confirms ~400GB soft cap on “unlimited” plan
visible_visible_35_mo_plan_esim_psim_kit_unlimited_5g_data_included_blue,1sjsl35,47,1081,0.3038361535427418,0.06382978723404255,0.05634468371093401,0.043097090195168546,0.03816732256619763,0.49689817445130396,0.49830889587431015,0.49338384461998386,0.502729058265686,1.0,0.2600139379501343,0.2599093019962311,0.7236306071281433,0.5031455755233765,9,38,0.19148936170212766,0.24516329775623819,1.4313212657325174,0.42954184275360097,0.9361702127659575,0.6739130434782609,0.5319148936170213,0.3191489361702128,0.06382978723404255,0.2127659574468085,0.40425531914893614,22.593180124529383,19.5,0.7825198716675615,6.0,2.3191489361702127,1.3043478260869565,2.1839080459770117,0.0011051846761008764,0.01383544784039259,0.0014866193057969208,2.0983501734859755e-06,9.893397873383947e-06,2.7319578748574702e-06,9.698066118134909e-05,0.0018195593729615211,9.180573397316039e-05,0.00010499178199794148,0.0018084290204569697,4.770384475705212e-05,0.00016083475651264072,0.0008301229099743068,0.00023788757680449633,9.949971160707758e-05,0.00038711982779204845,0.0001393660990288481,0.0002615983229288952,0.0029088866096268853,0.00034332170578939725,neutral,"Signed up for the 1/2 off promo on the Visible + Pro plan last year and its ending soon, need some ideas on what I should do going forward"
visible_visible_35_mo_plan_esim_psim_kit_unlimited_5g_data_included_blue,1slomjf,33,528,0.30855883703087317,0.15151515151515152,0.045370157955264265,0.03300773450150784,0.028496092235991734,0.4818667523901571,0.4660147405370618,0.4710010366909432,0.478534460067749,0.6592086553573608,0.23009181022644043,0.1938057243824005,0.7072209119796753,0.49083900451660156,4,29,0.12121212121212122,0.20378549639700036,1.4913060682614458,0.4475433796778081,0.8181818181818182,0.71875,0.5757575757575758,0.06060606060606061,0.030303030303030304,0.18181818181818182,0.7272727272727273,40.15218981708766,27.0,0.9182413471683248,4.0,1.606060606060606,1.6666666666666667,2.1702127659574466,0.06204369499446881,0.7267792224884033,0.12336003314703714,7.645717771469428e-05,0.0011963460128754377,0.0001164989444077947,0.051054119737686546,0.6022919416427612,0.13740665363147866,6.589671837983505e-05,0.00046797774848528206,0.00018219955381937328,0.006569596542138959,0.09307442605495453,0.010338912648148844,0.0002524076484074943,0.0018974841805174947,0.00047453847946599137,0.020010362136466054,0.2298743962601293,0.04530177441314061,neutral,Talked to a rep about the 400GBs thing
visible_visible_35_mo_plan_esim_psim_kit_unlimited_5g_data_included_blue,ce994a,3,3,0.3101302882035573,0.0,0.009154654604884306,0.005237261014135173,0.0037619259251397822,0.4184186061223348,0.48205528656641644,0.4410308003425598,0.45225790143013,0.4965136647224426,0.4687449038028717,0.44398465752601624,0.4687449038028717,0.602477490901947,1,2,0.3333333333333333,0.34178199494878453,1.0986122886681096,0.32969533691986563,1.0,1.0,0.3333333333333333,0.3333333333333333,0.0,0.3333333333333333,0.3333333333333333,331.89690501051007,380.0,1.0098283113910043,1.0,1.0,0.0,0.0,0.0423456632415764,0.09165862947702408,0.08032928854227066,2.5066599543303408e-05,6.399802805390209e-05,5.317121376720025e-05,0.004779310675075976,0.012801879085600376,0.010543896234594285,0.00010230165692822386,0.00022586747945751995,0.00019338218553457409,0.018567873257173535,0.05403018370270729,0.04353909355122597,0.000327424878681389,0.0005168860079720616,0.00049124201759696,0.011024606718163138,0.024631828164122755,0.02137436481122374,gratitude,1 Week on Visible - My Review (coming from T-Mobile + Google Voice)
visible_visible_35_mo_plan_esim_psim_kit_unlimited_5g_data_included_blue,en37j1,29,406,0.3038182886583464,0.07142857142857142,0.04863964359348036,0.04010955192206102,0.03766900824349968,0.4819947348292825,0.47866980621380173,0.4763808900793198,0.48505212366580963,0.615963876247406,0.1638890504837036,0.13156241178512573,0.5820902585983276,0.349182665348053,7,22,0.2413793103448276,0.263117295978912,2.0188072510183086,0.6058473436590367,0.9655172413793104,0.8928571428571429,0.3793103448275862,0.1724137931034483,0.06896551724137931,0.4482758620689655,0.3103448275862069,25.267698733492995,20.0,0.8871225947594393,9.0,2.8275862068965516,1.0,2.7547169811320753,0.000673421970689027,0.00447241822257638,0.0007377883652225135,1.533039416056548e-06,2.0918325844831998e-06,1.86514998858911e-06,4.110688151458503e-05,0.00018574304704088718,6.48553905193694e-05,2.165144247430425e-05,3.3077201806008816e-05,2.6901219462160954e-05,0.0001770521058492234,0.0016655907966196537,0.00014091380871832367,7.923757986081282e-05,0.00012986404180992395,9.029360953718423e-05,0.00016566716996733481,0.0010800871690435088,0.00017249979514796597,neutral,"How To Download and View Your Visible Phone Call, Messages and Data Records Information - The Official How To Guide"
visible_visible_35_mo_plan_esim_psim_kit_unlimited_5g_data_included_blue,kwnwi7,3,3,0.29976870616277057,0.0,0.042892699821123835,0.032382472442153296,0.028702804184209896,0.47260374824206036,0.5869117577870687,0.5187953611214956,0.4879887104034424,0.601489245891571,0.4727717936038971,0.48879948258399963,0.4727717936038971,0.5273708701133728,0,3,0.0,0.026368562132120132,0.6365141682948128,0.1910189384688593,1.0,0.5,0.6666666666666666,0.3333333333333333,0.0,0.3333333333333333,0.3333333333333333,60.58786090372302,65.0,1.0211437230964553,3.0,2.0,1.0,1.3333333333333333,0.00041690833556155366,0.00047045829705893993,0.0004550910962279886,1.4187490933181834e-06,1.5969200148902019e-06,1.548567638565146e-06,3.111728923007225e-05,4.346515197539702e-05,3.9937049587024374e-05,1.9070195169964183e-05,2.0496836441452615e-05,2.0190238137729464e-05,0.00010603447541749726,0.00011528933828230947,0.00011252257827436552,7.326261887404446e-05,8.076289668679237e-05,7.98897526692599e-05,0.00010796861055774167,0.00011898905451820004,0.00011581990655713525,neutral,Switching to Visible + Buying Pixel 4a 5G - Questions
visible_visible_35_mo_plan_esim_psim_kit_unlimited_5g_data_included_blue,oifbn9,18,153,0.30435235301653546,0.1111111111111111,0.07740829545887876,0.0626054914691054,0.05682713556152567,0.5261348211297802,0.5236347117065604,0.5226225560786677,0.5178789496421814,0.6881358623504639,0.33802586793899536,0.309555321931839,0.6934419274330139,0.5652111768722534,1,17,0.05555555555555555,0.125335903527836,1.3801087571572688,0.4141728855305775,0.8888888888888888,0.8235294117647058,0.5555555555555556,0.0,0.1111111111111111,0.4444444444444444,0.4444444444444444,9.0008572979892,12.75,0.4836281533247928,4.0,2.388888888888889,1.2727272727272727,1.8823529411764706,0.0007322122708299301,0.004286634270101786,0.0008247906342148785,1.8128162335213144e-06,5.8514638112683315e-06,2.0707162093458467e-06,5.326360577681852e-05,0.00037114525912329555,5.9323970708646826e-05,3.3008984650627506e-05,0.00013790464436169714,4.6209262291085936e-05,0.00012738648931392364,0.0003228834830224514,0.00016171055904123938,8.479000704634625e-05,0.00014126539463177323,0.0001069055258994922,0.00017207902897519453,0.0008776140858420453,0.00019592346451039106,neutral,Using one Visible plan on both laptop and phone - possible?
visible_visible_35_mo_plan_esim_psim_kit_unlimited_5g_data_included_blue,r8dhui,12,66,0.3145529304941495,0.16666666666666666,0.06592309543054588,0.053763247711907644,0.0498178621742882,0.49430101748668787,0.5131199712103064,0.5004573315382004,0.5011038482189178,0.617152988910675,0.24870213866233826,0.2529371380805969,0.5369209051132202,0.5211489796638489,1,11,0.08333333333333333,0.12255503407989939,1.6762349391347309,0.5030408349836235,1.0,0.9090909090909091,0.3333333333333333,0.0,0.0,0.4166666666666667,0.5833333333333334,13.111434788848328,9.0,0.6752670277518452,5.0,2.5833333333333335,1.125,2.4444444444444446,0.15457142504601507,0.9364280700683594,0.8129571562632921,0.0005338183741514513,0.006366001442074776,1.6958368178165987e-05,0.07492759085880607,0.8972682952880859,0.000913202646188438,0.00018151591287581445,0.0013158037327229977,0.0004709026659838857,0.08322000254702289,0.8647266030311584,0.11863752741483045,0.00045501416570914444,0.0034956594463437796,0.0008522347430698576,0.052314894484096736,0.3294317323792105,0.265490220726224,neutral,Visible solution to terrible data speeds in my town - use your own wifi
visible_visible_35_mo_plan_esim_psim_kit_unlimited_5g_data_included_blue,tiqr8l,13,78,0.3045356099804242,0.08333333333333333,0.05068263472504099,0.037975585406830416,0.03279126831077975,0.4913845387024757,0.47994484389439607,0.48253905047208834,0.48270413279533386,0.6238117814064026,0.24207831919193268,0.20790132880210876,0.5151148438453674,0.4508846700191498,3,10,0.23076923076923078,0.2853388465367831,1.303875529336385,0.3912951697156873,1.0769230769230769,0.6666666666666666,0.5384615384615384,0.15384615384615385,0.07692307692307693,0.15384615384615385,0.6153846153846154,33.09534370795881,36.0,0.8691706428352819,4.0,2.076923076923077,1.3333333333333333,2.0,0.059135683525640234,0.755340576171875,0.0057092132279649415,2.4677655206827553e-06,8.930561307352036e-06,4.683457837018069e-06,8.743051484298821e-05,0.0004961061640642583,0.00015822905406821523,0.00015668557129034665,0.0016539099160581827,8.125642925733704e-05,0.052045339683760315,0.6746306419372559,0.0004712278896477075,0.00013574178256721308,0.0005685455398634076,0.000231761409668252,0.01859389147393696,0.23852242088347944,0.001317953243346893,neutral,Questions - thinking about switching daughter to Visible but might switch her back to Xfinity in the future. Any problems with this plan?
visible_visible_35_mo_plan_esim_psim_kit_unlimited_5g_data_included_blue,tpdz6g,23,253,0.2956334903188374,0.0,0.05219941127733485,0.04345271506650262,0.04065695239248528,0.47373655662235065,0.515855550883787,0.4900700235555294,0.4942920506000519,0.6435791850090027,0.2834053337574005,0.28396540880203247,0.6420211791992188,0.49250978231430054,5,18,0.21739130434782608,0.21761768214080646,1.5751765904639272,0.47271305997395285,0.9565217391304348,0.8636363636363636,0.5217391304347826,0.2608695652173913,0.08695652173913043,0.391304347826087,0.2608695652173913,46.40880237215939,22.0,1.4366116481287565,4.0,2.0434782608695654,1.0833333333333333,2.242424242424242,0.0007915826496647913,0.006904707755893469,0.0006146902102045716,1.6568132512316958e-06,3.333569566166261e-06,2.4472001314279628e-06,4.5991805445342123e-05,0.0002567671472206712,5.626425554510207e-05,2.7467305145641465e-05,0.0001520369405625388,2.6272480681654997e-05,0.0001617593617360715,0.0012296675704419613,0.00012679292558459568,9.84753183413135e-05,0.00047274131793528795,9.670383878983557e-05,0.0001878222089307319,0.001485417493578704,0.0001453481521290693,neutral,Visible 5G speed test iPhone 12 Max Pro vs Samsung S22 Ultra - speed test taken at the same exact location
visible_visible_35_mo_plan_esim_psim_kit_unlimited_5g_data_included_blue,wqok4o,182,16471,0.3087723149646143,0.10559006211180125,0.04501563663094899,0.03522941391925283,0.031927738306824646,0.4840168484393513,0.4732451589715755,0.47333623301055755,0.47899681329727173,1.0000001192092896,0.23880615830421448,0.2233203649520874,0.854066014289856,0.4745696485042572,15,167,0.08241758241758242,0.12751049446044388,1.8157785996162035,0.5449181147410223,0.8736263736263736,0.6795580110497238,0.5054945054945055,0.19230769230769232,0.09340659340659341,0.25274725274725274,0.46153846153846156,35.35242930747281,36.5,0.9806648580948105,10.0,2.9505494505494507,1.3564356435643565,4.250501002004008,0.022282269526660636,0.987800121307373,0.0017884231987409299,2.525152499239474e-05,0.0019693728536367416,2.4771150947344727e-06,0.01278826980215344,0.7807781100273132,7.999331501196141e-05,3.7562621280932825e-05,0.00040850043296813965,5.2772233902942414e-05,0.012532380621500984,0.9823988080024719,0.0002584089423180559,0.00014109344188549945,0.002142774173989892,0.0001320397001109086,0.007967804589745645,0.39636434213995625,0.00041671038502499896,neutral,Visible launches two new plans: Visible and Visible+ - Details & Megathread
visible_visible_35_mo_plan_esim_psim_kit_unlimited_5g_data_included_blue,wvsdz4,4,6,0.30049826204776764,0.0,0.03837923535775032,0.03279168795705827,0.03142852353209052,0.4766452759504318,0.5112572461366653,0.4860127915938695,0.47811955213546753,0.5308353900909424,0.21820013225078583,0.15058653056621552,0.21820013225078583,0.43108534812927246,0,4,0.0,0.04120187880471349,0.5623351446188083,0.16875769266311968,1.0,0.6666666666666666,0.75,0.0,0.0,0.0,1.0,25.469344318219107,42.75,0.777689902846385,2.0,1.25,1.0,1.0,0.007312209767405875,0.02793639898300171,0.019709507079096515,4.508436092010015e-06,1.3453791325446218e-05,9.919523552071042e-06,0.00017981857854465488,0.0006165765225887299,0.0004459501775272657,0.0026866260113820317,0.010683230124413967,0.0074848573414783475,0.00042852100159507245,0.0014121204148977995,0.0010213327310339086,0.0001815640825952869,0.0004910368588753045,0.0003693237951665652,0.0017988746462691552,0.006858802782517159,0.004839358943519302,neutral,No 5G UW logo on C-Band (n77) and mmwave (n261) isn’t connecting - Visible + issue
visible_visible_35_mo_plan_esim_psim_kit_unlimited_5g_data_included_blue,znl67s,2,1,0.3249558359384537,0.5,0.04400152880191805,0.03745517174460844,0.0349693800906002,0.49257490038871765,0.5061361789703369,0.4992634356021881,0.4992634356021881,0.4992634356021881,0.44285327196121216,0.44285327196121216,0.44285327196121216,0.44285327196121216,0,2,0.0,0.05416278541088104,0.6931471805599453,0.20801459767650946,1.0,1.0,0.5,0.0,0.0,0.0,1.0,7.5,7.5,0.4838709677419355,1.0,1.0,0.0,0.0,0.0007244687294587493,0.0009947194484993815,0.0009406693046912551,2.812312914102222e-06,4.241560873197159e-06,3.955711281378171e-06,6.361105624819174e-05,9.73480346146971e-05,9.060063894139603e-05,3.84704135285574e-05,5.702835551346652e-05,5.3316767116484697e-05,9.406703975400887e-05,0.00011033326882170513,0.00010708002300816587,0.00010199429743806832,0.00013120182848069817,0.0001253603222721722,0.00017090397489027964,0.00022705667311129218,0.00021582613346708966,disapproval,"Give a $5 month, Get a $5 month - you'll both receive a month of $5 service. Visible Mobile Service Unlimited Internet Unlimited Data Text Calls"
visible_visible_pro_45_mo_plan_esim_psim_kit_unlimited_5g_data_included_blue,105erdh,1,0,0.30418992042541504,0.0,0.0,0.0,0.0,0.0,0.0,0.0,0.0,0.0,0.0,0.0,0.0,0.0,0,1,0.0,0.019946906715631485,-0.0,0.0,1.0,0.0,1.0,0.0,0.0,0.0,1.0,0.0,0.0,0.0,1.0,1.0,0.0,0.0,0.002487879479303956,0.002487879479303956,0.002487879479303956,2.1099467630847357e-06,2.1099467630847357e-06,2.1099467630847357e-06,0.0001592064363649115,0.0001592064363649115,0.0001592064363649115,3.290579479653388e-05,3.290579479653388e-05,3.290579479653388e-05,0.0006209529237821698,0.0006209529237821698,0.0006209529237821698,0.00011420000373618677,0.00011420000373618677,0.00011420000373618677,0.0005695424307911404,0.0005695424307911404,0.0005695424307911404,neutral,Speed Test using Download location in California (I live in Nevada) - Visible $30 plan
visible_visible_pro_45_mo_plan_esim_psim_kit_unlimited_5g_data_included_blue,11gc2ti,1,0,0.30787479877471924,0.0,0.0,0.0,0.0,0.0,0.0,0.0,0.0,0.0,0.0,0.0,0.0,0.0,0,1,0.0,0.27838823199272156,-0.0,0.0,1.0,0.0,1.0,0.0,0.0,1.0,0.0,0.0,0.0,0.0,1.0,1.0,0.0,0.0,0.0006518180598504841,0.0006518180598504841,0.0006518180598504841,2.0979759938200004e-06,2.0979759938200004e-06,2.0979759938200004e-06,5.385678741731681e-05,5.385678741731681e-05,5.385678741731681e-05,3.4440949093550444e-05,3.4440949093550444e-05,3.4440949093550444e-05,0.000103928214230109,0.000103928214230109,0.000103928214230109,7.764132169540972e-05,7.764132169540972e-05,7.764132169540972e-05,0.00015396388471344835,0.00015396388471344835,0.00015396388471344835,neutral,"Give a $5 month, Get a $5 month - you'll both receive a month of $5 service. Visible Mobile Service Unlimited Internet Unlimited Data Text Calls"
visible_visible_pro_45_mo_plan_esim_psim_kit_unlimited_5g_data_included_blue,1255ou2,4,6,0.29876185456911725,0.0,0.06918349762701063,0.05175710455754342,0.04200017078701059,0.5130969087282816,0.500598723689715,0.5067386478185654,0.5153867602348328,0.5312025547027588,0.30766966938972473,0.23143798112869263,0.30766966938972473,0.5220609903335571,1,3,0.25,0.27942421939224005,1.0397207708399179,0.3120218965147642,0.75,1.0,0.5,0.25,0.25,0.5,0.0,8.381527307120106,10.5,0.24294282049623495,2.0,1.5,1.0,1.0,0.001308203602093272,0.0038402157370001078,0.0028415239357855175,1.9396561299345194e-06,2.805459416777012e-06,2.5281882017225145e-06,9.032877778736292e-05,0.00026356102898716927,0.00019493360305204992,3.0528717161359964e-05,4.375051139504649e-05,4.1250314097851515e-05,0.0003082360763073666,0.0009395807865075767,0.0006875906568893699,9.148145363724325e-05,0.0001461432402720675,0.00012507239080150614,0.00030511971385275655,0.0008726761272631242,0.000648330478653255,approval,Upgraded to Visible+ & Good Download Speeds (200+mbps) But Horrible Upload Speeds (Less than 5mb) - IPhone 12 mini in SF with 5G UW - any advice on why the upload is so bad???
visible_visible_pro_45_mo_plan_esim_psim_kit_unlimited_5g_data_included_blue,12xq3x1,28,378,0.3009300189358847,0.03571428571428571,0.05175312380267201,0.03463393561668972,0.028581179217952123,0.48561019470136635,0.49185166622280446,0.4853887853641359,0.49158941209316254,0.60969477891922,0.30515262484550476,0.31787174940109253,0.7542679309844971,0.6043410301208496,2,26,0.07142857142857142,0.08700453756111008,1.4950426779986528,0.4486647423450144,0.8928571428571429,0.6666666666666666,0.5357142857142857,0.25,0.17857142857142858,0.32142857142857145,0.25,26.62686229953442,47.5,0.6012517293443256,10.0,3.75,1.375,3.323232323232323,0.0004780432978545183,0.001284095924347639,0.0005620605195872486,1.6762217041689707e-06,3.96410041503259e-06,2.232527958767605e-06,4.21005816601142e-05,0.00017473431944381446,5.699062712665182e-05,2.247512786977625e-05,7.013919821474701e-05,2.4367797414015514e-05,0.00011031275321978942,0.0003095208667218685,0.00011646303391898982,7.503651873516251e-05,0.00014568089682143182,8.20982109871693e-05,0.00012160741684058825,0.00033135588432742225,0.00014011107973222657,neutral,"50 GB Premium Data - unlimited on 5GUW? Does that include C-Band as well, or just mmWave?"
visible_visible_pro_45_mo_plan_esim_psim_kit_unlimited_5g_data_included_blue,14ab48c,11,55,0.30561061338944867,0.09090909090909091,0.06276330950207351,0.035255674987831685,0.0242856428669188,0.5272688881917433,0.5251969678835435,0.5235379403287714,0.5246678590774536,0.5980227589607239,0.5339224338531494,0.5671277642250061,0.7078214883804321,0.6744784712791443,3,8,0.2727272727272727,0.288825433362614,1.294545165844896,0.38849511243739066,0.7272727272727273,0.6,0.5454545454545454,0.2727272727272727,0.0,0.2727272727272727,0.45454545454545453,59.59560691558031,110.0,0.6339958182508544,7.0,3.0,1.0,2.590909090909091,0.07090600682634184,0.7718358039855957,0.0025259614922106266,0.0001335245758375756,0.0014464964624494314,3.4961531127919443e-06,0.07469637326423915,0.8210141062736511,0.0001674040249781683,5.859375910817603e-05,0.00032607436878606677,7.205253496067598e-05,0.006114022923363585,0.06581594794988632,0.0003773473436012864,0.00019101860115452754,0.001200791564770043,0.00014745720545761287,0.025349923325007472,0.27693987010085647,0.0005489531257201937,neutral,"Traveling internationally with data only esim - visible sim seems to not work anymore, which prevents iMessage to visible number"
visible_visible_pro_45_mo_plan_esim_psim_kit_unlimited_5g_data_included_blue,1535yzp,25,300,0.29860098163286847,0.041666666666666664,0.04766897364515256,0.035358284616908604,0.030917958444191835,0.4656607485810916,0.49480307469765344,0.47556891560554504,0.47456611692905426,0.5919057130813599,0.17987871170043945,0.13320446014404297,0.6185978055000305,0.4375724196434021,10,15,0.4,0.40178822718560697,1.6934099863011869,0.5081950946078484,0.84,0.7916666666666666,0.48,0.04,0.08,0.28,0.6,37.83830863027575,29.0,0.9535864070129977,4.0,1.96,1.5,2.272727272727273,0.08466313470155001,0.8422991633415222,0.33934800848364904,4.675549860166939e-05,0.0007749510696157813,1.0485255006642547e-05,0.041386313157054246,0.6359368562698364,0.0011148527497425677,0.00011542866559466347,0.0010696407407522202,0.00028107309481129056,0.0383042017230764,0.7898081541061401,0.032481565605849104,0.00027154213792528024,0.0017606547335162759,0.0006635981495492164,0.02746456264730038,0.27227038100606177,0.1071424355984469,neutral,Just ported from Verizon to Visible+ - Iphone 14 Pro Max - 60 minutes with my experience
visible_visible_pro_45_mo_plan_esim_psim_kit_unlimited_5g_data_included_blue,16r5igp,2,1,0.29359227418899536,0.0,0.06076818382858905,0.0405576637884309,0.03330114749259642,0.4920789897441864,0.49332159757614136,0.492699533700943,0.492699533700943,0.492699533700943,0.5153321623802185,0.5153321623802185,0.5153321623802185,0.5153321623802185,0,2,0.0,0.042019919492304325,0.6931471805599453,0.20801459767650946,1.0,1.0,0.5,0.5,0.0,0.5,0.0,2.0,2.0,0.045454545454545456,1.0,1.0,0.0,0.0,0.0005193311953917146,0.0006622958462685347,0.0006337029160931706,1.5749929502817395e-06,1.5856219306442654e-06,1.5834961345717603e-06,4.105350853933487e-05,4.748973879031837e-05,4.620249274012167e-05,2.3164379854279105e-05,2.831788151524961e-05,2.728718118305551e-05,0.00012547655933303759,0.00015550089301541448,0.0001494960262789391,6.841577123850584e-05,6.997305172262713e-05,6.966159562580288e-05,0.00012983606788452562,0.00016034141204575766,0.00015424034321351125,neutral,"iPhone 15 pro max, latest iOS, on Visible basic plan, how do you get just ""5G""? Data doesn't work in 5G"
visible_visible_pro_45_mo_plan_esim_psim_kit_unlimited_5g_data_included_blue,1bl90yf,190,17955,0.3265661014829363,0.2914285714285714,0.042280552481399586,0.03009277025181925,0.02615345186148704,0.4902753930542005,0.46965952919439763,0.47300954070206774,0.4807210862636566,0.8692483305931091,0.2807537615299225,0.2512948513031006,0.8420929908752441,0.5955437421798706,16,174,0.08421052631578947,0.11504304879590084,1.7604766388675877,0.5283219062610967,0.8105263157894737,0.6772486772486772,0.5684210526315789,0.1368421052631579,0.06315789473684211,0.10526315789473684,0.6947368421052632,63.48904872085598,58.75,1.138333420492841,10.0,3.4789473684210526,1.2478632478632479,5.472040668119099,0.07366492645202302,0.9745233058929443,0.09802086055278736,0.00041721208561727366,0.020388053730130196,1.2295174565224421e-05,0.05339924253947079,0.9262386560440063,0.0024178572464734287,0.003616134819965641,0.6688490509986877,0.000336394872283563,0.024216754474841045,0.7248160243034363,0.01898744609206912,0.0005649492288572027,0.014918887056410313,0.0006041765154805026,0.025979869933462497,0.3911875011059844,0.03004251422617758,neutral,Visible *STILL* has a hidden cap on the base plan - it's 400Mbps now.
visible_visible_pro_45_mo_plan_esim_psim_kit_unlimited_5g_data_included_blue,1cfo16r,46,1035,0.3311870804299479,0.2608695652173913,0.052399500548327725,0.040771083813798875,0.036661459549734016,0.4954953786543602,0.476919274399246,0.48268567732566797,0.492474228143692,0.764133632183075,0.23294846713542938,0.20463962852954865,0.7480847835540771,0.5073652863502502,13,33,0.2826086956521739,0.3248524618456545,1.6708386698372186,0.5014214057796134,0.8260869565217391,0.6222222222222222,0.5217391304347826,0.15217391304347827,0.021739130434782608,0.10869565217391304,0.717391304347826,28.336954437050675,28.75,0.8621031111801132,5.0,1.6304347826086956,1.2857142857142858,1.9024390243902438,0.08500596933299676,0.9738374948501587,0.18701009824872017,1.3759444562350362e-05,0.00040554592851549387,1.3743062936555361e-05,0.009021262845477473,0.37392860651016235,0.0021251215948723257,7.0386411014466e-05,0.00032721442403271794,0.00018220565834781155,0.06679615489733608,0.9607570171356201,0.08386733941733837,0.00024390145130303648,0.0012550122337415814,0.0006212136649992317,0.026858572397115026,0.3230976712056872,0.05626307232273575,neutral,Visible phone plan - Scam
visible_visible_pro_45_mo_plan_esim_psim_kit_unlimited_5g_data_included_blue,1hbxmg6,160,12720,0.3107570896023198,0.09868421052631579,0.05247063802691141,0.044712511928235894,0.04266786632205227,0.472518660343668,0.4679187860011867,0.4661000940257555,0.47410818934440613,0.8130776882171631,0.18261496722698212,0.15573112666606903,0.7556415796279907,0.39733728766441345,28,132,0.175,0.19713985259877517,1.7001257273365973,0.5102104994291621,0.89375,0.6792452830188679,0.55625,0.15,0.0625,0.3875,0.4,23.771713758162242,23.25,0.987402440629792,9.0,2.38125,1.36986301369863,2.88,0.028047542650529066,0.9720374941825867,0.0015795708168298002,9.351957359697849e-05,0.01103260088711977,3.2221951869360057e-06,0.019855447489430845,0.9104401469230652,0.00010205081562162376,5.221687302991995e-05,0.0010215863585472107,5.406509699241722e-05,0.007583205887704026,0.41028907895088196,0.0002399371514911763,0.00017315437410161393,0.00446027796715498,0.0001397791435010731,0.009300847808065409,0.38486519930302165,0.0003463288075825704,neutral,Visible+ is Getting Even Better — Just in Time for the Holidays!
visible_visible_pro_45_mo_plan_esim_psim_kit_unlimited_5g_data_included_blue,1hlo6bx,10,45,0.3112226492828793,0.1111111111111111,0.051459157827207315,0.04264404176317982,0.04007782874339819,0.4399501509136624,0.46879476242595247,0.45073760085635717,0.4518367350101471,0.6132612824440002,0.27915892004966736,0.3019120693206787,0.5521603226661682,0.5237009525299072,0,10,0.0,0.04936002194881439,1.2206072645530175,0.3663062278517951,0.9,0.6666666666666666,0.5,0.2,0.1,0.4,0.3,19.946177578674067,28.5,0.7822030423009438,3.0,1.7,1.0,1.2857142857142858,0.0033184564934344964,0.028028568252921104,0.0035976699029561035,2.119293094438035e-06,6.767320883227512e-06,2.7709205141945843e-06,0.00013375255148275755,0.0010345913469791412,0.00014394313766388187,3.154869536956539e-05,9.132001287071034e-05,4.251241334713994e-05,0.0015737839239591267,0.014725313521921635,0.001584637146152085,0.0001922553070471622,0.0008456349023617804,0.0002622382540721444,0.0008753193773979245,0.0074553658929896,0.0009333950210513321,neutral,On visible plan without global pass - does wifi calling work in China
visible_visible_pro_45_mo_plan_esim_psim_kit_unlimited_5g_data_included_blue,1htm9kx,54,1431,0.32007690504485486,0.21568627450980393,0.05274939608928473,0.04412769840297076,0.04166676862098781,0.4764625310356345,0.4599838137085166,0.4636832402145671,0.46812161803245544,0.7241310477256775,0.20451967418193817,0.17193108797073364,0.693522572517395,0.4478403627872467,10,44,0.18518518518518517,0.20065785571932793,1.6522731204212568,0.49584985416587835,0.9259259259259259,0.6981132075471698,0.5370370370370371,0.3333333333333333,0.05555555555555555,0.09259259259259259,0.5185185185185185,34.32366318730179,23.0,1.1760646015953657,6.0,2.6666666666666665,1.3571428571428572,3.080246913580247,0.028850226876481127,0.957693874835968,0.0030343350023031264,0.00011483285374180452,0.005426222458481789,5.278416620058128e-06,0.021155539261632873,0.9092084169387817,0.00030888085311744364,6.773490032948623e-05,0.0012260234216228127,9.163802678813227e-05,0.008977456776914618,0.42364969849586487,0.0004150397027842701,0.0002086023062778016,0.0040379855781793594,0.00019673127681016923,0.009895732162562954,0.3834064164645194,0.0007147745341853813,neutral,Nice try Visible - not switching to visible+ plan with save15 code for 24 months!!
visible_visible_pro_45_mo_plan_esim_psim_kit_unlimited_5g_data_included_blue,1joqyjg,190,17955,0.30752221650474676,0.12087912087912088,0.05273529429223901,0.043023727736439865,0.039642705638374416,0.48083568398947835,0.4887481623375127,0.4782228945764583,0.485288143157959,0.887362003326416,0.24409210681915283,0.21849767863750458,0.837022602558136,0.48989152908325195,40,150,0.21052631578947367,0.2494762330561092,1.675274702530513,0.5027526664149521,0.868421052631579,0.6455026455026455,0.5684210526315789,0.21052631578947367,0.10526315789473684,0.3,0.38421052631578945,26.270877464791376,21.0,0.9963007421777168,9.0,3.1473684210526316,1.439252336448598,3.713971397139714,0.017812412319165704,0.9481282234191895,0.001420413900632407,6.517357463615937e-05,0.010685805231332779,3.1919943694447265e-06,0.010738907746168766,0.9453679323196411,0.0001033280510455369,3.9879477705988775e-05,0.001124387257732451,5.056755435361991e-05,0.006047866335613531,0.6424291133880615,0.00021807564917253328,0.0001329827825477543,0.003357076086103916,0.00014564591547241434,0.005806203705972981,0.3423137097658279,0.00033847373776438804,neutral,New Visible Plans
visible_visible_pro_45_mo_plan_esim_psim_kit_unlimited_5g_data_included_blue,1jouzsi,189,17766,0.306960761058526,0.07650273224043716,0.050169130435012574,0.03733748213922265,0.03257683792664802,0.4761658939010292,0.4826973440985509,0.4740849313459645,0.48079222440719604,0.9177494645118713,0.2686536908149719,0.25612759590148926,0.868213951587677,0.5051056146621704,42,147,0.2222222222222222,0.24649278439147762,1.7623324760637584,0.5288788460258992,0.8412698412698413,0.7074468085106383,0.5185185185185185,0.2222222222222222,0.047619047619047616,0.2698412698412698,0.4603174603174603,34.22338134830906,33.0,0.9408318654298783,10.0,2.6613756613756614,1.4123711340206186,4.078125,0.03943611620866851,0.9648653864860535,0.0018231443129479736,0.0001031858221508219,0.014673124998807907,3.0195436920621415e-06,0.01970088293911965,0.9390281438827515,9.811823256313784e-05,0.0006389685886124089,0.11246220767498016,4.79436828754842e-05,0.01636016961540836,0.7144249677658081,0.00038723167963325845,0.00017386034796896475,0.003908025566488504,0.00017045899876393363,0.012735530586988116,0.3543421116191894,0.00042586986186657984,neutral,"Visible Announces new plan, Visible+ Pro"
visible_visible_pro_45_mo_plan_esim_psim_kit_unlimited_5g_data_included_blue,1jp0q0p,160,12720,0.30816409412102824,0.15384615384615385,0.047998592261606,0.03543470249246318,0.03099519771727309,0.48396908795261906,0.47650611216565536,0.4754361416816524,0.4787651151418686,0.9765336513519287,0.2559451758861542,0.2302229404449463,0.8796825408935547,0.5211097598075867,38,122,0.2375,0.24520858827745542,1.9553542659680343,0.586804999512237,0.91875,0.7861635220125787,0.475,0.26875,0.10625,0.1875,0.4375,39.89219652701515,45.25,0.9383639288918588,10.0,2.91875,1.2417582417582418,2.8496420047732696,0.0070990845029882624,0.9606553912162781,0.0009273638832382855,1.7773356510986105e-06,2.1685793399228714e-05,2.1674242816516196e-06,6.049233747944527e-05,0.0016860963078215718,6.998840908636338e-05,4.900314752376289e-05,0.0033806629944592714,3.4344968298682936e-05,0.006157318345458407,0.9470824003219604,0.00017335014272248375,9.373616524044337e-05,0.0011512009659782052,0.0001018553077301476,0.0022435686390569034,0.31821526635242964,0.0002211149538311474,neutral,Visible+ Legacy 2.0 vs New Visible+ / Pro — What You’d Lose by Switching
visible_visible_pro_45_mo_plan_esim_psim_kit_unlimited_5g_data_included_blue,1jqsmrs,40,780,0.31262162251350206,0.1282051282051282,0.06424954300185298,0.05219729126792573,0.048026188897870414,0.49108243939968255,0.5073506835561532,0.4947329655671731,0.49569904804229736,0.980468213558197,0.2341843694448471,0.20052246749401093,0.7651625871658325,0.4571554362773895,19,21,0.475,0.47675099773332474,1.7836199608407433,0.5352672548741501,0.85,0.7435897435897436,0.5,0.125,0.1,0.4,0.375,13.610450947709262,14.5,0.6427603753345579,8.0,2.65,1.25,2.9157894736842107,0.0007328433675866108,0.005095914471894503,0.00074115339666605,1.561105901259907e-06,2.9157947665225947e-06,2.0260954897821646e-06,3.721962043528038e-05,0.0001048115809680894,5.34102749952581e-05,2.7601810370470047e-05,0.00012996203440707177,4.0615203761262816e-05,0.00014005687498865881,0.0006189070991240442,0.00016225587023654953,0.00010218391525995685,0.0007599301170557737,9.645943428040484e-05,0.00017357778242370616,0.0011093116648908108,0.00017189298528516402,neutral,International Calling on Visible + Pro Update from Visible - 85 country list is not supported yet
visible_visible_pro_45_mo_plan_esim_psim_kit_unlimited_5g_data_included_blue,1kh15vo,81,3240,0.3138998305797577,0.2,0.045770746497113254,0.033933538326689744,0.029673139851935607,0.48054636330976164,0.49356444594852716,0.4826913622426398,0.48830586671829224,0.8137558102607727,0.32490941882133484,0.3302646279335022,0.8054986000061035,0.5905489921569824,10,71,0.12345679012345678,0.1589009564852825,1.3184268876060232,0.39566205602929866,0.9259259259259259,0.55,0.6790123456790124,0.13580246913580246,0.024691358024691357,0.2222222222222222,0.6172839506172839,32.84294050546589,42.0,0.8130434538333549,8.0,2.728395061728395,1.2325581395348837,2.8978723404255318,0.008516429389545258,0.20948396623134613,0.003913375083357096,2.9749852150596355e-06,6.026684422977269e-05,5.359891474654432e-06,0.0003665968996992214,0.020432576537132263,0.0002335244935238734,7.806756273140185e-05,0.0019430092070251703,8.613082172814757e-05,0.004548231803957246,0.15912441909313202,0.0004742137680295855,0.00017592001255072745,0.0026058584917336702,0.00023639124992769212,0.0022813701089498192,0.05802658074374752,0.0008412075407401668,neutral,Is the new visible+ pro plan truly unlimited data?
visible_visible_pro_45_mo_plan_esim_psim_kit_unlimited_5g_data_included_blue,1kw3ijn,12,66,0.2938856283823649,0.0,0.04476897125314717,0.03816841643627164,0.03698200936481346,0.4486717793977622,0.4540839922247511,0.4442794824188406,0.43827858567237854,0.6046542525291443,0.25683268904685974,0.2440589815378189,0.5302674174308777,0.4759926199913025,1,11,0.08333333333333333,0.1552134652932485,1.3579778549873245,0.4075313657491939,1.0,0.6363636363636364,0.5,0.16666666666666666,0.08333333333333333,0.3333333333333333,0.4166666666666667,23.876272508264115,18.75,0.9778678160381207,3.0,1.8333333333333333,1.1666666666666667,1.3636363636363635,0.08057909029351625,0.9597659707069397,0.0011439074587542566,0.0008101473529412336,0.00970373209565878,1.9820078023258247e-06,0.07722578627969294,0.9262142181396484,7.403246127068998e-05,9.807142441786709e-05,0.0008882876136340201,3.539903773344122e-05,0.022892312184922048,0.2732214331626892,0.00018560711614554748,0.0005118458654275552,0.005243045277893543,0.00012888102282886395,0.030352875566819645,0.3625061144994106,0.0002613626842067637,neutral,I set up visible on a Motorola phone - I have the $25 plan . — my cricket hot spot works perfect but I don’t have unlimited — with visible it kept buffering and never really played any tv for us. Is it cause of using Verizon towers or at&ts? Or should I up my plan?
visible_visible_pro_45_mo_plan_esim_psim_kit_unlimited_5g_data_included_blue,1l0qmfn,179,15931,0.3088070574615683,0.13690476190476192,0.04370625762465942,0.03455888108639402,0.031592483357431034,0.4757270151130164,0.4816492213684918,0.473005132508004,0.47741860151290894,0.7806299924850464,0.21996042132377625,0.19995535910129547,0.7639706134796143,0.45609501004219055,18,161,0.1005586592178771,0.1326447270873039,1.8612075782938293,0.5585514252232883,0.8547486033519553,0.6853932584269663,0.5251396648044693,0.22346368715083798,0.0670391061452514,0.16201117318435754,0.547486033519553,44.39803746543797,34.5,1.122492755129011,9.0,2.430167597765363,1.4714285714285715,3.765601217656012,0.05890564398850476,0.9854670763015747,0.11033573746681209,0.0008802242861986606,0.12269752472639084,1.4673550685984057e-05,0.026964112551686615,0.9699970483779907,0.0014319407520815718,0.0027296968279320257,0.18685437738895416,0.00030030926573090214,0.02538351542378162,0.8185983896255493,0.013196862116455939,0.0005450290975722812,0.02200050838291645,0.0009543650550767765,0.019234703695945987,0.42097600161408383,0.025305291193762836,neutral,Visible throttled my speeds to 1.5 Mbps after 450GB of usage (again)
visible_visible_pro_45_mo_plan_esim_psim_kit_unlimited_5g_data_included_blue,1l9mcb7,3,3,0.33225611845652264,0.3333333333333333,0.04606210073913733,0.03063227689813429,0.022721523652125226,0.4575308561325073,0.5127999385197958,0.4783988396326701,0.4337739646434784,0.578330934047699,0.27731049060821533,0.14617447555065155,0.27731049060821533,0.47748804092407227,1,2,0.3333333333333333,0.2759522081663211,1.0986122886681096,0.32969533691986563,1.0,1.0,0.3333333333333333,0.6666666666666666,0.0,0.0,0.3333333333333333,22.55363976538303,27.5,0.5638409941345757,2.0,1.3333333333333333,1.0,1.0,0.0006689169094897807,0.001113502192310989,0.000983508740318939,1.3647316260782343e-06,1.4085489965509623e-06,1.3970068266644375e-06,3.2116985797377616e-05,3.4274078643647954e-05,3.400650675757788e-05,2.1533856852329336e-05,2.6507068469072692e-05,2.5366853515151887e-05,0.0001494228951438951,0.00022216814977582544,0.00020035046909470112,9.421777940588072e-05,0.00012011265062028542,0.00011371313885319979,0.00016126219305255695,0.00025298582966115646,0.00022592836494368386,approval,Pre-paying for Visible+ annual plan - do I get Canadian roaming immediately ?
visible_visible_pro_45_mo_plan_esim_psim_kit_unlimited_5g_data_included_blue,1lhwsi6,9,36,0.2890371647146013,0.0,0.07276977325878906,0.04796123909118238,0.037148880923520894,0.5486314412620332,0.5410722287164794,0.5369260584314665,0.531572550535202,0.7010143399238586,0.35967186093330383,0.45573416352272034,0.6546847224235535,0.6310057640075684,1,8,0.1111111111111111,0.1204022088398536,1.3030924037617193,0.3910601524554098,1.0,0.75,0.5555555555555556,0.2222222222222222,0.2222222222222222,0.1111111111111111,0.4444444444444444,23.012610606221543,26.0,0.5674342341260106,4.0,2.0,1.25,2.3333333333333335,0.002405191021454003,0.017896607518196106,0.00408075358718634,4.147818534268784e-06,2.5852705221041106e-05,6.759665302524813e-06,5.287867012763551e-05,0.0002096300886478275,8.553313964512201e-05,7.485258558719781e-05,0.0004954006290063262,0.0001247032487299294,0.0007573595365910376,0.005930284969508648,0.0013034475734457385,0.00013970486907055601,0.0007211097399704158,0.00020875855698250246,0.0005723557502274498,0.004213147608425061,0.0009629974574939607,neutral,Last year 2024 I signed up for Visible+ Legacy 2 Annual Plan - Can I change or am I'm stuck for another year?
visible_visible_pro_45_mo_plan_esim_psim_kit_unlimited_5g_data_included_blue,1mseh7c,101,5050,0.3278769016265869,0.2631578947368421,0.04421468764284239,0.032393132439916955,0.0281716523297548,0.4814747155833953,0.4806182998300779,0.47671003168172177,0.4854414016008377,0.7651533484458923,0.20257630944252014,0.17250928282737732,0.727382481098175,0.44658219814300537,12,89,0.1188118811881188,0.15665631774480981,1.5417327516839527,0.4626765094927772,0.9207920792079208,0.65,0.6039603960396039,0.13861386138613863,0.07920792079207921,0.19801980198019803,0.5841584158415841,55.6488281925857,45.0,1.112976563851714,10.0,3.099009900990099,1.2745098039215685,4.5643939393939394,0.045232628390024704,0.970905601978302,0.008301504887640476,0.00014081673372073615,0.007466870825737715,3.883388671965804e-06,0.020796517926470134,0.8859443068504333,0.0003150534175802022,9.402243890825516e-05,0.00378737086430192,9.204091475112364e-05,0.025957814424767245,0.9502089619636536,0.0020026755519211292,0.00021969046616450755,0.0046762265264987946,0.0002701371558941901,0.015406915063342604,0.3794301618472673,0.0020769008697243407,neutral,Cheeky setting
visible_visible_pro_45_mo_plan_esim_psim_kit_unlimited_5g_data_included_blue,1n0a4p8,7,21,0.31185610379491535,0.0,0.06457573709046807,0.06361095195462264,0.0690689908870601,0.4357208361228307,0.4673268653097607,0.4311697937193371,0.4384927451610565,0.5794284343719482,0.1426345258951187,0.08694488555192947,0.25379058718681335,0.25789719820022583,0,7,0.0,0.10300836605685097,1.277034259466139,0.3832400609166074,1.0,0.8333333333333334,0.42857142857142855,0.5714285714285714,0.14285714285714285,0.14285714285714285,0.14285714285714285,68.9492567037528,64.5,1.4071276878316896,2.0,1.4285714285714286,1.5,1.25,0.0006603601671356175,0.0011419811053201556,0.0010404422762803733,1.807318345267309e-06,3.754467115868465e-06,2.4856409027052006e-06,4.4833309792530986e-05,8.644835179438815e-05,6.265620395424777e-05,2.3195529658031383e-05,3.540439502103254e-05,3.0971273008617577e-05,0.0001543867391384473,0.00034277018858119845,0.00022854987182654448,0.00012526812913295413,0.0004618831444531679,0.00023647157795494435,0.00016830853220047479,0.00027679707221750505,0.00027612923804554157,neutral,"Fine Print: ""Visible+ and Visible+ Pro give you unlimited premium data on Verizon's award-winning 5G & 4G LTE networks when 5G Ultra Wideband is unavailable. Premium data means no data slowdowns due to prioritization."""
visible_visible_pro_45_mo_plan_esim_psim_kit_unlimited_5g_data_included_blue,1n6t77c,124,7626,0.2992627032227435,0.00847457627118644,0.05080337647552806,0.03993029494483004,0.03612035829272924,0.5013831653191354,0.49026811354442623,0.49201135461235995,0.4955032020807266,0.7495551109313965,0.23902717232704163,0.20887911319732666,0.8401436805725098,0.5012248754501343,42,82,0.3387096774193548,0.3550379408913995,2.402860581156959,0.7211023734646524,0.7741935483870968,0.8373983739837398,0.33064516129032256,0.3951612903225806,0.03225806451612903,0.18548387096774194,0.3870967741935484,41.268113987071764,27.25,1.1683210352504336,6.0,1.596774193548387,1.4642857142857142,2.6357142857142857,0.03286688384316456,0.9936612844467163,0.011487991642206916,3.442291636606716e-05,0.003282650373876095,5.743218389397957e-06,0.009802000087655605,0.8634377121925354,0.0003935977874789387,0.00028239665710228315,0.02260938473045826,7.725578034296632e-05,0.02045264262661447,0.9890671372413635,0.0014493421418592342,0.0006242032729841735,0.053548067808151245,0.00041538377990946185,0.010677091567314523,0.33461505608768977,0.002514407833041333,neutral,How’s everyone’s experience been with Visible?
visible_visible_pro_45_mo_plan_esim_psim_kit_unlimited_5g_data_included_blue,1nhr8mr,44,946,0.3168670576672221,0.20930232558139536,0.050235923184033665,0.0415836179470236,0.0388516095046027,0.48795358641329073,0.483423089029673,0.48075684775887784,0.4859977513551712,0.6412879824638367,0.21081365644931793,0.1806279420852661,0.713152289390564,0.44104689359664917,8,36,0.18181818181818182,0.2147298977625641,1.409428159062548,0.4229716857890099,0.9545454545454546,0.5348837209302325,0.6136363636363636,0.13636363636363635,0.06818181818181818,0.22727272727272727,0.5681818181818182,26.435052174547987,27.75,0.9187537880569601,4.0,1.9545454545454546,1.4210526315789473,2.189873417721519,0.07215910562345842,0.969404935836792,0.19192919358611163,0.00017953370640487844,0.006129266694188118,2.0428342213563173e-05,0.02294383609271542,0.8779820799827576,0.0014173646923154608,0.01713047429145511,0.7130647301673889,0.0009282546350732462,0.033254366212614433,0.6238853931427002,0.008365718601271535,0.0006249063745516734,0.015176785178482533,0.0006982499617151921,0.02438203705019999,0.4136938997350323,0.04902049027153542,neutral,Hit the 450 GB throttle on Visible + Pro plan: weird data reporting and reset experience
visible_visible_pro_45_mo_plan_esim_psim_kit_unlimited_5g_data_included_blue,1nn3omm,13,78,0.30731869240601856,0.0,0.07901536345685299,0.07184394222703816,0.07337928212493725,0.4859959318851813,0.4837307972021592,0.47920050491125155,0.45758815109729767,0.7854572534561157,0.1708708107471466,0.12753956019878387,0.5125744342803955,0.3806105852127075,2,11,0.15384615384615385,0.19122478337242052,1.4180693652516905,0.4255649258385794,1.0,0.6666666666666666,0.46153846153846156,0.23076923076923078,0.0,0.5384615384615384,0.23076923076923078,13.63471031756036,6.0,0.9280169326088203,4.0,2.3076923076923075,1.2857142857142858,1.7727272727272727,0.0006080592172041249,0.0021225418895483017,0.0007126007694751024,1.5644027371308766e-06,3.2187908800551668e-06,1.768136166901968e-06,4.485127031400155e-05,0.00020376437169034034,4.6879269211785876e-05,2.519057418864507e-05,4.9609017878538e-05,3.3298638300038874e-05,0.00013124954756886626,0.00036258678301237524,0.00017120701522799214,8.724290371621744e-05,0.00015652856382075697,0.000140871036273893,0.000149692985954831,0.0004830415694717279,0.0001789388720188375,neutral,Visible+ Pro - Easiest Port from Spectrum and Activation on ILUVEIPHONE Promo!
visible_visible_pro_45_mo_plan_esim_psim_kit_unlimited_5g_data_included_blue,1ntpcvz,11,55,0.30288536711172626,0.0,0.05114262032506798,0.04037710263522787,0.03722618247505091,0.5002760713750666,0.42200528599999165,0.44870442368767477,0.44570407271385193,0.6829012632369995,0.28369075059890747,0.30651453137397766,0.641981840133667,0.6170209646224976,2,9,0.18181818181818182,0.20536408844319257,1.294545165844896,0.38849511243739066,0.9090909090909091,0.7,0.5454545454545454,0.36363636363636365,0.0,0.2727272727272727,0.36363636363636365,69.65641771528034,139.5,1.093039365004399,3.0,1.5454545454545454,1.0,1.3333333333333333,0.0005874535788527944,0.0018267182167619467,0.0008279717876575887,1.4992976544321706e-06,2.621708517835941e-06,1.6812971352919703e-06,3.468183240329381e-05,7.140498200897127e-05,4.920617720927112e-05,2.6734693578460295e-05,9.576018783263862e-05,2.7558280635275878e-05,0.00012626312011641195,0.00023763638455420732,0.00016375503037124872,7.95416553129061e-05,0.00014459741942118853,8.838210487738252e-05,0.00014269569631971646,0.0003964564831827981,0.00019188943131590955,neutral,"Who can tell me the difference between Visible base plan and Visible + plan in-terms of Unlimited bundle , 5G , Premium Data and Deprioritization?"
visible_visible_pro_45_mo_plan_esim_psim_kit_unlimited_5g_data_included_blue,1nu7j7l,24,276,0.30274257560571033,0.041666666666666664,0.042891262372402275,0.03071803549070482,0.02609337533539909,0.46953510601019516,0.4706090057025785,0.46595281902430713,0.4697280079126358,0.5871673822402954,0.23270228505134583,0.20247045159339905,0.6326483488082886,0.4399377703666687,3,21,0.125,0.17502328582728902,1.5094626441371208,0.4529921976660895,0.875,0.7391304347826086,0.5,0.3333333333333333,0.125,0.08333333333333333,0.4583333333333333,41.21918040589033,41.75,0.8723636064738693,9.0,3.9166666666666665,1.2142857142857142,3.292134831460674,0.0016247804220862843,0.014989731833338737,0.0016031140112318099,2.5216210133294226e-06,1.2618083928828128e-05,3.5759258935286194e-06,0.00011591269647700149,0.0016140452353283763,0.0001305024641624186,4.125642999497359e-05,0.0003520275931805372,4.5709642654401245e-05,0.00024719904528562137,0.001775563694536686,0.00037143762747291473,0.000306551726074152,0.005156287923455238,0.0001668538665398955,0.0003897036568218936,0.003163337125746087,0.0003556022629065107,neutral,Best Buy Offer - Visible+ $30/mo. for 12 months Visible+ Pro $35/mo for 12 months
visible_visible_pro_45_mo_plan_esim_psim_kit_unlimited_5g_data_included_blue,1nzmdr9,7,21,0.3119907762323107,0.0,0.04815341084061173,0.036831039518749685,0.03247777934810193,0.5119097076711201,0.552584191163381,0.5280162394046783,0.5354387164115906,0.6139929294586182,0.19839413464069366,0.134322851896286,0.34757712483406067,0.38166531920433044,1,6,0.14285714285714285,0.17303493406091416,1.7478680974667573,0.5245380624536926,0.8571428571428571,1.0,0.2857142857142857,0.42857142857142855,0.0,0.42857142857142855,0.14285714285714285,30.410792928343916,34.0,0.7884279648089164,3.0,1.5714285714285714,1.0,1.25,0.0006656274823139288,0.0015186636010184884,0.0011277671903371814,1.6244440043270255e-06,2.1494674911082257e-06,1.9713631672857447e-06,4.5437184910822127e-05,0.00010329588258173317,7.32319211238064e-05,3.086500484122163e-05,6.345062865875661e-05,4.9264637345913806e-05,0.0001329116411008207,0.0002606201742310077,0.00018710185540840035,7.274614992119106e-05,8.455666102236137e-05,8.33664831588976e-05,0.00015820198451538522,0.0003366518607587447,0.0002529288917268484,neutral,Best Buy - Visible+ pro discount question
visible_visible_pro_45_mo_plan_esim_psim_kit_unlimited_5g_data_included_blue,1o7am3t,9,36,0.3133253686957889,0.2222222222222222,0.05704455957154039,0.049358757431080605,0.04634028898222927,0.5122856257690324,0.4867105881373088,0.49470842629671097,0.5002465397119522,0.6526550650596619,0.199423685669899,0.14537504315376282,0.38943925499916077,0.4122127294540405,2,7,0.2222222222222222,0.275435255219539,0.936888307539016,0.28116170681545455,0.8888888888888888,1.0,0.5555555555555556,0.2222222222222222,0.1111111111111111,0.1111111111111111,0.5555555555555556,35.055511533693085,9.0,1.2228666814078983,2.0,1.4444444444444444,1.0,1.0,0.0006495637256496897,0.0017457361100241542,0.0009331203764304521,1.6836477875080568e-06,2.882495664380258e-06,2.459887127770344e-06,4.606209909575732e-05,0.00011033769260393456,9.003941231640056e-05,2.629081185053413e-05,4.3796135287266225e-05,3.881344891851768e-05,0.00014619208539241098,0.0003208960988558829,0.0002141628065146506,9.846389932338045e-05,0.00026095035718753934,0.00013971101143397393,0.0001613760448498801,0.000413061755277037,0.00023700732625305443,neutral,Question - Anyone transfer from a work provided phone plan to Visible?
visible_visible_pro_45_mo_plan_esim_psim_kit_unlimited_5g_data_included_blue,1o7l3oe,16,120,0.2982332203537226,0.0,0.0503755549527176,0.04116514012275081,0.037959183246891376,0.4760649522145589,0.5044411825637023,0.48564425359169644,0.4959639459848404,0.6286920309066772,0.30087509751319885,0.2815325856208801,0.6011308431625366,0.5331860780715942,3,13,0.1875,0.25096536765340716,1.157373298222901,0.34732961157958686,1.0,0.7333333333333333,0.5625,0.3125,0.0625,0.5625,0.0625,16.21811776224356,16.5,0.7435240234839454,7.0,2.8125,1.0,2.3448275862068964,0.0013130840234225616,0.013099380768835545,0.0007123449177015573,2.0917779011142557e-06,9.730082638270687e-06,2.3952924266268383e-06,7.861555934596254e-05,0.0006922737811692059,6.393237526935991e-05,7.361003019923373e-05,0.000821806606836617,3.404547805985203e-05,0.00018171171950598364,0.001188924303278327,0.00013208379823481664,0.00010309346043868572,0.0003547782835084945,0.00013356974523048848,0.00029203442846892363,0.0026944823043777433,0.00017060902056679575,neutral,Visible+Pro Promo - Not valid for referral code?
visible_visible_pro_45_mo_plan_esim_psim_kit_unlimited_5g_data_included_blue,1p1oh1m,189,17766,0.30514310209790646,0.03867403314917127,0.0549875429851359,0.04634011202191142,0.044006060547238574,0.48219060269941905,0.4818576951266395,0.4760758038918459,0.4818812608718872,0.8146082758903503,0.18944160640239716,0.16856959462165833,0.7823885679244995,0.3797893524169922,52,137,0.2751322751322751,0.28916038778763287,1.857016283489537,0.5572936108269948,0.9153439153439153,0.7287234042553191,0.48148148148148145,0.2328042328042328,0.06349206349206349,0.31216931216931215,0.3915343915343915,25.11232625148863,21.0,1.023114822490052,10.0,3.687830687830688,1.4857142857142858,6.3308030363563725,0.017096338145343695,0.9796696901321411,0.002635685540735721,0.0002856600984914044,0.03720449283719063,4.990702109353146e-06,0.012269740198029294,0.9725843667984009,0.00020394560997374353,7.235321623334635e-05,0.003475408535450697,7.396350119961422e-05,0.005251102128159131,0.40875160694122314,0.00037981361383572216,0.00024849463743665845,0.006031775381416082,0.00025973822339437827,0.005870614737282254,0.39356605396217975,0.0006102834215804855,neutral,"Visible launching 50% off Visible+ Pro Annual tomorrow (11/20), get it for $18.75/mo equivalent"
visible_visible_pro_45_mo_plan_esim_psim_kit_unlimited_5g_data_included_blue,1p25tmo,2,1,0.2863908112049103,0.0,0.05477617031868136,0.04008655831296254,0.034508041410590315,0.5457471609115601,0.4915277361869812,0.5172204375267029,0.5172204375267029,0.5172204375267029,0.49685612320899963,0.49685612320899963,0.49685612320899963,0.49685612320899963,0,2,0.0,0.050226228311657906,-0.0,0.0,1.0,0.0,1.0,0.0,0.0,1.0,0.0,8.0,8.0,0.2962962962962963,1.0,1.0,0.0,0.0,0.0003981354966526851,0.0004225434677209705,0.00041766187350731346,1.4737871651959722e-06,1.5435972500199568e-06,1.52963523305516e-06,3.158000163239194e-05,3.342221680213697e-05,3.305377376818797e-05,1.91411490959581e-05,2.0703644622699358e-05,2.0391145517351104e-05,9.813617361942306e-05,9.842529107118025e-05,9.836746758082881e-05,6.361901978380047e-05,6.455833499785513e-05,6.43704719550442e-05,0.0001020142713249091,0.00010645661452220641,0.00010556814588274695,neutral,Moving from VZW to Visible Pro + - Best Code for Monthly?
visible_visible_pro_45_mo_plan_esim_psim_kit_unlimited_5g_data_included_blue,1pfeyi2,148,10878,0.315544141366564,0.15172413793103448,0.04964431724149542,0.03686869636630387,0.03218931014524419,0.49590125873528723,0.4961290842682085,0.4907876360318332,0.49734120070934296,0.8287886381149292,0.28003165125846863,0.27086448669433594,0.8334041833877563,0.5240879654884338,45,103,0.30405405405405406,0.3218095277410907,2.1374521119805268,0.6414528596470034,0.9594594594594594,0.8367346938775511,0.3716216216216216,0.40540540540540543,0.060810810810810814,0.17567567567567569,0.3581081081081081,35.47554109107984,38.5,0.9414344775828969,10.0,2.608108108108108,1.25,3.4511930585683297,0.01067356418757668,0.8035311698913574,0.0027272616047412162,1.0851994505702424e-05,0.000954265589825809,5.654950246025695e-06,0.0059143367363774174,0.6791613101959229,0.0001691246856353248,0.0018187632161218946,0.2073066681623459,7.783329419908116e-05,0.0013101699380943476,0.13194753229618073,0.00043611596338450953,0.00023027294674967698,0.004666464403271675,0.00034108485560864255,0.0033263265032376205,0.26950661159450345,0.0006534852929083483,neutral,"Visible + Pro for $225/yr with code BLACKFRIDAY50CARE upgraded from legacy, Apple Watch carried over, billing starts after my Feb renewal (no downtime)"
visible_visible_pro_45_mo_plan_esim_psim_kit_unlimited_5g_data_included_blue,1pib8n8,13,78,0.31715701405818647,0.15384615384615385,0.05841417117405168,0.04743779591300061,0.04250470805134026,0.5303816741857773,0.5179231655903351,0.520578764570065,0.5190442800521851,0.6671531796455383,0.31503987312316895,0.3320881724357605,0.6075672507286072,0.5654146671295166,3,10,0.23076923076923078,0.21025380950707656,1.7782333057997077,0.5336507109241654,0.9230769230769231,0.8333333333333334,0.3076923076923077,0.3076923076923077,0.0,0.23076923076923078,0.46153846153846156,16.598638284492143,18.0,0.668056649221046,3.0,1.5384615384615385,1.2,1.25,0.05728017880420129,0.7262982130050659,0.00698738633655012,4.9819935209318195e-05,0.0006163118523545563,9.290518755733507e-06,0.02992398194076556,0.38842520117759705,0.00012439669517334554,5.613237954094075e-05,0.000357882963726297,8.466684885206636e-05,0.021624499093517303,0.27856311202049255,0.0007292337890248749,0.0009209892803203099,0.005228633526712656,0.002750258217565717,0.018309266905592453,0.23290191058670948,0.002057922107860578,neutral,Successful Use In Mexico City - Visible+ Pro
visible_visible_pro_45_mo_plan_esim_psim_kit_unlimited_5g_data_included_blue,1plliy7,39,741,0.3075619210035373,0.07692307692307693,0.053182191810439386,0.047049034254309514,0.04631822964680243,0.47518851576868176,0.48246228045377976,0.4720485406285516,0.48190850019454956,0.7924016118049622,0.19780147075653076,0.1550603061914444,0.722305417060852,0.4870222806930542,4,35,0.10256410256410256,0.14806264562484545,1.537603341703725,0.461437266832965,0.8974358974358975,0.5789473684210527,0.5641025641025641,0.1282051282051282,0.10256410256410256,0.3333333333333333,0.4358974358974359,40.33818250472314,20.5,1.4121984898421927,6.0,2.1025641025641026,1.5333333333333334,2.5063291139240507,0.010891655730143284,0.3781488239765167,0.002589538833126429,3.6470941127985357e-06,7.424879731843248e-05,2.1711940007662636e-06,0.0010989127755377782,0.03991018235683441,8.688849484315145e-05,5.6018443128544815e-05,0.0005821624072268605,9.967837249860176e-05,0.007464305161519382,0.28081995248794556,0.00041223539737984675,0.00015825376780972315,0.0017792973667383194,0.00020414600730873667,0.0032787988287085864,0.11682573027186056,0.0006073552738371297,neutral,5G-SA on Visible - Any ETA?
visible_visible_pro_45_mo_plan_esim_psim_kit_unlimited_5g_data_included_blue,1rsjmjo,52,1326,0.3185330852866173,0.1346153846153846,0.05234860684850796,0.040534629197389156,0.03652069285798304,0.4942971752622189,0.47523642733670646,0.48055919527243346,0.4927622526884079,0.6705614924430847,0.2641793489456177,0.2355535626411438,0.732671320438385,0.5187894105911255,14,38,0.2692307692307692,0.3064451433288363,1.9303707176531146,0.5793073959772108,0.9423076923076923,0.803921568627451,0.4807692307692308,0.23076923076923078,0.07692307692307693,0.09615384615384616,0.5961538461538461,29.720013727727842,29.25,0.9259680730029046,6.0,2.1153846153846154,1.4210526315789473,3.844311377245509,0.047713646457570855,0.9896036386489868,0.01720316233113406,1.2419981229728504e-05,0.00040882377652451396,3.8424344893428475e-06,0.010621416404564325,0.5412868857383728,0.0003825059684459116,0.00012905043716343172,0.00481017678976059,8.38916421344038e-05,0.0360916379561856,0.9844717383384705,0.0014043031143955878,0.0002088705451359811,0.002650490729138255,0.0002645929926075041,0.01579617363030832,0.3296673299179626,0.004034705899160443,neutral,I switched from ATT to Visible
visible_visible_pro_45_mo_plan_esim_psim_kit_unlimited_5g_data_included_blue,1sgbrnm,179,15931,0.3195849877189506,0.2159090909090909,0.05046214409308938,0.03942457865170167,0.03539781501479101,0.49446919316865656,0.4898463999601746,0.48833899987064944,0.4936349093914032,0.7836833000183105,0.24765005707740784,0.2229660600423813,0.809843897819519,0.4947720170021057,26,153,0.1452513966480447,0.16805057319703215,1.5741519116952984,0.47240555220679753,0.888268156424581,0.5898876404494382,0.5977653631284916,0.07262569832402235,0.0670391061452514,0.1564245810055866,0.7039106145251397,37.837715393772854,28.5,1.1464033607795092,8.0,2.64804469273743,1.4482758620689655,4.0843373493975905,0.05287281138085573,0.9913553595542908,0.07761087268590902,0.0001063515308541045,0.00991366058588028,9.807686365093104e-06,0.01951756069876113,0.9050429463386536,0.0011837264522910102,0.000202173427301433,0.008770987391471863,0.00026320343022234727,0.026857331891906092,0.9526897072792053,0.010452203638851616,0.0003558116000098197,0.012373315170407295,0.0005536344600841402,0.016652006754948052,0.4679732756242932,0.02072933835564374,neutral,Visible+ Pro rep confirms ~400GB soft cap on “unlimited” plan
visible_visible_pro_45_mo_plan_esim_psim_kit_unlimited_5g_data_included_blue,1sjsl35,47,1081,0.30383615671320163,0.06382978723404255,0.05634468371093401,0.043097090195168546,0.03816732256619763,0.4968982079892551,0.49830893317545927,0.4933838806943029,0.502729058265686,0.9999999403953552,0.2600139379501343,0.2599093019962311,0.7236306071281433,0.5031455755233765,9,38,0.19148936170212766,0.24516329732029996,1.4313212657325174,0.42954184275360097,0.9361702127659575,0.6739130434782609,0.5319148936170213,0.3191489361702128,0.06382978723404255,0.2127659574468085,0.40425531914893614,22.593180124529383,19.5,0.7825198716675615,6.0,2.3191489361702127,1.3043478260869565,2.1839080459770117,0.0011051846761008764,0.01383544784039259,0.0014866193057969208,2.0983501734859755e-06,9.893397873383947e-06,2.7319578748574702e-06,9.698066118134909e-05,0.0018195593729615211,9.180573397316039e-05,0.00010499178199794148,0.0018084290204569697,4.770384475705212e-05,0.00016083475651264072,0.0008301229099743068,0.00023788757680449633,9.949971160707758e-05,0.00038711982779204845,0.0001393660990288481,0.0002615983229288952,0.0029088866096268853,0.00034332170578939725,neutral,"Signed up for the 1/2 off promo on the Visible + Pro plan last year and its ending soon, need some ideas on what I should do going forward"
visible_visible_pro_45_mo_plan_esim_psim_kit_unlimited_5g_data_included_blue,d9ckd8,38,703,0.3049533307552338,0.05714285714285714,0.05636720394417656,0.04623131059347234,0.04262199805393858,0.49041041630091065,0.4984546034129212,0.4912569677168411,0.4960881471633911,0.6418005228042603,0.2233799397945404,0.20987439155578613,0.6524896621704102,0.4334981143474579,12,26,0.3157894736842105,0.3630585288628936,1.8824572802650517,0.5649284953900006,0.8421052631578947,0.7837837837837838,0.5,0.15789473684210525,0.10526315789473684,0.21052631578947367,0.5263157894736842,21.94452840390529,15.5,0.8526503878818007,5.0,2.026315789473684,1.1666666666666667,1.7954545454545454,0.05621348230067126,0.7536543011665344,0.02777304355986393,4.72685306273266e-05,0.0011625915067270398,7.668153966733336e-06,0.025156947722758848,0.6376413702964783,0.0003135191000183096,0.0015937439623150184,0.05735322833061218,0.00010124116888619026,0.021209027304537716,0.669505774974823,0.0006722631747834377,0.00020947726117906553,0.0019165656995028257,0.00029664393950952115,0.017404991180348207,0.2375816309995571,0.0077475762029355424,neutral,Oneplus 7 Pro - Android 10 Update breaks Visible service
visible_visible_pro_45_mo_plan_esim_psim_kit_unlimited_5g_data_included_blue,en37j1,29,406,0.3038182886583464,0.07142857142857142,0.04863964359348036,0.04010955192206102,0.03766900824349968,0.4819947501708721,0.47866982625329435,0.47638090887093193,0.48505210876464844,0.615963876247406,0.1638890504837036,0.13156241178512573,0.5820902585983276,0.349182665348053,7,22,0.2413793103448276,0.2631172965569743,2.0188072510183086,0.6058473436590367,0.9655172413793104,0.8928571428571429,0.3793103448275862,0.1724137931034483,0.06896551724137931,0.4482758620689655,0.3103448275862069,25.267698733492995,20.0,0.8871225947594393,9.0,2.8275862068965516,1.0,2.7547169811320753,0.000673421970689027,0.00447241822257638,0.0007377883652225135,1.533039416056548e-06,2.0918325844831998e-06,1.86514998858911e-06,4.110688151458503e-05,0.00018574304704088718,6.48553905193694e-05,2.165144247430425e-05,3.3077201806008816e-05,2.6901219462160954e-05,0.0001770521058492234,0.0016655907966196537,0.00014091380871832367,7.923757986081282e-05,0.00012986404180992395,9.029360953718423e-05,0.00016566716996733481,0.0010800871690435088,0.00017249979514796597,neutral,"How To Download and View Your Visible Phone Call, Messages and Data Records Information - The Official How To Guide"
visible_visible_pro_45_mo_plan_esim_psim_kit_unlimited_5g_data_included_blue,h0nm8y,16,120,0.329993212223053,0.2,0.055550266053739715,0.043794773900931096,0.039648271964182344,0.4823426939547062,0.519041966398557,0.4880006738007069,0.49713902175426483,0.7853851914405823,0.2619706094264984,0.24486881494522095,0.6496157646179199,0.5386507511138916,2,14,0.125,0.20736810576636344,1.4614721293040243,0.438590166012104,1.0,0.8,0.375,0.4375,0.0625,0.375,0.125,53.15598361191334,43.25,1.3309792453687221,3.0,1.4375,1.5,1.5,0.0005081627423351165,0.0009924868354573846,0.0006471528904512525,1.5677970210958847e-06,2.1019593532400904e-06,1.826532411541848e-06,3.780637530326203e-05,7.012930291239172e-05,5.923279059061315e-05,2.305353120846121e-05,3.3551517844898626e-05,3.135151200694963e-05,0.00011914868491658126,0.0002429616724839434,0.00015260817599482834,8.112211344268871e-05,0.00014475164061877877,9.148069148068316e-05,0.0001284768740378676,0.00024403771156282042,0.00015771158679929914,neutral,Dual SIM iPhone 11 Pro T-Mobile/Visible - it works!
visible_visible_pro_45_mo_plan_esim_psim_kit_unlimited_5g_data_included_blue,kiffai,10,45,0.3221407890319824,0.2,0.04479372539249028,0.029692563485695076,0.023847996790789402,0.5088172720538245,0.47868280278311837,0.49048713048299153,0.48749515414237976,0.5513814091682434,0.29882892966270447,0.2722354531288147,0.5252662897109985,0.516478419303894,2,8,0.2,0.18934397473931314,1.8343719702816235,0.5504980155570266,0.6,0.7777777777777778,0.3,0.1,0.0,0.1,0.8,59.91794388995671,27.5,1.012127430573593,4.0,2.0,2.0,2.1904761904761907,0.12969687605800573,0.8013172149658203,0.5204573422670363,0.00014403153641069367,0.0010545057011768222,0.0004410800465848294,0.08691745902815455,0.5356614589691162,0.3534437388181686,9.364531779283425e-05,0.0003999154723715037,0.0002782393130473792,0.022384062858327523,0.158339723944664,0.07365456670522685,0.0006331293683615513,0.003752941731363535,0.0018599369912408285,0.03997820069450882,0.25008762679741875,0.15835581735688412,neutral,5G! - Visible still sucks
visible_visible_pro_45_mo_plan_esim_psim_kit_unlimited_5g_data_included_blue,oifbn9,18,153,0.3043523480494817,0.1111111111111111,0.07740829545887876,0.0626054914691054,0.05682713556152567,0.5261348279473049,0.5236347498846989,0.5226225817904753,0.5178789496421814,0.6881359219551086,0.33802586793899536,0.309555321931839,0.6934419274330139,0.5652111768722534,1,17,0.05555555555555555,0.1253359043556783,1.3801087571572688,0.4141728855305775,0.8888888888888888,0.8235294117647058,0.5555555555555556,0.0,0.1111111111111111,0.4444444444444444,0.4444444444444444,9.0008572979892,12.75,0.4836281533247928,4.0,2.388888888888889,1.2727272727272727,1.8823529411764706,0.0007322122708299301,0.004286634270101786,0.0008247906342148785,1.8128162335213144e-06,5.8514638112683315e-06,2.0707162093458467e-06,5.326360577681852e-05,0.00037114525912329555,5.9323970708646826e-05,3.3008984650627506e-05,0.00013790464436169714,4.6209262291085936e-05,0.00012738648931392364,0.0003228834830224514,0.00016171055904123938,8.479000704634625e-05,0.00014126539463177323,0.0001069055258994922,0.00017207902897519453,0.0008776140858420453,0.00019592346451039106,neutral,Using one Visible plan on both laptop and phone - possible?
visible_visible_pro_45_mo_plan_esim_psim_kit_unlimited_5g_data_included_blue,qv88rw,21,210,0.3091791144439152,0.14285714285714285,0.044849690248412726,0.03679470678256403,0.034250070245308246,0.49223378201325735,0.4689989535581498,0.4754383277325403,0.48546698689460754,0.615912139415741,0.17479731142520905,0.1242016851902008,0.5573447942733765,0.4309760630130768,3,18,0.14285714285714285,0.21347968768151032,1.3906826278129532,0.41734612133390114,0.7619047619047619,0.65,0.6190476190476191,0.2857142857142857,0.047619047619047616,0.14285714285714285,0.5238095238095238,65.61185944456416,24.0,1.4736353458137403,7.0,2.761904761904762,1.25,2.7636363636363637,0.017595303763214144,0.34277674555778503,0.004178543575108051,2.0253022230896195e-05,0.0003829046618193388,4.607033133652294e-06,0.007509042026001788,0.15446503460407257,0.0005956102395430207,8.386575098570792e-05,0.0010183058911934495,0.00010871109407162294,0.0013906745811081713,0.0242204237729311,0.0007712641381658614,0.00019101770400690535,0.0021018132101744413,0.00012959017476532608,0.004465026141257936,0.08749420461632933,0.0009879534492256425,neutral,Tmo to Visible Game Plan - Please Review
visible_visible_pro_45_mo_plan_esim_psim_kit_unlimited_5g_data_included_blue,tiqr8l,13,78,0.3045356099804242,0.08333333333333333,0.05068263472504099,0.037975585406830416,0.03279126831077975,0.4913845528394748,0.4799448855412312,0.48253907607151914,0.48270416259765625,0.6238119006156921,0.24207831919193268,0.20790132880210876,0.5151148438453674,0.4508846700191498,3,10,0.23076923076923078,0.2853388465367831,1.303875529336385,0.3912951697156873,1.0769230769230769,0.6666666666666666,0.5384615384615384,0.15384615384615385,0.07692307692307693,0.15384615384615385,0.6153846153846154,33.09534370795881,36.0,0.8691706428352819,4.0,2.076923076923077,1.3333333333333333,2.0,0.059135683525640234,0.755340576171875,0.0057092132279649415,2.4677655206827553e-06,8.930561307352036e-06,4.683457837018069e-06,8.743051484298821e-05,0.0004961061640642583,0.00015822905406821523,0.00015668557129034665,0.0016539099160581827,8.125642925733704e-05,0.052045339683760315,0.6746306419372559,0.0004712278896477075,0.00013574178256721308,0.0005685455398634076,0.000231761409668252,0.01859389147393696,0.23852242088347944,0.001317953243346893,neutral,Questions - thinking about switching daughter to Visible but might switch her back to Xfinity in the future. Any problems with this plan?
visible_visible_pro_45_mo_plan_esim_psim_kit_unlimited_5g_data_included_blue,tpdz6g,23,253,0.29563348513582477,0.0,0.05219941127733485,0.04345271506650262,0.04065695239248528,0.473736627770978,0.5158556139045082,0.4900700919948548,0.4942921996116638,0.6435790657997131,0.2834053635597229,0.2839653491973877,0.6420211791992188,0.49250978231430054,5,18,0.21739130434782608,0.2176176831126213,1.5751765904639272,0.47271305997395285,0.9565217391304348,0.8636363636363636,0.5217391304347826,0.2608695652173913,0.08695652173913043,0.391304347826087,0.2608695652173913,46.40880237215939,22.0,1.4366116481287565,4.0,2.0434782608695654,1.0833333333333333,2.242424242424242,0.0007915826496647913,0.006904707755893469,0.0006146902102045716,1.656813152373576e-06,3.333569566166261e-06,2.447199676680612e-06,4.5991805445342123e-05,0.0002567671472206712,5.626425554510207e-05,2.7467305145641465e-05,0.0001520369405625388,2.6272480681654997e-05,0.0001617593617360715,0.0012296675704419613,0.00012679292558459568,9.847532245381127e-05,0.00047274131793528795,9.670391445979477e-05,0.00018782220959967185,0.001485417493578704,0.0001453481521290693,neutral,Visible 5G speed test iPhone 12 Max Pro vs Samsung S22 Ultra - speed test taken at the same exact location
visible_visible_pro_45_mo_plan_esim_psim_kit_unlimited_5g_data_included_blue,wqok4o,182,16471,0.3087723149646143,0.10559006211180125,0.04501563663094899,0.03522941391925283,0.031927738306824646,0.48401685516572696,0.4732451777882382,0.47333624695365123,0.4789969325065613,1.0000001192092896,0.23880615830421448,0.2233203649520874,0.854066014289856,0.4745696485042572,15,167,0.08241758241758242,0.12751049446044388,1.8157785996162035,0.5449181147410223,0.8736263736263736,0.6795580110497238,0.5054945054945055,0.19230769230769232,0.09340659340659341,0.25274725274725274,0.46153846153846156,35.35242930747281,36.5,0.9806648580948105,10.0,2.9505494505494507,1.3564356435643565,4.250501002004008,0.022282269526660636,0.987800121307373,0.0017884231987409299,2.525152499239474e-05,0.0019693728536367416,2.4771150947344727e-06,0.01278826980215344,0.7807781100273132,7.999331501196141e-05,3.7562621280932825e-05,0.00040850043296813965,5.2772233902942414e-05,0.012532380621500984,0.9823988080024719,0.0002584089423180559,0.00014109344188549945,0.002142774173989892,0.0001320397001109086,0.007967804589745645,0.39636434213995625,0.00041671038502499896,neutral,Visible launches two new plans: Visible and Visible+ - Details & Megathread
visible_visible_pro_45_mo_plan_esim_psim_kit_unlimited_5g_data_included_blue,wvsdz4,4,6,0.30049826204776764,0.0,0.03837923535775032,0.03279168795705827,0.03142852353209052,0.4766453256209691,0.5112573057413101,0.48601284126440686,0.4781196117401123,0.5308351516723633,0.21820013225078583,0.15058653056621552,0.21820013225078583,0.43108534812927246,0,4,0.0,0.04120187787339091,0.5623351446188083,0.16875769266311968,1.0,0.6666666666666666,0.75,0.0,0.0,0.0,1.0,25.469344318219107,42.75,0.777689902846385,2.0,1.25,1.0,1.0,0.007312209520023316,0.02793639898300171,0.019709506782237443,4.5084364330705284e-06,1.3453791325446218e-05,9.919523961343659e-06,0.00017981855489779264,0.0006165765225887299,0.000445950149151031,0.002686626006379811,0.010683230124413967,0.007484857335475683,0.00042852100159507245,0.0014121204148977995,0.0010213327310339086,0.00018156409896619152,0.0004910368588753045,0.0003693237951665652,0.001798874603049209,0.006858802782517159,0.004839358891655367,neutral,No 5G UW logo on C-Band (n77) and mmwave (n261) isn’t connecting - Visible + issue
visible_visible_pro_45_mo_plan_esim_psim_kit_unlimited_5g_data_included_blue,znl67s,2,1,0.32495586574077606,0.5,0.04400152880191805,0.03745517174460844,0.0349693800906002,0.49257487058639526,0.5061361789703369,0.4992634356021881,0.4992634356021881,0.4992634356021881,0.44285327196121216,0.44285327196121216,0.44285327196121216,0.44285327196121216,0,2,0.0,0.05416278541088104,0.6931471805599453,0.20801459767650946,1.0,1.0,0.5,0.0,0.0,0.0,1.0,7.5,7.5,0.4838709677419355,1.0,1.0,0.0,0.0,0.0007244687294587493,0.0009947194484993815,0.0009406693046912551,2.812312914102222e-06,4.241560873197159e-06,3.955711281378171e-06,6.361105624819174e-05,9.73480346146971e-05,9.060063894139603e-05,3.84704135285574e-05,5.702835551346652e-05,5.3316767116484697e-05,9.406703975400887e-05,0.00011033326882170513,0.00010708002300816587,0.00010199429743806832,0.00013120182848069817,0.0001253603222721722,0.00017090397489027964,0.00022705667311129218,0.00021582613346708966,disapproval,"Give a $5 month, Get a $5 month - you'll both receive a month of $5 service. Visible Mobile Service Unlimited Internet Unlimited Data Text Calls"
