product,thread_id,comment_count,pair_count,mean_disagree_probability,hard_disagree_rate,self_bleu_2,self_bleu_3,self_bleu_4,self_bertscore_mean_precision,self_bertscore_mean_recall,self_bertscore_mean_f1,self_bertscore_median_f1,self_bertscore_top_k_mean_f1,semantic_mean_cosine,semantic_median_cosine,semantic_top_k_mean_cosine,semantic_p90_cosine,story_count,not_story_count,story_rate,mean_story_probability,emotion_entropy,emotion_entropy_normalized,avg_labels_per_comment,emotion_shift_rate,dominant_emotion_share,polite_rate,somewhat_polite_rate,neutral_rate,impolite_rate,length_std,length_iqr,length_cv,max_depth,avg_depth,avg_branching_factor,structural_virality,toxicity_mean,toxicity_max,toxicity_p90,severe_toxicity_mean,severe_toxicity_max,severe_toxicity_p90,obscene_mean,obscene_max,obscene_p90,threat_mean,threat_max,threat_p90,insult_mean,insult_max,insult_p90,identity_attack_mean,identity_attack_max,identity_attack_p90,aggression_score_mean,aggression_score_max,aggression_score_p90,dominant_emotion,thread_title
lenovo_legion_7i_16_2_5k_oled_gaming_laptop_intel_core_ultra_9_275hx_2025_32gb_ram_nvidia_geforce_rtx_5070_1tb_ssd_glacier_white,1rg6fsw,14,91,0.3130573502608708,0.14285714285714285,0.042637899838849636,0.03280500408980514,0.02955358046482489,0.45721359174330156,0.4537514818238688,0.45258371974085715,0.47359567880630493,0.5809678435325623,0.3014940917491913,0.3068481683731079,0.616079568862915,0.5778971314430237,3,11,0.21428571428571427,0.256429711223713,1.450805020083924,0.4353889491637601,0.7857142857142857,0.6923076923076923,0.5714285714285714,0.07142857142857142,0.21428571428571427,0.21428571428571427,0.5,38.477730108281,37.5,1.0260728028874935,8.0,3.4285714285714284,1.0,2.764705882352941,0.061211155249371325,0.8450403213500977,0.004866365174530069,0.00011017015888065933,0.0015170845435932279,5.698808809029284e-06,0.048968327961509725,0.6848295331001282,0.00024661722927703505,0.00011306463082811595,0.0010322988964617252,0.00022044144607207252,0.01064444872931095,0.14733992516994476,0.0003437224862864239,0.0002201471782297761,0.0018586392980068922,0.00023465814301744088,0.020211218984688424,0.2801482003609029,0.001070178210024626,neutral,BestBuy Canada has the 7i (Intel Core Ultra 9 - 275HX/32GB RAM/1TB SSD/RTX 5070) on sale for $2399.99
16_2k_lcd_touchscreen_16gb_memory_1tb_storage_windows_11_copilot_pc_intel_core_ultra_7,1qb5hrr,1,0,0.2865811586380005,0.0,0.0,0.0,0.0,0.0,0.0,0.0,0.0,0.0,0.0,0.0,0.0,0.0,0,1,0.0,0.22341638803482056,-0.0,0.0,1.0,0.0,1.0,0.0,0.0,1.0,0.0,0.0,0.0,0.0,1.0,1.0,0.0,0.0,0.0009054235997609794,0.0009054235997609794,0.0009054235997609794,2.9392240321612917e-06,2.9392240321612917e-06,2.9392240321612917e-06,0.00010857878078240901,0.00010857878078240901,0.00010857878078240901,4.083129169885069e-05,4.083129169885069e-05,4.083129169885069e-05,0.00014414711040444672,0.00014414711040444672,0.00014414711040444672,0.00011472839105408639,0.00011472839105408639,0.00011472839105408639,0.00021944139962215559,0.00021944139962215559,0.00021944139962215559,neutral,"[Walmart] HP OmniBook 5 AI PC Laptop: 16"" (1920 x 1200) 2K Touch Display, Intel Core Ultra 7 255U, Intel Graphics, 16GB RAM, 1TB SSD, Glacier Silver, Now: $599 After $390 Off"
lenovo_yoga_slim_7x_copilot_pc_14_5_3k_90hz_oled_touch_screen_laptop_snapdragon_x_elite_x1e_78_100_2024_16gb_512gb_cosmic_blue,1qxnmx6,3,3,0.3101206322511037,0.0,0.08326900012792732,0.05841078137632544,0.04992890744410868,0.4916328390439351,0.4960400362809499,0.49373417099316913,0.5057989954948425,0.5200967788696289,0.4193951189517975,0.32064342498779297,0.4193951189517975,0.6650575399398804,0,3,0.0,0.08823707948128383,0.6365141682948128,0.1910189384688593,0.0,0.5,0.6666666666666666,0.0,0.0,0.3333333333333333,0.6666666666666666,10.402991022884823,11.5,0.39505029200828445,2.0,1.6666666666666667,2.0,1.3333333333333333,0.3185293474622692,0.9544224739074707,0.7636829158174806,0.0020905209214561182,0.006268446333706379,0.005015104606377463,0.3085044106943921,0.9254426956176758,0.7403626330458792,0.00013487386058841366,0.0003470462397672236,0.0002847033880243544,0.14194199383443143,0.4255828857421875,0.34049200382723943,0.0013078115516691469,0.003755431156605482,0.003021703784179408,0.12875149305413439,0.3859698298329022,0.3088098440781968,curiosity,is the lenovo yoga slim 7 made to hate computers???
lenovo_legion_7i_16_2_5k_oled_gaming_laptop_intel_core_ultra_9_275hx_2025_32gb_ram_nvidia_geforce_rtx_5070_1tb_ssd_glacier_white,1sc02e4,14,91,0.27643062440412386,0.0,0.042701709970533235,0.029907044998257006,0.025544227940353128,0.4889727113666115,0.4855406050171171,0.4805626862651699,0.4792375862598419,0.6065816879272461,0.31377387046813965,0.3133625090122223,0.5875980257987976,0.5408159494400024,3,11,0.21428571428571427,0.23002749056156194,1.567081229293324,0.4702836289033558,0.8571428571428571,0.6153846153846154,0.5,0.42857142857142855,0.07142857142857142,0.21428571428571427,0.2857142857142857,46.75560645199545,31.5,0.9612018947546788,3.0,1.8571428571428572,1.3333333333333333,1.4285714285714286,0.053592324863919724,0.7358474135398865,0.004420177324209359,8.753455724023038e-05,0.0011953971115872264,5.103085413793449e-06,0.0547630008694406,0.7653026580810547,0.0005286442617943971,6.602662233490264e-05,0.000355682335793972,0.00010209482570644467,0.004142698815225491,0.05543611943721771,0.0007432812446495512,0.00018395869015616233,0.001264820690266788,0.00016195866046473382,0.018805924069719517,0.2599003485326345,0.0009921926513091716,neutral,Legion Pro 7i Temps
lenovo_ideapad_slim_3_15_6_full_hd_touchscreen_laptop_amd_ryzen_7_5825u_2025_16gb_memory_512gb_ssd_arctic_grey,qcond4,33,528,0.30152796163703455,0.06060606060606061,0.07206181597327968,0.07177982344955278,0.07708747748687522,0.47945376502519305,0.484696710679793,0.476037377322262,0.477718710899353,0.7566247582435608,0.21716992557048798,0.18545106053352356,0.6692081093788147,0.4733928442001343,5,28,0.15151515151515152,0.22085040683547655,1.4913060682614458,0.4475433796778081,0.8484848484848485,0.625,0.5757575757575758,0.12121212121212122,0.09090909090909091,0.30303030303030304,0.48484848484848486,20.824598719920875,20.0,1.1687274791792328,3.0,1.2121212121212122,1.0,1.1428571428571428,0.030800358964673553,0.9591741561889648,0.004540395201183858,0.0004789007747169969,0.015722094103693962,5.508508411367077e-06,0.029028107124263028,0.9513747692108154,0.000209963633096777,0.00011476103893735193,0.001382749993354082,0.0003108393240836451,0.0042704976464544115,0.1338677853345871,0.000420725450385362,0.00023175805725975695,0.004120640456676483,0.00018295772606506945,0.010820730601050852,0.344273699214682,0.0010421056046804253,neutral,"Can someone tell me please, what's happening with my brand new lenovo's laptop screen? Name - lenovo IdeaPad slim 3"
hp_14_laptop_intel_processor_n150_2025_4gb_memory_128gb_ufs_sky_blue,1s8xn5y,17,136,0.3089036012397093,0.11764705882352941,0.0500005111295763,0.04177398340616836,0.039305408757829584,0.46052025061319857,0.49161812159068446,0.46972045521525774,0.4738881140947342,0.608880877494812,0.25132256746292114,0.21897459030151367,0.6208289861679077,0.5079017281532288,0,17,0.0,0.04029375402366414,1.6100124371857245,0.48316735430535496,0.7058823529411765,0.75,0.47058823529411764,0.17647058823529413,0.058823529411764705,0.23529411764705882,0.5294117647058824,22.360989263233634,21.0,0.8758912845045432,3.0,1.6470588235294117,1.1666666666666667,1.4166666666666667,0.184575040196411,0.9817453026771545,0.8576167106628418,8.654422926798253e-06,4.368155714473687e-05,3.300685675640125e-05,0.0006531987998160356,0.004983948543667793,0.0019331129267811781,5.028200811305878e-05,0.00019680598052218556,0.00010153241164516658,0.17363506439912324,0.9708748459815979,0.8121153235435488,0.000268327807134483,0.001500660669989884,0.0006157950963824987,0.059865094605587435,0.3257957192151177,0.27907298356828203,neutral,This or Macbook Neo ?
hp_17_3_touchscreen_laptop_intel_core_i7_16gb_ram_2tb_ssd_backlit_keyboard_fingerprint_reader_pco_laptop_cooler_silver,1s8xn5y,17,136,0.3089035889681648,0.11764705882352941,0.0500005111295763,0.04177398340616836,0.039305408757829584,0.46052014707204175,0.49161800194312544,0.4697203414843363,0.4738881289958954,0.608880877494812,0.25132253766059875,0.21897457540035248,0.6208289861679077,0.507901668548584,0,17,0.0,0.04029375742025235,1.6100124371857245,0.48316735430535496,0.7058823529411765,0.75,0.47058823529411764,0.17647058823529413,0.058823529411764705,0.23529411764705882,0.5294117647058824,22.360989263233634,21.0,0.8758912845045432,3.0,1.6470588235294117,1.1666666666666667,1.4166666666666667,0.184575040196411,0.9817453026771545,0.8576167106628418,8.65442296023556e-06,4.368155714473687e-05,3.300685675640125e-05,0.0006531984010293587,0.004983948543667793,0.0019331102259457118,5.028201217903509e-05,0.00019680598052218556,0.00010153241164516658,0.1736350591347539,0.9708748459815979,0.8121153235435488,0.0002683278156944331,0.001500660669989884,0.0006157950963824987,0.059865093663838,0.3257957192151177,0.27907298356828203,neutral,This or Macbook Neo ?
hp_17_3_touchscreen_laptop_intel_core_ultra_5_225u_32gb_ram_1tb_ssd_fp_reader_backlit_kb_pco_laptop_cooler_silver,1s8xn5y,17,136,0.30890359598047595,0.11764705882352941,0.0500005111295763,0.04177398340616836,0.039305408757829584,0.4605201320613132,0.4916179940542754,0.46972032965106125,0.473888099193573,0.608880877494812,0.25132253766059875,0.21897457540035248,0.6208289861679077,0.507901668548584,0,17,0.0,0.04029375051750856,1.6100124371857245,0.48316735430535496,0.7058823529411765,0.75,0.47058823529411764,0.17647058823529413,0.058823529411764705,0.23529411764705882,0.5294117647058824,22.360989263233634,21.0,0.8758912845045432,3.0,1.6470588235294117,1.1666666666666667,1.4166666666666667,0.184575040196411,0.9817453026771545,0.8576167106628418,8.654422926798253e-06,4.368155714473687e-05,3.300685675640125e-05,0.0006531987998160356,0.004983948543667793,0.0019331129267811781,5.028200811305878e-05,0.00019680598052218556,0.00010153241164516658,0.17363506439912324,0.9708748459815979,0.8121153235435488,0.000268327807134483,0.001500660669989884,0.0006157950963824987,0.059865094605587435,0.3257957192151177,0.27907298356828203,neutral,This or Macbook Neo ?
hp_17_3_touchscreen_laptop_intel_core_ultra_5_225u_64gb_ram_2tb_ssd_fp_reader_backlit_kb_pco_laptop_cooler_silver,1s8xn5y,17,136,0.3089035889681648,0.11764705882352941,0.0500005111295763,0.04177398340616836,0.039305408757829584,0.46052014707204175,0.49161800194312544,0.4697203414843363,0.4738881289958954,0.608880877494812,0.25132253766059875,0.21897457540035248,0.6208289861679077,0.507901668548584,0,17,0.0,0.04029375742025235,1.6100124371857245,0.48316735430535496,0.7058823529411765,0.75,0.47058823529411764,0.17647058823529413,0.058823529411764705,0.23529411764705882,0.5294117647058824,22.360989263233634,21.0,0.8758912845045432,3.0,1.6470588235294117,1.1666666666666667,1.4166666666666667,0.184575040196411,0.9817453026771545,0.8576167106628418,8.65442296023556e-06,4.368155714473687e-05,3.300685675640125e-05,0.0006531984010293587,0.004983948543667793,0.0019331102259457118,5.028201217903509e-05,0.00019680598052218556,0.00010153241164516658,0.1736350591347539,0.9708748459815979,0.8121153235435488,0.0002683278156944331,0.001500660669989884,0.0006157950963824987,0.059865093663838,0.3257957192151177,0.27907298356828203,neutral,This or Macbook Neo ?
hp_omnibook_3_copilot_pc_15_6_full_hd_touch_screen_laptop_amd_ryzen_5_ai_5_330_2025_16gb_memory_512gb_ssd_glacier_silver,1s8xn5y,17,136,0.3089035854620092,0.11764705882352941,0.0500005111295763,0.04177398340616836,0.039305408757829584,0.46052015167387095,0.4916180063258199,0.46972034455222245,0.4738880842924118,0.6088808178901672,0.25132256746292114,0.21897459030151367,0.6208289861679077,0.507901668548584,0,17,0.0,0.04029374723048771,1.6100124371857245,0.48316735430535496,0.7058823529411765,0.75,0.47058823529411764,0.17647058823529413,0.058823529411764705,0.23529411764705882,0.5294117647058824,22.360989263233634,21.0,0.8758912845045432,3.0,1.6470588235294117,1.1666666666666667,1.4166666666666667,0.184575040196411,0.9817453026771545,0.8576167106628418,8.65442296023556e-06,4.368155714473687e-05,3.300685675640125e-05,0.0006531984010293587,0.004983948543667793,0.0019331102259457118,5.028201217903509e-05,0.00019680598052218556,0.00010153241164516658,0.1736350591347539,0.9708748459815979,0.8121153235435488,0.0002683278156944331,0.001500660669989884,0.0006157950963824987,0.059865093663838,0.3257957192151177,0.27907298356828203,neutral,This or Macbook Neo ?
hp_omnibook_5_16_fhd_touchscreen_laptop_intel_core_ultra_7_255u_16gb_ram_1tb_ssd_copilot_pco_laptop_cooler_silver,1s8xn5y,17,136,0.30890359598047595,0.11764705882352941,0.0500005111295763,0.04177398340616836,0.039305408757829584,0.4605201700811877,0.491618015748613,0.4697203603299225,0.4738881140947342,0.608880877494812,0.25132256746292114,0.21897462010383606,0.6208289861679077,0.507901668548584,0,17,0.0,0.04029374482000575,1.6100124371857245,0.48316735430535496,0.7058823529411765,0.75,0.47058823529411764,0.17647058823529413,0.058823529411764705,0.23529411764705882,0.5294117647058824,22.360989263233634,21.0,0.8758912845045432,3.0,1.6470588235294117,1.1666666666666667,1.4166666666666667,0.184575040196411,0.9817453026771545,0.8576167106628418,8.654422926798253e-06,4.368155714473687e-05,3.300685675640125e-05,0.0006531987998160356,0.004983948543667793,0.0019331129267811781,5.028200811305878e-05,0.00019680598052218556,0.00010153241164516658,0.17363506439912324,0.9708748459815979,0.8121153235435488,0.000268327807134483,0.001500660669989884,0.0006157950963824987,0.059865094605587435,0.3257957192151177,0.27907298356828203,neutral,This or Macbook Neo ?
gigabyte_aero_x16_copilot_pc_16_2560_1600_wqxga_amd_ryzen_al_7_350_1tb_ssd_32gb_ddr5_ram_geforce_rtx_5060_space_gray,1l89620,12,66,0.309076522787412,0.0,0.046146626986820455,0.02714075128641398,0.019367063119265133,0.5026088230537645,0.45700849254022946,0.4703228672345479,0.48618359863758087,0.6705056428909302,0.3764418363571167,0.34992337226867676,0.6191316843032837,0.591579794883728,1,11,0.08333333333333333,0.1936754542402923,1.234267866079077,0.37040579661606077,0.9166666666666666,0.6363636363636364,0.5833333333333334,0.5833333333333334,0.0,0.16666666666666666,0.25,80.11809859340286,122.5,0.7002310146546499,6.0,2.9166666666666665,1.125,2.5806451612903225,0.0006779808997331808,0.0014668612275272608,0.0010794283880386504,2.7765865885006256e-06,9.2131485871505e-06,7.555728893748894e-06,7.477104281861102e-05,0.00022854743292555213,0.00020824668099521666,2.546662108215969e-05,4.532566526904702e-05,3.734724668902346e-05,0.00012780454259579224,0.00018915404507424682,0.00015566817892249675,9.919970761984587e-05,0.00021621993801090866,0.00018444684028509075,0.000167999900073015,0.0003515306980261812,0.00027244328385336305,neutral,Gigabyte Aero X16 - Could be better
16_2k_lcd_touchscreen_16gb_memory_1tb_storage_windows_11_copilot_pc_intel_core_ultra_7,1r36flw,3,3,0.30301738778750104,0.0,0.0650009409052881,0.05925507410369418,0.058163239655257985,0.49509962399800617,0.5067737897237142,0.5001503427823385,0.5030918717384338,0.52388596534729,0.43210503458976746,0.4389072358608246,0.43210503458976746,0.5103614926338196,2,1,0.6666666666666666,0.5269681128362814,1.0986122886681096,0.32969533691986563,1.0,1.0,0.3333333333333333,0.6666666666666666,0.0,0.0,0.3333333333333333,6.128258770283411,6.5,0.49688584623919546,1.0,1.0,0.0,0.0,0.00043385368189774454,0.0004570982127916068,0.00045242821797728536,1.639010633880389e-06,2.0694030808954267e-06,1.9467595620881187e-06,3.1591983618758e-05,4.0740007534623146e-05,3.842574260488618e-05,2.34087159090753e-05,2.4055490939645097e-05,2.3932271869853138e-05,9.160677048688133e-05,0.00010185375140281394,0.00010021168418461457,8.05947007999445e-05,9.282875544158742e-05,9.059397416422144e-05,0.00011044914389104734,0.00011415685135792349,0.00011392977591716166,gratitude,"[Lenovo] Lenovo IdeaPad Pro 5i Laptop: 16"" 2.8K OLED Touchscreen, Ultra 7 255H, RTX 5050, 16GB RAM, 1TB SSD with 52% off using coupon code LENOVOLOVE1,for $900"
16_2k_lcd_touchscreen_16gb_memory_1tb_storage_windows_11_copilot_pc_intel_core_ultra_7,1qh57y6,1,0,0.3158932328224182,0.0,0.0,0.0,0.0,0.0,0.0,0.0,0.0,0.0,0.0,0.0,0.0,0.0,0,1,0.0,0.1182565689086914,-0.0,0.0,1.0,0.0,1.0,0.0,0.0,1.0,0.0,0.0,0.0,0.0,1.0,1.0,0.0,0.0,0.00036935400567017496,0.00036935400567017496,0.00036935400567017496,1.4755695474377717e-06,1.4755695474377717e-06,1.4755695474377717e-06,2.6806681489688344e-05,2.6806681489688344e-05,2.6806681489688344e-05,1.9386854546610266e-05,1.9386854546610266e-05,1.9386854546610266e-05,9.381841664435342e-05,9.381841664435342e-05,9.381841664435342e-05,8.248590893344954e-05,8.248590893344954e-05,8.248590893344954e-05,9.888790613861904e-05,9.888790613861904e-05,9.888790613861904e-05,neutral,"[Walmart] HP OmniBook 5 AI PC Laptop: 16"" (1920 x 1200) 2K Touch Display, Intel Core Ultra 7 255U, Intel Graphics, 16GB RAM, 1TB SSD, Glacier Silver, Now: $599 After $390 Off"
lenovo_legion_7i_16_2_5k_oled_gaming_laptop_intel_core_ultra_9_275hx_2025_32gb_ram_nvidia_geforce_rtx_5070_1tb_ssd_glacier_white,1rurqto,66,2145,0.31350126518218807,0.22727272727272727,0.041509173421881734,0.03240416295780673,0.02938755777015334,0.4713630570328875,0.4868715077638626,0.47469149587593434,0.47804638743400574,1.0,0.228477343916893,0.19455239176750183,0.8759447336196899,0.5141389966011047,19,47,0.2878787878787879,0.3387280209554416,2.066820871408317,0.6202563093282788,0.8484848484848485,0.8,0.42424242424242425,0.24242424242424243,0.0,0.030303030303030304,0.7272727272727273,61.86293871462581,46.5,1.281127692238878,7.0,2.893939393939394,1.3076923076923077,3.110169491525424,0.1893696604670505,0.9946125745773315,0.9397822022438049,0.0010288901589343836,0.017735948786139488,0.003549606422893703,0.12025105508225599,0.9513205885887146,0.7596081793308258,0.00022880087236086237,0.002664639614522457,0.000670944427838549,0.08204887957220887,0.9914280772209167,0.23440029472112656,0.0007624755175625482,0.006821062881499529,0.00251223286613822,0.06561496027839553,0.4134445005232313,0.325552419906065,neutral,Legion 7 Dead After 1 Month
lenovo_legion_7i_16_2_5k_oled_gaming_laptop_intel_core_ultra_9_275hx_2025_32gb_ram_nvidia_geforce_rtx_5070_1tb_ssd_glacier_white,1rtfm40,9,36,0.27872008333603543,0.1111111111111111,0.046807704519209646,0.03551043098342195,0.030117911693982178,0.48414582593573463,0.47870973580413395,0.4778942068417867,0.46328189969062805,0.6000140905380249,0.3338378369808197,0.31897300481796265,0.4699897766113281,0.46842026710510254,3,6,0.3333333333333333,0.35183494227627915,1.0027182645175161,0.3009173841088146,0.8888888888888888,0.625,0.6666666666666666,0.3333333333333333,0.0,0.3333333333333333,0.3333333333333333,31.82397574312118,30.0,0.8626981376147309,6.0,2.7777777777777777,1.0,2.25,0.0007100633326141784,0.0023712823167443275,0.0010271267499774696,2.159315146046639e-06,6.195020887389546e-06,3.0675199923280164e-06,4.092368100019586e-05,7.609587191836908e-05,6.113213748903945e-05,3.257321825205711e-05,7.496965554310009e-05,6.228503334568814e-05,0.00014275406283559278,0.00043187267147004604,0.0001977822394110263,0.00015922582194131488,0.0007867242093198001,0.00023184801102615906,0.00018128323863156426,0.0006218806613560446,0.0002581864639523702,neutral,Rtx 5080 mobile hard stuck at 80w
hp_omen_max_16_240hz_gaming_laptop_intel_core_ultra_9_275hx_2025_32gb_memory_nvidia_geforce_rtx_5080_1tb_ssd_shadow_black,1shnmca,9,36,0.30792948934766984,0.0,0.1904426813506262,0.1814197587960069,0.17776917186731236,0.544596871568097,0.5604797775546709,0.5417201576961411,0.4200490564107895,1.0000003576278687,0.3483194410800934,0.20035944879055023,0.7402579188346863,0.7701892256736755,0,9,0.0,0.10675435803002781,0.936888307539016,0.28116170681545455,1.0,0.875,0.5555555555555556,0.5555555555555556,0.0,0.1111111111111111,0.3333333333333333,36.609045633862436,18.0,1.277059731413806,3.0,1.6666666666666667,1.0,1.1666666666666667,0.0007742933230474591,0.002011261647567153,0.001553010893985629,1.6637579720837593e-06,3.173569893988315e-06,2.5120943973888643e-06,5.433342125292661e-05,0.00016660256369505078,0.00012239385105203838,2.8100400110512663e-05,5.519217666005716e-05,3.849723580060527e-05,0.0001509444700786844,0.00026404569507576525,0.0002527508477214724,7.64341817153359e-05,0.000126760482089594,0.00010088739218190313,0.00018096159236283374,0.00043548626263145707,0.0003464205751091262,gratitude,Ultra 7 255 hx vs ultra 9 275 hx
lenovo_legion_7i_16_2_5k_oled_gaming_laptop_intel_core_ultra_9_275hx_2025_32gb_ram_nvidia_geforce_rtx_5070_1tb_ssd_glacier_white,1s26l3z,3,3,0.29775049289067584,0.0,0.08595260243548325,0.09175168278123653,0.098820715956077,0.4328199625015259,0.48388469219207764,0.4528774122397105,0.4830361008644104,0.5129737854003906,0.2035854458808899,0.16728119552135468,0.2035854458808899,0.30469250679016113,0,3,0.0,0.13784663130839667,0.6365141682948128,0.1910189384688593,1.0,0.5,0.6666666666666666,0.3333333333333333,0.0,0.6666666666666666,0.0,2.6246692913372702,3.0,0.3423481684352961,1.0,1.0,0.0,0.0,0.0005579755137053629,0.0008186872582882643,0.0007492369273677469,1.9797745759812337e-06,2.710861963350908e-06,2.537753903197881e-06,4.564866382376446e-05,7.080713112372905e-05,6.479125877376646e-05,2.478316431127799e-05,2.841220521077048e-05,2.8020515674143096e-05,9.970750882833575e-05,0.00010477301111677662,0.00010378448932897299,8.01702044554986e-05,8.583244925830513e-05,8.520079863956198e-05,0.00013504413828337015,0.00018520381949353273,0.00017208491431498866,neutral,What's the thermal throttling condition of this pc? (Specs mentioned)
lenovo_ideapad_slim_3_15_6_full_hd_touchscreen_laptop_amd_ryzen_7_5825u_2025_16gb_memory_512gb_ssd_arctic_grey,1saysu4,4,6,0.3099661022424698,0.0,0.026946139991610482,0.022478570344177235,0.020842850637173397,0.4045020292202632,0.5072005093097687,0.4482881824175517,0.4531594216823578,0.5099536776542664,0.04776817560195923,0.027285199612379074,0.04776817560195923,0.172215074300766,0,4,0.0,0.10563143156468868,1.0397207708399179,0.3120218965147642,0.75,1.0,0.5,0.25,0.25,0.0,0.5,34.95264653785175,25.25,0.9383260815530671,2.0,1.5,1.0,1.0,0.0005280224359012209,0.0007623269339092076,0.00067877504916396,1.5208483006290408e-06,1.8878196215155185e-06,1.8785253473652118e-06,3.753259670702391e-05,4.847033051191829e-05,4.7394833018188365e-05,2.3584628934258944e-05,3.9170114177977666e-05,3.374774696567329e-05,0.00011498374624352437,0.00013813206169288605,0.00013303989835549145,7.129684581741458e-05,8.285936200991273e-05,8.127694163704292e-05,0.0001294901836506786,0.00017880260683493057,0.00016012503072981114,neutral,"Lenovo Ideapad Slim 3 (Ryzen 7, 16GB ram, 512GB SSD) for Engineering"
hp_omen_max_16_240hz_gaming_laptop_intel_core_ultra_9_275hx_2025_32gb_memory_nvidia_geforce_rtx_5080_1tb_ssd_shadow_black,1ojdnxt,98,4753,0.30083103964523394,0.04081632653061224,0.04454853213434565,0.035076501822995515,0.03216944647914755,0.4675738223221536,0.4690880103849146,0.46479898153820115,0.46925467252731323,1.000000238418579,0.244842529296875,0.2133670449256897,0.8551256060600281,0.5327407121658325,10,88,0.10204081632653061,0.1392618084934597,1.6237210481034328,0.48728133076623775,0.8979591836734694,0.7422680412371134,0.5408163265306123,0.23469387755102042,0.07142857142857142,0.15306122448979592,0.5408163265306123,43.85891037359095,38.25,1.0521843859515088,7.0,2.4081632653061225,1.196078431372549,2.806603773584906,0.028301807502949878,0.9661891460418701,0.027382788993418165,0.00030531249762695865,0.015950849279761314,1.345549089819541e-05,0.022806140351720537,0.9524006843566895,0.0011050075874663881,0.00013627163966424522,0.0029073499608784914,0.00030798538937233384,0.0071574504697625285,0.34579774737358093,0.0030306292232125994,0.0017663702843232645,0.06580334156751633,0.002312255837023251,0.010078892124341234,0.38022921269293875,0.007889092017815827,neutral,"Lenovo Legion Pro 7 (RTX 5070 Ti, OLED) vs HP OMEN MAX (RTX 5080, IPS) - which one?"
hp_omen_max_16_240hz_gaming_laptop_intel_core_ultra_9_275hx_2025_32gb_memory_nvidia_geforce_rtx_5080_1tb_ssd_shadow_black,1mwh6ce,4,6,0.24604386650025845,0.0,0.0428736206014596,0.029971780516233292,0.024149227563627657,0.4597591757774353,0.5207733561595281,0.48519901434580487,0.48094823956489563,0.564559280872345,0.3018340766429901,0.30801963806152344,0.3018340766429901,0.3955381214618683,1,3,0.25,0.35345102148130536,1.3862943611198906,0.4160291953530189,0.5,1.0,0.25,0.25,0.0,0.0,0.75,31.32391259086259,60.75,0.64920026095052,3.0,1.75,1.0,1.3333333333333333,0.46696187209454365,0.9788808822631836,0.8496384799480439,0.00243325062692179,0.009507093578577042,0.006719311092456339,0.28326432422272774,0.8922666907310486,0.6964265003800394,0.0002817973399942275,0.0007799493032507598,0.0006185583944898099,0.27106123823978123,0.5958971977233887,0.5542102694511414,0.0019529320452420507,0.006083490327000618,0.004564121912699194,0.17099256909486843,0.41390255065440823,0.3400819220938199,gratitude,My First Gaming Laptop/PC - Hp Omen Max 16 ah0xxx
gigabyte_aero_x16_copilot_pc_16_2560_1600_wqxga_amd_ryzen_al_7_350_1tb_ssd_32gb_ddr5_ram_geforce_rtx_5060_space_gray,1p6snlb,9,36,0.3015665076673031,0.0,0.03603238619748277,0.028651547759918183,0.025760829187194766,0.5324389148089621,0.4328346430427498,0.46335948672559524,0.4681827425956726,0.631328821182251,0.2905536890029907,0.338750958442688,0.6094925999641418,0.6573328971862793,0,9,0.0,0.06682761199772358,1.8310204811135162,0.5494922281997761,0.8888888888888888,0.75,0.3333333333333333,0.4444444444444444,0.1111111111111111,0.3333333333333333,0.1111111111111111,103.10057417425826,48.0,1.4080503301492022,3.0,1.5555555555555556,1.3333333333333333,1.5714285714285714,0.014730968328270441,0.11925224959850311,0.031898625940084475,3.552818158267554e-05,0.00027438689721748233,8.248742669820789e-05,0.009054695691601309,0.07410147786140442,0.02054296545684339,5.4757928713418856e-05,0.00027654177392832935,0.0001062146271578968,0.001911668636441593,0.015439765527844429,0.003895121533423665,0.00042677280806755234,0.0029765861108899117,0.0008295199368149046,0.004369065262446164,0.03538683462829795,0.009559155820170423,neutral,Top Black Friday Gaming Laptop Deals under $1100
asus_rog_zephyrus_g14_14_oled_3k_120hz_gaming_laptop_amd_ryzen_9_270_16gb_lpddr5x_geforce_rtx_5060_1tb_ssd_platinum_white,1qknrcp,3,3,0.3067950705687205,0.0,0.06990398698337648,0.05202009312124566,0.0459733594236267,0.5333206355571747,0.5779327352841696,0.5545486807823181,0.5168272852897644,0.6437124609947205,0.5062690377235413,0.4099797010421753,0.5062690377235413,0.6439634561538696,0,3,0.0,0.029041852802038193,0.6365141682948128,0.1910189384688593,0.6666666666666666,0.5,0.6666666666666666,0.0,0.6666666666666666,0.0,0.3333333333333333,6.944222218666553,8.5,0.3205025639384563,2.0,1.3333333333333333,1.0,1.0,0.0005513292368656645,0.0007389051024802029,0.0006848224205896258,2.0125155515415827e-06,2.9228888251964236e-06,2.6520267056184823e-06,4.6329992377044014e-05,7.686471508350223e-05,6.77084957715124e-05,3.5078003444747687e-05,5.763471563113853e-05,5.091594866826199e-05,0.0001004719427631547,0.0001033664375427179,0.00010262191062793136,8.058591871910419e-05,8.543875446775928e-05,8.484459831379355e-05,0.00013596793495354278,0.0001762001639159886,0.00016461822733617734,neutral,Open box asus rog zephyrus g14
hp_omen_max_16_240hz_gaming_laptop_intel_core_ultra_9_275hx_2025_32gb_memory_nvidia_geforce_rtx_5080_1tb_ssd_shadow_black,1pgcfbu,44,946,0.29943763659420336,0.06818181818181818,0.04902605494458165,0.037283038250745734,0.033050013447407774,0.4875076766939042,0.504824980557847,0.4931469746800356,0.49705076217651367,0.6641249060630798,0.25107571482658386,0.22676894068717957,0.703246533870697,0.46962738037109375,10,34,0.22727272727272727,0.2577868611551821,1.82730285039078,0.5483765611657198,0.8863636363636364,0.8372093023255814,0.4318181818181818,0.09090909090909091,0.11363636363636363,0.3181818181818182,0.4772727272727273,25.590182453756146,26.25,0.770155969880486,9.0,2.909090909090909,1.032258064516129,2.4235294117647057,0.026085878866565923,0.9467339515686035,0.00467589059844614,0.0001183637305540618,0.004993181210011244,5.420704792413746e-06,0.02000578124088034,0.8106439709663391,0.0005893142864806583,5.863732138261019e-05,0.0009317322983406484,7.854659415897914e-05,0.008474705877895096,0.3389437794685364,0.0003669348254334185,0.00019277831630791877,0.0036061187274754047,0.0001486329842009582,0.009156024225597657,0.35097545570655103,0.0011129681456319934,neutral,"I tightened Memory Timings, so you can benefit (Omen Max 16 2025)"
hp_omen_max_16_240hz_gaming_laptop_intel_core_ultra_9_275hx_2025_32gb_memory_nvidia_geforce_rtx_5080_1tb_ssd_shadow_black,1rm7oyp,33,528,0.3114352772633235,0.15151515151515152,0.054734877054054894,0.03450886595880809,0.02728032803885268,0.5132733197939215,0.5161102754487232,0.5127699894999916,0.5142275094985962,0.6384679675102234,0.31616345047950745,0.33012130856513977,0.6459195017814636,0.5201968550682068,1,32,0.030303030303030304,0.07036369626946522,2.099095014275454,0.6299418321611616,0.8181818181818182,0.78125,0.36363636363636365,0.36363636363636365,0.09090909090909091,0.21212121212121213,0.3333333333333333,33.40653120132975,37.0,0.6193345672156639,7.0,2.878787878787879,1.0869565217391304,2.295774647887324,0.009975999599026347,0.31169870495796204,0.0008749381522648036,1.245665090678041e-05,0.00034976218012161553,3.223257272111368e-06,0.010032785560972778,0.3295867145061493,0.00011009255540557207,3.798778512150007e-05,0.0004066490801051259,3.88754953746684e-05,0.00042035483012582654,0.010165169835090637,0.0001815500145312399,0.00010182669046282007,0.0007392656407319009,9.526751091470942e-05,0.0034302351861026747,0.10882437770002677,0.00020403281215900887,neutral,Omen Max 16 throttles HARD on battery (and how I fixed it)
hp_omnibook_x_flip_2_in_1_copilot_pc_14_2k_touch_screen_laptop_amd_ryzen_ai_5_340_2025_16gb_memory_512gb_ssd_meteor_silver,1lm2z0a,35,595,0.29960155574714437,0.029411764705882353,0.041086391044656466,0.031102354040367597,0.027805772141838717,0.47593960649326067,0.5018812198348406,0.4816363880614273,0.4889029860496521,0.6990175247192383,0.2755676209926605,0.26067453622817993,0.7130454778671265,0.5054669380187988,10,25,0.2857142857142857,0.29381620937160086,1.7302031263139357,0.5192367758433181,0.8857142857142857,0.8529411764705882,0.37142857142857144,0.34285714285714286,0.08571428571428572,0.14285714285714285,0.42857142857142855,68.01966102322392,47.5,1.313120869174207,5.0,2.4571428571428573,1.3333333333333333,2.734042553191489,0.050672421109629794,0.5890340209007263,0.007167555391788486,5.470458948236358e-05,0.0006823493749834597,1.6561985830776397e-05,0.04861706104711629,0.6006700396537781,0.0031155126402154618,6.054778059478849e-05,0.000350319838616997,0.0001272622030228377,0.003601595942538032,0.04490528255701065,0.0007564603118225936,0.00026163977080224346,0.0018180417828261852,0.0009626635117456319,0.017211328373360587,0.2052843443088932,0.001964428836132964,curiosity,"How’s the HP - OmniBook X Flip 2-in-1 - Copilot+ PC - 14"" 2K Touch-Screen Laptop - AMD?"
hp_omen_max_16_240hz_gaming_laptop_intel_core_ultra_9_275hx_2025_32gb_memory_nvidia_geforce_rtx_5080_1tb_ssd_shadow_black,1qv449h,79,3081,0.3017705416259093,0.05128205128205128,0.05137232633742244,0.04409052785543087,0.042050734876076135,0.486682773898732,0.48081729953569935,0.4777205682534051,0.4866950809955597,0.7738158106803894,0.16376365721225739,0.14414077997207642,0.7532098293304443,0.3482557237148285,18,61,0.22784810126582278,0.25091829386693015,1.7013447635409407,0.5105763341792865,0.9746835443037974,0.782051282051282,0.45569620253164556,0.25316455696202533,0.0759493670886076,0.27848101265822783,0.3924050632911392,28.185067201248962,22.5,1.1127537775605536,5.0,1.9113924050632911,1.1875,2.455357142857143,0.01009175616325339,0.48309147357940674,0.0038412755355238934,2.4349678906391886e-05,0.001641144510358572,9.241307816409974e-06,0.008124025053699439,0.6138556003570557,0.00025682085542939626,0.00014168599694970954,0.004040346946567297,0.00012353852507658304,0.001107340858076976,0.044582825154066086,0.0004940865677781404,0.0003267528511888843,0.009276318363845348,0.00031682126573286953,0.003302651767012466,0.19104444353433792,0.0009719138332911825,neutral,OmenCore 2.7.0 - A Complete OMEN Gaming Hub Replacement (No HP Software Required)
lenovo_legion_7i_16_2_5k_oled_gaming_laptop_intel_core_ultra_7_255hx_2025_32gb_ram_nvidia_geforce_rtx_5060_1tb_ssd_glacier_white,1r3sfvy,37,666,0.2933565245286838,0.05405405405405406,0.05027623213740219,0.03792090285428892,0.03368911250410173,0.4958906823450381,0.5122439467513168,0.5011859816742373,0.49884092807769775,0.6696628928184509,0.27708911895751953,0.2841739356517792,0.701056718826294,0.5040492415428162,13,24,0.35135135135135137,0.34833750063301744,2.0346831368919522,0.6106117228636038,1.027027027027027,0.8611111111111112,0.32432432432432434,0.43243243243243246,0.10810810810810811,0.1891891891891892,0.2702702702702703,20.730557790290323,24.0,0.6693112026533525,5.0,2.054054054054054,1.1176470588235294,2.163265306122449,0.0277006626711227,0.9131632447242737,0.01314531806856391,0.00013860900468738987,0.0050363666377961636,5.4249457207333715e-06,0.024766169608483324,0.91241455078125,0.0002777808986138547,7.411676302286355e-05,0.0008275974541902542,0.00010475398448761544,0.004111426002054941,0.11994440108537674,0.001775614381767808,0.000208086478999797,0.002260036300867796,0.00035001881187781667,0.009499845088061839,0.32556152013906586,0.0029884254234275364,neutral,"Acer Nitro died, picked up Legion 7i in an emergency - Good buy?"
asus_rog_zephyrus_g14_14_oled_3k_120hz_gaming_laptop_amd_ryzen_9_270_16gb_lpddr5x_geforce_rtx_5060_1tb_ssd_platinum_white,1qih6b6,1,0,0.3008359670639038,0.0,0.0,0.0,0.0,0.0,0.0,0.0,0.0,0.0,0.0,0.0,0.0,0.0,0,1,0.0,0.03600725159049034,-0.0,0.0,1.0,0.0,1.0,0.0,0.0,1.0,0.0,0.0,0.0,0.0,1.0,1.0,0.0,0.0,0.0005558538250625134,0.0005558538250625134,0.0005558538250625134,1.5186273003564565e-06,1.5186273003564565e-06,1.5186273003564565e-06,3.173111690557562e-05,3.173111690557562e-05,3.173111690557562e-05,2.475241490174085e-05,2.475241490174085e-05,2.475241490174085e-05,0.00011539965635165572,0.00011539965635165572,0.00011539965635165572,9.099941962631419e-05,9.099941962631419e-05,9.099941962631419e-05,0.00013670917669135937,0.00013670917669135937,0.00013670917669135937,neutral,2025 ROG Zephyrus RAM upgrade?
hp_omen_max_16_240hz_gaming_laptop_intel_core_ultra_9_275hx_2025_32gb_memory_nvidia_geforce_rtx_5080_1tb_ssd_shadow_black,1nh21ix,15,105,0.279760995755593,0.0,0.0409164219634937,0.025867577997048034,0.020746218516693817,0.47260404569762093,0.46658127165976027,0.4668421623252687,0.4795694947242737,0.5609896779060364,0.3376239538192749,0.3417125344276428,0.6371849179267883,0.5614336729049683,3,12,0.2,0.21227213392655056,2.0611128325795947,0.6185433175802356,0.9333333333333333,0.9285714285714286,0.26666666666666666,0.3333333333333333,0.2,0.13333333333333333,0.3333333333333333,37.75970809680016,57.0,0.6286299905127662,10.0,4.066666666666666,1.0,3.608695652173913,0.01800614141005402,0.25134843587875366,0.007413427997380493,4.151864679139786e-06,3.8654430682072416e-05,1.9566297396522713e-06,0.0010555096745520133,0.01507278997451067,0.00014460283855441956,2.8415245590925527e-05,0.00010900432971538976,3.915445486200041e-05,0.007419283072522376,0.10399425029754639,0.0035284263198263922,0.0001391215116503493,0.0008991854265332222,0.0001478602149290964,0.004442103796508137,0.0619103867229569,0.0018786042364884747,neutral,"Well I think I got the highest that I'm ever gonna get after 1 day+ of just adjusting things, pretty happy with the result - HP omen max 16 - 5090 w/ intel core ultra 9 275 hx"
lenovo_legion_7i_16_2_5k_oled_gaming_laptop_intel_core_ultra_9_275hx_2025_32gb_ram_nvidia_geforce_rtx_5070_1tb_ssd_glacier_white,1sbpq77,50,1225,0.3046655084937811,0.08,0.05357140612916908,0.04817471993768628,0.04791996738094208,0.4627780628690914,0.4654212033018774,0.4599758584766972,0.4720567464828491,1.0000001192092896,0.3048251271247864,0.3035714328289032,0.7914970517158508,0.5515866279602051,8,42,0.16,0.2368073669075966,1.1624563499894058,0.34885504369246684,0.86,0.5306122448979592,0.66,0.1,0.06,0.36,0.48,20.467545040868973,26.0,0.8953431776408125,8.0,2.74,1.2142857142857142,2.31,0.0037120773905189707,0.10793523490428925,0.0012673214543610816,3.971932851527527e-06,6.332127668429166e-05,2.3198861299533754e-06,0.00019461212705209618,0.004479602444916964,8.655619822093293e-05,0.0003869846344605321,0.01719449833035469,5.0681342327152395e-05,0.00023369910384644755,0.0038126660510897636,0.00021830551559105533,0.00016412806122389156,0.002781510818749666,0.00013226602459326386,0.0007825788749922447,0.022711138971014105,0.00029939606593719283,neutral,New lenovo legion 7i is heating up like anything! Please help.
lenovo_legion_7i_16_2_5k_oled_gaming_laptop_intel_core_ultra_7_255hx_2025_32gb_ram_nvidia_geforce_rtx_5060_1tb_ssd_glacier_white,1shqgad,4,6,0.2900495305657387,0.0,0.05886763934646405,0.04529938564323049,0.0401476916419845,0.524178683757782,0.5133412430683771,0.5174303700526556,0.5141198039054871,0.5687949061393738,0.33387792110443115,0.36499127745628357,0.33387792110443115,0.434883713722229,1,3,0.25,0.293120248708874,1.3862943611198906,0.4160291953530189,0.75,1.0,0.25,0.0,0.0,0.0,1.0,10.307764064044152,10.0,0.3748277841470601,3.0,1.75,1.0,1.3333333333333333,0.005014644186303485,0.015500315465033054,0.011906728567555548,2.358538267799304e-06,4.235720098222373e-06,3.612087334659009e-06,0.00015386384666271624,0.0004320408625062555,0.0003371717255504337,6.574098142664297e-05,0.0001485134125687182,0.00012262514501344414,0.0012035987638228107,0.003774333745241165,0.002887495438335464,0.00017218628090631682,0.00033650497789494693,0.00029312086699064823,0.0011020654328982953,0.0033659906972237272,0.002591792305130033,neutral,"Newly Obtained Gaming Laptop, And I Have A Legitimate Question"
lenovo_legion_7i_16_2_5k_oled_gaming_laptop_intel_core_ultra_7_255hx_2025_32gb_ram_nvidia_geforce_rtx_5060_1tb_ssd_glacier_white,1q50dcl,5,10,0.31345409750938413,0.4,0.04768721465981094,0.03392587882812963,0.02674848015872147,0.4897878110408783,0.49039534032344817,0.4866044014692307,0.477703258395195,0.5567433834075928,0.40491265058517456,0.43012046813964844,0.40491271018981934,0.5196501016616821,0,5,0.0,0.026432004198431967,1.3321790402101223,0.399789099421175,0.8,1.0,0.4,0.2,0.2,0.2,0.4,39.205101708833766,7.0,0.8790381549065867,3.0,1.6,1.0,1.3333333333333333,0.0004743550671264529,0.0006228092825040221,0.0005810762289911509,1.427170104761899e-06,1.638296794226335e-06,1.5815470987945446e-06,3.050382474611979e-05,3.2868440030142665e-05,3.242880775360391e-05,2.3252249229699372e-05,3.578030737116933e-05,3.137803068966605e-05,0.00011250665265833959,0.0001305200275965035,0.00012951743556186557,8.513207430951297e-05,0.00012320856330916286,0.00010715800162870438,0.00012119617302914776,0.00015668248882623934,0.00014598105557676414,neutral,looking for a gaming laptop (casual gaming and work (coding))
hp_omen_max_16_240hz_gaming_laptop_intel_core_ultra_9_275hx_2025_32gb_memory_nvidia_geforce_rtx_5080_1tb_ssd_shadow_black,1scrwzq,20,190,0.31217223248983683,0.10526315789473684,0.03764691188094645,0.031104078347253348,0.02976710587818637,0.4632647216320038,0.4787124994554018,0.46404800101330407,0.46843940019607544,0.5814231634140015,0.2384856641292572,0.2131001353263855,0.7290133237838745,0.5326881408691406,2,18,0.1,0.15670321555808187,0.8953799046713389,0.26870496751841344,1.0,0.42105263157894735,0.75,0.4,0.0,0.25,0.35,42.05757957847788,64.25,0.906413352984437,5.0,2.4,1.3333333333333333,2.1538461538461537,0.013772739615524188,0.26133647561073303,0.0013185959076508903,2.068190249815416e-05,0.0003771516785491258,3.097869671364608e-06,0.004109628157857514,0.08093015104532242,0.0001607878410140988,5.532750046768342e-05,0.00045954433153383434,7.683117000851784e-05,0.0045313406742934605,0.0879763588309288,0.0002272878497024069,0.0008486423084832495,0.015189790166914463,0.00013099125935696067,0.003889726693187375,0.07437824527733028,0.0003003405488054043,neutral,Hi! New Owner Of a Gaming Laptop and Crimson Desert
lenovo_ideapad_slim_3_15_6_full_hd_touchscreen_laptop_amd_ryzen_7_5825u_2025_16gb_memory_512gb_ssd_arctic_grey,1rz0a54,1,0,0.30265647172927856,0.0,0.0,0.0,0.0,0.0,0.0,0.0,0.0,0.0,0.0,0.0,0.0,0.0,0,1,0.0,0.07871627807617188,-0.0,0.0,1.0,0.0,1.0,0.0,0.0,1.0,0.0,0.0,0.0,0.0,1.0,1.0,0.0,0.0,0.0008439572993665934,0.0008439572993665934,0.0008439572993665934,1.973941834876314e-06,1.973941834876314e-06,1.973941834876314e-06,8.532965875929222e-05,8.532965875929222e-05,8.532965875929222e-05,2.7298076020088047e-05,2.7298076020088047e-05,2.7298076020088047e-05,0.00016416650032624602,0.00016416650032624602,0.00016416650032624602,6.540853792103007e-05,6.540853792103007e-05,6.540853792103007e-05,0.00019802233570468766,0.00019802233570468766,0.00019802233570468766,neutral,"[Bestbuy] Lenovo IdeaPad Slim 3: 15.6"" FHD IPS Touch, Ryzen 7 5825U, 16GB DDR4, 512GB SSD with $320 off, for  $429.99"
lenovo_yoga_slim_7x_copilot_pc_14_5_3k_90hz_oled_touch_screen_laptop_snapdragon_x_elite_x1e_78_100_2024_16gb_512gb_cosmic_blue,1dma5yv,5,10,0.3091707110404968,0.2,0.0398599024469158,0.02371531438619151,0.017827424268424617,0.4889579713344574,0.5165045738220215,0.49970685243606566,0.5013304352760315,0.5592473745346069,0.5000013113021851,0.5447087287902832,0.5000013113021851,0.6941100358963013,2,3,0.4,0.3118832647800446,1.3321790402101223,0.399789099421175,0.8,1.0,0.4,0.4,0.0,0.2,0.4,48.23857377659501,32.0,0.6248519919248058,3.0,1.8,1.0,1.25,0.0004577464424073696,0.0006011098739691079,0.0005557341151870787,1.6327727962561767e-06,1.8368428982284968e-06,1.8207912262369064e-06,4.0507834273739715e-05,5.1394206820987165e-05,5.023366102250293e-05,1.9770642393268644e-05,2.1524074327317066e-05,2.121286051988136e-05,0.00010526438854867593,0.0001138891966547817,0.00011294337746221572,7.3393622005824e-05,8.696072472957894e-05,8.443529513897375e-05,0.000116385950404189,0.0001456240380359001,0.00013735587123922717,neutral,Copilot PC - Samsung - Galaxy Book4 Edge or Lenovo Slim 7X
samsung_galaxy_book4_edge_copilot_pc_15_6_led_laptop_snapdragon_x_16gb_memory_512_gb_storage_sapphire_blue,1dma5yv,5,10,0.3091707110404968,0.2,0.0398599024469158,0.02371531438619151,0.017827424268424617,0.4889579713344574,0.5165045619010925,0.49970683455467224,0.5013304054737091,0.5592473745346069,0.5000013709068298,0.5447087287902832,0.5000013709068298,0.694110095500946,2,3,0.4,0.3118832647800446,1.3321790402101223,0.399789099421175,0.8,1.0,0.4,0.4,0.0,0.2,0.4,48.23857377659501,32.0,0.6248519919248058,3.0,1.8,1.0,1.25,0.0004577464424073696,0.0006011098739691079,0.0005557341151870787,1.6327727962561767e-06,1.8368428982284968e-06,1.8207912262369064e-06,4.0507834273739715e-05,5.1394206820987165e-05,5.023366102250293e-05,1.9770642393268644e-05,2.1524074327317066e-05,2.121286051988136e-05,0.00010526438854867593,0.0001138891966547817,0.00011294337746221572,7.3393622005824e-05,8.696072472957894e-05,8.443529513897375e-05,0.000116385950404189,0.0001456240380359001,0.00013735587123922717,neutral,Copilot PC - Samsung - Galaxy Book4 Edge or Lenovo Slim 7X
lenovo_ideapad_slim_3_15_6_full_hd_touchscreen_laptop_amd_ryzen_7_5825u_2025_16gb_memory_512gb_ssd_arctic_grey,1p9q18v,7,21,0.3084793048245566,0.14285714285714285,0.03268637295530814,0.020833995291573877,0.016993513113316264,0.5074001323609125,0.4756156319663638,0.47733678562300547,0.5103694796562195,0.563458263874054,0.4244127869606018,0.41062068939208984,0.5299711227416992,0.5915051102638245,1,6,0.14285714285714285,0.18686174122350557,1.5498260458782016,0.46510532026040424,1.0,1.0,0.2857142857142857,0.14285714285714285,0.0,0.5714285714285714,0.2857142857142857,32.257889400446345,37.5,0.6863380723499223,2.0,1.2857142857142858,1.0,1.0,0.002825272415066138,0.016161687672138214,0.007341475784778601,2.883106877301803e-06,6.8541271502908785e-06,6.407118235074449e-06,0.00017536013417286864,0.0007823242340236902,0.00048049555043689924,3.508305235300213e-05,0.00010412800475023687,6.720390738337303e-05,0.0011586422530984106,0.007392365951091051,0.0030692592728883052,0.00013360155467775518,0.00039978016866371036,0.00027748951979447164,0.0007218070860409127,0.00414106585715975,0.001873746692748077,approval,Help me choose a laptop
lenovo_legion_7i_16_2_5k_oled_gaming_laptop_intel_core_ultra_9_275hx_2025_32gb_ram_nvidia_geforce_rtx_5070_1tb_ssd_glacier_white,1s9lle3,18,153,0.2913720876806312,0.05555555555555555,0.04198022409155123,0.03257563465163393,0.02934798828677817,0.45343635167950896,0.4585738184015735,0.45061781398611134,0.46391820907592773,0.5847797989845276,0.2395668774843216,0.20214210450649261,0.5808377861976624,0.44332313537597656,6,12,0.3333333333333333,0.37258045603003764,1.783073469038219,0.5351032517942504,0.9444444444444444,0.7647058823529411,0.4444444444444444,0.2222222222222222,0.1111111111111111,0.2222222222222222,0.4444444444444444,22.078144044381187,30.5,0.7046216184376974,6.0,2.5555555555555554,1.3,2.74468085106383,0.021916542284695122,0.3273814022541046,0.018879779614508176,1.7114494994530105e-05,0.00023293874983210117,1.507976539869561e-05,0.011090868169453138,0.19808048009872437,0.0003014486486790706,0.001538866674814522,0.02635527402162552,0.0003115876352239871,0.0008707942183213567,0.011158840730786324,0.0009344994148705156,0.000581080925055883,0.003709939541295171,0.0017477894551120715,0.006002544461222423,0.08978316136684346,0.0051299761114933125,neutral,Are these prices worth it or am I being ripped off
dell_inspiron_14_2_in_1_touch_laptop_amd_ryzen_5_processor_amd_radeon_graphics_8_gb_memory_512_gb_ssd_midnight_blue,qsmd3j,8,28,0.2981365695595741,0.0,0.04603826679953904,0.03709686303966604,0.03358321088911491,0.4958177325981004,0.5188998409679958,0.4950586323227201,0.5106802880764008,0.6130713224411011,0.30489811301231384,0.2984689772129059,0.48399457335472107,0.5279910564422607,1,7,0.125,0.2203296134248376,0.7356219397587946,0.22076134208224704,0.875,0.42857142857142855,0.75,0.375,0.0,0.125,0.5,20.22954213520415,8.75,0.9464113279627672,5.0,2.625,1.0,1.8461538461538463,0.0009458096028538421,0.0020163082517683506,0.0018721710424870251,2.443917253458494e-06,4.9607851906330325e-06,3.941810359719966e-06,8.869078851603263e-05,0.00028493572608567774,0.00017815385508583858,4.645482886189711e-05,9.177991887554526e-05,8.872115940903314e-05,0.00019651042930490803,0.00046937409206293523,0.00035875799076166,0.00010952030515909428,0.00017725735960993916,0.00014546295860782266,0.00023157164532487212,0.0005074360222655135,0.00043521534444532033,neutral,Inspiron 14 2-in-1 Laptop (AMD) - Questions About the Build Quality and display
asus_rog_zephyrus_g14_14_oled_3k_120hz_gaming_laptop_amd_ryzen_9_270_16gb_lpddr5x_geforce_rtx_5060_1tb_ssd_platinum_white,1pt4r17,1,0,0.28134897351264954,0.0,0.0,0.0,0.0,0.0,0.0,0.0,0.0,0.0,0.0,0.0,0.0,0.0,1,0,1.0,0.9283962845802307,-0.0,0.0,0.0,0.0,1.0,0.0,0.0,1.0,0.0,0.0,0.0,0.0,1.0,1.0,0.0,0.0,0.000469247461296618,0.000469247461296618,0.000469247461296618,1.5366338175226701e-06,1.5366338175226701e-06,1.5366338175226701e-06,3.211919829482213e-05,3.211919829482213e-05,3.211919829482213e-05,2.0348896214272827e-05,2.0348896214272827e-05,2.0348896214272827e-05,0.00010500445932848379,0.00010500445932848379,0.00010500445932848379,7.771547097945586e-05,7.771547097945586e-05,7.771547097945586e-05,0.00011766201998852921,0.00011766201998852921,0.00011766201998852921,approval,"No internet connection after update on Win 11: AMD DRTM pop-up, and Advanced Micro Devices (1.0.19.2)"
hp_omen_max_16_240hz_gaming_laptop_intel_core_ultra_9_275hx_2025_32gb_memory_nvidia_geforce_rtx_5080_1tb_ssd_shadow_black,1r3mpji,21,210,0.2834966878096263,0.047619047619047616,0.04797116333527709,0.03989083256375415,0.03774807070680089,0.46127116481463115,0.45466746162800564,0.4545215068828492,0.45022107660770416,0.6913249492645264,0.20814470946788788,0.17169880867004395,0.6187297701835632,0.4444367587566376,7,14,0.3333333333333333,0.3717450462281704,1.2586545934205824,0.3777242932050421,0.9047619047619048,0.65,0.6190476190476191,0.09523809523809523,0.14285714285714285,0.2857142857142857,0.47619047619047616,28.038926618108828,33.0,0.8736164079826193,10.0,4.619047619047619,1.2307692307692308,4.092592592592593,0.003267465250766171,0.045144595205783844,0.003896822687238455,2.503450521847602e-06,8.914214959077071e-06,2.893664031944354e-06,0.0001931798829207851,0.002117530209943652,0.00023590741329826415,3.921928917060584e-05,0.0001711057557258755,7.365037890849635e-05,0.0007886486082930961,0.01160078402608633,0.0008073558565229177,0.0001195395979309632,0.0003518098092172295,0.0002529891498852521,0.0007350926799339115,0.009882880640816438,0.0009562830365818323,neutral,Omen max 16 temps
hp_omnibook_7_16_fhd_touchscreen_laptop_intel_core_ultra_7_258v_32gb_ram_2tb_ssd_backlit_kb_pco_laptop_cooler_silver,1r07ce7,4,6,0.3134576454758644,0.25,0.04936995239451943,0.044330056452740275,0.04306604432871563,0.5760197738806406,0.4858694225549698,0.5247580905755361,0.5429536402225494,0.5951477885246277,0.27577608823776245,0.2384701371192932,0.27577611804008484,0.5118002891540527,1,3,0.25,0.3376144152134657,1.0397207708399179,0.3120218965147642,0.75,0.6666666666666666,0.5,0.0,0.0,0.0,1.0,7.905694150420948,8.5,0.6081303192631499,1.0,1.0,0.0,0.0,0.0006199227209435776,0.0007676671957597136,0.0007427235075738281,1.6054953562161245e-06,2.1601965727313654e-06,1.9853193975905016e-06,3.964648976761964e-05,5.4568718041991815e-05,5.0482280494179575e-05,3.679242581711151e-05,6.128781387815252e-05,5.4479522441397426e-05,0.0001316904617851833,0.0001830884430091828,0.0001669235804001801,8.327481373271439e-05,0.00010127798304893076,9.861952494247817e-05,0.0001521554012337371,0.00018704268491849993,0.00018125380186878224,neutral,"(Microcenter) HP OmniBook 7 Flip Next Gen AI 16-au0773cl Copilot+ PC OLED 16"" 2-in-1 Laptop Computer (Refurbished) - Glacier Silver Aluminum Intel Core Ultra 7 258V (2.2GHz) Processor 32GB LPDDR5X-8533 RAM Intel Arc 140V Integrated Graphics 1TB PCIe Gen4 NVMe M.2 SSD 16"" 3K OLED Touchscreen $699"
gigabyte_aero_x16_copilot_pc_16_2560_1600_wqxga_amd_ryzen_al_7_350_1tb_ssd_32gb_ddr5_ram_geforce_rtx_5060_space_gray,1o1mbke,40,780,0.31433951780200003,0.075,0.050668549568839365,0.04103675118517528,0.03803354005758007,0.4884887871833948,0.48814158894312687,0.4839659388248737,0.4850689321756363,0.7235916256904602,0.16392642259597778,0.13402250409126282,0.626852810382843,0.36497998237609863,11,29,0.275,0.24936360116116701,2.21951161967502,0.666079051540063,0.875,0.9487179487179487,0.225,0.375,0.15,0.125,0.35,47.76138607703926,32.0,1.308531125398336,6.0,2.25,1.1818181818181819,1.9310344827586208,0.05454581325684558,0.9552043080329895,0.014542681630700922,0.00024647154536694416,0.00948173925280571,8.927430553740131e-06,0.024287793625444466,0.9455244541168213,0.0002742311073234306,7.908065472292947e-05,0.0006966845830902457,0.00011894358685822226,0.02763502610305295,0.9190496206283569,0.0032203561160713463,0.0004254861442859692,0.008031237870454788,0.00047058390046004247,0.017869945221619804,0.3373160174620959,0.0036668690779474173,curiosity,Gigabyte Aero X16 Unbiased Review - Non-Flashy Gaming Laptop?
asus_rog_zephyrus_g14_14_oled_3k_120hz_gaming_laptop_amd_ryzen_9_270_16gb_lpddr5x_geforce_rtx_5060_1tb_ssd_platinum_white,1p3jerc,14,91,0.31225884173597607,0.21428571428571427,0.07162980202339149,0.051232334252818944,0.0442657546946621,0.5346002667159825,0.5331220083184295,0.5312427658956129,0.535446047782898,1.0,0.30361759662628174,0.2609870433807373,0.6730039715766907,0.5799363851547241,6,8,0.42857142857142855,0.4199729182624391,1.5740973368489726,0.47238917420654,0.9285714285714286,0.6923076923076923,0.42857142857142855,0.5714285714285714,0.2857142857142857,0.0,0.14285714285714285,23.27782513159558,28.0,0.6125743455683047,5.0,2.0,1.4,2.7142857142857144,0.13026609748651805,0.6640825271606445,0.6106102764606475,0.00020101465586971505,0.0009595585870556533,0.0009321387798991054,0.12200541868943608,0.651000440120697,0.5770451337099074,0.00010829740326049173,0.0005653928383253515,0.00028544553788378835,0.006786239537177607,0.04238029941916466,0.03227712800726292,0.0003163928829183403,0.001312342006713152,0.0010356692364439368,0.04328057677586339,0.22662399001031494,0.2037254629588763,neutral,General G14 Concerns
hp_omen_max_16_240hz_gaming_laptop_intel_core_ultra_9_275hx_2025_32gb_memory_nvidia_geforce_rtx_5080_1tb_ssd_shadow_black,1p0pgt4,42,861,0.28544811237799494,0.0,0.11454606222848342,0.10794604530918568,0.10617998616052553,0.5296876004764012,0.5117518705392687,0.5140397058546751,0.4945093095302582,1.0000001192092896,0.2368948757648468,0.17518740892410278,1.0,0.4949481785297394,23,19,0.5476190476190477,0.5067189048887009,1.5326994564216248,0.45996560287382754,0.9047619047619048,0.6585365853658537,0.5952380952380952,0.21428571428571427,0.023809523809523808,0.11904761904761904,0.6428571428571429,57.93502498645708,18.75,2.062094109687455,4.0,1.6904761904761905,1.1578947368421053,1.7027027027027026,0.003928588053982128,0.07517215609550476,0.003904831688851115,3.498499722809356e-06,1.876307032944169e-05,4.9442388899478815e-06,0.0003662146372378283,0.005897636990994215,0.0004310496326070275,0.00015363788246585975,0.004486041609197855,0.00011175913095939904,0.0008967269769484465,0.02903214655816555,0.00046237483038566983,0.00013007283372904306,0.0006667074048891664,0.00024809015885693934,0.0009131231473476863,0.01851634494020497,0.0008983937100121383,neutral,HP Omen Max 16 - Latest BIOS Update Stuck
hp_omnibook_5_16_fhd_touchscreen_laptop_intel_core_ultra_7_255u_16gb_ram_1tb_ssd_copilot_pco_laptop_cooler_silver,1s3r1iv,7,21,0.3055978459971292,0.0,0.03914459697028035,0.028248954723477288,0.02404643388094927,0.47200052511124385,0.4853739809422266,0.47502225779351737,0.4830882251262665,0.5615224838256836,0.35552772879600525,0.33009907603263855,0.47131118178367615,0.5177528262138367,1,6,0.14285714285714285,0.13998928905597754,1.277034259466139,0.3832400609166074,0.7142857142857143,0.8333333333333334,0.42857142857142855,0.2857142857142857,0.42857142857142855,0.0,0.2857142857142857,37.250941639926694,44.0,0.8720956236772136,3.0,1.4285714285714286,1.0,1.3333333333333333,0.0008056808021917407,0.0018890618812292814,0.0014470830094069245,1.827866461618604e-06,3.0988542221166426e-06,2.6221615826216297e-06,5.2787987702426366e-05,0.00011356461618561298,8.779094059718774e-05,2.7589962493428694e-05,4.430358239915222e-05,4.2610974924173205e-05,0.00016903074096522426,0.0003903836477547884,0.00032219974673353136,9.789523859840951e-05,0.00017468501755502075,0.00013424149656202647,0.00019246876640214135,0.00042510257437318916,0.000337836067395377,neutral,HP Omnibook 5 for $600 ?
lenovo_legion_7i_16_2_5k_oled_gaming_laptop_intel_core_ultra_9_275hx_2025_32gb_ram_nvidia_geforce_rtx_5070_1tb_ssd_glacier_white,1q4cb1q,177,15576,0.303941398792501,0.07738095238095238,0.05006747254395764,0.0462760446510307,0.046451030799788594,0.44984001627275133,0.4617620208857913,0.4519652661976979,0.463900625705719,0.994469165802002,0.1368725746870041,0.11284556984901428,0.8147605061531067,0.3168932795524597,19,158,0.10734463276836158,0.18068497054447225,1.626896774961932,0.4882343715681459,0.8926553672316384,0.6306818181818182,0.6101694915254238,0.22033898305084745,0.05084745762711865,0.2542372881355932,0.4745762711864407,26.140144596019013,22.0,1.1412939303145944,6.0,1.9830508474576272,1.576271186440678,2.7054794520547945,0.08049593666238884,0.9895386695861816,0.26625910401344327,0.0006182271135572325,0.04145890101790428,5.2472611423581885e-05,0.04856663115979399,0.9543241858482361,0.0037213937845081138,0.0018728081270786643,0.29677286744117737,0.00033919285051524643,0.02695847502957285,0.9526800513267517,0.023776339739561152,0.0006443025931268063,0.015527983196079731,0.0014365585055202247,0.0265260634475864,0.4313985076344882,0.06955456799381259,neutral,I bought a new Legion laptop. Any tips or something maybe should i know it??
hp_omnibook_3_copilot_pc_15_6_full_hd_touch_screen_laptop_amd_ryzen_5_ai_5_330_2025_16gb_memory_512gb_ssd_glacier_silver,1s50rxt,4,6,0.30235280096530914,0.0,0.060250254636934085,0.05674451498271294,0.05703823910424994,0.4805152366558711,0.4299701501925786,0.45161594947179157,0.44643911719322205,0.5012234449386597,0.1784725934267044,0.19771859049797058,0.1784725934267044,0.3128398358821869,0,4,0.0,0.033757093362510204,0.5623351446188083,0.16875769266311968,0.75,0.3333333333333333,0.75,0.0,0.25,0.5,0.25,7.75806032459145,15.25,0.5444252859362421,2.0,1.25,1.0,1.0,0.0029485831037163734,0.0053048706613481045,0.0050826838705688715,1.7795648261653696e-06,2.5215131245204248e-06,2.2538726057064197e-06,9.330908324045595e-05,0.0001563722180435434,0.00014253706176532434,3.846453273581574e-05,7.954721513669938e-05,6.41037004243117e-05,0.0010256923269480467,0.002286466071382165,0.001988906343467534,0.00018399539658275899,0.0003921135503333062,0.00032333425915567207,0.0007153040013416028,0.0013153502896064613,0.0012452153444106292,neutral,Should I buy this HP laptop? ( details in short in caption)
hp_omnibook_x_flip_2_in_1_copilot_pc_14_2k_touch_screen_laptop_amd_ryzen_ai_5_340_2025_16gb_memory_512gb_ssd_meteor_silver,1s50rxt,4,6,0.30235280841588974,0.0,0.060250254636934085,0.05674451498271294,0.05703823910424994,0.48051521678765613,0.4299701352914174,0.4516159345706304,0.44643911719322205,0.5012234449386597,0.1784725785255432,0.1977185755968094,0.1784725934267044,0.3128398358821869,0,4,0.0,0.03375708917155862,0.5623351446188083,0.16875769266311968,0.75,0.3333333333333333,0.75,0.0,0.25,0.5,0.25,7.75806032459145,15.25,0.5444252859362421,2.0,1.25,1.0,1.0,0.002948585039121099,0.0053048706613481045,0.005082685127854348,1.7795648261653696e-06,2.5215131245204248e-06,2.2538726057064197e-06,9.330913871963276e-05,0.000156372829223983,0.00014253748959163203,3.846455911116209e-05,7.954714237712324e-05,6.410367459466216e-05,0.0010256929126626346,0.002286466071382165,0.001988906762562692,0.00018399564396531787,0.00039211500552482903,0.00032333527778973805,0.0007153044764010019,0.0013153502896064613,0.0012452157234880208,neutral,Should I buy this HP laptop? ( details in short in caption)
asus_rog_zephyrus_g14_14_oled_3k_120hz_gaming_laptop_amd_ryzen_9_270_16gb_lpddr5x_geforce_rtx_5060_1tb_ssd_platinum_white,1os4lo1,5,10,0.30142678022384645,0.0,0.07151858940309865,0.056740994441993056,0.05018722442661287,0.40367003381252287,0.45949154794216157,0.4266566276550293,0.4207332581281662,0.5890383720397949,0.18017740547657013,0.11611480265855789,0.18017740547657013,0.43871262669563293,1,4,0.2,0.2364844609051943,0.9502705392332347,0.28517773633985943,0.8,0.75,0.6,0.2,0.2,0.2,0.4,9.765244492586962,10.0,0.5677467728248234,3.0,1.8,1.5,1.6666666666666667,0.0005754143698140979,0.000771262333728373,0.0007157576270401478,1.5433467297043535e-06,1.948081489899778e-06,1.7825412669481012e-06,4.093673924217e-05,6.391843635356054e-05,5.4548478510696446e-05,2.3915546262287534e-05,2.5659526727395132e-05,2.5292283680755645e-05,0.0001355375745333731,0.0001840507611632347,0.0001747836999129504,7.658111135242507e-05,8.281078044092283e-05,8.24810194899328e-05,0.00014232144798900965,0.0001830541379111613,0.00017164838600744285,neutral,"Considering Between 2 Models, need some advice"
lenovo_thinkpad_e16_gen_2_16_touchscreen_laptop_amd_ryzen_5_with_32gb_memory_1tb_ssd_black,1qps4mx,11,55,0.30199728499759326,0.0,0.05417241816551096,0.036146675194631134,0.029268223642622538,0.5151971351016652,0.5094135333191264,0.5037580847740173,0.4998457729816437,0.7113590240478516,0.4574240744113922,0.4695521593093872,0.6344397068023682,0.6023676991462708,3,8,0.2727272727272727,0.3205277278003367,1.0335620542068176,0.3101736556236982,1.0,0.7,0.6363636363636364,0.5454545454545454,0.0,0.18181818181818182,0.2727272727272727,45.872082292875014,52.5,0.7984064956038373,3.0,1.9090909090909092,1.0,1.3,0.0005093193454244597,0.0008930438198149204,0.000636763870716095,1.6409356207573595e-06,2.750680778262904e-06,1.9792803414020455e-06,4.018212232701692e-05,7.31468535377644e-05,6.328686868073419e-05,2.1686425084639765e-05,2.964021587104071e-05,2.599666731839534e-05,0.0001210786411485804,0.0002267802628921345,0.0001663577713770792,8.072768832789734e-05,0.00011117361282231286,0.00010344067413825542,0.00012910585965555856,0.00021230979338800657,0.00016351891580749603,neutral,Concerns with new E16 G2 purchased from Best Buy third party
geekom_geekbook_x14_pro_laptop_2_8k_14_oled_intel_core_ultra_u9_185h_32gb_lpddr5x_ram_2tb_ssd_win_11_pro_pre_installed_titanium_gray,1q842pa,9,36,0.32203902304172516,0.125,0.04503898919411931,0.03875329830797139,0.038098911285319045,0.4825129790438546,0.4722367318140136,0.46002243128087783,0.43506716191768646,0.6798198819160461,0.14632979035377502,0.10577273368835449,0.3230063319206238,0.30882149934768677,0,9,0.0,0.13047213210827774,1.7351264569629226,0.520714275388725,0.8888888888888888,1.0,0.2222222222222222,0.7777777777777778,0.1111111111111111,0.1111111111111111,0.0,38.08697000222802,31.0,1.182009413862249,3.0,1.5555555555555556,1.0,1.2,0.0006882525857589725,0.002558579435572028,0.0011666706763207915,1.6621364188217235e-06,4.2041442611662205e-06,2.1731345441367013e-06,5.583157447593597e-05,0.00025094716693274677,8.619563595857474e-05,2.2543280364415194e-05,4.218766844132915e-05,3.10537638142705e-05,0.00014624354581529688,0.00038306054193526506,0.00025069145485758784,0.00011988116036971203,0.0004897558246739209,0.0001796841272152961,0.00017240238053385906,0.0006214557969694093,0.0002860395945693503,admiration,GeekBook X14 Pro U9 185H or newer Core Ultra CPU?
lenovo_legion_7i_16_2_5k_oled_gaming_laptop_intel_core_ultra_7_255hx_2025_32gb_ram_nvidia_geforce_rtx_5060_1tb_ssd_glacier_white,1pkmzyo,10,45,0.3135109394788742,0.2,0.04334146893039087,0.036736926911554724,0.035145717938178944,0.5050945659478505,0.45948571893903944,0.47338842418458726,0.4805261492729187,0.5548211336135864,0.2500779330730438,0.2197444885969162,0.48157063126564026,0.4640634059906006,2,8,0.2,0.2149531714618206,1.6957425341696346,0.5088950960217248,0.8,0.8888888888888888,0.3,0.1,0.1,0.2,0.6,62.49287959439859,26.5,1.5316882253529067,4.0,2.2,1.4,2.409090909090909,0.0007423674338497222,0.0026187642943114042,0.0010637623665388667,1.9262990804236322e-06,5.1548581723182e-06,2.456811535012092e-06,7.861804206186208e-05,0.0004426509258337319,9.287576322094523e-05,2.9093176090100313e-05,6.728509470121935e-05,4.4129101661383166e-05,0.00013444782598526217,0.0002826788113452494,0.00018529473018134008,8.4070010780124e-05,0.0001024542871164158,9.87908715615049e-05,0.00017842046464124905,0.0005858196349587766,0.0002465538745222298,neutral,Legion 7i or sth else?
lenovo_yoga_slim_7x_copilot_pc_14_5_3k_90hz_oled_touch_screen_laptop_snapdragon_x_elite_x1e_78_100_2024_16gb_512gb_cosmic_blue,1s9b5pd,6,15,0.3282064249118169,0.16666666666666666,0.05565461312043633,0.03569206360718103,0.02730576310157347,0.5135447680950165,0.5394613027572632,0.5242276589075724,0.5250343084335327,0.6249902248382568,0.37418413162231445,0.3646848797798157,0.4310891628265381,0.4939396381378174,1,5,0.16666666666666666,0.1783271081124743,1.0114042647073516,0.3035240669109391,1.0,0.8,0.5,0.5,0.0,0.0,0.5,31.531289574361246,19.75,0.5226180592435565,3.0,1.8333333333333333,1.3333333333333333,1.5714285714285714,0.000753739678960604,0.0016059940680861473,0.0012147051747888327,1.6999191908932214e-06,2.066137540168711e-06,1.9110940456812386e-06,5.1958850235678256e-05,7.461326458724216e-05,7.274340168805793e-05,2.2124184700563394e-05,2.6971049010171555e-05,2.5395760530955158e-05,0.00017534442667965777,0.0004178969538770616,0.0002993732414324768,7.898966093004371e-05,9.694830805528909e-05,9.59168974077329e-05,0.0001806427867829067,0.00037069661569451756,0.0002824355920078384,admiration,Lenovo Yoga Slim 7x Gen 9 (2024) vs Macbook M5
dell_latitude_5550_15_6_fhd_business_ai_laptop_intel_core_ultra5_16gb_ram_512gb_ssd_thunderbolt_backlit_win11pro_gray,1pt1n7a,2,1,0.29887764155864716,0.0,0.11205836704847512,0.0707218167574033,0.047412247898922004,0.5484596490859985,0.553045392036438,0.5507429838180542,0.5507429838180542,0.5507429838180542,0.40456846356391907,0.40456846356391907,0.40456846356391907,0.40456846356391907,1,1,0.5,0.4781409911811352,0.6931471805599453,0.20801459767650946,1.0,1.0,0.5,0.5,0.0,0.0,0.5,0.5,0.5,0.007874015748031496,1.0,1.0,0.0,0.0,0.0005955563392490149,0.000676125637255609,0.0006600117776542902,2.1245504626676848e-06,2.818186203512596e-06,2.6794590553436135e-06,4.963993160345126e-05,6.924203626113012e-05,6.532161532959436e-05,2.9458948120009154e-05,3.3729473216226324e-05,3.287536819698289e-05,0.00010893418948398903,0.000127716179122217,0.00012395978119457142,7.885873128543608e-05,8.243739284807816e-05,8.172166053554974e-05,0.000144095448367428,0.00015908415427171954,0.0001560864130908612,neutral,WD19S docks and laptops having issues with sleep
16_2k_lcd_touchscreen_16gb_memory_1tb_storage_windows_11_copilot_pc_intel_core_ultra_7,1ph90dl,2,1,0.31130295991897583,0.0,0.033817122557562904,0.03533552977625806,0.0371556677338176,0.5214347243309021,0.45838767290115356,0.4878827929496765,0.4878827929496765,0.4878827929496765,0.4511781632900238,0.4511781632900238,0.4511781632900238,0.4511781632900238,0,2,0.0,0.0398270059376955,0.6931471805599453,0.20801459767650946,1.0,1.0,0.5,0.5,0.0,0.5,0.0,6.0,6.0,0.5454545454545454,2.0,1.5,1.0,1.0,0.0005294199800118804,0.0005383403040468693,0.0005365562392398715,1.4597653148484824e-06,1.5631038650099072e-06,1.5424361549776223e-06,2.8645833481277805e-05,3.0007020541233942e-05,2.9734783129242712e-05,2.7731319278245792e-05,3.0122306270641275e-05,2.964410887216218e-05,0.00011998992704320699,0.00013073327136225998,0.00012858460249844938,8.721712583792396e-05,9.101946488954127e-05,9.02589970792178e-05,0.0001324106584945639,0.00013441162794454917,0.0001340114340545521,curiosity,"[Walmart] HP OmniBook 5 AI PC Laptop: 16"" (1920 x 1200) 2K Touch Display, Intel Core Ultra 7 255U, Intel Graphics, 16GB RAM, 1TB SSD, Glacier Silver, Now: $549.95 After $430 Off"
hp_omen_max_16_240hz_gaming_laptop_intel_core_ultra_9_275hx_2025_32gb_memory_nvidia_geforce_rtx_5080_1tb_ssd_shadow_black,1sda96p,10,45,0.27322672829031946,0.0,0.03717846232580136,0.024309553668922988,0.02005371258543833,0.4879622002442678,0.48284056120448643,0.4836657073762682,0.4884893000125885,0.6007392406463623,0.4085990786552429,0.4220997989177704,0.6300114393234253,0.6198667883872986,2,8,0.2,0.19486979562789203,0.639031859650177,0.1917745017446655,0.9,0.3333333333333333,0.8,0.3,0.0,0.2,0.5,34.971559873703086,38.25,0.6817068201501577,3.0,1.3,1.0,1.3333333333333333,0.06026197550236247,0.5398709177970886,0.10689250454306586,9.336362325029768e-06,6.394220690708607e-05,2.1410413319244963e-05,0.002409341152088018,0.019167300313711166,0.006075695436447853,4.124460701859789e-05,0.00016782866441644728,7.821962353773412e-05,0.04415613649907755,0.4361448585987091,0.04770186310634001,0.00015400850898004138,0.0005694202845916152,0.0003832239279290661,0.017838673771975285,0.16354853617910217,0.028817892947214756,neutral,HP OMEN 16 OVERHEATING PROBLEM
asus_rog_zephyrus_g14_14_oled_3k_120hz_gaming_laptop_amd_ryzen_9_270_16gb_lpddr5x_geforce_rtx_5060_1tb_ssd_platinum_white,1q6dzlz,13,78,0.29970054901563203,0.07692307692307693,0.05420205691327445,0.04671043350206479,0.044630595480725455,0.48873516344107115,0.4639453830627295,0.469986250767341,0.4722520112991333,0.6556892991065979,0.2575564384460449,0.2218204289674759,0.6102412939071655,0.5382030010223389,0,13,0.0,0.1412839559981456,1.0317671113505356,0.3096349903494628,0.9230769230769231,0.8333333333333334,0.6153846153846154,0.15384615384615385,0.0,0.15384615384615385,0.6923076923076923,47.828465689142845,18.0,1.3755974645107456,5.0,2.0,1.0,1.8461538461538463,0.0012808951723854989,0.008061251603066921,0.0016788762528449303,2.0514992141985344e-06,4.0022764551395085e-06,3.3898491437867054e-06,6.370119095103852e-05,0.0002349179849261418,0.00012187939282739537,6.66675864172598e-05,0.00041660526767373085,0.00011602718150243169,0.00019982422684104397,0.0010347426868975163,0.00023912320611998446,0.00013776472825646543,0.0004835466097574681,0.00017498548841103913,0.00029181740067758414,0.001705844404796153,0.00038503118062938795,neutral,Which one to pick for 1300$ ? G14 or G16?
asus_rog_zephyrus_g14_14_oled_3k_120hz_gaming_laptop_amd_ryzen_9_270_16gb_lpddr5x_geforce_rtx_5060_1tb_ssd_platinum_white,1s5lq0s,2,1,0.18553209863603115,0.0,0.010805817406130623,0.008303891780700609,0.007297401379567375,0.37884998321533203,0.594212532043457,0.462698757648468,0.462698757648468,0.462698757648468,0.18542493879795074,0.18542493879795074,0.18542493879795074,0.18542493879795074,0,2,0.0,0.036593884229660034,0.6931471805599453,0.20801459767650946,1.0,1.0,0.5,0.5,0.0,0.0,0.5,32.5,32.5,0.8024691358024691,1.0,1.0,0.0,0.0,0.0008326451352331787,0.001110319746658206,0.0010547848243732006,1.8451879100211954e-06,2.148791054423782e-06,2.088070425543265e-06,5.058519673184492e-05,6.364697765093297e-05,6.103462146711536e-05,5.940312257735059e-05,9.795768710318953e-05,9.024677419802175e-05,0.00014067664596950635,0.00016829305968713015,0.0001627697769436054,9.30325586523395e-05,0.00011476811050670221,0.00011042100013582967,0.0001963646411790402,0.00025952239544343075,0.00024689084459055265,gratitude,charger not working
lenovo_thinkpad_e16_gen_2_16_touchscreen_laptop_amd_ryzen_5_with_32gb_memory_1tb_ssd_black,1skgq9g,1,0,0.2823414206504822,0.0,0.0,0.0,0.0,0.0,0.0,0.0,0.0,0.0,0.0,0.0,0.0,0.0,0,1,0.0,0.02673463150858879,-0.0,0.0,1.0,0.0,1.0,0.0,0.0,0.0,1.0,0.0,0.0,0.0,1.0,1.0,0.0,0.0,0.0004068574926350266,0.0004068574926350266,0.0004068574926350266,1.4688779401694774e-06,1.4688779401694774e-06,1.4688779401694774e-06,3.300431853858754e-05,3.300431853858754e-05,3.300431853858754e-05,1.985906965273898e-05,1.985906965273898e-05,1.985906965273898e-05,0.00010209315951215103,0.00010209315951215103,0.00010209315951215103,6.950619717827067e-05,6.950619717827067e-05,6.950619717827067e-05,0.00010546485257615738,0.00010546485257615738,0.00010546485257615738,neutral,HP pavilion x360 died where to now…
dell_inspiron_3000_series_15_6_touchscreen_laptop_amd_ryzen_7_7730u_16gb_ram_512gb_ssd_numeric_kp_pco_lt_cooler_black,1epn1zq,56,1540,0.31466017237731386,0.10714285714285714,0.04591149311404825,0.03528288565769667,0.031769611214408924,0.5231871363210988,0.48886523840876367,0.5002992562465853,0.5048054754734039,0.6619210243225098,0.2802491784095764,0.2837072014808655,0.7615059614181519,0.5245591402053833,11,45,0.19642857142857142,0.22299721225031785,1.6942081616840474,0.5084346283400738,0.8214285714285714,0.7454545454545455,0.44642857142857145,0.21428571428571427,0.14285714285714285,0.16071428571428573,0.48214285714285715,34.7714430610957,42.75,0.908633136454204,5.0,2.0357142857142856,1.6666666666666667,3.125,0.05318952699599322,0.9898844957351685,0.0015686085098423064,0.0007824222051624474,0.03476463630795479,4.554841552817379e-06,0.048216006685964076,0.9575708508491516,0.0001374726416543126,7.754189963244633e-05,0.0011261162580922246,5.410689482232556e-05,0.020875349902780727,0.7963730096817017,0.00036668228858616203,0.0005496537768781959,0.018362760543823242,0.00015006397006800398,0.020615083577735192,0.4662673473843218,0.0003619846379478986,neutral,Any good for college? Dell Inspiron 3525 $479 (high spec)
hp_omen_max_16_240hz_gaming_laptop_intel_core_ultra_9_275hx_2025_32gb_memory_nvidia_geforce_rtx_5080_1tb_ssd_shadow_black,1qd8u0y,48,1128,0.3087468608579737,0.1276595744680851,0.04918343970855173,0.03949183072287753,0.03615416269172181,0.4946774046286835,0.4656467585302625,0.4757566008954606,0.4769970625638962,0.7840242385864258,0.24408981204032898,0.22174254059791565,0.7019171714782715,0.4790360927581787,21,27,0.4375,0.431936798520231,1.458328806881058,0.43764684983406993,0.8125,0.5531914893617021,0.6458333333333334,0.125,0.0625,0.22916666666666666,0.5833333333333334,51.58841099806774,26.75,1.4574712936475875,6.0,2.4166666666666665,1.3333333333333333,2.3267326732673266,0.052736323119461304,0.9314658045768738,0.02368913246318688,6.868794375236575e-05,0.002721543191000819,1.3558051705331297e-05,0.020729636071337154,0.752929151058197,0.002448940917383874,0.00029900614007753273,0.011885327287018299,0.00018586722144391376,0.03360375503643809,0.7611071467399597,0.001981618697755037,0.00030822234111838043,0.004282010719180107,0.00036588898219633726,0.017957605108697473,0.3638731788426715,0.0058296368329138004,neutral,"HP pulls a Bait and Switch with Customers, Cancels Mass Order After Discounts Were Too Good"
lenovo_ideapad_slim_5_16_fhd_touchscreen_laptop_amd_ryzen_7_350_16gb_ram_1tb_ssd_backlit_keyboard_pco_lt_cooler_blue,1qijt8t,2,1,0.3307533413171768,0.5,0.023241882802012316,0.01695943410858143,0.014556244459349471,0.5194436311721802,0.47389528155326843,0.49562516808509827,0.49562516808509827,0.49562516808509827,0.3264320492744446,0.3264320492744446,0.3264320492744446,0.3264320492744446,0,2,0.0,0.024890363216400146,0.6931471805599453,0.20801459767650946,0.5,1.0,0.5,0.0,0.0,0.0,1.0,20.0,20.0,0.39215686274509803,2.0,1.5,1.0,1.0,0.0004319986910559237,0.000458219408756122,0.0004529752652160823,1.3839160715178878e-06,1.4213167105481261e-06,1.4138365827420784e-06,3.0083437195571605e-05,3.0142335162963718e-05,3.0130555569485295e-05,2.029695679084398e-05,2.2289674234343693e-05,2.189113074564375e-05,0.00010351790479035117,0.00010435931471874937,0.00010419103273306973,7.345925041590817e-05,8.063554560067132e-05,7.920028656371869e-05,0.00011012335938668608,0.00011587782989863626,0.00011472693579624622,curiosity,Touchpad doesn't work on win 10
hp_omen_max_16_240hz_gaming_laptop_intel_core_ultra_9_275hx_2025_32gb_memory_nvidia_geforce_rtx_5080_1tb_ssd_shadow_black,1sj4c9w,3,3,0.2967703640460968,0.0,0.06137959821640504,0.05614665311829126,0.055198930376738876,0.4349336326122284,0.5522823731104533,0.4830450514952342,0.45489686727523804,0.572917103767395,0.34128808975219727,0.27317625284194946,0.34128808975219727,0.4797363877296448,0,3,0.0,0.03382401602963606,-0.0,0.0,0.6666666666666666,0.0,1.0,0.0,0.0,0.6666666666666666,0.3333333333333333,4.96655480858378,5.5,0.45150498259852545,2.0,1.3333333333333333,1.0,1.0,0.0007159752519025157,0.001189318485558033,0.0010613364283926785,2.095397083697511e-06,2.3547399905510247e-06,2.3423688617185688e-06,4.620518423810912e-05,5.667498044203967e-05,5.491909760166891e-05,5.058863765346663e-05,9.937072172760963e-05,8.551883292966523e-05,0.000113348653637028,0.0001625002478249371,0.00014853583852527663,0.00010548366117291152,0.0001349412923445925,0.0001275820832233876,0.00017228279761462143,0.00027419341131462716,0.00024644541860349516,neutral,Would this set up work together?
asus_rog_zephyrus_g14_14_oled_3k_120hz_gaming_laptop_amd_ryzen_9_270_16gb_lpddr5x_geforce_rtx_5060_1tb_ssd_platinum_white,1p785fj,7,21,0.3207573635237558,0.0,0.09617778524845255,0.09668565806189511,0.1027636025044049,0.5085432870047433,0.5183428256284623,0.5098142680667695,0.5070599317550659,0.5729392170906067,0.1377681940793991,0.1336447149515152,0.22415058314800262,0.2405509650707245,4,3,0.5714285714285714,0.5725670393024173,1.277034259466139,0.3832400609166074,0.8571428571428571,0.8333333333333334,0.42857142857142855,0.14285714285714285,0.2857142857142857,0.2857142857142857,0.2857142857142857,5.368084065158839,6.0,0.6368913297646079,5.0,2.4285714285714284,1.0,2.0,0.0012768700003757008,0.005462112836539745,0.0030118725029751672,2.2530604480510064e-06,6.347454927890794e-06,3.82684966098168e-06,0.00010655634209147788,0.0005256622098386288,0.00024664107986609467,8.211823556588829e-05,0.00037588231498375535,0.00020341228519100708,0.00020427807820461958,0.0007163473637774587,0.00042044696456287076,9.928312439504745e-05,0.00018132453260477632,0.00016236712981481107,0.00029522647351346417,0.0012112794521120425,0.0006747611353451554,neutral,BF sale on G14 at Best Buy
lenovo_thinkpad_e16_gen_2_16_touchscreen_laptop_amd_ryzen_5_with_32gb_memory_1tb_ssd_black,1opjc7b,47,1081,0.3112021909819709,0.022222222222222223,0.054090124135669784,0.048942864204872316,0.048330609112614276,0.44963342498619174,0.45048034610872906,0.44502488381051003,0.4526325762271881,0.7084248661994934,0.21491639316082,0.19028495252132416,0.7160375714302063,0.46105602383613586,9,38,0.19148936170212766,0.24299911346207273,1.6544719311975624,0.4965097208606119,0.851063829787234,0.5869565217391305,0.6170212765957447,0.2127659574468085,0.0851063829787234,0.2978723404255319,0.40425531914893614,23.108106984781326,15.5,1.059591247107046,5.0,1.6808510638297873,1.25,1.9545454545454546,0.03313678195588588,0.9873449206352234,0.02829268425703048,0.00035620682881036623,0.01609245128929615,2.739826159086078e-05,0.021899196613300406,0.9367554187774658,0.0059286467730998976,9.429555881224781e-05,0.0007248865440487862,0.00024449376505799594,0.017905997095983773,0.7793188691139221,0.003995193541049957,0.002081758932345497,0.036499813199043274,0.0026413864921778435,0.01257903949752303,0.45467814295746695,0.00777098949032127,neutral,Spanish keyboard??
lenovo_legion_7i_16_2_5k_oled_gaming_laptop_intel_core_ultra_9_275hx_2025_32gb_ram_nvidia_geforce_rtx_5070_1tb_ssd_glacier_white,1r1wkb3,14,91,0.30443158532891956,0.07142857142857142,0.06363513186271028,0.05053187377260448,0.04602821967729465,0.5129395412219749,0.546511947453677,0.5265503899081723,0.5297819375991821,0.6725317239761353,0.3284253478050232,0.32181409001350403,0.6222461462020874,0.5676552057266235,2,12,0.14285714285714285,0.17144669924995729,1.710493230055004,0.5133218038784384,0.8571428571428571,0.9230769230769231,0.2857142857142857,0.5,0.14285714285714285,0.21428571428571427,0.14285714285714285,23.080161991438025,18.25,0.8828477264484491,7.0,3.4285714285714284,1.375,2.8125,0.000767663266742602,0.0026839757338166237,0.0017868153343442818,1.8622817005312494e-06,4.458383500605123e-06,2.6697076691561956e-06,5.2601825440693316e-05,0.00015045158215798438,0.0001172741853224579,4.990123228968254e-05,0.0003810778434854001,3.6767165875062345e-05,0.00016655082384074506,0.000806154333986342,0.00018328537262277675,8.404293216049805e-05,0.00014305769582279027,0.0001103446636989247,0.00018710372702912537,0.0006226253684455211,0.0004174832104051042,neutral,Lenovo Legion 7i 5070 - anyone have firsthand experience?
16_2k_lcd_touchscreen_16gb_memory_1tb_storage_windows_11_copilot_pc_intel_core_ultra_7,1q3hni8,2,1,0.32007694244384766,0.0,0.1662378828786687,0.11366021379260992,0.09576819232040865,0.5390210151672363,0.5687209367752075,0.5534728169441223,0.5534728169441223,0.5534728169441223,0.5296221971511841,0.5296221971511841,0.5296221971511841,0.5296221971511841,0,2,0.0,0.03934304043650627,0.6931471805599453,0.20801459767650946,1.0,1.0,0.5,0.0,0.0,1.0,0.0,3.0,3.0,0.23076923076923078,2.0,1.5,1.0,1.0,0.00040637346683070064,0.00046075895079411566,0.0004498818540014327,1.4701120676363644e-06,1.5081777746672742e-06,1.5005646332610924e-06,2.7182754820387345e-05,3.110707621090114e-05,3.0322211932798383e-05,2.2695748157275375e-05,2.6445182811585255e-05,2.569529588072328e-05,9.893703099805862e-05,0.0001051881627063267,0.00010393793636467307,7.858574826968834e-05,7.983012619661167e-05,7.9581250611227e-05,0.00010587414352395778,0.00011747294608236795,0.00011515318557068592,curiosity,"Walmart] HP OmniBook 5 AI PC Laptop: 16"" (1920 x 1200) 2K Touch Display, Intel Core Ultra 7 255U, Intel Graphics, 16GB RAM, 1TB SSD $386 off, for $594"
hp_omen_max_16_240hz_gaming_laptop_intel_core_ultra_9_275hx_2025_32gb_memory_nvidia_geforce_rtx_5080_1tb_ssd_shadow_black,1rszr5k,1,0,0.06087544187903404,0.0,0.0,0.0,0.0,0.0,0.0,0.0,0.0,0.0,0.0,0.0,0.0,0.0,0,1,0.0,0.023442236706614494,-0.0,0.0,1.0,0.0,1.0,1.0,0.0,0.0,0.0,0.0,0.0,0.0,1.0,1.0,0.0,0.0,0.000652008515316993,0.000652008515316993,0.000652008515316993,1.711693471406761e-06,1.711693471406761e-06,1.711693471406761e-06,5.016261275159195e-05,5.016261275159195e-05,5.016261275159195e-05,2.0111099729547277e-05,2.0111099729547277e-05,2.0111099729547277e-05,0.00013318257697392255,0.00013318257697392255,0.00013318257697392255,9.13253243197687e-05,9.13253243197687e-05,9.13253243197687e-05,0.00015808363709387171,0.00015808363709387171,0.00015808363709387171,gratitude,Arch/CachyOS vs Fedora on HP Omen 16 Max (Core Ultra 7 + 5070 Ti) - Secure Boot & Battery life
lenovo_legion_7i_16_2_5k_oled_gaming_laptop_intel_core_ultra_9_275hx_2025_32gb_ram_nvidia_geforce_rtx_5070_1tb_ssd_glacier_white,1r4xmw9,85,3570,0.3192878486234931,0.16455696202531644,0.04733356364882643,0.03787182414318302,0.03490467351102215,0.4701083032273445,0.4809476653400923,0.4718739386449675,0.4796593189239502,0.770223081111908,0.22535745799541473,0.20553182065486908,0.7081549167633057,0.4638461172580719,15,70,0.17647058823529413,0.18705797762993503,1.94932363046984,0.5849951959783365,0.9058823529411765,0.7738095238095238,0.49411764705882355,0.23529411764705882,0.10588235294117647,0.08235294117647059,0.5764705882352941,29.6344417596874,29.0,0.9305236607216214,8.0,3.3411764705882354,1.3829787234042554,4.206597222222222,0.06934220302535002,0.974798858165741,0.21859653592109599,0.0005692331087589884,0.027618423104286194,4.5188385047367466e-05,0.05252699574429083,0.8998600840568542,0.006903977226465908,0.00012400543731500339,0.0016889568651095033,0.00029704360058531134,0.012974059473387624,0.2789982259273529,0.025155425071716274,0.006028818392780308,0.47776785492897034,0.0006973677780479192,0.023594219196980452,0.3655325793661177,0.0679158101655045,neutral,First laptop in 12 years!
lenovo_yoga_slim_7x_copilot_pc_14_5_3k_90hz_oled_touch_screen_laptop_snapdragon_x_elite_x1e_78_100_2024_16gb_512gb_cosmic_blue,1o2lug7,2,1,0.3199467062950134,0.0,0.0848606122818785,0.06891830956070849,0.06287220252924941,0.6029029488563538,0.6565225124359131,0.6285713315010071,0.6285713315010071,0.6285713315010071,0.43505018949508667,0.43505018949508667,0.43505018949508667,0.43505018949508667,1,1,0.5,0.5261442512273788,0.6931471805599453,0.20801459767650946,0.5,1.0,0.5,0.0,0.0,0.0,1.0,0.0,0.0,0.0,1.0,1.0,0.0,0.0,0.0005125125171616673,0.0005711980629712343,0.0005594609538093209,1.8205963101536327e-06,2.2495116809295723e-06,2.1637286067743846e-06,3.657916658994509e-05,4.672159775509499e-05,4.469311152206501e-05,2.3315562430070713e-05,2.4173232304747216e-05,2.4001698329811914e-05,9.343348938273266e-05,0.00010561470844550058,0.00010317846463294699,8.561541108065285e-05,8.839137444738299e-05,8.783618177403696e-05,0.00012554612382587038,0.0001356643415798923,0.00013364069802908793,curiosity,Audio inconsistently working on Zoom - Yoga Slim
thunderobot_zero_16_16_360hz_wqxga_gaming_laptop_intel_core_ultra_9_275hx_nvidia_rtx_5070_ti_32gb_ddr5_memory_1tb_storage_black,1qu9s66,78,3003,0.3103506633868584,0.05128205128205128,0.04912471061227174,0.04083659941059298,0.03835402392750084,0.47903890879976724,0.47265543885184175,0.470677804751393,0.48245733976364136,0.8210372924804688,0.24771204590797424,0.22509120404720306,0.7346388697624207,0.48511308431625366,31,47,0.3974358974358974,0.424524616688872,2.0718102774095883,0.6217536381945101,0.9230769230769231,0.8311688311688312,0.38461538461538464,0.38461538461538464,0.08974358974358974,0.1282051282051282,0.3974358974358974,21.337451063399577,27.25,0.8130538265486893,8.0,2.2948717948717947,1.3333333333333333,3.394088669950739,0.030146146292025104,0.9438465237617493,0.022479378245770922,0.00014184391067554968,0.009503960609436035,2.418710955680579e-05,0.024426389752989053,0.93658447265625,0.0019524515373632288,7.1738327465144e-05,0.0009011320071294904,0.00017405385588062925,0.006340561412612143,0.15492166578769684,0.0021381955011747756,0.0006835867157067882,0.032487303018569946,0.000694360112538561,0.010301711068578964,0.33815505776631954,0.005779273536609246,neutral,"Finally upgraded after 12 years, got a screaming deal."
lenovo_legion_7i_16_2_5k_oled_gaming_laptop_intel_core_ultra_9_275hx_2025_32gb_ram_nvidia_geforce_rtx_5070_1tb_ssd_glacier_white,1oko9d1,57,1596,0.313134460576943,0.125,0.06348485917175273,0.059273977459555725,0.05977008427341825,0.5085907584070263,0.5035675691818833,0.4998645251406763,0.5014846324920654,1.0,0.12556509673595428,0.10165904462337494,0.8290874361991882,0.27550071477890015,16,41,0.2807017543859649,0.2730836187930484,1.9465702234580344,0.5841688940501691,0.8771929824561403,0.8214285714285714,0.2982456140350877,0.3508771929824561,0.15789473684210525,0.22807017543859648,0.2631578947368421,26.870550230372643,19.0,1.3860826815667335,4.0,1.543859649122807,1.0,1.2580645161290323,0.04771872138269572,0.9954113364219666,0.01210421882569788,0.0020283078526753136,0.11405032873153687,7.523378280893665e-06,0.03523787548944886,0.9787523150444031,0.0005183970788493752,0.00010763239439065249,0.0020441387314349413,0.000164867952116765,0.022602366074703208,0.9416863322257996,0.0028842882951721485,0.0008324915941461528,0.03394834324717522,0.0007365151890553532,0.018087899131343316,0.5108018083847128,0.0026926984761151546,neutral,"Lenovo Legion Pro 7i Ultra 9 275HX 5070Ti, 32GB RAM, 1TB SSD 16"" 2.5K WQXGA OLED Display – 240Hz Refresh Rate"
hp_omen_max_16_240hz_gaming_laptop_intel_core_ultra_9_275hx_2025_32gb_memory_nvidia_geforce_rtx_5080_1tb_ssd_shadow_black,1mc0hkk,65,2080,0.31213225515989157,0.15384615384615385,0.05507623289883609,0.04765836512998458,0.04550608827882395,0.4689745660011585,0.4875662423813572,0.47583891018651997,0.4766402691602707,0.6851283311843872,0.16848085820674896,0.1332223266363144,0.7041977047920227,0.39065515995025635,27,38,0.4153846153846154,0.4341221089259936,2.1760592930893266,0.6530389375695647,0.8923076923076924,0.859375,0.2923076923076923,0.3076923076923077,0.07692307692307693,0.16923076923076924,0.4461538461538462,22.18969322021151,22.0,0.9263519969902043,10.0,4.0,1.2,4.284057971014493,0.01992076999292924,0.3606611490249634,0.062368743121624035,1.1638354294518649e-05,0.00026045646518468857,2.050209041044582e-05,0.0037620438722604796,0.14210568368434906,0.002022713609039784,0.00018251389729602335,0.0030223315116018057,0.0005389802739955486,0.0021750176338872942,0.04470839723944664,0.003925347141921521,0.007732012117608414,0.3060745894908905,0.000823471264448017,0.005630665978045995,0.10667153802690639,0.018224157195375804,neutral,HP Omen max finally came in !!
asus_rog_zephyrus_g14_14_oled_3k_120hz_gaming_laptop_amd_ryzen_9_270_16gb_lpddr5x_geforce_rtx_5060_1tb_ssd_platinum_white,1ql3wiu,9,36,0.31296085980203414,0.1111111111111111,0.08193904391607594,0.07493791383656062,0.07399341827281253,0.4843146126303408,0.48705898639228606,0.4827173857225312,0.5212843120098114,0.6299102306365967,0.15733002126216888,0.1611001193523407,0.2971760630607605,0.3244909644126892,2,7,0.2222222222222222,0.30918880593445563,1.6769877743224173,0.5032667620494407,1.0,0.625,0.3333333333333333,0.5555555555555556,0.0,0.0,0.4444444444444444,4.540625942600566,8.0,0.40461023250896133,4.0,2.0,1.2,1.5,0.0013102102578462411,0.004321631975471973,0.0029062446206808094,2.1634996427464002e-06,3.792844836425502e-06,3.6634070056607016e-06,8.20754107230136e-05,0.00018720135267358273,0.00017665908380877228,7.399832106279468e-05,0.00026360852643847466,0.00018058428540825846,0.00019113103432270387,0.00044081988744437695,0.0003499108133837581,0.00011345164966769516,0.00026566433371044695,0.00019324179156683386,0.00029550502887753247,0.0008942664976530068,0.0006346560994946533,admiration,New to me - 5060 ROG G14
lenovo_legion_7i_16_2_5k_oled_gaming_laptop_intel_core_ultra_7_255hx_2025_32gb_ram_nvidia_geforce_rtx_5060_1tb_ssd_glacier_white,1ezlrjg,186,17205,0.30944150096767553,0.04945054945054945,0.058690642379711985,0.05723042980848537,0.0595344609153277,0.4647286999878652,0.47855921999914847,0.46630208766831105,0.47051379084587097,0.9999998807907104,0.12876515090465546,0.10649979114532471,0.8536633253097534,0.3061717450618744,20,166,0.10752688172043011,0.17838295481057578,1.6756660397886096,0.5028701073633998,0.9032258064516129,0.6324324324324324,0.5806451612903226,0.24193548387096775,0.06989247311827956,0.3064516129032258,0.3817204301075269,43.48498637200412,18.0,1.6878563157747846,10.0,2.2903225806451615,1.5660377358490567,5.547588005215124,0.06435531857880383,0.9685148000717163,0.10863913223147392,0.00041262968106491006,0.02771637588739395,5.768826122221071e-05,0.03919770250307607,0.9685474634170532,0.0021838726243004203,0.002119468538176177,0.190111443400383,0.0009468841599300504,0.015895692868031792,0.8613864183425903,0.00986133934929967,0.005392650763858773,0.4040412902832031,0.0015187563258223236,0.02122891048883525,0.37029404922698933,0.027110517303905603,neutral,My laptop arrived! What do I do first?
hp_omen_max_16_240hz_gaming_laptop_intel_core_ultra_9_275hx_2025_32gb_memory_nvidia_geforce_rtx_5080_1tb_ssd_shadow_black,1n6pjxn,19,171,0.2871391359520586,0.10526315789473684,0.052385985501913576,0.04375628389503897,0.04108476050731306,0.4747141453257778,0.47400574220551384,0.47201155326519795,0.4703947901725769,0.7080232501029968,0.2092452198266983,0.19247151911258698,0.5279307961463928,0.40198126435279846,7,12,0.3684210526315789,0.40563893876969814,1.8403407956415927,0.5522892697677879,1.0,0.8888888888888888,0.3157894736842105,0.42105263157894735,0.05263157894736842,0.21052631578947367,0.3157894736842105,22.59384859778948,14.5,0.8760880068530615,7.0,2.9473684210526314,1.0833333333333333,2.4390243902439024,0.02085113872798454,0.36199498176574707,0.00971798431128263,8.595548395437378e-06,0.00010474934242665768,1.0737291449913742e-05,0.0002625830444518023,0.0022874376736581326,0.0007013459689915174,0.013194095014880173,0.24981378018856049,0.00014639892615377886,0.0006337135637295432,0.004902289714664221,0.001747549464926122,0.0003521327836144912,0.0037085420917719603,0.0006047467933967706,0.005883709780509332,0.10344318036610882,0.002403852769839431,neutral,The battle of the two laptop titans Omen Max 16 vs Alienware 16 Area 51 - Identical spec 5090 + 275HX and 64 GB RAM
hp_omen_max_16_240hz_gaming_laptop_intel_core_ultra_9_275hx_2025_32gb_memory_nvidia_geforce_rtx_5080_1tb_ssd_shadow_black,1kayoia,19,171,0.3014569570751567,0.10526315789473684,0.0599798823750628,0.04956507980406405,0.04584288257242765,0.48896641480295283,0.4908077195722457,0.48765779604688725,0.48167961835861206,0.6656041145324707,0.33029577136039734,0.33577215671539307,0.7028257846832275,0.5854744911193848,0,19,0.0,0.04482806160261756,1.584257569468015,0.47543827656145765,0.8947368421052632,0.6666666666666666,0.47368421052631576,0.10526315789473684,0.0,0.21052631578947367,0.6842105263157895,18.536779341774853,16.0,0.791457994367915,5.0,1.7894736842105263,1.1666666666666667,2.0,0.0009030524739309362,0.004336956888437271,0.001193078653886914,2.0275008290283087e-06,5.296800736687146e-06,2.566547118476591e-06,6.2938564473083e-05,0.00035223085433244705,8.732708811294286e-05,3.080550030924649e-05,6.512590334750712e-05,4.4951252493774516e-05,0.000183726959987421,0.0008809342980384827,0.0002910327864810824,0.00010983231990585888,0.0002433279441902414,0.00017478900845162572,0.00021539721990592898,0.0009698348180791072,0.0002845190646136567,neutral,Brand new Omen Max 16 - Intel Core Ultra 275HX | RTX 5080 | idling at 45c (111F) in Eco mode
asus_rog_zephyrus_g14_14_oled_3k_120hz_gaming_laptop_amd_ryzen_9_270_16gb_lpddr5x_geforce_rtx_5060_1tb_ssd_platinum_white,1ngd7gm,2,1,0.2967130243778229,0.0,0.06629024915542174,0.060887261342154754,0.05933435474596929,0.4237104654312134,0.49196791648864746,0.4552951455116272,0.4552951455116272,0.4552951455116272,0.034053027629852295,0.034053027629852295,0.034053027629852295,0.034053027629852295,0,2,0.0,0.12112932931631804,0.6931471805599453,0.20801459767650946,1.0,1.0,0.5,0.5,0.0,0.5,0.0,4.0,4.0,0.25,1.0,1.0,0.0,0.0,0.00048274816072080284,0.000505730276927352,0.0005011338536860422,1.4389530065272993e-06,1.4756243444935535e-06,1.4682900769003026e-06,3.2137311791302636e-05,3.3701628126436844e-05,3.3388764859410006e-05,2.3798871552571654e-05,2.3991156922420487e-05,2.395269984845072e-05,0.0001124315385823138,0.00011948276369366795,0.00011807251867139712,8.126765533233993e-05,9.06347413547337e-05,8.876132415025495e-05,0.00012230374849764303,0.00012597068431811445,0.00012523729715402016,neutral,"First Time G14 Owner - Ryzen 9 270, Nvidia 5060 Impressions"
lenovo_ideapad_slim_5_16_fhd_touchscreen_laptop_amd_ryzen_7_350_16gb_ram_1tb_ssd_backlit_keyboard_pco_lt_cooler_blue,1rkrcre,1,0,0.3405967056751251,0.0,0.0,0.0,0.0,0.0,0.0,0.0,0.0,0.0,0.0,0.0,0.0,0.0,1,0,1.0,0.7115013599395752,-0.0,0.0,1.0,0.0,1.0,1.0,0.0,0.0,0.0,0.0,0.0,0.0,1.0,1.0,0.0,0.0,0.0003558269527275115,0.0003558269527275115,0.0003558269527275115,1.201331087941071e-06,1.201331087941071e-06,1.201331087941071e-06,2.5427236323594116e-05,2.5427236323594116e-05,2.5427236323594116e-05,1.604342287464533e-05,1.604342287464533e-05,1.604342287464533e-05,9.875641262624413e-05,9.875641262624413e-05,9.875641262624413e-05,6.122180639067665e-05,6.122180639067665e-05,6.122180639067665e-05,9.307952700510214e-05,9.307952700510214e-05,9.307952700510214e-05,admiration,Idepad Slim 5 Ryzen 7
lenovo_ideapad_slim_3_15_6_full_hd_touchscreen_laptop_amd_ryzen_7_5825u_2025_16gb_memory_512gb_ssd_arctic_grey,1ri614h,6,15,0.30294451614220935,0.0,0.037590297028727696,0.029649673576357498,0.02570400010941754,0.41522746682167055,0.4685062110424042,0.4257347693045934,0.4277946650981903,0.7133283615112305,0.27317649126052856,0.21318432688713074,0.36876773834228516,0.5357072353363037,1,5,0.16666666666666666,0.12485242697099845,1.329661348854758,0.39903353614536874,1.0,1.0,0.3333333333333333,0.6666666666666666,0.0,0.0,0.3333333333333333,76.72334861189404,63.5,1.0680744586342559,3.0,1.6666666666666667,1.0,1.25,0.010600455595219197,0.0587618313729763,0.030830411124043167,1.0905858819872568e-05,4.720537253888324e-05,2.928369349319837e-05,0.0014815381440106041,0.008535068482160568,0.004355070501333103,0.00012059773174163031,0.0005751437274739146,0.0003195584322384093,0.0011600470800961678,0.006077885162085295,0.003264113576733507,0.00035986002573433024,0.000994255649857223,0.0009354769135825336,0.0022889007392703008,0.012478972049090467,0.006622319040237319,neutral,"Laptop for business, rarely mobile, tight budget under $700 USD for United States"
lenovo_ideapad_slim_3_15_6_full_hd_touchscreen_laptop_amd_ryzen_7_5825u_2025_16gb_memory_512gb_ssd_arctic_grey,1q29zte,8,28,0.301156435161829,0.125,0.05119028034993006,0.039252391170022834,0.03315482411590549,0.4627967844051974,0.43335290998220444,0.4345690054552896,0.42822863161563873,0.6000577211380005,0.29427745938301086,0.3520725965499878,0.5536741018295288,0.607615053653717,1,7,0.125,0.23798037529923022,1.2130075659799042,0.3640255459338915,1.0,0.8571428571428571,0.5,0.75,0.0,0.0,0.25,107.88419717456306,154.25,0.8953045408677432,4.0,2.25,1.2,1.8461538461538463,0.0017725504512782209,0.006334033329039812,0.0052295624744147055,9.036761753122846e-06,3.076365464949049e-05,2.799722788040526e-05,0.00041648954652373504,0.001521293306723237,0.001506683323532343,4.871596388511534e-05,0.0001545582344988361,0.0001204382613650523,0.00019180748131475411,0.00044585802243091166,0.000442086101975292,0.00022470035946753342,0.0007055090391077101,0.0005855485389474779,0.00044388342737041364,0.0015278653572750045,0.0013203742175392106,neutral,"The audio coming out of my IdeaPad Slim 3 only sounds like it's only coming out of the left part of the speaker grill. This laptop was purchased brand new. Is this normal, or should audio also be coming out on the right side of the grill too?"
asus_rog_zephyrus_g14_14_oled_3k_120hz_gaming_laptop_amd_ryzen_9_270_16gb_lpddr5x_geforce_rtx_5060_1tb_ssd_platinum_white,1mc339l,6,15,0.29013724625110626,0.0,0.03702566990669065,0.022976863000621645,0.017787772831754877,0.5416372915108999,0.5072531521320343,0.5196082969506581,0.5226016640663147,0.561739981174469,0.43277615308761597,0.3715701997280121,0.5366777181625366,0.6444576382637024,0,6,0.0,0.028993394846717518,-0.0,0.0,1.0,0.0,1.0,0.3333333333333333,0.0,0.3333333333333333,0.3333333333333333,70.14191962648934,48.0,0.9697039579698987,2.0,1.1666666666666667,1.0,1.0,0.001284181989224938,0.0030835000798106194,0.0027388142189010978,2.0787555854440143e-06,4.1617163333285134e-06,3.032474182873557e-06,9.433686803580106e-05,0.0002513125364203006,0.00019925225933548063,2.8890519994699087e-05,4.9681450036587194e-05,3.884905527229421e-05,0.0003087958939431701,0.001099879271350801,0.00067820843833033,9.03906087235858e-05,0.00014225675840862095,0.00012067818170180544,0.0003014457725846064,0.0007432651384912484,0.0006298057712873135,neutral,Zephyrus G14 vs OmniBook Ultra — Is the GPU really worth sacrificing battery life for in ECE + ML?
dell_inspiron_3000_series_15_6_touchscreen_laptop_amd_ryzen_7_7730u_64gb_ram_2tb_ssd_numeric_kp_pco_lt_cooler_black,qj9wsf,5,10,0.32383100390434266,0.0,0.03213971412353526,0.0235880611585771,0.020579930739781944,0.48631602227687837,0.48445855677127836,0.4807570159435272,0.4740528017282486,0.5239942669868469,0.3540116250514984,0.43339619040489197,0.354011595249176,0.542826235294342,0,5,0.0,0.0415930163115263,1.0549201679861442,0.3165832603505712,0.8,0.75,0.4,0.2,0.0,0.2,0.6,36.91287038418985,36.0,0.7266313067753908,2.0,1.4,2.0,1.3333333333333333,0.00510598054388538,0.022097161039710045,0.01390629028901458,6.526631887027179e-06,1.4867489880998619e-05,1.4380946595338173e-05,0.000804884828539798,0.003727439558133483,0.002312677586451173,5.600878030236345e-05,0.00014072573685552925,0.00011264155909884722,0.0010327207593945787,0.0043162452057003975,0.0027560535818338394,0.000195045379223302,0.00038927083369344473,0.0003719239844940603,0.0012001944872054083,0.005114284977328983,0.0032456613245813062,amusement,Dell Inspiron 15-3511 Review - Is the Dell Inspiron 3000-series still good enough in 2021?
asus_rog_zephyrus_g14_14_oled_3k_120hz_gaming_laptop_amd_ryzen_9_270_16gb_lpddr5x_geforce_rtx_5060_1tb_ssd_platinum_white,1s1c2ti,37,666,0.29443316119057794,0.02857142857142857,0.05013425093853075,0.04274747266140058,0.04112066897462437,0.49082078710869625,0.497646853685737,0.48994675332361515,0.49343226850032806,0.8183920383453369,0.27485305070877075,0.2595213055610657,0.7583160996437073,0.5329984426498413,6,31,0.16216216216216217,0.19227999987433086,1.4976978125130325,0.4494615525366674,0.6756756756756757,0.7222222222222222,0.5405405405405406,0.2702702702702703,0.08108108108108109,0.2972972972972973,0.35135135135135137,41.57756531087918,26.0,1.307026267206907,5.0,1.6756756756756757,1.0714285714285714,1.6296296296296295,0.026058807086539328,0.8627657890319824,0.01139513310045002,3.640040350436155e-05,0.0012039555003866553,1.0897082211158692e-05,0.01630842186106649,0.5988218784332275,0.0002135823451681061,5.751912308246451e-05,0.0005678055458702147,8.499851974193002e-05,0.011470148554410017,0.40952426195144653,0.0007461737142875786,0.00046677055601124977,0.007197463419288397,0.0004180906340479849,0.009066344597435652,0.312551328742605,0.002870956828822572,neutral,Zephyrus G14 vs G16 vs Legion 7i — are these good deals under $2000? Need advice for college + gaming
hp_omen_max_16_240hz_gaming_laptop_intel_core_ultra_9_275hx_2025_32gb_memory_nvidia_geforce_rtx_5080_1tb_ssd_shadow_black,1q278gr,40,780,0.3030924752163581,0.1282051282051282,0.048766920668738827,0.037490650927655224,0.0334609158243814,0.48824351475788996,0.489010263635562,0.4855874920884768,0.48802588880062103,0.9980686902999878,0.2968031167984009,0.2796473205089569,0.753097653388977,0.5216665267944336,6,34,0.15,0.19197084540501236,1.7870838948969334,0.5363067871254308,0.9,0.6923076923076923,0.525,0.2,0.1,0.2,0.5,27.96845321071582,32.25,0.7906276525997404,7.0,2.65,1.35,2.860869565217391,0.053688017125386976,0.8796659708023071,0.009598280116915728,0.0001626607003316849,0.004738416988402605,1.3400800798990574e-05,0.046145782645817236,0.8992885947227478,0.003208407555939662,7.486030162908718e-05,0.0006340302643366158,0.0001333385145699142,0.005075793453761435,0.09130482375621796,0.0014521328150294739,0.0002530481968278764,0.002494879299774766,0.0003070521488552921,0.01756669373729238,0.31235309652402066,0.0024940317711639277,neutral,Should I switch or stay with my current laptop?
lenovo_legion_7i_16_2_5k_oled_gaming_laptop_intel_core_ultra_9_275hx_2025_32gb_ram_nvidia_geforce_rtx_5070_1tb_ssd_glacier_white,1rpxw5q,20,190,0.3007528496906161,0.05,0.053712598736598144,0.03143489571334931,0.024002219125659148,0.49810512473708707,0.5030645154024426,0.4975521931522771,0.497260719537735,0.6021634936332703,0.3890882730484009,0.3778126537799835,0.709933876991272,0.6243021488189697,0,20,0.0,0.04704371397383511,1.2592004731479975,0.3778881126002048,0.75,0.5789473684210527,0.65,0.15,0.3,0.05,0.5,37.72147929230772,49.0,0.5959159445862199,7.0,3.3,1.3333333333333333,2.4363636363636365,0.0025915544407325796,0.023862041532993317,0.004376638052053765,3.168100266748297e-06,2.573608435341157e-05,4.757991291626244e-06,0.0009071289056919341,0.015791073441505432,0.0003474121025647055,3.831343710771762e-05,0.00020069142919965088,5.832402930536784e-05,0.0004344031724031083,0.0034468865487724543,0.0006795365130528835,0.00011667749495245517,0.00045273464638739824,0.00023357918980764232,0.0006818742585257572,0.007253425785772076,0.0011059680231407308,neutral,pro 7i gen 10 vs 7i gen 10
lenovo_ideapad_slim_5_16_fhd_touchscreen_laptop_amd_ryzen_7_350_16gb_ram_1tb_ssd_backlit_keyboard_pco_lt_cooler_blue,1nn44n3,2,1,0.290162593126297,0.0,0.05213424158245273,0.04868567860725321,0.048503265617870606,0.40402913093566895,0.4639071822166443,0.4319027066230774,0.4319027066230774,0.4319027066230774,0.3838043212890625,0.3838043212890625,0.3838043212890625,0.3838043212890625,0,2,0.0,0.07958247512578964,-0.0,0.0,1.5,0.0,1.0,0.0,0.0,0.5,0.5,6.0,6.0,0.5454545454545454,2.0,1.5,1.0,1.0,0.047875203628791496,0.09511248022317886,0.08566502490430139,1.3983200062739343e-05,2.6781206543091685e-05,2.4221605247021217e-05,0.0004958796234859619,0.000959842000156641,0.0008670495248225052,0.012694156121142441,0.02536623366177082,0.022831818153645145,0.0013117391499690711,0.002467284444719553,0.0022361753857694567,0.0009265747794415802,0.0017741883639246225,0.0016046656470280142,0.010552922750482214,0.020951134983382264,0.018871492536802252,neutral,Confused between Lenovo LOQ (RTX 3050) vs ThinkBook 16 (Ryzen 7) vs IdeaPad Slim 5 - which to buy?
lenovo_thinkpad_e16_gen_2_16_touchscreen_laptop_amd_ryzen_5_with_32gb_memory_1tb_ssd_black,1n5ei4c,26,325,0.30852914104859036,0.125,0.048452188276846976,0.04015159063087935,0.037734798396604284,0.4866174753812643,0.5063166882441594,0.4924870922932258,0.4883061647415161,0.6567922830581665,0.3123498857021332,0.33872851729393005,0.6530248522758484,0.5171012878417969,0,26,0.0,0.07536993225893149,1.8322409760479004,0.5498585007171612,0.8461538461538461,0.84,0.38461538461538464,0.19230769230769232,0.19230769230769232,0.15384615384615385,0.46153846153846156,37.401487962047014,21.75,1.164597229955955,3.0,1.7307692307692308,1.0714285714285714,1.25,0.030792587158010483,0.7169481515884399,0.015147009398788214,4.235788616404954e-06,3.10845352942124e-05,7.417884489768767e-06,0.0012978023512634817,0.015910325571894646,0.0019348575151525438,4.063691120301463e-05,0.0001460950297769159,9.508151924819686e-05,0.0226541242093215,0.5716937184333801,0.0026682645548135042,0.0001373127768322145,0.00047416993766091764,0.0003214709722669795,0.009154449865874516,0.21695993693386603,0.004420289338327166,neutral,What laptop should I get as a freshman Uni student. Who's also an engineering student who wants to do coding!!
lenovo_legion_7i_16_2_5k_oled_gaming_laptop_intel_core_ultra_7_255hx_2025_32gb_ram_nvidia_geforce_rtx_5060_1tb_ssd_glacier_white,1rp0p19,4,6,0.28710512816905975,0.25,0.05290947426010345,0.03562813766628801,0.02856984953003132,0.5324130952358246,0.4982521782318751,0.5135617007811865,0.4996498376131058,0.6133133769035339,0.37681877613067627,0.33580416440963745,0.3768187463283539,0.6128849983215332,0,4,0.0,0.025124248582869768,1.0397207708399179,0.3120218965147642,0.5,1.0,0.5,0.75,0.0,0.25,0.0,18.398369492974098,14.5,0.3345158089631654,2.0,1.25,1.0,1.0,0.00041427315591135994,0.0005309862899594009,0.0004928927053697408,1.4521381785925769e-06,1.7603750848138588e-06,1.6419279063484284e-06,3.146497238049051e-05,4.32591768912971e-05,3.918932634405792e-05,1.7839789052231936e-05,2.122498699463904e-05,2.0092084378120488e-05,0.00010242351527267601,0.00010840083996299654,0.00010647984090610409,7.080243085511029e-05,8.32679943414405e-05,7.973793399287387e-05,0.00010637600027507688,0.00013085388686325436,0.00012290608226142772,neutral,Lenovo Legion 7i Tips and Issues
gigabyte_aero_x16_copilot_pc_16_2560_1600_wqxga_amd_ryzen_al_7_350_1tb_ssd_32gb_ddr5_ram_geforce_rtx_5060_space_gray,1p8pwyd,19,171,0.31154565140604973,0.0,0.056936814998428044,0.04785435800380537,0.045027727866248285,0.5191888361297853,0.501334439941317,0.5072793456894612,0.5202293395996094,0.6249725818634033,0.22873122990131378,0.1877346783876419,0.5562810897827148,0.4538164734840393,2,17,0.10526315789473684,0.16471627452655843,1.8351710321795358,0.5507378153338627,1.0526315789473684,0.8333333333333334,0.3684210526315789,0.2631578947368421,0.21052631578947367,0.15789473684210525,0.3684210526315789,12.199632163747722,20.0,0.583861488945105,3.0,1.5263157894736843,1.0,1.2,0.05237147446390927,0.6136454343795776,0.08164938613772367,2.647111847708354e-06,8.000731213542167e-06,6.168798063299618e-06,0.00017505685422005817,0.0011397983180359006,0.0004700061166658994,3.577256000809077e-05,9.266195411328226e-05,5.856897332705556e-05,0.0443484355246734,0.5359108448028564,0.06310864649713019,0.00013621877587866038,0.0004534777835942805,0.0003011875145602971,0.016178267548422866,0.19183018658577566,0.02427796147233789,neutral,Black Friday 2025 Gaming Laptop Guide — Best Options for Every Budget
16_2k_lcd_touchscreen_16gb_memory_1tb_storage_windows_11_copilot_pc_intel_core_ultra_7,1r92ur3,1,0,0.2895488142967224,0.0,0.0,0.0,0.0,0.0,0.0,0.0,0.0,0.0,0.0,0.0,0.0,0.0,0,1,0.0,0.0180045198649168,-0.0,0.0,1.0,0.0,1.0,0.0,0.0,1.0,0.0,0.0,0.0,0.0,1.0,1.0,0.0,0.0,0.00042238744208589196,0.00042238744208589196,0.00042238744208589196,1.558447934257856e-06,1.558447934257856e-06,1.558447934257856e-06,3.303889388917014e-05,3.303889388917014e-05,3.303889388917014e-05,1.9835955754388124e-05,1.9835955754388124e-05,1.9835955754388124e-05,0.00010039086919277906,0.00010039086919277906,0.00010039086919277906,7.830194954294711e-05,7.830194954294711e-05,7.830194954294711e-05,0.00010925225973323904,0.00010925225973323904,0.00010925225973323904,neutral,intel® coretm ultra 7 258v processor vs amd ryzen ai 7 350
dell_latitude_5550_15_6_fhd_business_ai_laptop_intel_core_ultra5_16gb_ram_512gb_ssd_thunderbolt_backlit_win11pro_gray,1hvuaoe,13,78,0.3128603615544059,0.18181818181818182,0.0441800935978952,0.03224783614936092,0.028347995992481615,0.5065095420831289,0.5184574818763977,0.507519780825346,0.5099533200263977,0.6463559865951538,0.26411935687065125,0.2603916525840759,0.5621138215065002,0.5099905133247375,9,4,0.6923076923076923,0.6703482639904206,1.8184831630123652,0.545729758620593,1.0769230769230769,0.75,0.3076923076923077,0.23076923076923078,0.07692307692307693,0.23076923076923078,0.46153846153846156,28.521350873009183,50.0,0.778944456615797,3.0,1.7692307692307692,1.8,1.55,0.08570320818286675,0.7964944839477539,0.2494018656201663,0.00015357982381549216,0.001954542938619852,1.855284208431841e-05,0.028096669391183802,0.34686851501464844,0.014369652944151325,0.00011539305915693358,0.0011110133491456509,7.058286864776165e-05,0.019665725394868508,0.2117384672164917,0.034237944957567414,0.0003096862923344955,0.0026576851960271597,0.00039701711502857526,0.022340710357371,0.19864227060073367,0.07227851775763465,neutral,Multiple Dell Laptop - Webcam stops working
gigabyte_aero_x16_copilot_pc_16_2560_1600_wqxga_amd_ryzen_al_7_350_1tb_ssd_32gb_ddr5_ram_geforce_rtx_5060_space_gray,1rtwlm0,17,136,0.30532274526708264,0.0,0.03882407371319587,0.02544122346919022,0.020818484517912524,0.47924838938257275,0.4982699736514512,0.4848703373880947,0.4855377823114395,0.6094428300857544,0.19781595468521118,0.16371609270572662,0.5327972769737244,0.4445895552635193,1,16,0.058823529411764705,0.07612974591114942,1.562663983084702,0.46895800612266103,1.0588235294117647,0.875,0.4117647058823529,0.4117647058823529,0.17647058823529413,0.058823529411764705,0.35294117647058826,76.48687609343757,76.0,1.0254549633978223,6.0,3.0,1.0769230769230769,2.6739130434782608,0.0075887133887804605,0.09122104942798615,0.014361645095050338,5.217469118392996e-06,3.355388616910204e-05,1.3459287401929039e-05,0.001033066437658443,0.012668437324464321,0.0017879027116578085,6.606465071586975e-05,0.0003937239816877991,0.0001782528750482016,0.0037604135093929738,0.05992944911122322,0.0011772057972848416,0.000208323986204478,0.0010959242936223745,0.0006380930542945864,0.0021102999069784363,0.027396167463545378,0.0031192839669226193,neutral,Is the GIGABYTE aero x16 worth buying right now?
16_2k_lcd_touchscreen_16gb_memory_1tb_storage_windows_11_copilot_pc_intel_core_ultra_7,1qvc8t4,16,120,0.31114616990089417,0.0,0.0560009889497866,0.04882100893213916,0.047184290034618506,0.4994651739796003,0.4892571127663056,0.4891642314692338,0.49231182038784027,0.631990373134613,0.25633499026298523,0.2523488402366638,0.6433325409889221,0.5044645071029663,1,15,0.0625,0.10557018360123038,1.6613228393181023,0.49856568954429265,1.0625,0.7333333333333333,0.4375,0.3125,0.0625,0.3125,0.3125,26.019749110051002,18.75,1.0926928760126404,4.0,2.375,1.5,2.5918367346938775,0.001227249187650159,0.008544948883354664,0.0018227930995635688,2.2127135608229764e-06,6.2534777498512994e-06,4.107447466594749e-06,7.159057736316754e-05,0.0003704084665514529,0.00013050645065959543,6.132358407739957e-05,0.0005530234193429351,5.85319176025223e-05,0.00020990029497625073,0.001161826541647315,0.00033206050284206867,0.00012144032871219679,0.0004140596429351717,0.000234868231927976,0.0002822861143899994,0.001841753405263565,0.0004257083001183067,neutral,"[Lenovo] Lenovo IdeaPad Pro 5i Laptop: 16"" 2.8K OLED Touchscreen, Ultra 7 255H, RTX 5050, 16GB RAM, 1TB SSD with 52% off using coupon code IDEAFEBFUN3,for $900"
asus_rog_zephyrus_g14_14_oled_3k_120hz_gaming_laptop_amd_ryzen_9_270_16gb_lpddr5x_geforce_rtx_5060_1tb_ssd_platinum_white,1opdr9s,6,15,0.28624484439690906,0.0,0.05227693973542275,0.03434878223219596,0.028115393828178934,0.5381435136000315,0.4939011494318644,0.5093866089979807,0.5355725288391113,0.6197395920753479,0.4237610995769501,0.4354478120803833,0.5077292323112488,0.6142347455024719,0,6,0.0,0.0540940115849177,1.5607104090414063,0.4683717353708719,0.8333333333333334,1.0,0.3333333333333333,0.5,0.16666666666666666,0.16666666666666666,0.16666666666666666,63.56296091278316,25.25,1.1054427984831854,3.0,1.6666666666666667,1.0,1.25,0.0005595450444767872,0.000895666831638664,0.0007920155476313084,1.6467790828755824e-06,2.1814935280417558e-06,1.957903350557899e-06,4.256054489815142e-05,5.411636448116042e-05,5.047871854912955e-05,2.49206508063556e-05,3.505509448586963e-05,3.293026202300098e-05,0.00012228975901962258,0.00019487687677610666,0.00016052930004661903,7.56331137381494e-05,9.0067733253818e-05,8.821173832984641e-05,0.000137765982003657,0.00020981928272097625,0.00018690113726430962,neutral,Legion Pro 5 vs. ROG Zephyrus G16
samsung_galaxy_book4_edge_copilot_pc_15_6_led_laptop_snapdragon_x_16gb_memory_512_gb_storage_sapphire_blue,1rqf92e,2,1,0.3007693737745285,0.0,0.12728527006978063,0.09386277110138885,0.06826101240203425,0.514552652835846,0.5696024894714355,0.540679931640625,0.540679931640625,0.540679931640625,0.5212817192077637,0.5212817192077637,0.5212817192077637,0.5212817192077637,0,2,0.0,0.11662155482918024,0.6931471805599453,0.20801459767650946,0.5,1.0,0.5,0.0,0.0,0.0,1.0,4.0,4.0,0.16,1.0,1.0,0.0,0.0,0.0005624337500194088,0.0007030770066194236,0.0006749483552994206,1.3301628882800287e-06,1.3337363498067134e-06,1.3330216575013765e-06,3.2386608836532105e-05,3.698931323015131e-05,3.606877235142747e-05,1.9182318283128552e-05,2.0962754206266254e-05,2.0606667021638714e-05,0.00013623409540741704,0.00016918442270252854,0.00016259435724350624,7.146233838284388e-05,7.24780693417415e-05,7.227492314996198e-05,0.0001371715456362684,0.00016733635925447743,0.0001613033965308356,neutral,Snapdragon for accountancy professionals
asus_rog_zephyrus_g14_14_oled_3k_120hz_gaming_laptop_amd_ryzen_9_270_16gb_lpddr5x_geforce_rtx_5060_1tb_ssd_platinum_white,1qaocsv,9,36,0.3120088279247284,0.1111111111111111,0.051137495101088205,0.04150966251553945,0.03816672169104059,0.4718484439783626,0.5081765535804961,0.48750264859861797,0.509997695684433,0.5792325735092163,0.18316471576690674,0.17362435162067413,0.34694913029670715,0.3404752314090729,0,9,0.0,0.05478968843817711,0.9950269901795212,0.2986092201547389,1.0,0.875,0.5555555555555556,0.1111111111111111,0.2222222222222222,0.4444444444444444,0.2222222222222222,15.57776192739723,22.0,0.6872542026792895,3.0,1.7777777777777777,1.25,1.9090909090909092,0.00047564152110781934,0.000798754277639091,0.0006118957651779056,1.5009419232430648e-06,1.8687962892727228e-06,1.711736194920377e-06,3.1869971280684695e-05,5.3223735449137166e-05,4.346105342847295e-05,2.313405457243789e-05,3.2364125218009576e-05,2.8525002562673762e-05,0.0001103097367579014,0.00019142382370773703,0.00013599023513961584,8.126194410983266e-05,0.0001005998783512041,9.920040320139378e-05,0.00012061969495865317,0.0001952284558797146,0.00015001210722023945,neutral,My G-Helper Power & Fan Profiles - 2025 Zephyrus G14 (Ryzen 9 + RTX 5060)
lenovo_ideapad_slim_3_15_6_full_hd_touchscreen_laptop_amd_ryzen_7_5825u_2025_16gb_memory_512gb_ssd_arctic_grey,1or4poo,16,120,0.30817824602127075,0.0,0.05512236186474554,0.04319887464891538,0.03898122655411377,0.47318266009291016,0.4658712630470594,0.4623608020444711,0.46466101706027985,0.6303759813308716,0.3448704481124878,0.34949347376823425,0.7640119791030884,0.7262300252914429,0,16,0.0,0.03415847069118172,1.3306600933628874,0.39933326099871425,1.0625,0.8,0.5625,0.3125,0.1875,0.1875,0.3125,52.91115046708019,22.0,1.3331943424776111,3.0,1.375,1.0,1.1666666666666667,0.0004699649416579632,0.0008102085557766259,0.0006137191376183182,1.5351401856378288e-06,1.8304217519471422e-06,1.7386587956025323e-06,3.3398372920601105e-05,5.634475019178353e-05,4.128885848331265e-05,2.2348558673002117e-05,3.4640990634215996e-05,2.7769886401074473e-05,0.00010893675835177419,0.0001538930955575779,0.00013871885312255472,7.919018776192388e-05,0.00010133815521840006,9.112773841479793e-05,0.00011922899325848371,0.00019229391089462902,0.0001511874257763187,neutral,Deciding Between Ryzen 7 and Snapdragon X — Which Laptop Would You Choose?
hp_omen_max_16_240hz_gaming_laptop_intel_core_ultra_9_275hx_2025_32gb_memory_nvidia_geforce_rtx_5080_1tb_ssd_shadow_black,1rnbic5,31,465,0.2989137892521197,0.12903225806451613,0.05180122811303021,0.04138369416869482,0.03781910699010492,0.5014416887555071,0.5115949958883306,0.5010979139676658,0.4981261193752289,0.9999999403953552,0.22019928693771362,0.17553459107875824,0.8750330209732056,0.5094053149223328,11,20,0.3548387096774194,0.3623778557464961,2.3078571861879538,0.692591699921386,1.032258064516129,0.9333333333333333,0.25806451612903225,0.25806451612903225,0.06451612903225806,0.16129032258064516,0.5161290322580645,32.23689628034626,31.0,0.7582274542418316,4.0,1.8709677419354838,1.3333333333333333,2.13953488372093,0.03086437793512408,0.7049904465675354,0.027036212384700775,6.850513764513908e-06,6.352291529765353e-05,1.1999401976936497e-05,0.0015440009082662836,0.036474648863077164,0.0014840798685327172,0.0003945894623029744,0.005868761800229549,0.001291528344154358,0.020584945701205382,0.6029828190803528,0.002693914109840989,0.0009398022774539347,0.023434313014149666,0.0005441795219667256,0.009055761133019527,0.21853394109984947,0.005914337689925257,neutral,[OMEN Max 16] PTM7950 repaste results – thermal throttling dropped from 73% to 4%
lenovo_ideapad_slim_3_15_6_full_hd_touchscreen_laptop_amd_ryzen_7_5825u_2025_16gb_memory_512gb_ssd_arctic_grey,1qy3qfe,7,21,0.31022684063230244,0.0,0.06197181182818145,0.052586022058981316,0.04974106009691778,0.5234203806945256,0.5331982530298687,0.5257101442132678,0.5159770250320435,0.6078524589538574,0.20863226056098938,0.16384665668010712,0.32937952876091003,0.436306893825531,0,7,0.0,0.06906732597521373,1.4750763110546947,0.44267280310989576,1.0,0.8333333333333334,0.42857142857142855,0.14285714285714285,0.42857142857142855,0.14285714285714285,0.2857142857142857,15.042796092672209,20.5,0.6837634587578276,4.0,2.7142857142857144,1.5,2.2857142857142856,0.0008129979874606111,0.0019121469231322408,0.00142718970309943,2.8421156587553142e-06,9.584267900208943e-06,5.19576806254918e-06,5.7569047515114236e-05,0.00015330650785472244,0.00010162557882722471,3.579540212480684e-05,6.354878860292956e-05,5.927766542299651e-05,0.00019111868875500347,0.0005891955806873739,0.00035331028921064005,0.00012562388292280957,0.0003450753283686936,0.00021902942098677165,0.00020432452073951672,0.0005109564763188246,0.0003590440795051109,neutral,Lenovo IdeaPad slim 3
lenovo_ideapad_slim_3_15_6_full_hd_touchscreen_laptop_amd_ryzen_7_5825u_2025_16gb_memory_512gb_ssd_arctic_grey,1qb6l92,21,210,0.31590263843536376,0.05,0.045023207115455925,0.03142138855341514,0.026472897072939632,0.47609700972125646,0.5527923395236333,0.49959286437148137,0.5034153461456299,0.8287672400474548,0.2780056595802307,0.241470068693161,0.6692990660667419,0.5391960740089417,8,13,0.38095238095238093,0.41576283345265047,1.499509409674557,0.4500052157950276,1.0,0.85,0.5238095238095238,0.7142857142857143,0.0,0.19047619047619047,0.09523809523809523,39.44570596175028,51.0,0.8137129913524125,9.0,3.7142857142857144,1.1428571428571428,3.364864864864865,0.0462967320400778,0.9509708285331726,0.0005611350061371922,2.6506700989903904e-06,2.629758273542393e-05,1.7556756120029604e-06,0.00010400902370054696,0.0013447001110762358,4.5076907554175705e-05,2.321498149762019e-05,8.249723759945482e-05,2.418706935713999e-05,0.04481568439673754,0.9314995408058167,0.00012928925571031868,0.00010176856379811874,0.0007041022181510925,7.879322947701439e-05,0.015224009945985103,0.31410466108142526,0.0001368694852696232,gratitude,"USA $500 or less, Best Performance Value Laptop Decision: Costco HP 15"" Laptop or BestBuy Lenovo Slim 3 (or also open to other great suggestions)"
geekom_geekbook_x14_pro_laptop_2_8k_14_oled_intel_core_ultra_u5_125h_32gb_lpddr5x_ram_1tb_ssd_win_11_pro_pre_installed_titanium_gray,1ryx5am,1,0,0.2903293967247009,0.0,0.0,0.0,0.0,0.0,0.0,0.0,0.0,0.0,0.0,0.0,0.0,0.0,1,0,1.0,0.9563368558883667,-0.0,0.0,1.0,0.0,1.0,0.0,1.0,0.0,0.0,0.0,0.0,0.0,1.0,1.0,0.0,0.0,0.0003732386976480484,0.0003732386976480484,0.0003732386976480484,1.5626760614395607e-06,1.5626760614395607e-06,1.5626760614395607e-06,3.031608139281161e-05,3.031608139281161e-05,3.031608139281161e-05,1.863044781202916e-05,1.863044781202916e-05,1.863044781202916e-05,8.549205813324079e-05,8.549205813324079e-05,8.549205813324079e-05,6.738308729836717e-05,6.738308729836717e-05,6.738308729836717e-05,9.610384139098944e-05,9.610384139098944e-05,9.610384139098944e-05,admiration,"GeekBook X14 Pro vs Macbook Air, what should I go ?"
geekom_geekbook_x14_pro_laptop_2_8k_14_oled_intel_core_ultra_u9_185h_32gb_lpddr5x_ram_2tb_ssd_win_11_pro_pre_installed_titanium_gray,1ryx5am,1,0,0.2903293967247009,0.0,0.0,0.0,0.0,0.0,0.0,0.0,0.0,0.0,0.0,0.0,0.0,0.0,1,0,1.0,0.9563368558883667,-0.0,0.0,1.0,0.0,1.0,0.0,1.0,0.0,0.0,0.0,0.0,0.0,1.0,1.0,0.0,0.0,0.0003732386976480484,0.0003732386976480484,0.0003732386976480484,1.5626760614395607e-06,1.5626760614395607e-06,1.5626760614395607e-06,3.031608139281161e-05,3.031608139281161e-05,3.031608139281161e-05,1.863044781202916e-05,1.863044781202916e-05,1.863044781202916e-05,8.549205813324079e-05,8.549205813324079e-05,8.549205813324079e-05,6.738308729836717e-05,6.738308729836717e-05,6.738308729836717e-05,9.610384139098944e-05,9.610384139098944e-05,9.610384139098944e-05,admiration,"GeekBook X14 Pro vs Macbook Air, what should I go ?"
hp_omen_max_16_240hz_gaming_laptop_intel_core_ultra_9_275hx_2025_32gb_memory_nvidia_geforce_rtx_5080_1tb_ssd_shadow_black,1q63dfl,40,780,0.3011443997836775,0.1111111111111111,0.04626307961254844,0.03289990805644601,0.02806044430078173,0.48934715111286214,0.48451672022541364,0.4833940822726641,0.49062369763851166,0.6368011236190796,0.20594607293605804,0.17826414108276367,0.6699790954589844,0.4379090666770935,12,28,0.3,0.36809335127472875,1.915037355205683,0.5747058289363495,0.85,0.7692307692307693,0.4,0.25,0.075,0.2,0.475,33.58195199805991,36.75,0.808229891650058,6.0,2.35,1.2,2.36231884057971,0.001407123998797033,0.009826496243476868,0.0024317055009305502,2.5179669080444e-06,1.0046808711194899e-05,3.985985404142411e-06,0.00011087780471825681,0.0012928505893796682,0.0001957742832018994,6.172625567160139e-05,0.0004068695125170052,0.00012513753026723864,0.00023699918328929926,0.0016512962756678462,0.0003880310046952218,0.00014506911429634783,0.00125741062220186,0.00014455334603553642,0.00032738572061343044,0.0020611298718146522,0.0005590177170536972,neutral,Repasted omen max 16 ptm phasesheet
hp_omnibook_5_16_fhd_touchscreen_laptop_intel_core_ultra_7_255u_16gb_ram_1tb_ssd_copilot_pco_laptop_cooler_silver,1n1drwf,189,17766,0.30770022315638407,0.12637362637362637,0.058655027115204116,0.05175727916783211,0.05025054721168891,0.48361902960088493,0.4828469196338046,0.47923102270177287,0.48300862312316895,1.0000001192092896,0.2083645761013031,0.18233582377433777,0.8343154788017273,0.4347728490829468,80,109,0.42328042328042326,0.4324152598049117,2.05997701031852,0.6182024554700002,0.8412698412698413,0.7021276595744681,0.5026455026455027,0.08465608465608465,0.08465608465608465,0.24338624338624337,0.5873015873015873,15.884114285779708,16.0,0.834147707700018,8.0,2.1534391534391535,1.7611940298507462,2.950877192982456,0.05299052985098026,0.9937122464179993,0.016011788696050612,0.0014567992407576462,0.18893754482269287,6.488750204880475e-06,0.03458901621180452,0.986388623714447,0.0006178110954351719,0.0004217450482885984,0.03939950093626976,0.0002739169576670973,0.020674344785066467,0.776350736618042,0.002062631770968435,0.0024292307893379723,0.35857561230659485,0.0003605826175771652,0.018760277654372583,0.48448735017639893,0.003529050159007347,neutral,"[Laptop] HP OmniBook 5 16 inch Laptop PC (Intel Core 5, Intel Iris Xe Graphics, 16 GB RAM, 512 GB SSD) - $119.99"
hp_omen_max_16_240hz_gaming_laptop_intel_core_ultra_9_275hx_2025_32gb_memory_nvidia_geforce_rtx_5080_1tb_ssd_shadow_black,1k4iigj,14,91,0.2920907983290298,0.07142857142857142,0.08507275899849301,0.0803194521355348,0.0806762535595648,0.47055464557238985,0.4756983191102416,0.47032466727298694,0.45586836338043213,1.0,0.24897195398807526,0.20441855490207672,0.6017495393753052,0.44776055216789246,1,13,0.07142857142857142,0.12632972015334026,1.2396593920543855,0.3720238023413531,0.9285714285714286,0.6153846153846154,0.42857142857142855,0.2857142857142857,0.14285714285714285,0.35714285714285715,0.21428571428571427,19.241881404893856,2.5,1.1661746305996277,4.0,1.8571428571428572,1.3333333333333333,1.75,0.003930772806467887,0.03861885145306587,0.005967352841980751,4.945613909512758e-06,3.961806578445248e-05,3.874632966471836e-06,0.0013417850775242965,0.01787196472287178,0.0001782534862286411,5.8126834898887735e-05,0.00031365291215479374,0.0001366140855679986,0.0003804005760425103,0.002971057780086994,0.0006825738732004534,0.0001434461197017559,0.00044976326171308756,0.00026987010496668515,0.0009765795047574752,0.009994350154859907,0.001239664997153037,neutral,How to Upgrade the RAM - OMEN MAX 16 - NVIDIA GeForce RTX 5090 Laptop GPU & Intel Core Ultra 9 275HX CPU
lenovo_legion_7i_16_2_5k_oled_gaming_laptop_intel_core_ultra_9_275hx_2025_32gb_ram_nvidia_geforce_rtx_5070_1tb_ssd_glacier_white,1me2fh0,18,153,0.29832520253128475,0.05555555555555555,0.04462851710750183,0.032857622429182845,0.02807608948579904,0.4889891500176947,0.49956631913683774,0.4893836756936865,0.49243685603141785,0.6790648698806763,0.31361109018325806,0.29660171270370483,0.7038172483444214,0.5624290108680725,2,16,0.1111111111111111,0.14138153423037794,1.7249347863977138,0.5176557384549662,0.8888888888888888,0.7647058823529411,0.3333333333333333,0.3888888888888889,0.1111111111111111,0.16666666666666666,0.3333333333333333,99.15750035445231,26.5,1.5964534940788386,4.0,2.1666666666666665,1.3,1.7142857142857142,0.0019073581352131441,0.018498975783586502,0.0028318402357399466,3.444740444693808e-06,1.7551750715938397e-05,7.038787407509517e-06,0.00027642944638096704,0.0038476211484521627,0.00020708340452983982,3.3289712114815804e-05,9.003004379337654e-05,5.224701235420072e-05,0.0002562858280725777,0.0016304639866575599,0.00046260219532996417,0.0002303841667728395,0.0013716970570385456,0.0005659190501319249,0.0004511986714998396,0.0040737956360317185,0.0007673438739402628,neutral,2025 Gaming Laptop - Legion 7i or Asus Zephyrus G16?
samsung_galaxy_book4_edge_copilot_pc_15_6_led_laptop_snapdragon_x_16gb_memory_512_gb_storage_sapphire_blue,1relrfg,1,0,0.2872316539287567,0.0,0.0,0.0,0.0,0.0,0.0,0.0,0.0,0.0,0.0,0.0,0.0,0.0,0,1,0.0,0.01739930734038353,-0.0,0.0,0.0,0.0,1.0,1.0,0.0,0.0,0.0,0.0,0.0,0.0,1.0,1.0,0.0,0.0,0.00042958479025401175,0.00042958479025401175,0.00042958479025401175,1.4719012142450083e-06,1.4719012142450083e-06,1.4719012142450083e-06,3.160012056468986e-05,3.160012056468986e-05,3.160012056468986e-05,2.1967665816191584e-05,2.1967665816191584e-05,2.1967665816191584e-05,0.00010415729047963396,0.00010415729047963396,0.00010415729047963396,7.769516378175467e-05,7.769516378175467e-05,7.769516378175467e-05,0.00011107948868508781,0.00011107948868508781,0.00011107948868508781,admiration,Chem eng PhD laptop buying help
lenovo_legion_7i_16_2_5k_oled_gaming_laptop_intel_core_ultra_7_255hx_2025_32gb_ram_nvidia_geforce_rtx_5060_1tb_ssd_glacier_white,1q3wdnu,8,28,0.2726300721988082,0.0,0.051320796074884316,0.03564211013833749,0.029093746411601954,0.5028431096247264,0.4417704577956881,0.46251367777585983,0.482289582490921,0.566807210445404,0.23241379857063293,0.22920666635036469,0.40406209230422974,0.4193786084651947,0,8,0.0,0.12331525143235922,1.2130075659799042,0.3640255459338915,1.0,0.8571428571428571,0.5,0.25,0.375,0.0,0.375,15.54780933122091,21.5,0.4364297356132185,6.0,3.5,1.2,2.4761904761904763,0.002188549089623848,0.013521096669137478,0.0047752693528309445,8.786421403783606e-06,5.9291767684044316e-05,1.916454323236393e-05,0.000543305328619681,0.004064091946929693,0.0012687577538599718,4.2866930016316473e-05,0.0001947412674780935,7.683959101996149e-05,0.00017508444125269307,0.0005497086094692349,0.0002928231246187351,0.00017507200027466752,0.0007734272512607276,0.00032534606725675974,0.0005222773685318316,0.003193726251993212,0.001126193742481973,neutral,Cooling pad
lenovo_yoga_slim_7x_copilot_pc_14_5_3k_90hz_oled_touch_screen_laptop_snapdragon_x_elite_x1e_78_100_2024_16gb_512gb_cosmic_blue,1k70mk8,5,10,0.31327528953552247,0.0,0.06333474423824628,0.041359656663253454,0.03230648728782292,0.5169429808855057,0.5238539099693298,0.5187079519033432,0.5217650234699249,0.596817672252655,0.421083927154541,0.40689563751220703,0.421083927154541,0.5627226829528809,1,4,0.2,0.19568924866616727,1.6094379124341005,0.4829949384917788,0.6,1.0,0.2,0.0,0.0,0.0,1.0,16.982343772283023,29.0,0.377385417161845,3.0,2.0,1.5,1.5,0.08000092138536274,0.24418401718139648,0.2006828725337982,5.075408034826978e-05,0.0001452095020795241,0.00011937314993701876,0.017762831230356824,0.07826773077249527,0.04957747105509044,0.00035021788062294945,0.0010354813421145082,0.0007821262697689236,0.010135394608369097,0.03070337511599064,0.025335923954844478,0.0031580130977090447,0.014836449176073074,0.00909477029927075,0.018576355380461488,0.05913634431635728,0.046932593656432195,neutral,Lenovo Slim 7x drop from bed - Just get a new laptop at this point?
asus_rog_zephyrus_g14_14_oled_3k_120hz_gaming_laptop_amd_ryzen_9_270_16gb_lpddr5x_geforce_rtx_5060_1tb_ssd_platinum_white,1m7rwxg,2,1,0.30578674376010895,0.0,0.054428707254643174,0.044153538601076445,0.0402366332277084,0.5711285471916199,0.5053715705871582,0.5362416505813599,0.5362416505813599,0.5362416505813599,0.33910292387008667,0.33910292387008667,0.33910292387008667,0.33910292387008667,0,2,0.0,0.15172087959945202,-0.0,0.0,1.0,0.0,1.0,0.0,0.0,1.0,0.0,7.0,7.0,0.3181818181818182,1.0,1.0,0.0,0.0,0.00038584720459766686,0.00039395547355525196,0.00039233381976373495,1.4191978721100895e-06,1.443807946088782e-06,1.4388859312930435e-06,2.9877495762775652e-05,3.0459412300842814e-05,3.034302899322938e-05,1.8236000869364943e-05,1.9759587303269655e-05,1.9454870016488713e-05,9.706143464427441e-05,9.708753350423649e-05,9.708231373224407e-05,7.61850897106342e-05,8.382695523323491e-05,8.229858212871477e-05,0.00010143773724280436,0.00010421945650781102,0.00010366311265480969,neutral,Which 2025 Gaming Laptop Should I Choose?
lenovo_legion_7i_16_2_5k_oled_gaming_laptop_intel_core_ultra_7_255hx_2025_32gb_ram_nvidia_geforce_rtx_5060_1tb_ssd_glacier_white,1qpnl2y,8,28,0.2880870061261313,0.0,0.04631754072287552,0.03223842842835482,0.02771651689331087,0.515867425927094,0.4659453087619373,0.48713683656283785,0.48885706067085266,0.6084332466125488,0.3162556290626526,0.3467850685119629,0.5539841055870056,0.6655161380767822,2,6,0.25,0.301959479926154,1.0735428464085233,0.3221719564721667,0.75,0.7142857142857143,0.625,0.125,0.125,0.625,0.125,36.08302059140836,45.0,0.8936971044311669,3.0,1.5,1.5,1.6666666666666667,0.0004764468685607426,0.0006291868630796671,0.0005268890905426815,1.6237133735330644e-06,1.9546264411474112e-06,1.910007006244996e-06,3.8826061881991336e-05,6.681564991595224e-05,4.725393373519182e-05,2.3870137283665827e-05,3.4891370887635276e-05,2.8264914362807758e-05,0.00010910769196925685,0.00015221681678667665,0.00012663289016927591,7.727753018116346e-05,9.790492913452908e-05,9.177101528621278e-05,0.0001211920005417255,0.00015647145958534262,0.00013296691807719677,neutral,Lenovo Legion 5i vs. Lenovo - Legion 7i
geekom_geekbook_x14_pro_laptop_2_8k_14_oled_intel_core_ultra_u5_125h_32gb_lpddr5x_ram_1tb_ssd_win_11_pro_pre_installed_titanium_gray,1shl4mn,1,0,0.29000356793403625,0.0,0.0,0.0,0.0,0.0,0.0,0.0,0.0,0.0,0.0,0.0,0.0,0.0,0,1,0.0,0.01951027102768421,-0.0,0.0,0.0,0.0,1.0,0.0,1.0,0.0,0.0,0.0,0.0,0.0,1.0,1.0,0.0,0.0,0.0005577702540904284,0.0005577702540904284,0.0005577702540904284,2.0042066353198607e-06,2.0042066353198607e-06,2.0042066353198607e-06,4.580463792080991e-05,4.580463792080991e-05,4.580463792080991e-05,2.5049557734746486e-05,2.5049557734746486e-05,2.5049557734746486e-05,9.383327414980158e-05,9.383327414980158e-05,9.383327414980158e-05,8.640607120469213e-05,8.640607120469213e-05,8.640607120469213e-05,0.00013514466695596639,0.00013514466695596639,0.00013514466695596639,admiration,"bought my first laptop, thoughts?"
geekom_geekbook_x14_pro_laptop_2_8k_14_oled_intel_core_ultra_u9_185h_32gb_lpddr5x_ram_2tb_ssd_win_11_pro_pre_installed_titanium_gray,1shl4mn,1,0,0.29000356793403625,0.0,0.0,0.0,0.0,0.0,0.0,0.0,0.0,0.0,0.0,0.0,0.0,0.0,0,1,0.0,0.01951027102768421,-0.0,0.0,0.0,0.0,1.0,0.0,1.0,0.0,0.0,0.0,0.0,0.0,1.0,1.0,0.0,0.0,0.0005577702540904284,0.0005577702540904284,0.0005577702540904284,2.0042066353198607e-06,2.0042066353198607e-06,2.0042066353198607e-06,4.580463792080991e-05,4.580463792080991e-05,4.580463792080991e-05,2.5049557734746486e-05,2.5049557734746486e-05,2.5049557734746486e-05,9.383327414980158e-05,9.383327414980158e-05,9.383327414980158e-05,8.640607120469213e-05,8.640607120469213e-05,8.640607120469213e-05,0.00013514466695596639,0.00013514466695596639,0.00013514466695596639,admiration,"bought my first laptop, thoughts?"
samsung_galaxy_book4_edge_copilot_pc_15_6_led_laptop_snapdragon_x_16gb_memory_512_gb_storage_sapphire_blue,1e3892a,5,10,0.3050490736961365,0.0,0.08019978010319255,0.06440196368682502,0.058765053806399556,0.5443572729825974,0.5184041231870651,0.5291249305009842,0.5383739471435547,0.5642461776733398,0.18724694848060608,0.10801193118095398,0.18724693357944489,0.41829559206962585,1,4,0.2,0.22862134911119938,0.5004024235381879,0.15017158220936364,0.8,0.5,0.8,0.2,0.0,0.2,0.6,7.238784428341543,4.0,0.38098865412323907,4.0,2.6,1.3333333333333333,1.8,0.0005066683806944638,0.0006285752169787884,0.0006156984716653823,1.4181349570208113e-06,1.7614935359233641e-06,1.659159556766099e-06,2.975144925585482e-05,3.474504410405643e-05,3.415145692997612e-05,2.5097413526964374e-05,3.596016904339194e-05,3.485863708192482e-05,0.00012588060926645994,0.00017218251014128327,0.00015763103729113937,8.922182896640152e-05,0.00011346805695211515,0.0001072035767720081,0.00012967296944452756,0.00015763669597390617,0.00015440011887903892,neutral,Does the new Galaxy Book4 Edge come with a bluray/dvd drive as in the website pic?
gigabyte_aero_x16_copilot_pc_16_2560_1600_wqxga_amd_ryzen_al_7_350_1tb_ssd_32gb_ddr5_ram_geforce_rtx_5060_space_gray,1n2cq7j,3,3,0.3054589827855428,0.0,0.068937835087253,0.046118330096318084,0.03646702947992799,0.5211775104204813,0.5674954454104105,0.5432783166567484,0.5407710075378418,0.5602010488510132,0.43407750129699707,0.4644577205181122,0.43407750129699707,0.518020749092102,0,3,0.0,0.02857113505403201,1.0986122886681096,0.32969533691986563,0.6666666666666666,1.0,0.3333333333333333,0.3333333333333333,0.3333333333333333,0.0,0.3333333333333333,14.817407180595247,18.0,0.30035284825530906,3.0,2.0,1.0,1.3333333333333333,0.0006590582391557595,0.0010869555408135056,0.0009683632873930038,1.5050482791896986e-06,1.6188319023058284e-06,1.6026277307901182e-06,3.886313243128825e-05,4.920805440633558e-05,4.7161083057289946e-05,2.3740027851696748e-05,3.087698860326782e-05,2.9162664577597753e-05,0.00014053376798983663,0.00021663159714080393,0.00019417156727286056,8.652182441437617e-05,0.0001147375805885531,0.00010700780258048326,0.0001583703400203578,0.0002499912620995322,0.00022457007001624638,disapproval,Need your help choosing a gaming+studying laptop. (See options)
hp_omen_max_16_240hz_gaming_laptop_intel_core_ultra_9_275hx_2025_32gb_memory_nvidia_geforce_rtx_5080_1tb_ssd_shadow_black,1nj0sl0,5,10,0.24063062146306038,0.0,0.03683945120511839,0.028452375966359383,0.025206667509429525,0.4544914573431015,0.5343832224607468,0.4857194751501083,0.477117195725441,0.5730355381965637,0.18514759838581085,0.1676604002714157,0.18514758348464966,0.33522936701774597,1,4,0.2,0.2195013426244259,1.3321790402101223,0.399789099421175,1.2,1.0,0.4,0.6,0.0,0.2,0.2,64.2202460288031,63.0,1.0425364615065438,3.0,1.6,1.0,1.3333333333333333,0.195701272203587,0.9755934476852417,0.5859629237558693,0.004715172065516526,0.023569447919726372,0.014142543573143488,0.18887780652985384,0.9441739916801453,0.5665527453238611,0.0004239466827129945,0.0020305030047893524,0.0012284400625503624,0.04318192958598956,0.21525950729846954,0.1292811874416657,0.0017410428932635113,0.008375845849514008,0.00506975902535487,0.07244019499348724,0.3615004572396477,0.2170395998637408,gratitude,Parking cores on the Omen Max 16 Core 9 Ultra 275HX and 5090 - any times on extending the battery life ?
asus_rog_zephyrus_g14_14_oled_3k_120hz_gaming_laptop_amd_ryzen_9_270_16gb_lpddr5x_geforce_rtx_5060_1tb_ssd_platinum_white,1p9bs7y,9,36,0.3139779530465603,0.125,0.044770704096596205,0.03181626761522083,0.028149563198063825,0.45947008166048264,0.4529027533200052,0.4519769358966086,0.46415993571281433,0.6934976577758789,0.22598426043987274,0.2035290002822876,0.507540225982666,0.4980706572532654,1,8,0.1111111111111111,0.21210846056540808,1.3030924037617193,0.3910601524554098,1.0,0.625,0.5555555555555556,0.3333333333333333,0.1111111111111111,0.1111111111111111,0.4444444444444444,40.635993289413804,68.0,0.8791440855882794,3.0,1.6666666666666667,1.25,1.2857142857142858,0.09662522830896908,0.8638321161270142,0.17371534369885935,3.967248163563555e-06,2.001253051275853e-05,6.250232399906966e-06,0.0006499564016040596,0.005432809237390757,0.0011626148538198332,3.765200280112266e-05,6.435285467887297e-05,5.5073683324735614e-05,0.08557957680507873,0.769252359867096,0.1539655171683991,0.00011934604683321797,0.00029767537489533424,0.00022304095327854156,0.030502621135574955,0.27313240566672903,0.05485345542689785,neutral,Maximize battery life on 5060 G14
ideapad_1_15_6_fhd_extra_128gb_emmc_storage_numeric_keypad_1y_microsoft_365_includes_pco_laptop_cooler_stand_windows_11_microsoft_lenovo_1_year_accidental_damage_protection_school_year_pcoonline,1kykywx,8,28,0.2888546623289585,0.0,0.05247386235710533,0.03280690919952682,0.025687162411026587,0.5232905639069421,0.5158396459051541,0.5152118482760021,0.5166604518890381,0.5856270790100098,0.3173774778842926,0.3716316819190979,0.5364948511123657,0.549553394317627,1,7,0.125,0.14423348172567785,1.4941751382893085,0.4484043922654514,0.875,0.7142857142857143,0.375,0.375,0.0,0.125,0.5,32.967550333623514,41.5,0.6850400069324366,5.0,2.625,1.0,1.8461538461538463,0.00134101798539632,0.007652443367987871,0.002694238343974574,1.4569958040056008e-06,2.154314870495e-06,1.663033071963582e-06,4.1284554072262836e-05,0.0001111000674427487,5.800909166282507e-05,3.484890407889907e-05,0.00014346122043207288,5.815428066853199e-05,0.00034226103889523074,0.0019555094186216593,0.00068779430584982,9.347389550384833e-05,0.0002673971466720104,0.0001330163482634816,0.00030905722895842774,0.0016886775893378096,0.0006047400501283085,neutral,CHEAP VS CHEAPER?
lenovo_yoga_slim_7x_copilot_pc_14_5_3k_90hz_oled_touch_screen_laptop_snapdragon_x_elite_x1e_78_100_2024_16gb_512gb_cosmic_blue,1gkywdn,3,3,0.2938614586989085,0.0,0.07376167348058196,0.04629869947799592,0.02939956596663047,0.6323004961013794,0.5443143844604492,0.5836757222811381,0.5791767835617065,0.6070151329040527,0.6072981357574463,0.6153774261474609,0.6072980761528015,0.6378170847892761,1,2,0.3333333333333333,0.3423896220823129,1.0986122886681096,0.32969533691986563,0.3333333333333333,1.0,0.3333333333333333,0.6666666666666666,0.0,0.0,0.3333333333333333,30.879694874715902,33.0,0.4563501705623039,2.0,1.3333333333333333,1.0,1.0,0.0005110047350171953,0.0005964032607153058,0.0005794856580905616,1.5527183829059747e-06,1.8752734831650741e-06,1.7852840755949727e-06,4.249270690100578e-05,5.661675095325336e-05,5.2567197417374704e-05,2.0262096465254824e-05,2.407387364655733e-05,2.322103136975784e-05,0.00011800179830364262,0.00012674296158365905,0.00012543021002784372,6.987940651015379e-05,7.575182098662481e-05,7.559024234069512e-05,0.00012719891026335972,0.00014581669726491478,0.00014235689477573032,neutral,Lenovo - Yoga Slim 7x  16gb vs 32gb
lenovo_yoga_slim_7x_copilot_pc_14_5_3k_90hz_oled_touch_screen_laptop_snapdragon_x_elite_x1e_78_100_2024_16gb_512gb_cosmic_blue,1dr72ad,105,5460,0.3110011463555006,0.07692307692307693,0.04143402225546575,0.030843709511683772,0.027174085317762386,0.49225205004815653,0.48436927944694685,0.4837444711681251,0.4907449632883072,0.8277763724327087,0.1701023429632187,0.1527029573917389,0.7924297451972961,0.3448966145515442,23,82,0.21904761904761905,0.23148285441455388,2.0184045174443894,0.6057264826576517,0.9142857142857143,0.8557692307692307,0.2857142857142857,0.3142857142857143,0.06666666666666667,0.2761904761904762,0.34285714285714286,118.4831991496078,38.0,1.865177797707469,7.0,2.2285714285714286,1.34,2.354368932038835,0.015536019708018838,0.9614102244377136,0.0026448011863976694,6.0606671002547265e-06,0.00030230573611333966,4.939492009725653e-06,0.0017400181434779716,0.14868605136871338,0.00022583299141842864,3.438238148928143e-05,0.0002116817922797054,6.064693588996301e-05,0.011189421478220971,0.9217368364334106,0.000494067987892776,0.00013274774821530583,0.0015121756587177515,0.0002225635747890915,0.004773108354420439,0.31653258139582857,0.0005858821373294629,neutral,"Yoga Slim 7x Review (Snapdragon X Elite, 32GB RAM variant)"
lenovo_legion_7i_16_2_5k_oled_gaming_laptop_intel_core_ultra_9_275hx_2025_32gb_ram_nvidia_geforce_rtx_5070_1tb_ssd_glacier_white,1pzjmso,20,190,0.30371589130825466,0.05555555555555555,0.0542768139566426,0.04310730566403445,0.03889475696847323,0.49776342119041245,0.4893015187037619,0.4901264046367846,0.5013138353824615,0.6142209768295288,0.28885167837142944,0.2770206332206726,0.5879312753677368,0.5076487064361572,0,20,0.0,0.09669037153944374,1.6385064445042257,0.49171845230413985,0.9,0.8421052631578947,0.35,0.25,0.2,0.2,0.35,21.989713504272856,19.5,0.8313691305963273,8.0,3.85,1.1428571428571428,3.123456790123457,0.0005743919813539833,0.0010317458072677255,0.0007480027794372291,1.8003975355895817e-06,3.9495985220128205e-06,2.1010993123127264e-06,4.66758230686537e-05,0.00011348914995323867,6.185435704537668e-05,2.7854981635755393e-05,6.14180535194464e-05,3.335766887175851e-05,0.00011537646023498382,0.0001834930299082771,0.0001489143862272613,8.096015990304295e-05,0.00010920314525719732,8.940968036768027e-05,0.0001411766339553348,0.00023509206789640302,0.00017649926476413685,neutral,"Looking for  Data Science Laptop: All-Metal, 90+Wh Battery, 64GB Upgradeable (Core Ultra 7)"
asus_rog_zephyrus_g14_14_oled_3k_120hz_gaming_laptop_amd_ryzen_9_270_16gb_lpddr5x_geforce_rtx_5060_1tb_ssd_platinum_white,1mj42j0,53,1378,0.30957058530587417,0.09615384615384616,0.05465732935323065,0.04526619455517322,0.04261807334073552,0.4944792982023236,0.4851506605030663,0.48559972708733923,0.4879063814878464,0.7580819129943848,0.22976325452327728,0.20296111702919006,0.7936404943466187,0.4691615104675293,19,34,0.3584905660377358,0.36452337684777547,2.2437513063064647,0.6733534209724993,0.9433962264150944,0.8461538461538461,0.32075471698113206,0.11320754716981132,0.07547169811320754,0.18867924528301888,0.6226415094339622,19.25293965339472,20.0,0.7777483244130489,7.0,2.509433962264151,1.608695652173913,4.1653944020356235,0.06180248341088201,0.9018872976303101,0.010778819676488626,0.0001268067062912176,0.0028287339955568314,1.3216553634265433e-05,0.038632502734816505,0.8410212397575378,0.00091096342075616,8.125945364640156e-05,0.0006102851475588977,0.0001622413721634075,0.016855858026658854,0.43688663840293884,0.0010977997560985375,0.00030381578677784175,0.002517655258998275,0.0006122849124949417,0.01963378768651213,0.3223605064995354,0.0022921038415612796,neutral,Newly bought Zephyrus G14 2025 massively underperforming only in gaming
hp_omen_max_16_240hz_gaming_laptop_intel_core_ultra_9_275hx_2025_32gb_memory_nvidia_geforce_rtx_5080_1tb_ssd_shadow_black,1rtzdz2,135,9045,0.31584811438130966,0.12213740458015267,0.062193207545419106,0.056515045534526236,0.05577390960901759,0.4762323419302455,0.48207753050913793,0.473778850800626,0.4817052185535431,0.8237250447273254,0.14041532576084137,0.1205635517835617,0.7314181327819824,0.31317517161369324,22,113,0.16296296296296298,0.2049147288694426,2.0497268923580543,0.615126378377743,0.9111111111111111,0.8208955223880597,0.31851851851851853,0.26666666666666666,0.1037037037037037,0.17777777777777778,0.45185185185185184,14.957864918098881,15.5,0.8592816016780208,8.0,2.740740740740741,1.2876712328767124,3.6731898238747553,0.07377339361744277,0.9769263863563538,0.04395882710814474,0.00038161373338888786,0.013258893974125385,1.3871239389118263e-05,0.04189356282898828,0.930190920829773,0.002315063867717978,0.004741147603204742,0.6209471821784973,0.00018283030658494676,0.030114054172978893,0.9441942572593689,0.014778811112046208,0.0006023205901092971,0.022094974294304848,0.00047440123162232337,0.025251015424352156,0.42699009377975017,0.010931130354629198,neutral,Just upgraded from an OMEN Max 16 5080 to Legion Pro 7 5090
hp_omen_max_16_240hz_gaming_laptop_intel_core_ultra_9_275hx_2025_32gb_memory_nvidia_geforce_rtx_5080_1tb_ssd_shadow_black,1rqwxac,27,351,0.2949966355054467,0.07407407407407407,0.04157477696683344,0.026314134845847083,0.02112153816704285,0.47614657624155027,0.511283304276969,0.4882715345278085,0.4974861145019531,0.6836531162261963,0.2510398030281067,0.21668586134910583,0.711808443069458,0.516666829586029,5,22,0.18518518518518517,0.2040865167423531,2.0374012037518967,0.6114274191546462,0.8888888888888888,0.8846153846153846,0.4444444444444444,0.2962962962962963,0.1111111111111111,0.07407407407407407,0.5185185185185185,64.10080795315231,87.5,0.8834720851123595,5.0,2.111111111111111,1.3333333333333333,2.25531914893617,0.0652719061957517,0.9756062626838684,0.023996371962130038,0.0014053448109642111,0.037432096898555756,1.8032270236290034e-05,0.0557505653164467,0.968346118927002,0.0002984506601933386,0.00010500165161728446,0.0018833783688023686,9.420070564374318e-05,0.0163903598454285,0.2628976106643677,0.001499286433681845,0.002903979769649191,0.05159428343176842,0.0027417924022301978,0.0236378595983096,0.3602376619237475,0.009580120905532856,neutral,HP Omen with Core Ultra 9
asus_rog_zephyrus_g14_14_oled_3k_120hz_gaming_laptop_amd_ryzen_9_270_16gb_lpddr5x_geforce_rtx_5060_1tb_ssd_platinum_white,1p2kh31,10,45,0.3243964612483978,0.3333333333333333,0.04179177909496184,0.030976421244583822,0.027626029794744707,0.48224710292286344,0.4663604153527154,0.46719873812463547,0.4736354649066925,0.5714901089668274,0.18557186424732208,0.12765513360500336,0.4882981777191162,0.4589807093143463,1,9,0.1,0.16739569678902627,1.6094379124341,0.48299493849177866,1.1,0.8888888888888888,0.4,0.4,0.1,0.0,0.5,40.05795801086221,31.0,1.0166994419000561,6.0,2.6,1.0,2.25,0.12242959874856751,0.9889621138572693,0.3066967606544492,0.004843994995462708,0.048284322023391724,0.004956932815548481,0.10481270167056209,0.9663717150688171,0.16992403343319862,0.0003441893470153445,0.001827314728870988,0.0014711822266690433,0.05544550423510373,0.5442793965339661,0.062720877304673,0.0013803563473629766,0.01129508949816227,0.002632021985482421,0.04820939089067906,0.4268366586184129,0.0914003014033368,neutral,"G14 | 16GB | 5060 | $1,300 on best buy"
hp_omen_max_16_240hz_gaming_laptop_intel_core_ultra_9_275hx_2025_32gb_memory_nvidia_geforce_rtx_5080_1tb_ssd_shadow_black,1q3cq6o,57,1596,0.2958061344244263,0.03636363636363636,0.0676308351688437,0.0627427290771641,0.06312180965752963,0.48123418030919585,0.467304211856802,0.46752513250462097,0.46956726908683777,1.0000001192092896,0.16031673550605774,0.13815444707870483,0.7394282817840576,0.3487865924835205,11,46,0.19298245614035087,0.19991833894725955,1.6306913824100187,0.4893731394428365,0.8070175438596491,0.6607142857142857,0.43859649122807015,0.21052631578947367,0.05263157894736842,0.40350877192982454,0.3333333333333333,21.466975216148825,20.0,1.1236157826634372,5.0,1.7719298245614035,1.2380952380952381,2.5072463768115942,0.0011752481672406326,0.02423715405166149,0.0016779509140178546,2.156507969374887e-06,1.3005379514652304e-05,3.2060257581179027e-06,0.00010924187849843548,0.0030025409068912268,0.00011682712065521626,3.481642016324035e-05,0.0002024359127972275,6.284040864557028e-05,0.00020873011574925235,0.00389356492087245,0.00024119036097545164,9.928296946638606e-05,0.0003565585648175329,0.00012282065290492028,0.0002715793431812203,0.005252045389776565,0.0003758984559226516,neutral,"OmenCore v2.1.0 Released - Free, Open-Source Alternative to OMEN Gaming Hub"
lenovo_yoga_slim_7x_copilot_pc_14_5_3k_90hz_oled_touch_screen_laptop_snapdragon_x_elite_x1e_78_100_2024_16gb_512gb_cosmic_blue,1dlf0q4,12,66,0.30658387889464694,0.08333333333333333,0.0552555288148209,0.04400130598786386,0.03937420234664846,0.4953058858712514,0.5064116084214413,0.4966235282746228,0.4996382147073746,0.8141400814056396,0.3151785731315613,0.2816697955131531,0.6567789316177368,0.6183059215545654,5,7,0.4166666666666667,0.45895135682076216,1.242453324894,0.37286226613644224,1.0,0.8181818181818182,0.5,0.25,0.25,0.16666666666666666,0.3333333333333333,19.405576231817722,23.75,0.7585241523837547,4.0,1.75,1.0,1.4444444444444444,0.00044698353788893047,0.0005644368357025087,0.0005501914973137901,1.574913937929523e-06,2.0398454125825083e-06,1.853284936714772e-06,3.326093095286827e-05,5.299612894305028e-05,4.4337451254250484e-05,2.3064031286897563e-05,3.384052979527041e-05,2.5439650198677554e-05,0.00010089220935090755,0.000126097904285416,0.00011545596207724885,7.735453679439767e-05,9.852558287093416e-05,9.280265439883807e-05,0.00011385502670198851,0.00014258315227759036,0.0001350085584761018,neutral,Yoga Slim 7x Snapdragon X Elite - Need restore images 
hp_omnibook_3_copilot_pc_15_6_full_hd_touch_screen_laptop_amd_ryzen_5_ai_5_330_2025_16gb_memory_512gb_ssd_glacier_silver,1p9pz6z,4,6,0.29206081479787827,0.0,0.07248383503953568,0.04273886778538465,0.03318940463882507,0.5133308370908102,0.5373471081256866,0.5248956779638926,0.5343135893344879,0.5582213997840881,0.5912806391716003,0.5743849277496338,0.5912806391716003,0.6739038228988647,1,3,0.25,0.2646504808217287,1.0397207708399179,0.3120218965147642,0.75,0.6666666666666666,0.5,0.5,0.0,0.0,0.5,19.266226926930972,20.25,0.4034811921870361,3.0,1.75,1.0,1.3333333333333333,0.0004935135002597235,0.0005664536147378385,0.000555425212951377,1.8224211828510306e-06,2.6945799618260935e-06,2.354629361889238e-06,4.516756598604843e-05,7.11723550921306e-05,6.27552937658038e-05,2.240122830698965e-05,2.6768924726638943e-05,2.5131719121418426e-05,0.00010360401392972562,0.00012546652578748763,0.00012018016859656201,7.856030970287975e-05,8.505085133947432e-05,8.360678475582972e-05,0.00012417817322803634,0.00013968699960287267,0.0001377410534757928,neutral,Help me choose a laptop
lenovo_ideapad_slim_3_15_6_full_hd_touchscreen_laptop_amd_ryzen_7_5825u_2025_16gb_memory_512gb_ssd_arctic_grey,1p9pz6z,4,6,0.29206081479787827,0.0,0.07248383503953568,0.04273886778538465,0.03318940463882507,0.5133308420578638,0.5373471279939016,0.5248956878980001,0.5343135893344879,0.5582213997840881,0.5912806391716003,0.574384868144989,0.5912806391716003,0.6739038228988647,1,3,0.25,0.2646504808217287,1.0397207708399179,0.3120218965147642,0.75,0.6666666666666666,0.5,0.5,0.0,0.0,0.5,19.266226926930972,20.25,0.4034811921870361,3.0,1.75,1.0,1.3333333333333333,0.0004935135002597235,0.0005664536147378385,0.000555425212951377,1.8224211828510306e-06,2.6945799618260935e-06,2.354629361889238e-06,4.516756598604843e-05,7.11723550921306e-05,6.27552937658038e-05,2.240122830698965e-05,2.6768924726638943e-05,2.5131719121418426e-05,0.00010360401392972562,0.00012546652578748763,0.00012018016859656201,7.856030970287975e-05,8.505085133947432e-05,8.360678475582972e-05,0.00012417817322803634,0.00013968699960287267,0.0001377410534757928,neutral,Help me choose a laptop
hp_omen_max_16_240hz_gaming_laptop_intel_core_ultra_9_275hx_2025_32gb_memory_nvidia_geforce_rtx_5080_1tb_ssd_shadow_black,1q5c5er,7,21,0.2942463805278142,0.0,0.05022477067815964,0.030532020741793023,0.023767614929108755,0.4936130784806751,0.48791196800413583,0.48854194226719083,0.49285680055618286,0.6237335205078125,0.3681084215641022,0.33902430534362793,0.5461074113845825,0.6209796667098999,0,7,0.0,0.07554015437407154,0.7963116401738131,0.23897442000999627,0.7142857142857143,0.5,0.7142857142857143,0.42857142857142855,0.0,0.14285714285714285,0.42857142857142855,25.866217823442913,47.5,0.39969873016357704,2.0,1.2857142857142858,1.0,1.0,0.005525546210784731,0.03584502264857292,0.014724889455828827,5.554993062365351e-06,2.9520670068450272e-05,1.3039162240602319e-05,0.00048077762663264627,0.0031303430441766977,0.0012852931606175855,5.498976679518819e-05,0.0002687573723960668,0.00012124196327931722,0.0009662190142470146,0.006103694438934326,0.002531599596841263,0.0003382830712195885,0.0019350408110767603,0.0008287453587399803,0.0012285617804569224,0.007885396497537537,0.003248072194336755,neutral,Need Help Deciding on a Gaming Laptop (Options not listed here are also Welcome)
16_2k_lcd_touchscreen_16gb_memory_1tb_storage_windows_11_copilot_pc_intel_core_ultra_7,1cj7ngt,2,1,0.30696170032024384,0.0,0.03343825730252396,0.02851550685037626,0.026708450000410066,0.5434621572494507,0.4675562381744385,0.5026597380638123,0.5026597380638123,0.5026597380638123,0.42896655201911926,0.42896655201911926,0.42896655201911926,0.42896655201911926,1,1,0.5,0.49518271908164024,0.6931471805599453,0.20801459767650946,0.5,1.0,0.5,0.0,0.0,0.5,0.5,10.0,10.0,0.7142857142857143,2.0,1.5,1.0,1.0,0.005500452665728517,0.010531366802752018,0.009525183975347318,2.0767347450600937e-06,2.7706339551514247e-06,2.6318541131331587e-06,9.492510798736475e-05,0.00016254596994258463,0.00014902179755154065,6.362182739394484e-05,0.00010445131192682311,9.628541502024745e-05,0.00137363861722406,0.002638724632561207,0.0023857074294937777,0.00018663245282368734,0.0002906165609601885,0.0002698197393328883,0.0012035579009837722,0.0022884126520163286,0.0020714417018098175,curiosity,"Suggestions for HP - Envy 2-in-1 16"" Wide Ultra XGA Touch-Screen Laptop - Intel Core Ultra 7 - 16GB Memory - 1TB SSD - Glacier Silver"
lenovo_ideapad_slim_3_15_6_full_hd_touchscreen_laptop_amd_ryzen_7_5825u_2025_16gb_memory_512gb_ssd_arctic_grey,1nzjc58,22,231,0.312279305674813,0.09090909090909091,0.05343033840138192,0.04641711330846214,0.04496075414250007,0.4641139450527373,0.4524410754055172,0.4549711404682754,0.4638316333293915,0.6213772892951965,0.22004498541355133,0.17373567819595337,0.7021070718765259,0.47366100549697876,3,19,0.13636363636363635,0.15552167755297638,1.6162572902207617,0.4850414448709154,0.8636363636363636,0.6666666666666666,0.5,0.22727272727272727,0.18181818181818182,0.18181818181818182,0.4090909090909091,22.692700978198925,29.25,0.931416831194732,10.0,3.409090909090909,1.0714285714285714,3.693548387096774,0.0024706567439187147,0.033818356692790985,0.0017668790416792027,3.6101560515982616e-06,3.40067817887757e-05,3.988395428677902e-06,0.0004799919005646106,0.006640539970248938,0.00020743870991282146,0.00014387352331885433,0.002520620822906494,4.580274544423445e-05,0.00024131817785515025,0.0015336754731833935,0.0004366992405266498,0.00010941381085351829,0.00054611248197034,0.00015553085831925264,0.0005748107187604078,0.007515552037148154,0.00041879979330208984,neutral,Is this a good deal? Any extra discounts possible?
lenovo_ideapad_slim_5_16_fhd_touchscreen_laptop_amd_ryzen_7_350_16gb_ram_1tb_ssd_backlit_keyboard_pco_lt_cooler_blue,1nzjc58,22,231,0.312279305674813,0.09090909090909091,0.05343033840138192,0.04641711330846214,0.04496075414250007,0.4641139760161891,0.45244111178757307,0.45497117556018746,0.46383142471313477,0.6213773488998413,0.22004498541355133,0.17373570799827576,0.7021070122718811,0.47366100549697876,3,19,0.13636363636363635,0.1555216789922931,1.6162572902207617,0.4850414448709154,0.8636363636363636,0.6666666666666666,0.5,0.22727272727272727,0.18181818181818182,0.18181818181818182,0.4090909090909091,22.692700978198925,29.25,0.931416831194732,10.0,3.409090909090909,1.0714285714285714,3.693548387096774,0.0024706567439187147,0.033818356692790985,0.0017668790416792027,3.6101560515982616e-06,3.40067817887757e-05,3.988395428677902e-06,0.0004799919005646106,0.006640539970248938,0.00020743870991282146,0.00014387352331885433,0.002520620822906494,4.580274544423445e-05,0.00024131817785515025,0.0015336754731833935,0.0004366992405266498,0.00010941381085351829,0.00054611248197034,0.00015553085831925264,0.0005748107187604078,0.007515552037148154,0.00041879979330208984,neutral,Is this a good deal? Any extra discounts possible?
lenovo_v15_15_6_fhd_laptop_amd_ryzen_7_7730u_with_16gb_ram_512gb_ssd_numeric_keypad_pco_laptop_cooler_black,1omd5ko,20,190,0.30659051090478895,0.0,0.06618755570710312,0.0631047297466527,0.06404025375076186,0.4854133201272864,0.4950302208724775,0.4840590769523068,0.4975237548351288,0.7474164366722107,0.2765073776245117,0.263679563999176,0.6280145049095154,0.47070327401161194,3,17,0.15,0.19067348670214415,0.5181862130502128,0.1555085264028309,0.85,0.3157894736842105,0.85,0.05,0.0,0.3,0.65,26.297290734978766,12.25,1.4984211245002146,8.0,2.6,1.0,2.78125,0.001962259395804722,0.008364487439393997,0.00535781811922789,2.9074749249957675e-06,1.739748586260248e-05,3.929520448764382e-06,0.00017932647715497297,0.0018885162426158786,0.00026917732611764244,4.180305677436991e-05,0.00011410017759772018,7.938574053696358e-05,0.0003456395770626841,0.0018748145084828138,0.0007122089562471964,0.0001723165525618242,0.000984575250186026,0.0003089416510192679,0.00045070875571392814,0.001920396559209318,0.001187961858431664,neutral,Urgent please!!! Should I buy this
lenovo_legion_7i_16_2_5k_oled_gaming_laptop_intel_core_ultra_9_275hx_2025_32gb_ram_nvidia_geforce_rtx_5070_1tb_ssd_glacier_white,1sc7f7t,12,66,0.2699717074632645,0.0,0.05451683979898092,0.048888847779470605,0.048214502276723754,0.4519034800204364,0.4576122530482032,0.4483782554214651,0.44385263323783875,0.6440098881721497,0.20740771293640137,0.19237002730369568,0.459209144115448,0.41859370470046997,4,8,0.3333333333333333,0.3403831982674698,1.2342678660790765,0.3704057966160606,0.8333333333333334,0.6363636363636364,0.5833333333333334,0.3333333333333333,0.0,0.16666666666666666,0.5,16.51009792016187,22.75,0.8466716882134292,3.0,1.5833333333333333,1.0,1.2857142857142858,0.006360876259956664,0.06441867351531982,0.0066513088066130896,3.6748517118212476e-06,2.4751072487561032e-05,3.829579770808778e-06,0.0005280770822840471,0.005694585852324963,0.0002729739557253198,6.824054177438181e-05,0.0003705606795847416,0.0002097216169204331,0.0007716029358562082,0.006804423872381449,0.001255305425729603,0.00015611848054201496,0.0007902130600996315,0.0002840505883796141,0.0013147650253541893,0.013017201342033028,0.0014458626171612353,neutral,Which one should I get?
lenovo_legion_7i_16_2_5k_oled_gaming_laptop_intel_core_ultra_9_275hx_2025_32gb_ram_nvidia_geforce_rtx_5070_1tb_ssd_glacier_white,1qgd1zf,7,21,0.3205172376973288,0.0,0.07772909529539675,0.05615775918462461,0.04785340666834379,0.496850753114337,0.5525935519309271,0.5204561679136186,0.5106204152107239,0.6201947927474976,0.38557952642440796,0.4376767873764038,0.549024224281311,0.5813751816749573,0,7,0.0,0.05983656192464488,1.4750763110546947,0.44267280310989576,1.2857142857142858,1.0,0.42857142857142855,0.42857142857142855,0.0,0.2857142857142857,0.2857142857142857,10.739969216692858,15.5,0.4728288334393082,3.0,1.7142857142857142,1.0,1.2,0.0006354797847702035,0.0017876599449664354,0.0010741348261944954,2.3884560635321705e-06,7.6041633292334154e-06,3.985140756412877e-06,8.643858122273482e-05,0.0004125354753341526,0.00018940003428724608,3.2031413086640115e-05,8.532671927241609e-05,5.190198680793402e-05,0.00010633077805063554,0.000128777654026635,0.00012801139964722095,8.226273036728214e-05,0.00011519153486005962,9.55567869823426e-05,0.00015748862392683805,0.0004228492486314887,0.0002565626205675169,neutral,Help Choose My Gaming Laptop? Thanks!
lenovo_legion_7i_16_2_5k_oled_gaming_laptop_intel_core_ultra_9_275hx_2025_32gb_ram_nvidia_geforce_rtx_5070_1tb_ssd_glacier_white,1qyu8z2,7,21,0.3103859637464796,0.14285714285714285,0.05122829781055229,0.03554862158577942,0.0305322118258984,0.48423989755766733,0.5077778569289616,0.4913447541849954,0.49850156903266907,0.5947929620742798,0.34290122985839844,0.33528628945350647,0.48950618505477905,0.5697812438011169,2,5,0.2857142857142857,0.28949805189456257,1.4750763110546947,0.44267280310989576,1.0,0.8333333333333334,0.42857142857142855,0.2857142857142857,0.0,0.42857142857142855,0.2857142857142857,18.852813355798425,15.5,0.6081552695418847,4.0,2.0,1.0,1.5714285714285714,0.00047373093963999836,0.0006924552144482732,0.0005812601884827019,1.550241547322782e-06,1.8800564021148602e-06,1.7289307834289502e-06,3.752804462107763e-05,5.4410906159318984e-05,4.611140102497303e-05,2.0666139659754534e-05,2.9603976145153865e-05,2.4990001475089232e-05,0.00010710087787759091,0.00013590758317150176,0.0001197357662022114,7.590248839863176e-05,8.972373325377703e-05,8.33669284475036e-05,0.00011941312195739601,0.00016488329724021847,0.00014298776223237535,neutral,"Do you all think we will have better prices at retailers like Bestbuy, Walmart or B&H for gaming laptops specifically Lenovo legion 7i pro - 5070ti/275hx this President's day sale? How was the sale prices last year? I am running out of time to return my current one(Legion 7i unopened)"
lenovo_legion_7i_16_2_5k_oled_gaming_laptop_intel_core_ultra_9_275hx_2025_32gb_ram_nvidia_geforce_rtx_5070_1tb_ssd_glacier_white,1slbcqn,1,0,0.05830957740545273,0.0,0.0,0.0,0.0,0.0,0.0,0.0,0.0,0.0,0.0,0.0,0.0,0.0,0,1,0.0,0.023703167214989662,-0.0,0.0,1.0,0.0,1.0,0.0,0.0,1.0,0.0,0.0,0.0,0.0,1.0,1.0,0.0,0.0,0.003739823354408145,0.003739823354408145,0.003739823354408145,2.8514334644569317e-06,2.8514334644569317e-06,2.8514334644569317e-06,0.00018650277343112975,0.00018650277343112975,0.00018650277343112975,3.595395901356824e-05,3.595395901356824e-05,3.595395901356824e-05,0.0006306790746748447,0.0006306790746748447,0.0006306790746748447,0.00015326615539379418,0.00015326615539379418,0.00015326615539379418,0.0007915127917309898,0.0007915127917309898,0.0007915127917309898,caring,Lenovo Legion 7i
ideapad_1_15_6_fhd_extra_128gb_emmc_storage_numeric_keypad_1y_microsoft_365_includes_pco_laptop_cooler_stand_windows_11_microsoft_lenovo_1_year_accidental_damage_protection_school_year_pcoonline,1m89vws,2,1,0.2963070869445801,0.0,0.2449047189928458,0.21760408869702386,0.200353723442532,0.6979482173919678,0.806738018989563,0.7484103441238403,0.7484103441238403,0.7484103441238403,0.8017266988754272,0.8017266988754272,0.8017266988754272,0.8017266988754272,0,2,0.0,0.037291307002305984,0.6931471805599453,0.20801459767650946,1.0,1.0,0.5,1.0,0.0,0.0,0.0,42.0,42.0,0.2916666666666667,1.0,1.0,0.0,0.0,0.0004584296839311719,0.00048639814485795796,0.0004808044526726008,1.8196823248217697e-06,1.883024197013583e-06,1.8703558225752205e-06,4.62498574052006e-05,4.951019218424335e-05,4.8858125228434805e-05,2.0691704776254483e-05,2.174280052713584e-05,2.153258137695957e-05,9.934067202266306e-05,0.00010329863289371133,0.00010250704071950168,6.88106993038673e-05,6.96823262842372e-05,6.950800088816323e-05,0.00011589038329399651,0.00012208585349071654,0.00012084675945137253,neutral,"**Laptop Request** Video Conferencing and Light Gaming in US - ~$1,000USD"
asus_rog_zephyrus_g14_14_oled_3k_120hz_gaming_laptop_amd_ryzen_9_270_16gb_lpddr5x_geforce_rtx_5060_1tb_ssd_platinum_white,1oew0eu,1,0,0.34394630789756775,0.0,0.0,0.0,0.0,0.0,0.0,0.0,0.0,0.0,0.0,0.0,0.0,0.0,0,1,0.0,0.04001745209097862,-0.0,0.0,1.0,0.0,1.0,1.0,0.0,0.0,0.0,0.0,0.0,0.0,1.0,1.0,0.0,0.0,0.0004350373346824199,0.0004350373346824199,0.0004350373346824199,2.0430013591976603e-06,2.0430013591976603e-06,2.0430013591976603e-06,5.002603938919492e-05,5.002603938919492e-05,5.002603938919492e-05,2.0399686036398634e-05,2.0399686036398634e-05,2.0399686036398634e-05,8.479397365590557e-05,8.479397365590557e-05,8.479397365590557e-05,6.417268741643056e-05,6.417268741643056e-05,6.417268741643056e-05,0.00010941212042325787,0.00010941212042325787,0.00010941212042325787,love,"G14 with Ryzen 9 270, 5060, 32gbRam - Worth it?"
16_2k_lcd_touchscreen_16gb_memory_1tb_storage_windows_11_copilot_pc_intel_core_ultra_7,1ou7xu1,4,6,0.29472948610782623,0.0,0.10668119295701738,0.1071722702273843,0.11812213704136192,0.5475404957930247,0.49281203250090283,0.5112957209348679,0.5142323076725006,0.5952168703079224,0.25413212180137634,0.24875189363956451,0.25413212180137634,0.4134308695793152,0,4,0.0,0.18529351148754358,0.5623351446188083,0.16875769266311968,1.0,0.6666666666666666,0.75,0.0,0.0,0.75,0.25,4.716990566028302,6.0,0.7256908563120464,2.0,1.5,2.0,1.3333333333333333,0.0011988557162112556,0.0028374928515404463,0.002265019691549242,1.8008582571837906e-06,2.924756927313865e-06,2.5507329155516345e-06,5.8993848142563365e-05,0.00013944620150141418,0.00010886173586186489,4.0026725400821306e-05,7.799119339324534e-05,6.608954900002573e-05,0.00025045828078873456,0.0005663218908011913,0.0004583559013553896,0.00010888194810831919,0.00017969135660678148,0.00015615097800036895,0.00027650289615147966,0.0006339780417950654,0.0005094695607814024,neutral,"[eBay] Cert. Refurb Acer Swift 16 AI : 16"" 3K OLED 120Hz Touchscreen, Intel Ultra 7 256V CPU, 16GB LPDDR5 RAM, 1TB SSD with 48% off, for $620  #ad"
dell_15_6_2k_touchscreen_laptop_intel_i5_1334u_intel_uhd_graphics_16gb_ram_512gb_ssd_1tb_docking_set_win_11_black,1oxo887,30,435,0.30076124568780266,0.06666666666666667,0.038977477149368035,0.03225325872054018,0.030349173830783244,0.48160120861968775,0.42593248154240093,0.44456368794386414,0.4608986973762512,0.8309572339057922,0.27402710914611816,0.27346596121788025,0.6923840045928955,0.5371958613395691,0,30,0.0,0.07990579878290495,1.5109032860203158,0.4534245366413222,0.9666666666666667,0.6206896551724138,0.6,0.26666666666666666,0.03333333333333333,0.3333333333333333,0.36666666666666664,46.040513560220944,35.25,1.3129424019074412,4.0,1.6333333333333333,1.3333333333333333,1.8,0.005016388226067647,0.1121499240398407,0.005871371924877171,2.8787603810087605e-06,1.348588011751417e-05,8.273925777757543e-06,0.00010238616408363063,0.001555955852381885,0.00012591204940690668,3.2826194061878296e-05,0.00011278059537289664,8.542076975572856e-05,0.0025224444922059774,0.06921008974313736,0.0008326801587827511,0.000503151187755672,0.007057325914502144,0.000748230406316,0.0013633458374259692,0.03059961935211201,0.0015787489756197233,neutral,Lenovo vs HP for multitasking
lenovo_yoga_slim_7x_copilot_pc_14_5_3k_90hz_oled_touch_screen_laptop_snapdragon_x_elite_x1e_78_100_2024_16gb_512gb_cosmic_blue,1fcrdey,1,0,0.3077649176120758,0.0,0.0,0.0,0.0,0.0,0.0,0.0,0.0,0.0,0.0,0.0,0.0,0.0,0,1,0.0,0.15546593070030212,-0.0,0.0,1.0,0.0,1.0,1.0,0.0,0.0,0.0,0.0,0.0,0.0,1.0,1.0,0.0,0.0,0.00045150055666454136,0.00045150055666454136,0.00045150055666454136,1.4810013908572728e-06,1.4810013908572728e-06,1.4810013908572728e-06,3.465245390543714e-05,3.465245390543714e-05,3.465245390543714e-05,2.102135113091208e-05,2.102135113091208e-05,2.102135113091208e-05,0.00010603500413708389,0.00010603500413708389,0.00010603500413708389,6.711649621138349e-05,6.711649621138349e-05,6.711649621138349e-05,0.00011363447724003588,0.00011363447724003588,0.00011363447724003588,gratitude,Lenovo Yoga Slim 7x Snapdragon X Elite - Graphic Artifacs / Issues
lenovo_ideapad_slim_3_15_6_full_hd_touchscreen_laptop_amd_ryzen_7_5825u_2025_16gb_memory_512gb_ssd_arctic_grey,1pyjxhx,23,253,0.3229463057858603,0.2857142857142857,0.04088765044485508,0.028382897072108927,0.02431905577027775,0.48446490430078015,0.4855071448761484,0.4808911617565532,0.4915483295917511,0.6211400032043457,0.22203627228736877,0.1663614809513092,0.6835025548934937,0.5213209986686707,4,19,0.17391304347826086,0.19891543905048267,2.2461630270940383,0.6740771823083384,0.9130434782608695,0.9545454545454546,0.2608695652173913,0.08695652173913043,0.043478260869565216,0.17391304347826086,0.6956521739130435,48.41475661247292,51.5,0.9218041408003951,9.0,3.130434782608696,1.0714285714285714,4.068493150684931,0.002097363701424278,0.02415345050394535,0.002240166254341603,2.8237004303461974e-06,3.206799374311231e-05,1.9947417513321852e-06,0.0007863818691871331,0.017108459025621414,7.821812614565718e-05,2.6740213283831153e-05,8.662437176099047e-05,3.034096334886272e-05,0.0005005822297433675,0.00524913938716054,0.0006004607188515367,9.24917152113504e-05,0.0002476407680660486,0.00014098900137469176,0.0005843972382133843,0.007417407151782148,0.0005088425961048416,neutral,"URGENT: Lenovo refusing hinge repair under warranty (expires in 2 days!) - claiming ""Accidental Damage"" for manufacturing defect."
hp_omen_max_16_240hz_gaming_laptop_intel_core_ultra_9_275hx_2025_32gb_memory_nvidia_geforce_rtx_5080_1tb_ssd_shadow_black,1k48coq,61,1830,0.3112835652026974,0.08196721311475409,0.04187086573816887,0.03327204515970831,0.030592363394190112,0.4683599964028499,0.4802633617012227,0.4682250001065718,0.4745175987482071,0.9999999403953552,0.17947888374328613,0.15288648009300232,0.7638156414031982,0.3941994905471802,9,52,0.14754098360655737,0.18813423940637072,2.1183458339688803,0.6357190345011267,0.9016393442622951,0.8666666666666667,0.29508196721311475,0.32786885245901637,0.03278688524590164,0.18032786885245902,0.45901639344262296,58.30322740857819,49.0,1.202331599703607,6.0,2.1639344262295084,1.121212121212121,1.8227848101265822,0.01376783654339932,0.3516116142272949,0.0032480128575116396,4.638632121821531e-06,0.000119456322863698,4.717004230769817e-06,0.0029236769566568163,0.16860775649547577,0.0003900676383636892,5.9261769626469e-05,0.0006151815759949386,0.0001226301392307505,0.008455625298308003,0.2818552553653717,0.0005170161020942032,0.00016375394822165112,0.0021953510586172342,0.00025209199520759284,0.004229132191389016,0.10606910585299072,0.0007109361339416864,neutral,Just got my Omen Max 16 (RTX 5080)
ideapad_1_15_6_fhd_extra_128gb_emmc_storage_numeric_keypad_1y_microsoft_365_includes_pco_laptop_cooler_stand_windows_11_microsoft_lenovo_1_year_accidental_damage_protection_school_year_pcoonline,1lwi3zm,17,136,0.3098003625869751,0.0,0.06489905039273464,0.061669590919556046,0.06371723385161561,0.46558227718752976,0.5013859767247649,0.47738579156644206,0.4854862689971924,0.6674462556838989,0.1611507385969162,0.0894215852022171,0.5656651854515076,0.421014666557312,2,15,0.11764705882352941,0.20075029792154536,2.0844297682153505,0.6255407679361653,0.9411764705882353,0.875,0.29411764705882354,0.35294117647058826,0.058823529411764705,0.4117647058823529,0.17647058823529413,24.414953725082583,18.0,1.146558600349182,5.0,2.588235294117647,1.0909090909090908,1.967741935483871,0.000630644049070885,0.0017918538069352508,0.0009672170388512315,1.8055925733385855e-06,5.7554079830879346e-06,2.6283131774107463e-06,6.137534910521936e-05,0.0004132420290261507,8.404946929658767e-05,2.936026088290793e-05,7.922502118162811e-05,4.98077140946407e-05,0.00012095222294138854,0.00019082080689258873,0.0001506342785432935,7.779754206935381e-05,0.00010699902486521751,9.288787550758571e-05,0.0001536558361071822,0.0004233590846827913,0.0002277709338083393,neutral,"💻 Prime Day Laptop Deals Shortlist (Gaming, Student, Productivity) 💻"
lenovo_thinkpad_e16_16_fhd_touchscreen_laptop_intel_core_ultra_7_155u_32gb_ram_2tb_ssd_fp_reader_7_in_1_usb_c_hub_black,1r6yysj,10,45,0.2929257184267044,0.0,0.038566901033463524,0.029344316945030983,0.02660633819541275,0.4629802664120992,0.4689498205979665,0.45751248863008287,0.44113945960998535,0.5812454223632812,0.22997084259986877,0.20464469492435455,0.4550042152404785,0.453257292509079,3,7,0.3,0.3067930907011032,1.6094379124341003,0.48299493849177877,0.9,0.7777777777777778,0.4,0.2,0.2,0.1,0.5,44.539420741630664,79.5,0.912693047984235,7.0,3.2,1.0,2.590909090909091,0.005309023961308413,0.045156218111515045,0.0062811045907437656,1.0303962017133018e-05,8.14329250715673e-05,1.3730911041420742e-05,0.00022739634969184407,0.001564759761095047,0.0003841816389467562,4.6570415725000204e-05,0.00026631710352376103,5.0600289614521814e-05,0.0004258036133251153,0.0027537397108972073,0.0005462848872411987,0.0025336289283586664,0.023441268131136894,0.003332981001585714,0.001425454538404362,0.012210622623873254,0.00174438730278628,neutral,Thinkpad E16 gen 3 intel
lenovo_thinkpad_e16_16_fhd_touchscreen_laptop_intel_core_ultra_7_155u_32gb_ram_2tb_ssd_fp_reader_7_in_1_usb_c_hub_black,1rn0nb2,5,10,0.3069772839546204,0.0,0.053283062737036535,0.04281998773181414,0.03732478574784992,0.5319921940565109,0.4532744914293289,0.4851362854242325,0.4895026832818985,0.5245913863182068,0.3092518448829651,0.2991679608821869,0.3092518448829651,0.3936957120895386,0,5,0.0,0.05695976056158543,0.5004024235381879,0.15017158220936364,1.0,0.5,0.8,0.2,0.0,0.6,0.2,17.679366504487653,7.0,0.7305523348961841,1.0,1.0,0.0,0.0,0.0005411501158960163,0.0011187982745468616,0.0008420988568104805,1.6773434708738932e-06,2.7784240046457853e-06,2.252277590741869e-06,5.6068105550366454e-05,0.00016015789879020303,0.00011100027768407018,2.0389506607898512e-05,2.7318546926835552e-05,2.431114044156857e-05,0.0001302848060731776,0.00024696640321053565,0.0001922527182614431,7.067685364745558e-05,8.377981430385262e-05,8.073086210060864e-05,0.00013670778854096475,0.0002720294968791374,0.00020692175370034727,neutral,"Does the ThinkPad still hold up its ""TANK"" name or is it just a branding now?"
lenovo_legion_7i_16_2_5k_oled_gaming_laptop_intel_core_ultra_9_275hx_2025_32gb_ram_nvidia_geforce_rtx_5070_1tb_ssd_glacier_white,1sdv13w,33,528,0.2885787484701723,0.03125,0.04701538983637989,0.03709674397478377,0.033781073749029535,0.4802597818726843,0.4619068213258729,0.46832024430235225,0.4657265543937683,0.7049808502197266,0.24914686381816864,0.2246238887310028,0.7069761157035828,0.48761627078056335,5,28,0.15151515151515152,0.16956930020541855,1.4419870233387742,0.4327426539804293,0.9090909090909091,0.6875,0.5454545454545454,0.18181818181818182,0.09090909090909091,0.24242424242424243,0.48484848484848486,30.992341836738518,31.0,0.8452456864565051,6.0,1.9393939393939394,1.1428571428571428,2.74468085106383,0.03484698830994382,0.9937160611152649,0.01276715733110905,0.001447408765081739,0.04765181988477707,1.2238730778335596e-05,0.02698336514202476,0.8793831467628479,0.0006845778785645963,8.956292483410586e-05,0.0015750627499073744,0.00011791432189056651,0.030295088937705397,0.9362637996673584,0.0031263066804967836,0.0016932961088693419,0.0450429767370224,0.0005720569752156734,0.015892618364743195,0.483938811152863,0.0030620692892019486,neutral,i liked the Omen more but since this is LenovoLegion’s community i'll ask here for the truth
asus_rog_zephyrus_g14_14_oled_3k_120hz_gaming_laptop_amd_ryzen_9_270_16gb_lpddr5x_geforce_rtx_5060_1tb_ssd_platinum_white,1nnjdk3,5,10,0.3026221811771393,0.0,0.04974806513585476,0.03911396301109489,0.036334695774702636,0.5360815912485123,0.5242431044578553,0.5192987501621247,0.5303128957748413,0.5886698961257935,0.3315989375114441,0.3026057481765747,0.3315989375114441,0.5244041681289673,2,3,0.4,0.39970792979002,0.6730116670092565,0.20197189726925563,0.8,0.5,0.6,0.4,0.0,0.4,0.2,17.19767426136453,26.0,0.722591355519518,3.0,1.6,1.0,1.3333333333333333,0.0004643353458959609,0.0005585039034485817,0.0005363851319998503,1.5099016763997497e-06,1.8076688093060511e-06,1.6761635151851805e-06,3.255531992181204e-05,3.552937414497137e-05,3.485745110083371e-05,2.3904918634798378e-05,3.3499884011689574e-05,3.0195459112292154e-05,0.00010409330570837483,0.00011420914233895019,0.00011164441093569621,7.77920606196858e-05,9.163588401861489e-05,9.038963762577623e-05,0.00011736514207617195,0.00013646198459582592,0.00013223532113215697,neutral,Buying a new G14 and dont know from where and what to buy
samsung_galaxy_book4_edge_copilot_pc_15_6_led_laptop_snapdragon_x_16gb_memory_512_gb_storage_sapphire_blue,1sie62z,5,10,0.3035644471645355,0.0,0.08906176405266537,0.11055056787209241,0.12698500481797406,0.421634367108345,0.39943276047706605,0.4049458295106888,0.3968248665332794,0.7219365835189819,0.42534202337265015,0.4370543658733368,0.42534202337265015,0.5536006689071655,0,5,0.0,0.1091330073773861,-0.0,0.0,1.0,0.0,1.0,0.0,0.0,1.0,0.0,32.68271714530479,24.0,1.350525501872099,2.0,1.2,1.0,1.0,0.0012250006897374988,0.002521722810342908,0.0020410569850355387,2.3084677195583937e-06,3.067777015530737e-06,2.91501519313897e-06,9.64179023867473e-05,0.0001556624483782798,0.00014348779222927988,3.801094244408887e-05,5.594859248958528e-05,5.302008503349498e-05,0.0002123357087839395,0.00037038372829556465,0.0003136366489343345,0.00011670618841890246,0.00015605048974975944,0.00015145381330512465,0.00028179664991512254,0.0005438059743786047,0.0004495467758260929,neutral,Laptop around 45k
lenovo_legion_7i_16_2_5k_oled_gaming_laptop_intel_core_ultra_9_275hx_2025_32gb_ram_nvidia_geforce_rtx_5070_1tb_ssd_glacier_white,1s7uwyv,13,78,0.27436466027910894,0.0,0.04382948956155603,0.03331896711469925,0.030198175694302616,0.4969601485973749,0.5024538857814593,0.49377738818144185,0.4927240461111069,0.6204608082771301,0.3756004571914673,0.4042123556137085,0.7119361758232117,0.6660457849502563,6,7,0.46153846153846156,0.4437706491981561,1.0437938808441543,0.3132442434600968,1.0769230769230769,0.4166666666666667,0.6923076923076923,0.3076923076923077,0.0,0.3076923076923077,0.38461538461538464,47.51007367487148,40.0,1.1270637915571702,5.0,2.230769230769231,1.3333333333333333,2.0952380952380953,0.026604802578311555,0.3215687870979309,0.015234471752773983,2.233982441933991e-05,0.0002537706750445068,1.4701900317959383e-05,0.030553758402395312,0.39500725269317627,0.0014035208601853822,0.00022002757745772565,0.0024477432016283274,0.00014046329670236457,0.0025039377533875476,0.030534280464053154,0.0006986866006627683,0.00016635942022101238,0.0007143666152842343,0.0004739333700854335,0.010011870926032087,0.1247078093753468,0.0032969310778791345,neutral,Comparing Legion 7i with 5i - Best value for the dollar
hp_omen_max_16_240hz_gaming_laptop_intel_core_ultra_9_275hx_2025_32gb_memory_nvidia_geforce_rtx_5080_1tb_ssd_shadow_black,1qnbjhq,24,276,0.31859062798321247,0.375,0.04445920889383603,0.031323359312868754,0.0259981171970667,0.48947155227263767,0.48891483106906863,0.4831995574244555,0.4856511503458023,0.6154813170433044,0.2267770916223526,0.18764713406562805,0.6686621904373169,0.48641157150268555,0,24,0.0,0.05177789297886193,1.567224909183783,0.47032674747246533,0.9583333333333334,0.7391304347826086,0.5,0.20833333333333334,0.08333333333333333,0.08333333333333333,0.625,72.98458741405612,61.75,1.2917626090983385,10.0,4.791666666666667,1.0,3.6373626373626373,0.07551388379215496,0.8843759894371033,0.2821155890822408,2.2353481317812413e-05,0.00033359028748236597,1.4144256692816265e-05,0.004369412533984966,0.09844256937503815,0.0014665627037174999,0.010625025801952384,0.2515351474285126,8.601908484706654e-05,0.036703806264995364,0.8001347780227661,0.013517786585725833,0.0008812748313478854,0.01395794190466404,0.00047872497234493485,0.02135262611762556,0.2811661005262067,0.07840265830708018,neutral,Should I purchase? Omen 16 OLED 275HX 5080
hp_omen_max_16_240hz_gaming_laptop_intel_core_ultra_9_275hx_2025_32gb_memory_nvidia_geforce_rtx_5080_1tb_ssd_shadow_black,1reo6gd,1,0,0.06007273867726326,0.0,0.0,0.0,0.0,0.0,0.0,0.0,0.0,0.0,0.0,0.0,0.0,0.0,0,1,0.0,0.022411687299609184,-0.0,0.0,1.0,0.0,1.0,1.0,0.0,0.0,0.0,0.0,0.0,0.0,1.0,1.0,0.0,0.0,0.0008736947784200311,0.0008736947784200311,0.0008736947784200311,4.399765657581156e-06,4.399765657581156e-06,4.399765657581156e-06,0.00011651144450297579,0.00011651144450297579,0.00011651144450297579,2.998874151671771e-05,2.998874151671771e-05,2.998874151671771e-05,0.00023298762971535325,0.00023298762971535325,0.00023298762971535325,0.00013458031753543764,0.00013458031753543764,0.00013458031753543764,0.00023202711289134945,0.00023202711289134945,0.00023202711289134945,gratitude,HP OMEN Gaming Laptop Showdown - Transcend vs MAX vs OMEN 16
hp_omnibook_7_16_fhd_touchscreen_laptop_intel_core_ultra_7_258v_32gb_ram_2tb_ssd_backlit_kb_pco_laptop_cooler_silver,1om8570,1,0,0.3097142279148102,0.0,0.0,0.0,0.0,0.0,0.0,0.0,0.0,0.0,0.0,0.0,0.0,0.0,0,1,0.0,0.03506937250494957,-0.0,0.0,0.0,0.0,1.0,0.0,0.0,0.0,1.0,0.0,0.0,0.0,1.0,1.0,0.0,0.0,0.0003836522519122809,0.0003836522519122809,0.0003836522519122809,1.4939115544621018e-06,1.4939115544621018e-06,1.4939115544621018e-06,2.842554204107728e-05,2.842554204107728e-05,2.842554204107728e-05,2.184553704864811e-05,2.184553704864811e-05,2.184553704864811e-05,9.374634100822732e-05,9.374634100822732e-05,9.374634100822732e-05,6.98588410159573e-05,6.98588410159573e-05,6.98588410159573e-05,9.983707076344217e-05,9.983707076344217e-05,9.983707076344217e-05,curiosity,Translucent Panel/Rectangle appearing when watching Youtube
lenovo_thinkpad_e16_16_fhd_touchscreen_laptop_intel_core_ultra_7_155u_32gb_ram_2tb_ssd_fp_reader_7_in_1_usb_c_hub_black,1rj2l9j,1,0,0.28419268131256104,0.0,0.0,0.0,0.0,0.0,0.0,0.0,0.0,0.0,0.0,0.0,0.0,0.0,0,1,0.0,0.023317918181419373,-0.0,0.0,1.0,0.0,1.0,0.0,0.0,0.0,1.0,0.0,0.0,0.0,1.0,1.0,0.0,0.0,0.0007582952384836972,0.0007582952384836972,0.0007582952384836972,1.940910578923649e-06,1.940910578923649e-06,1.940910578923649e-06,4.8264013457810506e-05,4.8264013457810506e-05,4.8264013457810506e-05,2.776634028123226e-05,2.776634028123226e-05,2.776634028123226e-05,0.00012470234651118517,0.00012470234651118517,0.00012470234651118517,9.518726437818259e-05,9.518726437818259e-05,9.518726437818259e-05,0.00017602601894850523,0.00017602601894850523,0.00017602601894850523,neutral,Anyone using Lenovo thinkpads for music production?
lenovo_legion_7i_16_2_5k_oled_gaming_laptop_intel_core_ultra_9_275hx_2025_32gb_ram_nvidia_geforce_rtx_5070_1tb_ssd_glacier_white,1rugeiw,15,105,0.2804751182595889,0.06666666666666667,0.04528676382080327,0.033510615333349016,0.0288930997294086,0.5039274087974004,0.47283465621017273,0.4817214480468205,0.4840717911720276,0.6487241387367249,0.2750934362411499,0.26098641753196716,0.5669804811477661,0.47919967770576477,2,13,0.13333333333333333,0.15596697218716143,0.9495936677167384,0.2849746060954733,0.6666666666666666,0.5,0.7333333333333333,0.13333333333333333,0.3333333333333333,0.26666666666666666,0.26666666666666666,47.07931841288935,23.0,1.1017001188663653,5.0,2.1333333333333333,1.0,1.8235294117647058,0.06165444906995011,0.9156160950660706,0.0013455945765599607,0.00026625726336533263,0.003968046046793461,3.617500988184474e-06,0.056851770339320255,0.8521665334701538,9.182097564917056e-05,6.626419320430917e-05,0.0005568467895500362,6.981566693866625e-05,0.013731754165200982,0.20426872372627258,0.00020659277506638316,0.0003056945681843596,0.0032964933197945356,0.000139830558327958,0.022146031599870893,0.3299787897364392,0.0002994825044576525,neutral,laptop advice for university student
lenovo_legion_7i_16_2_5k_oled_gaming_laptop_intel_core_ultra_7_255hx_2025_32gb_ram_nvidia_geforce_rtx_5060_1tb_ssd_glacier_white,1sbupxj,15,105,0.2883096655209859,0.0,0.05054151062980139,0.037769178190763204,0.03296601809334013,0.4887689085233779,0.4603954865818932,0.47042222306841897,0.48896726965904236,0.6224606037139893,0.34091225266456604,0.3778044879436493,0.5993249416351318,0.5458073019981384,2,13,0.13333333333333333,0.13536377362906932,1.3624474851916286,0.4088727090523002,0.9333333333333333,0.9285714285714286,0.4,0.3333333333333333,0.2,0.26666666666666666,0.2,24.78117565142273,27.5,0.7375349896256764,4.0,2.066666666666667,1.0,1.4375,0.0022482541331555693,0.024390071630477905,0.0014311276841908692,2.2103939424293156e-06,6.0180368564033415e-06,3.3652128422545497e-06,9.782115897299567e-05,0.0004885542439296842,0.00022320513962768016,2.9854634461419968e-05,7.580472447443753e-05,5.35676343133673e-05,0.0007481007322591419,0.009552850387990475,0.00017240262532141059,0.00010776465739278743,0.00037718116072937846,0.00011675998830469325,0.0005390009516973907,0.005814680634822859,0.0003276296005878975,neutral,which one is the best for me? need advice
lenovo_legion_7i_16_2_5k_oled_gaming_laptop_intel_core_ultra_9_275hx_2025_32gb_ram_nvidia_geforce_rtx_5070_1tb_ssd_glacier_white,1sbupxj,15,105,0.2883096655209859,0.0,0.05054151062980139,0.037769178190763204,0.03296601809334013,0.4887689105101994,0.46039549452917916,0.47042222789355687,0.48896726965904236,0.6224606037139893,0.34091225266456604,0.3778044879436493,0.5993250608444214,0.5458073019981384,2,13,0.13333333333333333,0.13536378182470798,1.3624474851916286,0.4088727090523002,0.9333333333333333,0.9285714285714286,0.4,0.3333333333333333,0.2,0.26666666666666666,0.2,24.78117565142273,27.5,0.7375349896256764,4.0,2.066666666666667,1.0,1.4375,0.0022482541564386336,0.024390071630477905,0.0014311276841908692,2.2103940636952758e-06,6.0180368564033415e-06,3.3652128422545497e-06,9.782116236844255e-05,0.0004885542439296842,0.00022320513962768016,2.9854634461419968e-05,7.580472447443753e-05,5.35676343133673e-05,0.0007481007235279928,0.009552850387990475,0.00017240257293451577,0.00010776465739278743,0.00037718116072937846,0.00011675998830469325,0.0005390009547088287,0.005814680634822859,0.0003276296005878975,neutral,which one is the best for me? need advice
hp_omnibook_5_16_fhd_touchscreen_laptop_intel_core_ultra_7_255u_16gb_ram_1tb_ssd_copilot_pco_laptop_cooler_silver,1hiqnif,10,45,0.2986108362674713,0.0,0.05743748016154461,0.04674344074808419,0.043046533392776254,0.5120367235607571,0.5023127251201206,0.5050078299310472,0.507525622844696,0.5758934020996094,0.3113357424736023,0.3228306770324707,0.5149177312850952,0.4850237965583801,1,9,0.1,0.14602286368608475,1.4978661367769952,0.44951206692239876,1.0,0.7777777777777778,0.5,0.2,0.1,0.2,0.5,19.403350226185168,14.0,0.8118556579993794,5.0,3.4,1.2857142857142858,2.8,0.0873388930602232,0.5995761156082153,0.1934243053197859,6.982856950799032e-06,3.803518120548688e-05,1.4388719137059516e-05,0.00251511888254754,0.01916561648249626,0.006068712566047902,5.1753489606198856e-05,0.00018614284635987133,8.307695461553518e-05,0.06598612936504651,0.4916491210460663,0.13415409773588166,0.00024382988704019226,0.0008904421119950712,0.0006702063488774001,0.026023784590235736,0.18268402086505375,0.05771975081152045,neutral,HP OmniBook Ultra Flip - Months after release - Still no drivers for programmable key.
hp_omnibook_7_16_fhd_touchscreen_laptop_intel_core_ultra_7_258v_32gb_ram_2tb_ssd_backlit_kb_pco_laptop_cooler_silver,1hiqnif,10,45,0.29861083924770354,0.0,0.05743748016154461,0.04674344074808419,0.043046533392776254,0.5120367315080431,0.5023127814133962,0.5050078610579173,0.507525622844696,0.5758934020996094,0.3113357424736023,0.3228306770324707,0.5149177312850952,0.4850237965583801,1,9,0.1,0.14602280743420123,1.4978661367769952,0.44951206692239876,1.0,0.7777777777777778,0.5,0.2,0.1,0.2,0.5,19.403350226185168,14.0,0.8118556579993794,5.0,3.4,1.2857142857142858,2.8,0.0873388930602232,0.5995761156082153,0.1934243053197859,6.982856950799032e-06,3.803518120548688e-05,1.4388719137059516e-05,0.00251511888254754,0.01916561648249626,0.006068712566047902,5.1753489606198856e-05,0.00018614284635987133,8.307695461553518e-05,0.06598612936504651,0.4916491210460663,0.13415409773588166,0.00024382988704019226,0.0008904421119950712,0.0006702063488774001,0.026023784590235736,0.18268402086505375,0.05771975081152045,neutral,HP OmniBook Ultra Flip - Months after release - Still no drivers for programmable key.
hp_omen_max_16_240hz_gaming_laptop_intel_core_ultra_9_275hx_2025_32gb_memory_nvidia_geforce_rtx_5080_1tb_ssd_shadow_black,1ohyoz1,3,3,0.20811064913868904,0.0,0.017074470838716955,0.013487217059791598,0.011254262690665782,0.3562418719132741,0.5547125736872355,0.42734071612358093,0.41802188754081726,0.45449909567832947,0.11334049701690674,0.10669835656881332,0.11334049701690674,0.15020884573459625,1,2,0.3333333333333333,0.4081851541996002,0.6365141682948128,0.1910189384688593,0.6666666666666666,1.0,0.6666666666666666,0.6666666666666666,0.0,0.0,0.3333333333333333,31.201851796897497,38.0,0.7866013058041387,2.0,1.3333333333333333,1.0,1.0,0.30332262030181784,0.908545196056366,0.7270417648367584,0.002080521094891689,0.006238128058612347,0.004990944871360626,0.2786239499406899,0.8357679843902588,0.6686307863506954,0.00028794681990499765,0.0008192932582460344,0.0006604184378375067,0.027457178997186322,0.08208808302879333,0.06570690863009077,0.0008864970125917656,0.0024584701750427485,0.0019916404795367274,0.10210978569451377,0.3059861924945532,0.24483707726771328,gratitude,"HP OMEN MAX 16-ak0003nr 16"" Gaming Laptop Computer - Shadow Black Aluminum"
hp_omnibook_3_copilot_pc_15_6_full_hd_touch_screen_laptop_amd_ryzen_5_ai_5_330_2025_16gb_memory_512gb_ssd_glacier_silver,1p9q0t2,1,0,0.2764732837677002,0.0,0.0,0.0,0.0,0.0,0.0,0.0,0.0,0.0,0.0,0.0,0.0,0.0,0,1,0.0,0.026136379688978195,-0.0,0.0,0.0,0.0,1.0,1.0,0.0,0.0,0.0,0.0,0.0,0.0,1.0,1.0,0.0,0.0,0.0005613971734419465,0.0005613971734419465,0.0005613971734419465,1.7731956631905632e-06,1.7731956631905632e-06,1.7731956631905632e-06,7.226633169921115e-05,7.226633169921115e-05,7.226633169921115e-05,2.1614230718114413e-05,2.1614230718114413e-05,2.1614230718114413e-05,0.0001445273810531944,0.0001445273810531944,0.0001445273810531944,6.666443368885666e-05,6.666443368885666e-05,6.666443368885666e-05,0.00014470712437741895,0.00014470712437741895,0.00014470712437741895,approval,HELP ME CHOOSE A LAPTOP
lenovo_legion_7i_16_2_5k_oled_gaming_laptop_intel_core_ultra_9_275hx_2025_32gb_ram_nvidia_geforce_rtx_5070_1tb_ssd_glacier_white,1pgpcz2,198,19503,0.3224963144041025,0.29743589743589743,0.04121627664578869,0.03056785719099747,0.02700949820571102,0.47817767565769215,0.48626135163830897,0.4774230971205805,0.48328566551208496,0.8275777697563171,0.26205456256866455,0.25920334458351135,0.7884844541549683,0.4917895197868347,81,117,0.4090909090909091,0.4203640907965224,2.1628404557807444,0.649071942966377,0.8131313131313131,0.751269035532995,0.4494949494949495,0.3282828282828283,0.06060606060606061,0.12121212121212122,0.4898989898989899,52.39502601533701,51.0,1.0536476895223166,7.0,2.1515151515151514,1.5135135135135136,2.8133561643835616,0.07862177208439927,0.9746665358543396,0.17117859423160614,0.00037033871407427595,0.03022364154458046,7.558234210591812e-05,0.05602865618238131,0.9231455326080322,0.045135336741805296,0.00040726649055586404,0.050801679491996765,0.00031728125468362167,0.023256646581461555,0.8398095965385437,0.013630799576640169,0.00046159588055161294,0.009805754758417606,0.000936763023491949,0.02652437932223731,0.3723420073608092,0.04774974513954175,neutral,My beloved boy have died - Lenovo Legion 5 Pro 16ITH6H (i7-11800h/3070/32GB)
lenovo_legion_7i_16_2_5k_oled_gaming_laptop_intel_core_ultra_9_275hx_2025_32gb_ram_nvidia_geforce_rtx_5070_1tb_ssd_glacier_white,1r5yru7,5,10,0.33134918212890624,0.2,0.054387381471879805,0.04124237017931744,0.036520469587811875,0.5056646913290024,0.5121897906064987,0.5048651695251465,0.5349490642547607,0.5670205354690552,0.3519720435142517,0.34234920144081116,0.3519720435142517,0.5172450542449951,1,4,0.2,0.18263127692043782,1.6094379124341005,0.4829949384917788,1.0,1.0,0.2,0.2,0.6,0.2,0.0,11.285388783732706,10.0,0.5323296596100333,4.0,2.4,1.3333333333333333,2.0,0.0005645195953547955,0.0008269073441624641,0.0007504823384806515,1.889767463580938e-06,3.1913186830934137e-06,2.6361884010839274e-06,5.467259761644527e-05,0.00012346553558018059,9.649241692386568e-05,3.0119121220195666e-05,6.32656883681193e-05,4.722764861071483e-05,0.000131952139781788,0.00019374836119823158,0.00017425234545953572,8.865714335115626e-05,0.00011680969328153878,0.00010950461437460035,0.00014530172746466028,0.00022123132354560462,0.00019506278514048368,disapproval,Looking for a laptop for school. Majoring in mechanical engineering.
hp_omen_max_16_240hz_gaming_laptop_intel_core_ultra_9_275hx_2025_32gb_memory_nvidia_geforce_rtx_5080_1tb_ssd_shadow_black,1shkc6s,7,21,0.3103046417236328,0.14285714285714285,0.09164379713816674,0.07991832012258164,0.07590060383717614,0.49109294017155963,0.5367650857993534,0.5088616453465962,0.5079665780067444,0.9836533665657043,0.38794827461242676,0.3992728590965271,0.5721913576126099,0.6066588163375854,2,5,0.2857142857142857,0.29812760118927273,0.6829081047004717,0.20494183433674218,1.0,0.8333333333333334,0.5714285714285714,0.42857142857142855,0.14285714285714285,0.42857142857142855,0.0,30.879621442112324,30.0,0.8313744234414856,4.0,2.7142857142857144,1.2,2.6666666666666665,0.0004933835963519024,0.0006360072293318808,0.0005960946320556105,1.6740218760397901e-06,2.33802688853757e-06,2.0093075136173867e-06,4.103694508168181e-05,6.774485518690199e-05,5.414055267465302e-05,2.342020759117856e-05,2.791813858493697e-05,2.6687401259550825e-05,0.00010672139095342053,0.00012884213356301188,0.00011988268670393155,7.808209556969814e-05,0.00012539417366497219,9.822701540542769e-05,0.00012405304290398687,0.00015891973079836438,0.0001472038960249241,neutral,Ultra 9 + 32GB vs Ultra 7 + 64GB both 080 laptops – AI + gaming .
asus_rog_zephyrus_g14_14_oled_3k_120hz_gaming_laptop_amd_ryzen_9_270_16gb_lpddr5x_geforce_rtx_5060_1tb_ssd_platinum_white,1sd4ipa,3,3,0.28309672077496845,0.0,0.027022819808403545,0.020037532968348898,0.014889053135330463,0.447366863489151,0.4539276560147603,0.44473952054977417,0.42683783173561096,0.489026814699173,0.506898820400238,0.4911118149757385,0.506898820400238,0.5872248411178589,0,3,0.0,0.15378403042753538,-0.0,0.0,1.0,0.0,1.0,0.6666666666666666,0.0,0.0,0.3333333333333333,7.586537784494029,9.0,0.15072591624822573,1.0,1.0,0.0,0.0,0.0009331829884710411,0.0015338016673922539,0.0013622909551486374,4.770964286156716e-06,1.0562500392552465e-05,8.940059569795266e-06,0.0001260531644220464,0.0002675116411410272,0.0002274933984153904,3.0175109107707005e-05,4.3893141992157325e-05,4.0782720316201444e-05,0.0001538389187771827,0.00018038402777165174,0.00017830341239459812,0.00015124208099829653,0.0002772405568975955,0.00024420262780040504,0.00023321053767707176,0.00038383174311699503,0.000339861580531912,neutral,Looking for a gaming laptop
asus_rog_zephyrus_g14_14_oled_3k_120hz_gaming_laptop_amd_ryzen_9_270_16gb_lpddr5x_geforce_rtx_5060_1tb_ssd_platinum_white,1p3mtxb,5,10,0.29554139375686644,0.0,0.08359861779872411,0.059038863714566514,0.048929567956599807,0.49300829172134397,0.5238805800676346,0.5062066525220871,0.5290921628475189,0.5619738698005676,0.27038273215293884,0.3466109037399292,0.27038273215293884,0.528083086013794,0,5,0.0,0.0398518193513155,0.5004024235381879,0.15017158220936364,1.0,0.5,0.8,0.4,0.0,0.2,0.4,9.15204895091804,2.0,0.39448486857405346,3.0,1.8,1.0,1.25,0.16225376011570916,0.8095231056213379,0.4859511724207551,0.00021986489471146343,0.0010934575693681836,0.000656717715673949,0.13366167612512073,0.6681912541389465,0.4009293724098826,8.465652681479696e-05,0.00032803212525323033,0.0002105064253555611,0.03762045657058479,0.18769893050193787,0.11266489473928233,0.0004973173054168001,0.0021769788581877947,0.0013394475070526825,0.055722955256392946,0.2781686264691719,0.16695868520300036,neutral,Zephyrus G14 vs Legion 5i Pro
lenovo_legion_7i_16_2_5k_oled_gaming_laptop_intel_core_ultra_9_275hx_2025_32gb_ram_nvidia_geforce_rtx_5070_1tb_ssd_glacier_white,1rotg94,10,45,0.2795138504356146,0.0,0.048737267501752966,0.03443924327412838,0.029410708515689516,0.5147263493802813,0.5067345645692614,0.5095727066198985,0.5165942907333374,0.6035482287406921,0.3134421110153198,0.34177476167678833,0.5199669599533081,0.4988783001899719,4,6,0.4,0.39542364440858363,1.0888999753452235,0.32678065587516125,1.0,0.5555555555555556,0.6,0.2,0.0,0.1,0.7,15.874822833657074,24.0,0.44971169500444974,3.0,1.5,1.3333333333333333,1.3333333333333333,0.0006022105284500867,0.0011064416030421853,0.0007848426466807722,1.832310749705357e-06,2.7689804937836016e-06,2.3521158709627343e-06,4.8084497029776686e-05,0.00010841790935955942,7.661892668693325e-05,2.93917701128521e-05,5.099709960632026e-05,3.638567104644607e-05,0.00012159941470599734,0.00024038946139626205,0.00016878004680620506,8.893958802218549e-05,0.00011416342022130266,0.00010522962111281231,0.0001486763515117673,0.0002610788037600287,0.00020256095648392143,neutral,Black screen after NVIDIA driver update on Lenovo Legion Pro 7i (RTX 5070 Ti)
asus_rog_zephyrus_g14_14_oled_3k_120hz_gaming_laptop_amd_ryzen_9_270_16gb_lpddr5x_geforce_rtx_5060_1tb_ssd_platinum_white,1p4itx5,8,28,0.3072951063513756,0.125,0.04214933936687253,0.026305732647257902,0.02086476714115123,0.5381356062633651,0.49354186228343416,0.5119806911264148,0.5090534090995789,0.5725525617599487,0.2460407316684723,0.20754307508468628,0.4400970935821533,0.5034187436103821,1,7,0.125,0.16141577158123255,1.3862943611198906,0.4160291953530189,0.625,0.7142857142857143,0.5,0.5,0.125,0.0,0.375,41.597588571935276,61.75,0.715657437796736,3.0,1.75,1.25,1.2857142857142858,0.001097820648283232,0.005574596114456654,0.0020425567287020376,2.7256070325165638e-06,1.189502563647693e-05,4.677136485042864e-06,0.0003038973575257842,0.002203013515099883,0.0006925161098479289,2.799945877995924e-05,7.880232442403212e-05,4.185293219052254e-05,0.00017726793794281548,0.0006421225261874497,0.00027732157832360816,8.118824825942283e-05,0.0001355878630420193,9.858301636995746e-05,0.00028181654297062175,0.0014410028948077525,0.0005247883112057629,neutral,Looking for Gaming Laptops around 1.2k
lenovo_legion_7i_16_2_5k_oled_gaming_laptop_intel_core_ultra_9_275hx_2025_32gb_ram_nvidia_geforce_rtx_5070_1tb_ssd_glacier_white,1r6v7es,35,595,0.29964877228651726,0.14285714285714285,0.04502765383440822,0.03292484752575176,0.028962966317425693,0.47883727580559354,0.4796166081889337,0.4748807898839983,0.47795653343200684,0.9999996423721313,0.30242884159088135,0.2794764041900635,0.7607385516166687,0.5537449717521667,11,24,0.3142857142857143,0.31125647324536526,1.5952212065061242,0.47872848189088163,0.7714285714285715,0.7647058823529411,0.5428571428571428,0.3142857142857143,0.08571428571428572,0.2,0.4,42.015643345238516,38.0,0.9336809632275226,5.0,1.8857142857142857,1.3333333333333333,2.3,0.026728744412373218,0.8791513442993164,0.0025388274807482993,4.013825656394536e-05,0.00132758857216686,2.856014134522411e-06,0.0002582531774221154,0.0066690039820969105,0.00016110065917018817,0.02226553848397868,0.7757056951522827,0.00011440465459600103,0.0009114023291788596,0.023177094757556915,0.000457425584318117,0.0010532166559382209,0.029022900387644768,0.00013830924872308974,0.008542882219242506,0.2858422711918441,0.0005671612782483263,neutral,7i vs pro7i… help me spend my money
lenovo_yoga_slim_7x_copilot_pc_14_5_3k_90hz_oled_touch_screen_laptop_snapdragon_x_elite_x1e_78_100_2024_16gb_512gb_cosmic_blue,1eqgl7a,4,6,0.30045563727617264,0.0,0.04000882553985611,0.02117224893548093,0.015380062842447707,0.4624955157438914,0.589535728096962,0.515726904074351,0.5127531886100769,0.5753732323646545,0.38482213020324707,0.32379522919654846,0.38482213020324707,0.6245200634002686,3,1,0.75,0.7192083424888551,1.0397207708399179,0.3120218965147642,0.5,1.0,0.5,0.5,0.0,0.25,0.25,37.379807383131336,45.0,0.5537749241945383,2.0,1.5,1.0,1.0,0.0004504332537180744,0.0005346994730643928,0.0005200987390708179,1.4770774896533112e-06,1.910684659378603e-06,1.760097950409545e-06,3.320597625133814e-05,4.153426561970264e-05,4.067103327543009e-05,2.161804513889365e-05,2.4490847863489762e-05,2.374335290369345e-05,0.0001093937098630704,0.00013298713020049036,0.000128459634288447,7.28756858734414e-05,8.36991603136994e-05,8.103987493086606e-05,0.00011483395805574523,0.00013292608550348936,0.00012945090716319404,neutral,Yoga Slim 7 14Q8X9 - BSOD on Snapdragon X Elite
hp_omen_max_16_240hz_gaming_laptop_intel_core_ultra_9_275hx_2025_32gb_memory_nvidia_geforce_rtx_5080_1tb_ssd_shadow_black,1qnemq7,34,561,0.2895812316633323,0.029411764705882353,0.05527326842580225,0.045791114008353256,0.042774662883981955,0.4961678225035761,0.5158958767612137,0.4998382264598806,0.5118019580841064,0.8073942065238953,0.2456388622522354,0.24782748520374298,0.644807755947113,0.4613311290740967,13,21,0.38235294117647056,0.3959603707360871,1.6507858007480742,0.49540350710985553,1.0,0.696969696969697,0.47058823529411764,0.35294117647058826,0.029411764705882353,0.17647058823529413,0.4411764705882353,30.49279511020953,22.75,1.0440634780937805,5.0,1.5,1.1111111111111112,1.6666666666666667,0.037037944200325426,0.849080502986908,0.027614322118461113,6.172395106485804e-05,0.0019815792329609394,8.629517378722084e-06,0.023875542646130593,0.7877543568611145,0.0003844555467367172,7.970793478093315e-05,0.0005360862705856562,0.0002243020324385724,0.009327784118581536,0.1278076320886612,0.002591687045060098,0.00021916585629857283,0.0018926076591014862,0.00039180925814434885,0.011766978117863655,0.2897702590174352,0.007430542839339669,neutral,Thoughts about best buy open box max 16
ideapad_1_15_6_fhd_extra_128gb_emmc_storage_numeric_keypad_1y_microsoft_365_includes_pco_laptop_cooler_stand_windows_11_microsoft_lenovo_1_year_accidental_damage_protection_school_year_pcoonline,1lursn0,2,1,0.297959640622139,0.0,0.07007253368712053,0.05513914975465493,0.04969139647483205,0.4747108817100525,0.5444022417068481,0.5071737170219421,0.5071737170219421,0.5071737170219421,0.1668063998222351,0.1668063998222351,0.1668063998222351,0.1668063998222351,0,2,0.0,0.03301780857145786,0.6931471805599453,0.20801459767650946,1.0,1.0,0.5,0.0,0.5,0.5,0.0,3.5,3.5,0.22580645161290322,2.0,1.5,1.0,1.0,0.000506612312165089,0.0005345017998479307,0.0005289239023113623,1.5338618482019228e-06,1.6102155768749071e-06,1.5949448311403102e-06,3.6960710531275254e-05,4.4114414777141064e-05,4.2683673927967906e-05,2.4705829673621338e-05,2.5236582587240264e-05,2.513043200451648e-05,0.00012323996998020448,0.00013520789798349142,0.00013281431238283404,8.230951061705127e-05,8.615307888248935e-05,8.538436522940173e-05,0.00012922703246924055,0.00013762708063798831,0.00013594707100423876,desire,Amazon Prime Day is here with good laptop deals
ideapad_1_15_6_fhd_extra_128gb_emmc_storage_numeric_keypad_1y_microsoft_365_includes_pco_laptop_cooler_stand_windows_11_microsoft_lenovo_1_year_accidental_damage_protection_school_year_pcoonline,1ns6sn3,1,0,0.29050424695014954,0.0,0.0,0.0,0.0,0.0,0.0,0.0,0.0,0.0,0.0,0.0,0.0,0.0,0,1,0.0,0.044889867305755615,-0.0,0.0,1.0,0.0,1.0,1.0,0.0,0.0,0.0,0.0,0.0,0.0,1.0,1.0,0.0,0.0,0.002348447684198618,0.002348447684198618,0.002348447684198618,3.102802338617039e-06,3.102802338617039e-06,3.102802338617039e-06,0.0002463657583575696,0.0002463657583575696,0.0002463657583575696,5.2878502174280584e-05,5.2878502174280584e-05,5.2878502174280584e-05,0.0003810417256318033,0.0003810417256318033,0.0003810417256318033,9.560116450302303e-05,9.560116450302303e-05,9.560116450302303e-05,0.0005212396062006519,0.0005212396062006519,0.0005212396062006519,neutral,"Best Laptop Deals [Updated weekly] – Gaming, Student, Work & More (September 2025)"
hp_omen_max_16_240hz_gaming_laptop_intel_core_ultra_9_275hx_2025_32gb_memory_nvidia_geforce_rtx_5080_1tb_ssd_shadow_black,1shqap8,26,325,0.2927951267361641,0.0,0.06049207658224128,0.055682430915130164,0.05561176026841125,0.4579798667705976,0.4622715187989748,0.4486012325837062,0.4327632486820221,0.8957033753395081,0.17017263174057007,0.14013734459877014,0.580184817314148,0.35760363936424255,4,22,0.15384615384615385,0.21926702910031265,1.2291556648415418,0.3688716166994547,1.0769230769230769,0.8,0.5,0.46153846153846156,0.07692307692307693,0.15384615384615385,0.3076923076923077,27.98308872225991,20.5,1.126254344858758,8.0,3.3076923076923075,1.125,3.2987012987012987,0.0012577700041359863,0.007474241778254509,0.002543889917433262,3.643167727974427e-06,2.3809614503988996e-05,1.0272313829773339e-05,0.00016624712693905726,0.001776166376657784,0.00018476225523045287,4.075923096444547e-05,0.00021630528499372303,7.416326479869895e-05,0.00019318565626655563,0.0008209288935177028,0.0003350605838932097,0.00013711866127918116,0.0004706787585746497,0.00035074769402854145,0.0002997873078855334,0.0015903973455048497,0.0006622723868379883,neutral,Ultra 9 vs Ultra 7
asus_rog_zephyrus_g14_14_oled_3k_120hz_gaming_laptop_amd_ryzen_9_270_16gb_lpddr5x_geforce_rtx_5060_1tb_ssd_platinum_white,1rcvf35,4,6,0.2982958257198334,0.0,0.07545853007297619,0.04449772373384061,0.03266617038254401,0.5544755210479101,0.5732655922571818,0.5626262327035269,0.5648308992385864,0.6098572015762329,0.49522140622138977,0.4798212945461273,0.49522140622138977,0.6796576380729675,0,4,0.0,0.02304196311160922,1.0397207708399179,0.3120218965147642,0.5,1.0,0.5,0.25,0.5,0.0,0.25,18.096961070853858,22.0,0.39341219719247517,2.0,1.25,1.0,1.0,0.2199963787716115,0.8784760236740112,0.615128942008596,0.0007079693012315147,0.0028265896253287792,0.001979212598780578,0.19931424624610372,0.7971106171607971,0.5579963788244642,0.00021352615658543073,0.000783396593760699,0.0005573290090978846,0.02722485176855116,0.10858917236328125,0.07604737511792338,0.000819502274680417,0.003070779610425234,0.0021737079165177423,0.0747127457531273,0.2984760965046007,0.20898049091256332,neutral,Strix G16 vs. 2025 Zephyrus G14
lenovo_yoga_slim_7x_copilot_pc_14_5_3k_90hz_oled_touch_screen_laptop_snapdragon_x_elite_x1e_78_100_2024_16gb_512gb_cosmic_blue,1q17wz2,4,6,0.3055049255490303,0.0,0.029447387225462685,0.022474286304857982,0.019848331021420775,0.5196647842725118,0.447620153427124,0.4768543988466263,0.4814999848604202,0.5008435845375061,0.29298630356788635,0.27525848150253296,0.29298630356788635,0.35971829295158386,0,4,0.0,0.03741453634575009,0.5623351446188083,0.16875769266311968,1.0,0.3333333333333333,0.75,0.25,0.0,0.0,0.75,22.76510487566442,25.5,0.641270559877871,3.0,1.75,1.0,1.3333333333333333,0.06051579996710643,0.24011176824569702,0.1683663579227869,3.4188450683814153e-06,8.810346116661094e-06,6.781294655411331e-06,0.0004021239901703666,0.0014922061236575246,0.0010612502021103867,4.759407420351636e-05,7.812779222149402e-05,7.468251133104787e-05,0.045645232348761056,0.18218131363391876,0.1275760622142116,0.00018662300135474652,0.0004925692919641733,0.0003730698103026953,0.01780013203777742,0.07072555186065681,0.04957560170792402,neutral,Lenovo 7x - X elite/32gb extremely hot in some areas and battery autonomy of 2h
lenovo_ideapad_slim_5_16_fhd_touchscreen_laptop_amd_ryzen_7_350_16gb_ram_1tb_ssd_backlit_keyboard_pco_lt_cooler_blue,1rm4q7a,2,1,0.30301402509212494,0.0,0.07085563947422388,0.074306640036196,0.07821032770755934,0.5291609764099121,0.43749773502349854,0.47898340225219727,0.47898340225219727,0.47898340225219727,0.2000531703233719,0.2000531703233719,0.2000531703233719,0.2000531703233719,0,2,0.0,0.35730937123298645,0.6931471805599453,0.20801459767650946,1.5,1.0,0.5,0.0,0.5,0.5,0.0,2.5,2.5,0.2631578947368421,1.0,1.0,0.0,0.0,0.0004643760767066851,0.0004942471859976649,0.00048827296413946894,1.3474028719429043e-06,1.364341869702912e-06,1.3609540701509106e-06,2.9355635888350662e-05,3.135998485959135e-05,3.095911506534321e-05,2.187462268921081e-05,2.2968495613895357e-05,2.2749721028958445e-05,0.00011421621820772998,0.00012598048488143831,0.00012362763154669665,7.91078018664848e-05,7.984245894476771e-05,7.969552752911112e-05,0.00011837962637173405,0.00012534533569426762,0.0001239521938297609,curiosity,Ideapad Slim 5 - Decent Price for 2026?
hp_omen_max_16_240hz_gaming_laptop_intel_core_ultra_9_275hx_2025_32gb_memory_nvidia_geforce_rtx_5080_1tb_ssd_shadow_black,1lr6v3n,17,136,0.29185564509209466,0.058823529411764705,0.03982544677776634,0.03251203697703339,0.03018741217102591,0.46965129629654045,0.4886683308902909,0.47260529394535455,0.4727165400981903,0.5879532694816589,0.22830632328987122,0.2179625779390335,0.5235743522644043,0.4400831460952759,3,14,0.17647058823529413,0.2294210696264225,1.430349831409688,0.4292503137313387,0.8823529411764706,0.6875,0.4117647058823529,0.4117647058823529,0.17647058823529413,0.17647058823529413,0.23529411764705882,32.47080136332441,35.0,0.8775892260357949,6.0,2.2941176470588234,1.1111111111111112,2.78125,0.001939842420945163,0.02273799106478691,0.0017374042654410005,3.9766232743311455e-06,3.6846904549747705e-05,4.230132435623092e-06,0.00039752748285964653,0.005834589712321758,0.00017922496335813785,3.405182745636386e-05,0.00018233720038551837,3.9234990254044546e-05,0.00020723896972520058,0.001510332920588553,0.00023530395701527602,0.00014288348671363885,0.0011106582824140787,0.00013246637390693653,0.000454253468495724,0.005235459347507761,0.0003957675012960256,neutral,Would the AMD Ryzen AI 9 HX 375 run cooler than the Intel Core Ultra 7 255HX or 9 275HX in the HP Omen Max 16 (RTX 5080)?
gigabyte_aero_x16_copilot_pc_16_2560_1600_wqxga_amd_ryzen_al_7_350_1tb_ssd_32gb_ddr5_ram_geforce_rtx_5060_space_gray,1mue1q9,1,0,0.292361319065094,0.0,0.0,0.0,0.0,0.0,0.0,0.0,0.0,0.0,0.0,0.0,0.0,0.0,1,0,1.0,0.8642286658287048,-0.0,0.0,1.0,0.0,1.0,0.0,0.0,0.0,1.0,0.0,0.0,0.0,1.0,1.0,0.0,0.0,0.0006049090879969299,0.0006049090879969299,0.0006049090879969299,1.3769663382845465e-06,1.3769663382845465e-06,1.3769663382845465e-06,2.8896634830744006e-05,2.8896634830744006e-05,2.8896634830744006e-05,3.096488944720477e-05,3.096488944720477e-05,3.096488944720477e-05,0.00012292798783164471,0.00012292798783164471,0.00012292798783164471,9.618033800506964e-05,9.618033800506964e-05,9.618033800506964e-05,0.00014754265074164627,0.00014754265074164627,0.00014754265074164627,curiosity,Considering buying the Aero X16
16_2k_lcd_touchscreen_16gb_memory_1tb_storage_windows_11_copilot_pc_intel_core_ultra_7,1qw4zkr,5,10,0.3258921980857849,0.2,0.06320527214393999,0.05959689192525626,0.05862144754522229,0.4387897700071335,0.45826598107814787,0.43746645748615265,0.425757572054863,0.559219479560852,0.24019131064414978,0.20936116576194763,0.24019131064414978,0.44655531644821167,0,5,0.0,0.07109063640236854,1.0549201679861442,0.3165832603505712,1.0,0.75,0.4,0.2,0.0,0.6,0.2,5.1536394906900505,8.0,0.5052587735970638,3.0,1.6,1.0,1.3333333333333333,0.0012502657307777553,0.0026728063821792603,0.002522687613964081,2.669626042006712e-06,7.72217936173547e-06,5.30784209331614e-06,4.2700943959061986e-05,0.00010164203558815643,7.622572156833485e-05,3.4376426629023624e-05,6.161739293020219e-05,5.70505639188923e-05,0.00023420613433700055,0.00044280881411395967,0.0004280753259081393,0.0003378936788067222,0.0009932010434567928,0.0007696120534092189,0.00031701875675859504,0.0007132996412716844,0.000643159853476997,curiosity,"[eBay] HP OMEN Gaming Laptop: 16"" 2K (1920 x 1200) FHD+ 144Hz Display, Intel Core Ultra 7 255H w/ AI Boost, NVIDIA GeForce RTX 5060, 16GGB RAM, 1TB SSD, Shadow Black. Now: $1,024.99 After 31% Off #ad"
lenovo_legion_7i_16_2_5k_oled_gaming_laptop_intel_core_ultra_7_255hx_2025_32gb_ram_nvidia_geforce_rtx_5060_1tb_ssd_glacier_white,1rsu2k9,23,253,0.29005093516215036,0.043478260869565216,0.04669323739533129,0.03254676998195719,0.027482503155356417,0.4952927164645063,0.53036235255215,0.5059420734997323,0.5069096088409424,0.6281478404998779,0.31040966510772705,0.25253748893737793,0.7337784767150879,0.6299916505813599,5,18,0.21739130434782608,0.26065149376897706,2.0198421848814827,0.6061579289967655,0.8695652173913043,0.9545454545454546,0.2608695652173913,0.5217391304347826,0.08695652173913043,0.08695652173913043,0.30434782608695654,28.14625588292061,33.5,0.7090513530199057,6.0,2.3043478260869565,1.0714285714285714,2.525,0.0729055953282944,0.876452624797821,0.022797227092087275,0.00023934239171150853,0.003513629548251629,2.6801383137353705e-05,0.06095244213263314,0.717516303062439,0.0002809185883961619,8.24380823241486e-05,0.0006262774113565683,0.00019626022549346092,0.01639323790605767,0.2438988983631134,0.0020200276281684645,0.0018937893881862376,0.021621085703372955,0.006321203336119656,0.025411140871534524,0.2877772643939049,0.007348203451995993,neutral,Gen 10 5i pro or 7i?
16_2k_lcd_touchscreen_16gb_memory_1tb_storage_windows_11_copilot_pc_intel_core_ultra_7,1s6l461,3,3,0.2993125816186269,0.0,0.03272419754449549,0.0146412767591386,0.010053816591502564,0.5492692788441976,0.46809553106625873,0.49779703219731647,0.504775881767273,0.5256326794624329,0.6645392775535583,0.6544631719589233,0.6645392775535583,0.7299659252166748,0,3,0.0,0.025601813569664955,0.6365141682948128,0.1910189384688593,0.6666666666666666,1.0,0.6666666666666666,1.0,0.0,0.0,0.0,50.075498555237125,59.0,0.571203405573047,1.0,1.0,0.0,0.0,0.00042885469156317413,0.00047245813766494393,0.0004638197016902268,1.5206506607986132e-06,1.5620889826095663e-06,1.5561605550828972e-06,3.5723648882897883e-05,4.1318726289318874e-05,4.058639169670641e-05,2.0567151295836084e-05,2.1953070245217532e-05,2.1857323372387327e-05,0.00010461498459335417,0.00011164444731548429,0.00011041613470297307,6.964293061173521e-05,7.726110925432295e-05,7.59501795982942e-05,0.00011015400960129936,0.00011933020975144852,0.00011735934395270913,approval,Laptop for light gaming and medical residency ($1000 budget)
gigabyte_aero_x16_copilot_pc_16_2560_1600_wqxga_amd_ryzen_al_7_350_1tb_ssd_32gb_ddr5_ram_geforce_rtx_5060_space_gray,1p45d0m,3,3,0.2868228753407796,0.0,0.12543807011538807,0.08126862520570553,0.06620357522767538,0.5532647768656412,0.5511050224304199,0.5515364607175192,0.5364081859588623,0.5891146063804626,0.49588656425476074,0.49036353826522827,0.49588653445243835,0.5706882476806641,0,3,0.0,0.1582640546063582,0.6365141682948128,0.1910189384688593,0.6666666666666666,0.5,0.6666666666666666,0.0,0.6666666666666666,0.0,0.3333333333333333,4.642796092394706,5.5,0.20788639219677787,2.0,1.3333333333333333,1.0,1.0,0.0004503937088884413,0.0005588236381299794,0.0005273233517073094,1.4277345599111868e-06,1.4763634226255817e-06,1.4655913901151506e-06,2.8229145755176432e-05,3.2025694963522255e-05,3.110494290012866e-05,2.0543519591835018e-05,2.232690530945547e-05,2.196556997660082e-05,0.00010703738856439789,0.00012965765199624002,0.00012311705941101537,8.26412724563852e-05,8.696884469827637e-05,8.66856556967832e-05,0.00011504546163602451,0.00013829518784784037,0.00013163705944710575,neutral,Pick 1: Alienware - 16 Aurora vs Gigabyte Aero X16
lenovo_ideapad_slim_3_15_6_full_hd_touchscreen_laptop_amd_ryzen_7_5825u_2025_16gb_memory_512gb_ssd_arctic_grey,1oywvd0,1,0,0.30986765027046204,0.0,0.0,0.0,0.0,0.0,0.0,0.0,0.0,0.0,0.0,0.0,0.0,0.0,0,1,0.0,0.3078562617301941,-0.0,0.0,1.0,0.0,1.0,0.0,0.0,0.0,1.0,0.0,0.0,0.0,1.0,1.0,0.0,0.0,0.0004047948750667274,0.0004047948750667274,0.0004047948750667274,1.474977239013242e-06,1.474977239013242e-06,1.474977239013242e-06,3.098996967310086e-05,3.098996967310086e-05,3.098996967310086e-05,2.031331678153947e-05,2.031331678153947e-05,2.031331678153947e-05,9.801860869629309e-05,9.801860869629309e-05,9.801860869629309e-05,7.367236685240641e-05,7.367236685240641e-05,7.367236685240641e-05,0.00010487735238484674,0.00010487735238484674,0.00010487735238484674,neutral,"[eBay] Lenovo IdeaPad Slim 3: 15.6"" FHD IPS Touch Display, Ryzen 7 5825U, AMD Radeon Graphics, 16GB RAM, 512GB SSD. Now: $399.99 After 47% Off #ad"
asus_rog_zephyrus_g14_14_oled_3k_120hz_gaming_laptop_amd_ryzen_9_270_16gb_lpddr5x_geforce_rtx_5060_1tb_ssd_platinum_white,1ro8a6j,15,105,0.3138324737548828,0.2,0.045533070043505965,0.03320456203678619,0.028814363146088016,0.5067830102784293,0.5220349604175204,0.5116940572148277,0.5116654634475708,0.6380274891853333,0.31666603684425354,0.288617879152298,0.6264950037002563,0.5447148084640503,2,13,0.13333333333333333,0.14745235554873942,1.1699929969668565,0.3511168037238325,1.0,0.7142857142857143,0.6,0.2,0.06666666666666667,0.26666666666666666,0.4666666666666667,36.87251309881416,32.5,0.8682695392185438,5.0,2.0,1.0,1.7333333333333334,0.010604472058669974,0.15059107542037964,0.0016832494176924223,2.4230681447079406e-06,9.39189521886874e-06,4.993815264242583e-06,0.00018786887630994897,0.0023043884430080652,7.495281315641476e-05,2.9360362653581736e-05,8.294235885841772e-05,4.6143937652232125e-05,0.006396406332593567,0.0941457450389862,0.00030930627835914484,0.00016056032909546049,0.0008236438734456897,0.00036922822764608995,0.0028968485045778735,0.04128103435899296,0.0004413549466259305,neutral,ROG Zephyrus G14 overheating
hp_omen_max_16_240hz_gaming_laptop_intel_core_ultra_9_275hx_2025_32gb_memory_nvidia_geforce_rtx_5080_1tb_ssd_shadow_black,1sf6yya,10,45,0.3310669243335724,0.2,0.07908058629325271,0.08596377095852938,0.09833406506705626,0.49052521851327685,0.4552509433693356,0.4615682191318936,0.4681312143802643,0.5972548723220825,0.1441495418548584,0.14402467012405396,0.27482593059539795,0.264207124710083,2,8,0.2,0.205610135756433,1.4708084763221112,0.44139201895647684,0.9,0.6666666666666666,0.4,0.3,0.1,0.1,0.5,11.304866208850063,11.75,1.0277151098954602,4.0,2.1,1.2,1.5833333333333333,0.0010109313414432108,0.0037757668178528547,0.0013529685907997181,2.08856504286814e-06,5.824911113450071e-06,2.731344238782184e-06,6.304829712462378e-05,0.00018805258150678128,0.00014971718774177135,3.821719619736541e-05,7.964672113303095e-05,5.200865271035581e-05,0.00020105013900320045,0.000855528749525547,0.00023798256443114925,0.0001001716846076306,0.00014896271750330925,0.00013353014073800296,0.00023591787056981647,0.0008295068925387264,0.0003148831228751682,neutral,just got the HP omen max 16 for gaming while traveling
lenovo_ideapad_slim_3_15_6_full_hd_touchscreen_laptop_amd_ryzen_7_5825u_2025_16gb_memory_512gb_ssd_arctic_grey,1p4u4wz,1,0,,,0.0,0.0,0.0,0.0,0.0,0.0,0.0,0.0,0.0,0.0,0.0,0.0,0,1,0.0,0.044192586094141006,-0.0,0.0,1.0,0.0,1.0,0.0,0.0,1.0,0.0,0.0,0.0,0.0,1.0,1.0,0.0,0.0,0.00040875421836972237,0.00040875421836972237,0.00040875421836972237,1.285188545807614e-06,1.285188545807614e-06,1.285188545807614e-06,2.56818766501965e-05,2.56818766501965e-05,2.56818766501965e-05,1.8317598005523905e-05,1.8317598005523905e-05,1.8317598005523905e-05,0.00010647027374943718,0.00010647027374943718,0.00010647027374943718,7.568293949589133e-05,7.568293949589133e-05,7.568293949589133e-05,0.00010603201580276315,0.00010603201580276315,0.00010603201580276315,neutral,"[eBay] Lenovo IdeaPad Slim 3: 15.6"" FHD IPS Touch Display, Ryzen 7 5825U, AMD Radeon Graphics, 16GB RAM, 512GB SSD. Now: $399.99 After 47% Off #ad"
ideapad_1_15_6_fhd_extra_128gb_emmc_storage_numeric_keypad_1y_microsoft_365_includes_pco_laptop_cooler_stand_windows_11_microsoft_lenovo_1_year_accidental_damage_protection_school_year_pcoonline,1h5s6rh,17,136,0.3152813122552984,0.17647058823529413,0.048964849453982176,0.03314418428313343,0.026666401390070378,0.5043863259694156,0.49092986851054077,0.49573371975737457,0.49412529170513153,0.6019555926322937,0.2818157374858856,0.2560131549835205,0.6798807978630066,0.5350362062454224,0,17,0.0,0.09916132009204696,1.7731058914351236,0.5321119655233573,0.7647058823529411,0.875,0.47058823529411764,0.4117647058823529,0.058823529411764705,0.17647058823529413,0.35294117647058826,33.66402287288552,29.0,0.6970625929830131,6.0,2.1176470588235294,1.3333333333333333,3.0555555555555554,0.05406811159542378,0.9027664661407471,0.004172459547407929,0.0002915094364050888,0.0049294172786176205,2.364035981372581e-06,0.05383656069127884,0.9144664406776428,0.00011943398130824794,4.497595909924712e-05,0.00039667560486122966,3.634080967458431e-05,0.007128461218706113,0.11455435305833817,0.0021017664985265596,0.00019528999837348238,0.0020255192648619413,0.00012095422716811302,0.019260818149881093,0.3231898120041781,0.0010867493708701667,neutral,"Laptop Recommendations for the month of December: Gaming, editing, student, etc
"
dell_inspiron_3000_series_15_6_touchscreen_laptop_amd_ryzen_7_7730u_16gb_ram_512gb_ssd_numeric_kp_pco_lt_cooler_black,1s3x5ps,4,6,0.3088390827178955,0.0,0.07835226974476413,0.04851696950154661,0.03453261720174793,0.5572208861509959,0.5646541913350424,0.5575022598107656,0.5527945160865784,0.6122068762779236,0.5770703554153442,0.5965378284454346,0.5770702958106995,0.6762180328369141,0,4,0.0,0.021075144410133362,0.6931471805599453,0.20801459767650946,0.75,1.0,0.5,1.0,0.0,0.0,0.0,43.93745554763043,41.0,0.556170323387727,4.0,2.5,1.0,1.6666666666666667,0.00041729965596459806,0.00043914158595725894,0.000433251351932995,1.457330711218674e-06,1.538661877020786e-06,1.514385837708687e-06,3.295245369372424e-05,3.9417431253241375e-05,3.729280542756897e-05,1.9186573354090797e-05,1.9745422832784243e-05,1.974468832486309e-05,0.000103597227280261,0.00010804634803207591,0.00010720384889282287,6.838113040430471e-05,7.390111568383873e-05,7.224650616990403e-05,0.00010714572856803291,0.00011228421114613714,0.00011083509710564006,neutral,Help with buying laptop
lenovo_legion_7i_16_2_5k_oled_gaming_laptop_intel_core_ultra_7_255hx_2025_32gb_ram_nvidia_geforce_rtx_5060_1tb_ssd_glacier_white,1q71vrj,42,861,0.31292950965109323,0.14285714285714285,0.04676440210373364,0.0371357504036838,0.03403083541037975,0.4871334425594472,0.4983986239192378,0.48841788845610534,0.4925195872783661,0.701147735118866,0.2669898271560669,0.2456030547618866,0.7270345091819763,0.5196847915649414,4,38,0.09523809523809523,0.12308579013638553,2.060535503664579,0.6183700602326592,0.8571428571428571,0.8292682926829268,0.35714285714285715,0.23809523809523808,0.07142857142857142,0.047619047619047616,0.6428571428571429,40.568130874251345,19.5,1.1209615109990503,7.0,2.5,1.2608695652173914,2.737864077669903,0.07817456942159749,0.9680928587913513,0.03888584114611145,0.0008183071590819747,0.02555331587791443,1.1944320704060369e-05,0.06485031655904008,0.9647435545921326,0.0015048278524773177,0.00012467952880494218,0.0016973860329017043,0.00022265033330768336,0.018312330386314506,0.3307831585407257,0.00569344565737992,0.0004969202948684272,0.005607009865343571,0.0006588815886061636,0.027129520558284565,0.35329781400893506,0.00904137950516693,neutral,"Should I Pull The Trigger? (Legion 7i, 5060, 32gb, 255HX)"
hp_omen_max_16_240hz_gaming_laptop_intel_core_ultra_9_275hx_2025_32gb_memory_nvidia_geforce_rtx_5080_1tb_ssd_shadow_black,1pvbz1m,61,1830,0.30193777990837894,0.08333333333333333,0.043250848565300724,0.034206132314680816,0.03103472519832527,0.4707887856849556,0.4642193718034713,0.4622956517697032,0.46991732716560364,1.0,0.2284080982208252,0.20074224472045898,0.7717928290367126,0.4527689516544342,25,36,0.4098360655737705,0.42765238062768685,1.7815092325336508,0.5346338218718697,0.819672131147541,0.7333333333333333,0.5409836065573771,0.19672131147540983,0.03278688524590164,0.14754098360655737,0.6229508196721312,38.48232072434164,48.0,1.018404149320972,4.0,1.9508196721311475,1.3333333333333333,2.4017094017094016,0.06407305885003269,0.9708305597305298,0.020179251208901405,0.00035947472564449066,0.01681135967373848,1.7200263755512424e-05,0.05361412287549951,0.9520574808120728,0.005143118090927601,8.071910281719059e-05,0.000998653587885201,0.00024032047076616436,0.021548067802347654,0.7847968339920044,0.0029263836331665516,0.00035803130284890717,0.005648321472108364,0.0006514063570648432,0.02333891244319841,0.421341668421519,0.006780770501639684,neutral,Hp omen 16 review
lenovo_legion_7i_16_2_5k_oled_gaming_laptop_intel_core_ultra_7_255hx_2025_32gb_ram_nvidia_geforce_rtx_5060_1tb_ssd_glacier_white,1o12s2r,19,171,0.29614621165551636,0.05263157894736842,0.05003263158388682,0.03667422912024595,0.031400374355694864,0.5010103757618464,0.48465504771784734,0.489363076568347,0.4841073155403137,0.6512971520423889,0.2420511096715927,0.23737375438213348,0.5539427995681763,0.47204524278640747,1,18,0.05263157894736842,0.12339640693052818,1.4801120971561,0.44418405071970724,0.7368421052631579,0.8333333333333334,0.47368421052631576,0.3157894736842105,0.10526315789473684,0.15789473684210525,0.42105263157894735,21.612169548108245,33.5,0.6436226040972675,5.0,2.8947368421052633,1.1538461538461537,2.576923076923077,0.0020157870634360925,0.029674291610717773,0.0006279562134295701,3.3423197129722165e-06,3.3445143344579265e-05,2.0759247490786942e-06,0.0003853016813464867,0.006605782546103001,7.002555212238803e-05,3.231327268861749e-05,0.00021942467719782144,2.724247533478774e-05,0.0002131454365505641,0.002198253758251667,0.00014025721757207065,0.00017584817052059072,0.001944678951986134,8.380294020753354e-05,0.00047095632404255393,0.006779312781266829,0.00015236839164269134,neutral,Core Ultra 7 255HX or Core Ultra 9 275 HX - Legion 7i
asus_rog_zephyrus_g14_14_oled_3k_120hz_gaming_laptop_amd_ryzen_9_270_16gb_lpddr5x_geforce_rtx_5060_1tb_ssd_platinum_white,1sa25pg,15,105,0.3141467173894246,0.0,0.06018231158771725,0.042631224054879506,0.03598402649321408,0.5072408111322494,0.5284834535348983,0.5098654897440047,0.5130488276481628,0.6647076606750488,0.2858780324459076,0.2626115679740906,0.6444997787475586,0.5058146715164185,0,15,0.0,0.04724266789853573,1.4897503188505912,0.4470764967460721,1.0,0.8571428571428571,0.3333333333333333,0.4,0.2,0.13333333333333333,0.26666666666666666,18.957730759654634,25.5,0.6375918416924204,5.0,2.533333333333333,1.0,1.9130434782608696,0.0006709755049087107,0.001694195787422359,0.001117912773042917,1.7700156983361617e-06,2.3060924831952434e-06,2.271998027936206e-06,4.457236391317565e-05,7.758477295283228e-05,6.579446198884398e-05,3.196073363748534e-05,9.721974493004382e-05,5.02383365528658e-05,0.00012913770915474744,0.00027398770907893777,0.00019194219494238492,8.775823080213741e-05,0.00013440707698464394,0.00011435031337896361,0.00016102909301909878,0.0003783588750441898,0.00025389344937138954,neutral,G14 Ryzen 9 270 RTX 5060 - The best choice for my needs? (Will be happy to get an advice from anyone with this experience)
hp_omen_max_16_240hz_gaming_laptop_intel_core_ultra_9_275hx_2025_32gb_memory_nvidia_geforce_rtx_5080_1tb_ssd_shadow_black,1s16dss,3,3,0.22042179852724075,0.0,0.03163059455300183,0.01931259392239548,0.01518225918971159,0.44453492760658264,0.4896714886029561,0.4656500816345215,0.4589537978172302,0.5234805941581726,0.26036760210990906,0.09316929429769516,0.26036760210990906,0.5070396065711975,1,2,0.3333333333333333,0.34473925208052,0.6365141682948128,0.1910189384688593,0.6666666666666666,0.5,0.6666666666666666,0.3333333333333333,0.0,0.0,0.6666666666666666,21.9291789378647,25.0,0.3614699824922753,1.0,1.0,0.0,0.0,0.001415588039283951,0.002531720558181405,0.002221552119590342,2.5042069182745763e-06,4.380093287181808e-06,3.84179181764921e-06,9.314805114020903e-05,0.00019571647862903774,0.00016576484340475873,3.889016564547395e-05,4.360019738669507e-05,4.337606660556048e-05,0.00022413393890019506,0.0002964323794003576,0.0002836829546140507,0.0001362445400445722,0.00020644943288061768,0.00018802427803166213,0.00031841815698877934,0.000546196414309937,0.0004829410364285044,neutral,HP Omen Max 16 5080 275HX - Blue Screen of Death - Nvidia
asus_rog_zephyrus_g14_14_oled_3k_120hz_gaming_laptop_amd_ryzen_9_270_16gb_lpddr5x_geforce_rtx_5060_1tb_ssd_platinum_white,1pwpusc,8,28,0.29370711371302605,0.0,0.048593285679672325,0.044715898557882945,0.044986997972900226,0.46057890355587006,0.4764643375362669,0.46576657465526033,0.4877477288246155,0.568528413772583,0.22720494866371155,0.22339478135108948,0.3686296045780182,0.4104726314544678,1,7,0.125,0.19573902455158532,0.7356219397587946,0.22076134208224704,1.0,0.42857142857142855,0.75,0.125,0.125,0.25,0.5,15.998046755776157,25.75,0.7355423795759153,4.0,1.75,1.0,1.6666666666666667,0.0015493119462917093,0.008824528194963932,0.0031983259716071174,2.40583878508005e-06,8.66534719534684e-06,3.955622878493158e-06,0.00017772621367839747,0.001182304578833282,0.00039262148129637337,6.916050392646866e-05,0.00036710695712827146,0.00014343001239467407,0.00022715625436831033,0.0010123261017724872,0.00041551680624252174,0.00011795604859798914,0.0004034578741993755,0.00018201136626885267,0.0003572861342746592,0.001966398175682116,0.0007200489873298462,neutral,Should I wait or should I buy now?
lenovo_legion_7i_16_2_5k_oled_gaming_laptop_intel_core_ultra_7_255hx_2025_32gb_ram_nvidia_geforce_rtx_5060_1tb_ssd_glacier_white,1q2b8kh,20,190,0.311102432012558,0.15,0.04737798492375572,0.0357891911467711,0.03176306857093899,0.507410381655944,0.4831705292588786,0.4901394285653767,0.4888816624879837,0.6390407085418701,0.32747307419776917,0.3114001154899597,0.633742094039917,0.5295305252075195,3,17,0.15,0.18412092421203852,1.400138654928281,0.4201838904703551,0.85,0.7894736842105263,0.45,0.35,0.15,0.1,0.4,22.51865892987413,27.25,0.7240726344010975,6.0,1.95,1.0,2.1052631578947367,0.009999823625548743,0.1675037294626236,0.010915817692875862,7.179579222338362e-06,0.00010320717410650104,4.7161459860944935e-06,0.005737592652440071,0.11341062188148499,0.0002869273710530252,0.00016149333118846697,0.0025849505327641964,7.120638329070081e-05,0.0012971767431736226,0.01944238878786564,0.0010550312581472136,0.00017344364641758148,0.000937628501560539,0.00039305884856730746,0.00289611826299847,0.05022278594939659,0.002487720417347343,neutral,"Worth it at a $1,299 price point?"
hp_omnibook_5_16_fhd_touchscreen_laptop_intel_core_ultra_7_255u_16gb_ram_1tb_ssd_copilot_pco_laptop_cooler_silver,1s368w7,5,10,0.2982860326766968,0.0,0.04389257783668415,0.03665277102596424,0.034158804922090086,0.5372006297111511,0.5542137086391449,0.542089456319809,0.5305030345916748,0.6066094040870667,0.4185722768306732,0.43991371989250183,0.4185722768306732,0.6595076322555542,1,4,0.2,0.19208740815520287,1.0549201679861442,0.3165832603505712,0.6,1.0,0.4,0.0,0.2,0.2,0.6,24.187600128991715,12.0,0.8457202842304795,5.0,3.0,1.0,2.0,0.0005482894601300358,0.0007470455602742732,0.0006987514556385577,1.5809108845132868e-06,1.8611270888868603e-06,1.8583781866254865e-06,4.10613116400782e-05,5.5760890973033383e-05,5.483142667799257e-05,2.2367242854670623e-05,2.952384966192767e-05,2.7414783835411073e-05,0.00011905554129043594,0.0001730588119244203,0.00015281508385669442,7.893321744631976e-05,9.299186785938218e-05,9.22894905670546e-05,0.00013521461404100897,0.00017425771856475572,0.00016683204801969017,disapproval,Anyone have a preffered laptop for students other than macs?
asus_rog_zephyrus_g14_14_oled_3k_120hz_gaming_laptop_amd_ryzen_9_270_16gb_lpddr5x_geforce_rtx_5060_1tb_ssd_platinum_white,1is65ws,105,5460,0.314005371725675,0.1262135922330097,0.04949729229280881,0.03598022464941811,0.031150527651352306,0.4951772028355153,0.5019849312310909,0.4953772188051716,0.5004101395606995,0.9999999403953552,0.26340487599372864,0.2498757541179657,0.8174389004707336,0.5019832253456116,25,80,0.23809523809523808,0.26422375637505735,2.0211485566433764,0.6065499732899367,0.8857142857142857,0.7307692307692307,0.4380952380952381,0.1619047619047619,0.10476190476190476,0.12380952380952381,0.6095238095238096,28.857152286655694,36.0,0.7674774544323323,9.0,2.9523809523809526,1.36,5.233737596471886,0.045087072938691734,0.981778621673584,0.004226304590702053,0.0007414678367781779,0.06475113332271576,5.015616716264049e-06,0.03173285317505014,0.9708601236343384,0.00035941959940828314,7.267538014621962e-05,0.0016990513540804386,0.00010149621521122749,0.015546166086001212,0.8358869552612305,0.0008201677468605336,0.00031751908515746305,0.011604978702962399,0.00033400199608877234,0.015582959083637495,0.39512909785844386,0.0009188379437394657,neutral,2024 g14 and g16 over $500 off on bestbuy
ideapad_1_15_6_fhd_extra_128gb_emmc_storage_numeric_keypad_1y_microsoft_365_includes_pco_laptop_cooler_stand_windows_11_microsoft_lenovo_1_year_accidental_damage_protection_school_year_pcoonline,1lui28w,6,15,0.29956704874833423,0.0,0.04445840253044345,0.04002072881585961,0.038382834454249726,0.4323350012302399,0.4853057265281677,0.4546097874641418,0.4545769691467285,0.5213680267333984,0.2148420363664627,0.21517255902290344,0.32591837644577026,0.45640474557876587,0,6,0.0,0.11939746824403603,1.5607104090414063,0.4683717353708719,0.6666666666666666,0.8,0.3333333333333333,0.3333333333333333,0.16666666666666666,0.3333333333333333,0.16666666666666666,18.0,10.5,0.9,3.0,1.6666666666666667,1.0,1.25,0.0004922113002976403,0.0005876144277863204,0.0005795978067908436,1.3989559306537558e-06,1.5723360320407664e-06,1.5540402387159702e-06,3.2452133382321335e-05,4.0582381188869476e-05,3.712528268806636e-05,2.131786489674899e-05,2.6978430469171144e-05,2.4438933905912563e-05,0.00011719154038776954,0.00012634355516638607,0.00012544826313387603,7.880221407200831e-05,9.948980732588097e-05,9.063228935701773e-05,0.00012389566816119036,0.00014241574956486147,0.00014207186229479402,neutral,"🎓📚 Prime Day Laptop Deals for Students, Light Use & Everyday Tasks ✨💻"
lenovo_ideapad_slim_3_15_6_full_hd_touchscreen_laptop_amd_ryzen_7_5825u_2025_16gb_memory_512gb_ssd_arctic_grey,1ot7p28,1,0,0.29249799251556396,0.0,0.0,0.0,0.0,0.0,0.0,0.0,0.0,0.0,0.0,0.0,0.0,0.0,0,1,0.0,0.06710483133792877,-0.0,0.0,1.0,0.0,1.0,0.0,0.0,1.0,0.0,0.0,0.0,0.0,1.0,1.0,0.0,0.0,0.0008403109386563301,0.0008403109386563301,0.0008403109386563301,3.093999566772254e-06,3.093999566772254e-06,3.093999566772254e-06,6.578818283742294e-05,6.578818283742294e-05,6.578818283742294e-05,4.749911022372544e-05,4.749911022372544e-05,4.749911022372544e-05,0.00017083188868127763,0.00017083188868127763,0.00017083188868127763,0.0002100546407746151,0.0002100546407746151,0.0002100546407746151,0.0002229297934566906,0.0002229297934566906,0.0002229297934566906,neutral,"[eBay] Lenovo IdeaPad Slim 3: 15.6"" FHD IPS Touch Display, Ryzen 7 5825U, AMD Radeon
 Graphics, 16GB RAM, 512GB SSD. Now: $399.99 After 47% Off #ad"
