product,thread_id,comment_count,pair_count,mean_disagree_probability,hard_disagree_rate,self_bleu_2,self_bleu_3,self_bleu_4,self_bertscore_mean_precision,self_bertscore_mean_recall,self_bertscore_mean_f1,self_bertscore_median_f1,self_bertscore_top_k_mean_f1,semantic_mean_cosine,semantic_median_cosine,semantic_top_k_mean_cosine,semantic_p90_cosine,story_count,not_story_count,story_rate,mean_story_probability,emotion_entropy,emotion_entropy_normalized,avg_labels_per_comment,emotion_shift_rate,dominant_emotion_share,polite_rate,somewhat_polite_rate,neutral_rate,impolite_rate,length_std,length_iqr,length_cv,max_depth,avg_depth,avg_branching_factor,structural_virality,toxicity_mean,toxicity_max,toxicity_p90,severe_toxicity_mean,severe_toxicity_max,severe_toxicity_p90,obscene_mean,obscene_max,obscene_p90,threat_mean,threat_max,threat_p90,insult_mean,insult_max,insult_p90,identity_attack_mean,identity_attack_max,identity_attack_p90,aggression_score_mean,aggression_score_max,aggression_score_p90,dominant_emotion,thread_title
apple_airpods_pro_3_wireless_active_noise_cancelling_earbuds_with_heart_rate_sensing_feature_white,1o2e3yj,94,4371,0.3028197336581446,0.08602150537634409,0.05235041893591861,0.04324377854854757,0.04082040838639375,0.4908689505221832,0.48815589244224966,0.4836489149264683,0.48886924982070923,0.6848419904708862,0.2276817113161087,0.2127980887889862,0.7626055479049683,0.48506420850753784,18,76,0.19148936170212766,0.231188798977181,1.8893926453568388,0.5670098097482907,0.8617021276595744,0.7526881720430108,0.46808510638297873,0.2127659574468085,0.10638297872340426,0.19148936170212766,0.48936170212765956,29.23571683706272,34.25,0.9832405662554189,7.0,2.5319148936170213,1.4166666666666667,3.012244897959184,0.0050473403404813575,0.155951127409935,0.0045301026199013,4.183479346015992e-06,8.489333413308486e-05,7.879697386670165e-06,0.0004952188403470419,0.026483533903956413,0.00031121569627430296,0.0006924937876763269,0.05613930523395538,0.0001389056684274693,0.0006316699341659068,0.0248819962143898,0.0007702935254201293,0.0002637627150103613,0.006665731780230999,0.0003755938436370344,0.0011891115161711686,0.03722979962731188,0.0010746587142496844,neutral,AirPods Pro 2 or Pro 3?
bose_quietcomfort_wireless_noise_cancelling_over_the_ear_bluetooth_headphones_sandstone,p10uqy,19,171,0.30678831119286387,0.15789473684210525,0.0508519569154782,0.030768574925728553,0.023777240647624303,0.5117590798620593,0.510707924589079,0.5086898310491216,0.520372211933136,0.617572546005249,0.28364619612693787,0.2777121365070343,0.6504846811294556,0.5384764075279236,4,15,0.21052631578947367,0.2349288748871339,1.559086989906189,0.46788454464465445,0.5789473684210527,0.7777777777777778,0.5263157894736842,0.15789473684210525,0.10526315789473684,0.21052631578947367,0.5263157894736842,43.348104592301986,48.0,0.6846334058634561,4.0,2.3157894736842106,1.0833333333333333,1.6538461538461537,0.0016625584041895835,0.014621308073401451,0.0028302083257585754,2.5225510554312344e-06,8.983933184936177e-06,4.700910903920883e-06,0.00013199808056110909,0.0012859635753557086,0.00015855866367928665,0.0001856777660003373,0.0027926242910325527,0.00010566598502919071,0.00024069009094474544,0.00114069611299783,0.0003957840846851464,0.00011778887480766953,0.00045954500092193484,0.00019386607455089682,0.0003902059612598127,0.0032346109490693684,0.0006635194203833329,neutral,I accidentally spilled some coffee inside my Bose NC700 headphones - am I screwed?
apple_airpods_max_usb_c_midnight,1fdbqfc,154,11781,0.31704222330370463,0.14189189189189189,0.04964742195993314,0.03794006094785272,0.03370629859102717,0.49597440013916055,0.4988812869349073,0.49289787823473313,0.4960467219352722,0.7123110890388489,0.20201288163661957,0.1838359534740448,0.7696247100830078,0.40985411405563354,32,122,0.2077922077922078,0.22119446096385453,2.5257494615029894,0.7579815265810885,0.8896103896103896,0.8235294117647058,0.3181818181818182,0.21428571428571427,0.17532467532467533,0.11688311688311688,0.4935064935064935,48.58679352779795,33.75,1.2314625087690725,10.0,2.2467532467532467,1.4126984126984128,4.11439842209073,0.02096070697668686,0.9762294888496399,0.007725131837651113,0.00023027264758007,0.03347232937812805,6.7338318331167105e-06,0.012887213637015945,0.9260973930358887,0.000346410536440089,0.0004474365953671634,0.05218619853258133,0.00015399598487419967,0.005715460210260723,0.2797084450721741,0.0009016858879476776,0.001516538603334686,0.1262471079826355,0.00034864222980104356,0.006959604778374239,0.35300087408783537,0.0016262840003529744,neutral,"Well, I'll let you guys know how they are"
bose_quietcomfort_wireless_noise_cancelling_over_the_ear_bluetooth_headphones_sandstone,1l3xve1,5,10,0.21882227063179016,0.0,0.1397155511237779,0.11850766137098363,0.10916618104260319,0.4987412542104721,0.5163896977901459,0.503464013338089,0.436313271522522,0.8397821187973022,0.44917482137680054,0.4702059328556061,0.44917479157447815,0.8689338564872742,0,5,0.0,0.023332885652780532,0.9502705392332347,0.28517773633985943,1.0,0.75,0.6,0.4,0.0,0.4,0.2,20.771133815947554,4.0,0.5675173173756162,1.0,1.0,0.0,0.0,0.0005990992998704314,0.0007204200956039131,0.0007197649334557354,1.584248707331426e-06,1.8673230215426884e-06,1.8030890032605384e-06,4.489523671509232e-05,6.433168891817331e-05,6.108523957664147e-05,2.0275854694773443e-05,2.1966327039990574e-05,2.1340806415537373e-05,0.00013495424354914576,0.00015403577708639205,0.00014879775699228048,8.264081116067245e-05,9.62661360972561e-05,9.355170041089878e-05,0.00014724161578290781,0.00017603368593199775,0.00017353259119848492,neutral,Which should I buy SONY WH-1000XM5 and  BOSE QuietComfort Bluetooth Headphone
bose_quietcomfort_wireless_noise_cancelling_over_the_ear_bluetooth_headphones_sandstone,1sda10k,2,1,0.3123815059661865,0.0,0.006298468997729978,0.005263831619850088,0.0048209976509672745,0.4068650007247925,0.5191290974617004,0.4561918079853058,0.4561918079853058,0.4561918079853058,0.23459461331367493,0.23459461331367493,0.23459461331367493,0.23459461331367493,1,1,0.5,0.42321496829390526,0.6931471805599453,0.20801459767650946,1.5,1.0,0.5,0.5,0.0,0.5,0.0,52.5,52.5,0.8536585365853658,1.0,1.0,0.0,0.0,0.08161118751741014,0.162737637758255,0.14651234771008606,7.558764974646692e-05,0.00014983311120886356,0.00013498401891638424,0.12456503507019079,0.24910302460193634,0.22419542669558723,0.00013408384893409675,0.00024337921058759093,0.0002215201382568921,0.004323577519244282,0.008534564636647701,0.007692367213167018,0.00026369168699602596,0.00044730797526426613,0.0004105847176106181,0.03516219388208697,0.0702026245489833,0.06319453841560403,disappointment,B&O H95 vs Dali IO-12 vs some others
samsung_galaxy_buds4_pro_wireless_earbud_headphones_black,1slvfb1,8,28,0.29348108544945717,0.0,0.056662925331178705,0.04614704583494134,0.04301128167468981,0.5041480575289045,0.5493939284767423,0.5200500211545399,0.5174843966960907,0.625798761844635,0.24949249625205994,0.2505517601966858,0.4395388066768646,0.44221335649490356,4,4,0.5,0.5368072423152626,1.7328679513998633,0.5200364941912736,0.875,0.8571428571428571,0.25,0.125,0.125,0.375,0.375,11.821590417536889,18.75,0.5629328770255662,2.0,1.5,1.0,1.0,0.08978752751499997,0.7032079100608826,0.21918583223596202,0.00010494021309170876,0.0008272561244666576,0.0002502284513411722,0.05406226739523845,0.43194380402565,0.12983014134806573,9.353119617117045e-05,0.0005350102437660098,0.00020923843840137116,0.007408099152598879,0.054538190364837646,0.019180132634937754,0.00040086052467813715,0.002498895861208439,0.0008855928332195613,0.025309537666129717,0.19892517778013522,0.061590194323654604,annoyance,No bass in ambient mode?
sony_wh_1000xm5_wireless_noise_cancelling_over_the_ear_headphones_black,1gr8brj,31,465,0.3122928101440956,0.10344827586206896,0.06348971641890301,0.0625824710313385,0.06496881138821077,0.4512439417582686,0.45321273637074294,0.4468308753223829,0.44703811407089233,1.0,0.13692395389080048,0.09541412442922592,0.664772093296051,0.35683658719062805,7,24,0.22580645161290322,0.2818148303176126,1.0182144403364295,0.3055678117075992,0.967741935483871,0.4666666666666667,0.7419354838709677,0.16129032258064516,0.03225806451612903,0.16129032258064516,0.6451612903225806,25.06756738184398,24.5,1.1973722478230562,3.0,1.3870967741935485,1.125,1.4285714285714286,0.09981970781565554,0.9947116374969482,0.0775240957736969,0.015572581995530204,0.33385562896728516,6.842169386800379e-05,0.09475395110894169,0.991277813911438,0.03239133581519127,0.00037196856130556683,0.003803378902375698,0.0008595052058808506,0.06439207854723904,0.7959868311882019,0.007209217641502619,0.002911559788410687,0.040930237621068954,0.0018282841192558408,0.04630364130284713,0.5110817450719575,0.019747097193127654,neutral,Sony wh-1000xm5 headphones - can I fix this myself?
samsung_galaxy_buds3_pro_wireless_earbud_headphones_silver,1etfrrz,18,153,0.32034851279523635,0.2222222222222222,0.05315915170888228,0.04495099538116796,0.04302498407435855,0.45848342523076174,0.5084377755137051,0.477577629626966,0.48210492730140686,0.5967291593551636,0.18272361159324646,0.12981002032756805,0.560415506362915,0.44481879472732544,7,11,0.3888888888888889,0.3896101869435774,1.5316410677211536,0.4596479787012297,0.7777777777777778,0.7058823529411765,0.5,0.1111111111111111,0.16666666666666666,0.2222222222222222,0.5,16.97056274847714,19.5,0.7273098320775917,10.0,4.388888888888889,1.0,3.2950819672131146,0.002258400544330167,0.00907938089221716,0.007468618080019952,3.161568265063074e-06,9.71849021880189e-06,6.788787140976638e-06,0.0001897587831586457,0.0010124514810740948,0.00046438282297458524,9.498551197692804e-05,0.00044750026427209377,0.00033988628420047464,0.0003424237402214203,0.001234631985425949,0.0007561663922388108,0.00016288016841927957,0.0006282296380959451,0.0003295348811661825,0.0005086017193952507,0.0019933686714163437,0.001580142974178974,neutral,"Does anyone know when my best buy galaxy buds pro 3 order will be ready? The only thing that's changed are the 2 grayed out options, I ordered on best buy because they were cheaper there, I ordered them july 29th."
sony_wh_1000xm5_wireless_noise_cancelling_over_the_ear_headphones_black,1qwq417,2,1,0.29623599350452423,0.0,0.022743335168143603,0.023193411115293456,0.023668273381966302,0.4689367413520813,0.5159152746200562,0.49130555987358093,0.49130555987358093,0.49130555987358093,0.20833297073841095,0.20833297073841095,0.20833297073841095,0.20833297073841095,1,1,0.5,0.28561271261423826,0.6931471805599453,0.20801459767650946,0.5,1.0,0.5,0.0,0.5,0.5,0.0,7.5,7.5,0.30612244897959184,2.0,1.5,1.0,1.0,0.0008737347088754177,0.0011695073917508125,0.0011103528551757336,2.0416511006260407e-06,2.1435537291836226e-06,2.1231732034721063e-06,4.742738019558601e-05,5.1222370530012995e-05,5.04633724631276e-05,5.042823977419175e-05,7.096071203704923e-05,6.685421758447775e-05,0.00015087899373611435,0.00021371916227508336,0.00020115112856728954,9.741854955791496e-05,0.00011090024054283276,0.00010820390234584921,0.00020365492053997514,0.0002697082709346432,0.0002564976008557096,neutral,Sony WH-1000XM5/S turn off noise cancelling
apple_airpods_pro_3_wireless_active_noise_cancelling_earbuds_with_heart_rate_sensing_feature_white,1o1hlmy,43,903,0.30947498604655266,0.05,0.06577729727023784,0.061226938485652714,0.06100075022184112,0.47558136870166656,0.476876033864016,0.47346418617439695,0.4788239300251007,0.9614505171775818,0.12849552929401398,0.08848440647125244,0.7055648565292358,0.35975924134254456,9,34,0.20930232558139536,0.2481210230481486,1.6196768911719648,0.48606767268519296,0.9302325581395349,0.6904761904761905,0.5813953488372093,0.046511627906976744,0.0,0.3953488372093023,0.5581395348837209,13.69947080256812,12.0,0.9365298004935282,6.0,1.6511627906976745,1.2142857142857142,2.630434782608696,0.03826105889734314,0.904901921749115,0.03298827335238455,0.00012322066882905684,0.004760408774018288,1.967810330825157e-05,0.024375661815378577,0.8990566730499268,0.0012242018419783532,0.0017358266806780215,0.07021719217300415,0.00032333201961591817,0.0033413280195185675,0.09744594991207123,0.006313709449023009,0.004255310393366313,0.1373969465494156,0.002215774310752745,0.012015401079185617,0.31826592424962047,0.008264941784182155,neutral,New Pro 3 firmware improves sound!  How to update:
bose_ultra_open_ear_true_wireless_open_earbuds_driftwood_sand,1s6crok,11,55,0.2771071737462824,0.0,0.05486793000334377,0.047334732485895196,0.04489021633662408,0.47600960785692387,0.4959723179990595,0.48010267452760175,0.4863079786300659,0.6462138891220093,0.20021647214889526,0.18141978979110718,0.42966508865356445,0.3784064054489136,2,9,0.18181818181818182,0.16636444933035158,1.294545165844896,0.38849511243739066,1.0,0.9,0.5454545454545454,0.09090909090909091,0.18181818181818182,0.5454545454545454,0.18181818181818182,19.846518523929106,16.5,0.8802891280775006,5.0,2.6363636363636362,1.1428571428571428,2.0,0.000635811360552907,0.0011002382962033153,0.0008718344615772367,1.6095122480857589e-06,2.1823029783263337e-06,1.989393240364734e-06,4.28981476778228e-05,9.383443830301985e-05,7.630368781974539e-05,2.7077143716848116e-05,3.5972410842077807e-05,3.3508862543385476e-05,0.00013742415533422238,0.00024282274534925818,0.00016291804786305875,8.563401603499766e-05,0.00011541704589035362,9.053522808244452e-05,0.00015507572259414727,0.0002644065800723183,0.00020297628865743414,neutral,need help deciding open ear earbuds
samsung_galaxy_buds4_pro_wireless_earbud_headphones_black,1shnkph,3,3,0.3262558976809184,0.3333333333333333,0.0642193000497399,0.04943941167915276,0.04485961710612124,0.5200217763582865,0.519303172826767,0.5154022872447968,0.5174804329872131,0.529210090637207,0.20206348598003387,0.21129636466503143,0.20206348598003387,0.22171644866466522,2,1,0.6666666666666666,0.5781306127707163,0.6365141682948128,0.1910189384688593,1.0,0.5,0.6666666666666666,0.3333333333333333,0.6666666666666666,0.0,0.0,13.59738536958076,16.0,0.7033130363576255,2.0,1.3333333333333333,1.0,1.0,0.000898578999719272,0.0017062128754332662,0.0014836647431366147,4.586361455949373e-06,1.0658558494469617e-05,8.876904621502037e-06,8.171690448458928e-05,0.00017167201440315694,0.0001470969495130703,3.600707168516237e-05,5.798218262498267e-05,5.210287745285314e-05,0.00024506403618336964,0.0004962229868397117,0.00042523586016613997,0.00016202270004820699,0.00032439781352877617,0.0002767741229035892,0.0002379960122627583,0.0004611910718873939,0.00039859562849263366,neutral,Buds 4 pro
apple_airpods_pro_3_wireless_active_noise_cancelling_earbuds_with_heart_rate_sensing_feature_white,1hrsvs3,158,12403,0.31526246441133093,0.12121212121212122,0.07953989485810001,0.08290972259515482,0.08975446877581085,0.44049094024107627,0.4368725583830697,0.43489480769981215,0.4343058466911316,1.0000003576278687,0.1418612003326416,0.11287886649370193,1.0,0.32095757126808167,11,147,0.06962025316455696,0.1517270830330215,1.7134553252738849,0.5142107334773979,0.9113924050632911,0.6815286624203821,0.569620253164557,0.14556962025316456,0.02531645569620253,0.27848101265822783,0.5506329113924051,17.094889843828554,13.0,1.211750827871203,7.0,2.5443037974683542,1.3636363636363635,3.006637168141593,0.06077969777788318,0.9940648674964905,0.13765625879168603,0.00022407388378571595,0.030006852000951767,9.832282921706808e-06,0.014839764747665856,0.9465219974517822,0.0007927428116090617,0.0005485820100585454,0.06388020515441895,0.00017645249172346705,0.038199628470787894,0.9909215569496155,0.009999194834381385,0.0006524053623010493,0.03962494432926178,0.0010745076113380493,0.019207358708747044,0.4651809456408955,0.0376343889073423,neutral,Is my ecosystem complete?
bose_quietcomfort_wireless_noise_cancelling_over_the_ear_bluetooth_headphones_sandstone,17vlpq7,1,0,0.36482539772987366,1.0,0.0,0.0,0.0,0.0,0.0,0.0,0.0,0.0,0.0,0.0,0.0,0.0,0,1,0.0,0.22980082035064697,-0.0,0.0,1.0,0.0,1.0,0.0,0.0,0.0,1.0,0.0,0.0,0.0,1.0,1.0,0.0,0.0,0.00489074969664216,0.00489074969664216,0.00489074969664216,4.136893494433025e-06,4.136893494433025e-06,4.136893494433025e-06,0.00013418757589533925,0.00013418757589533925,0.00013418757589533925,0.0005974517553113401,0.0005974517553113401,0.0005974517553113401,0.0005929472972638905,0.0005929472972638905,0.0005929472972638905,0.00024663464864715934,0.00024663464864715934,0.00024663464864715934,0.001077684644542387,0.001077684644542387,0.001077684644542387,approval,"Noise canceling test for flagship models: Bose QuietComfort Ultra, Apple AirPods Max, Sony WH-1000XM5 (and the XM4)"
bose_quietcomfort_wireless_noise_cancelling_over_the_ear_bluetooth_headphones_sandstone,sqgz56,5,10,0.3346587896347046,0.4,0.03749354358971814,0.023759283142386046,0.01878509066711118,0.491575562953949,0.5454931139945984,0.5119686454534531,0.5292434692382812,0.5662014484405518,0.5044175386428833,0.46111053228378296,0.5044175982475281,0.6942557096481323,2,3,0.4,0.3779731888324022,1.3321790402101223,0.399789099421175,0.6,0.75,0.4,0.2,0.4,0.0,0.4,146.16511211640073,26.0,1.2429006132347002,2.0,1.4,1.0,1.0,0.0008496532391291112,0.0020708199590444565,0.0016312879975885152,2.5235062139472573e-06,4.765993708133465e-06,4.291555433155736e-06,8.89258193637943e-05,0.00019641868129838258,0.00017860936059150846,2.7542158568394372e-05,5.27277443325147e-05,4.316208069212735e-05,0.00015182972274487838,0.00031696195947006345,0.00024291842710226776,8.869117591530085e-05,0.0001273605739697814,0.00011699925526045264,0.00020152760365590438,0.0004569942532270943,0.000368641799695979,admiration,The Bose QuietComfort 45 - Smoke White
samsung_galaxy_buds3_pro_wireless_earbud_headphones_silver,1kdnim0,36,630,0.30751028077469933,0.05555555555555555,0.045066198072237634,0.03834940447116369,0.03638405711736533,0.4764669954776764,0.4337430398142527,0.44709609784777204,0.45369909703731537,0.8251087665557861,0.20844188332557678,0.1835990846157074,0.7035960555076599,0.44306856393814087,8,28,0.2222222222222222,0.27792205025131506,1.7764958628558298,0.5331293014672811,0.6666666666666666,0.7714285714285715,0.4722222222222222,0.2222222222222222,0.027777777777777776,0.25,0.5,57.525812778286486,24.25,1.557089669186702,6.0,2.0555555555555554,1.0666666666666667,2.075,0.03474057342585487,0.8692862391471863,0.05423641577363014,8.348757878214504e-05,0.0022988903801888227,8.123378938762471e-05,0.024060814830944664,0.7814085483551025,0.01386279845610261,0.00010178659860887112,0.0005085089942440391,0.0003539892059052363,0.005574037112334433,0.16309651732444763,0.004027524031698704,0.0007927690749056637,0.006468427833169699,0.0032760929316282272,0.010892244770238441,0.30318653519498184,0.013691646040266884,neutral,How to avoid fake/replica Samsung Galaxy buds3 pro
apple_airpods_max_usb_c_midnight,1p6pbvz,1,0,0.2710953652858734,0.0,0.0,0.0,0.0,0.0,0.0,0.0,0.0,0.0,0.0,0.0,0.0,0.0,0,1,0.0,0.026779718697071075,-0.0,0.0,1.0,0.0,1.0,0.0,0.0,1.0,0.0,0.0,0.0,0.0,1.0,1.0,0.0,0.0,0.0007119867950677872,0.0007119867950677872,0.0007119867950677872,2.384922481724061e-06,2.384922481724061e-06,2.384922481724061e-06,5.719402543036267e-05,5.719402543036267e-05,5.719402543036267e-05,2.769554703263566e-05,2.769554703263566e-05,2.769554703263566e-05,9.32238544919528e-05,9.32238544919528e-05,9.32238544919528e-05,8.45282047521323e-05,8.45282047521323e-05,8.45282047521323e-05,0.00016283555820943244,0.00016283555820943244,0.00016283555820943244,neutral,[Best Buy] Apple AirPods Max ANC Wireless Over-Ear Headphones w/ Smart Case - $399.99 + Free Shipping or Store Pickup
bose_ultra_open_ear_true_wireless_open_earbuds_driftwood_sand,1mgalxq,3,3,0.20696219553550085,0.0,0.045819256101779345,0.02604484611476719,0.01757648670148455,0.4319434364636739,0.5106687645117441,0.4674613873163859,0.46654972434043884,0.5026721358299255,0.41429343819618225,0.41201555728912354,0.41429343819618225,0.4763660132884979,1,2,0.3333333333333333,0.20542455712954202,1.0986122886681096,0.32969533691986563,0.6666666666666666,1.0,0.3333333333333333,0.6666666666666666,0.0,0.0,0.3333333333333333,56.50368719532086,67.0,0.5765682366869476,1.0,1.0,0.0,0.0,0.0005624299422682574,0.0007431555422954261,0.0007079622591845691,1.6645538304752943e-06,2.025328740273835e-06,1.924541038533789e-06,4.3449593552698694e-05,5.7085206208284944e-05,5.381463561207056e-05,2.4952396415756084e-05,3.550976180122234e-05,3.248740031267516e-05,0.000135236005007755,0.00017913433839567006,0.00016994152101688088,7.26500220480375e-05,8.632882236270234e-05,8.257408480858431e-05,0.00014006375218716334,0.00018387316663392994,0.00017478159207181914,gratitude,Do the Bose Ultra Open Earbuds hurt anyone else's ears after an hour?
samsung_galaxy_buds4_pro_wireless_earbud_headphones_black,1sf7zco,8,28,0.3098762445151806,0.125,0.04427786879609906,0.02801696875794408,0.02206886883519038,0.5118808618613652,0.4914243274501392,0.4970743102686746,0.4970569312572479,0.5626611113548279,0.4829380512237549,0.47826892137527466,0.6929479837417603,0.7451111078262329,2,6,0.25,0.31211565947160125,1.0735428464085233,0.3221719564721667,0.875,0.7142857142857143,0.625,0.5,0.0,0.25,0.25,79.339362078353,80.25,0.948751713941441,5.0,2.25,1.0,2.0,0.0007669879705645144,0.0029303296469151974,0.0013678787974640723,1.6498061228276129e-06,3.4095321552740643e-06,2.198816093823552e-06,5.357316604204243e-05,0.00019478416652418673,9.304264967795458e-05,2.4299055326082453e-05,6.783115532016382e-05,3.543302009347826e-05,0.00014981534059188562,0.00033992246608249843,0.00024214859004132447,8.275322488771053e-05,0.00016430887626484036,0.00011038929515052586,0.00017984642725584382,0.0006167643072103601,0.00030839352549302617,neutral,B4P - Hissing sound only in Ambient mode?
sony_wh_1000xm5_wireless_noise_cancelling_over_the_ear_headphones_black,1981wux,3,3,0.2834896445274353,0.0,0.10368713685238766,0.08892227652107838,0.08500276411953667,0.545803984006246,0.5077998638153076,0.5247210562229156,0.534817636013031,0.5507797598838806,0.23978424072265625,0.07507095485925674,0.23978424072265625,0.4722444713115692,0,3,0.0,0.07257709528009097,0.6365141682948128,0.1910189384688593,1.0,0.5,0.6666666666666666,0.0,0.3333333333333333,0.3333333333333333,0.3333333333333333,3.39934634239519,4.0,0.2999423243289873,1.0,1.0,0.0,0.0,0.004405640444019809,0.012187558226287365,0.009870827989652754,3.7264973874092297e-06,7.90847116149962e-06,6.713491029586295e-06,0.00033979022919083945,0.0009289489244110882,0.0007558818848337978,0.00011534730159231306,0.000294764555292204,0.00024187287162931171,0.0009071128394377107,0.0024961186572909355,0.002021426145802252,0.00015852809156058356,0.00033031674684025347,0.0002796653119730763,0.0009883575671981108,0.0027076025968805575,0.002195769561914555,amusement,WH-1000XM5 - Did you get yours with the optional Frying Pan or Salad Spinner?
samsung_galaxy_buds3_pro_wireless_earbud_headphones_silver,1qnf2nw,6,15,0.31741204857826233,0.0,0.0450713442292094,0.03217727251396927,0.02860705277766355,0.4102820843458176,0.5428023974100749,0.46013232072194415,0.4773823916912079,0.5763049125671387,0.2573532164096832,0.16722756624221802,0.39210107922554016,0.7420384287834167,4,2,0.6666666666666666,0.6653205367426077,1.5607104090414063,0.4683717353708719,1.0,0.8,0.3333333333333333,0.16666666666666666,0.0,0.6666666666666666,0.16666666666666666,25.57125121868089,47.5,0.737632246692718,4.0,2.3333333333333335,1.3333333333333333,1.8,0.09503528331697453,0.5104866623878479,0.2838834300637245,4.389991734872941e-05,0.00024368107551708817,0.00012808264682462323,0.0008482796753620884,0.004700698424130678,0.00245702157553751,0.0630658689539511,0.3536204397678375,0.18913320172578096,0.0014010479996310703,0.006245064083486795,0.003969795361626893,0.0011739622483825467,0.005170771852135658,0.0033485631574876606,0.026928057018608346,0.14674455293182595,0.08048668242183037,neutral,Microphone on left earbud not working (galaxy buds3 Pro)
samsung_galaxy_buds4_pro_wireless_earbud_headphones_black,1rrlpu1,4,6,0.31768549233675003,0.25,0.07487939326544972,0.048555796728795265,0.03450990870202653,0.5538896967967352,0.5653607249259949,0.5560893515745798,0.551781564950943,0.6166927218437195,0.5389568209648132,0.5062330365180969,0.5389568209648132,0.6701403856277466,2,2,0.5,0.5050281849689782,0.5623351446188083,0.16875769266311968,1.0,0.3333333333333333,0.75,0.0,0.0,0.25,0.75,27.625848403261752,37.25,0.5725564435909172,2.0,1.5,1.0,1.0,0.0005575689865509048,0.0007395933498628438,0.000710543489549309,1.8127005034784816e-06,2.2202425498107914e-06,2.1130203549546424e-06,4.2500102608755697e-05,4.98833651363384e-05,4.8786548359203155e-05,2.4088997179205762e-05,3.3514868846395984e-05,3.045299290533876e-05,0.00011002096289303154,0.00013240950647741556,0.0001261510667973198,8.815862202027347e-05,0.00011866003478644416,0.00011336815732647665,0.0001373583952926083,0.00017529397435585756,0.0001702680444471601,neutral,Galaxy Buds4 Pro - Auto-pause/resume issues (only fixed by restarting phone)
apple_airpods_pro_3_wireless_active_noise_cancelling_earbuds_with_heart_rate_sensing_feature_white,oe61h2,106,5565,0.30309612774154515,0.06796116504854369,0.05364678893454401,0.04121248586306401,0.03692926908656053,0.4936947153531423,0.5073956364891279,0.4969752918088747,0.5070099234580994,0.7294045686721802,0.2597472071647644,0.2391035407781601,0.7545173764228821,0.49767008423805237,59,47,0.5566037735849056,0.5635730393476924,1.5649872738721902,0.46965522947146626,0.8773584905660378,0.6,0.5754716981132075,0.2358490566037736,0.07547169811320754,0.24528301886792453,0.44339622641509435,30.11407201908546,23.75,0.9670074625940802,6.0,1.9622641509433962,1.2926829268292683,2.2684563758389262,0.001530087922253857,0.033917371183633804,0.002362896571867168,2.313503545818368e-06,3.743388515431434e-05,2.4292879743370577e-06,0.00016915606558438222,0.007852369919419289,8.934145807870664e-05,7.72563167921139e-05,0.003497771453112364,7.220316911116242e-05,0.0002469126259900392,0.002503274939954281,0.0003270656306995079,0.00010760982956337514,0.0006006763433106244,0.0001731013398966752,0.0003555560439549308,0.007575016296565688,0.0005334025537232872,neutral,You might be eligible for a free replacement of your Airpods Pro (if you purchased them before Oct 2020)
bose_ultra_open_ear_true_wireless_open_earbuds_driftwood_sand,1gtt9g9,5,10,0.23791565299034118,0.0,0.03742180943240927,0.023976042719240476,0.019199249379006817,0.481015744805336,0.4518483966588974,0.4608908087015152,0.4474114924669266,0.5621024966239929,0.2709817886352539,0.2514168918132782,0.2709817886352539,0.5021554827690125,0,5,0.0,0.06655481718480587,0.6730116670092565,0.20197189726925563,0.8,0.75,0.6,0.8,0.0,0.2,0.0,85.58037158133867,166.0,0.8150511579175111,3.0,2.0,1.5,1.5,0.0012047649768646806,0.0032207476906478405,0.002331081777811051,2.318882252438925e-06,3.977942014898872e-06,3.402642323635519e-06,9.442168011446484e-05,0.00023174229136202484,0.00017763526702765378,4.033287113998085e-05,7.806337816873565e-05,6.745785212842749e-05,0.00021643324580509216,0.0004437619063537568,0.0003714453021530062,0.00012021309812553227,0.0002546055766288191,0.0002022545028012246,0.00027974745905036494,0.0007054831308626793,0.0005255462240408331,neutral,are bose ultra open ear buds good for sensitive ears
samsung_galaxy_buds3_pro_wireless_earbud_headphones_silver,1pfn74v,192,18336,0.3303755579329042,0.2698412698412698,0.05302786865007819,0.0420561100425733,0.03837795261754468,0.4892266738873762,0.4830823920335601,0.4820682804488673,0.48712365329265594,0.9971965551376343,0.27610260248184204,0.26926398277282715,0.8279507756233215,0.5056368708610535,69,123,0.359375,0.35712438893096987,2.4254228040805694,0.7278733333066173,0.75,0.8534031413612565,0.328125,0.19270833333333334,0.057291666666666664,0.06770833333333333,0.6822916666666666,38.33314898902686,29.0,1.1563180841937404,10.0,2.1666666666666665,1.7118644067796611,3.390547263681592,0.07028502901888108,0.9477951526641846,0.13135713040828714,0.0001308524060134412,0.012053552083671093,2.653809224284491e-05,0.030306817423517412,0.9478567242622375,0.006050694780424242,0.0002390136867613061,0.00889533944427967,0.00041510515147820143,0.034865013299698454,0.8919000625610352,0.043205250799655946,0.0005494326028004556,0.018728092312812805,0.0011831989279016853,0.022729359739612025,0.39684812995255925,0.037915953043208626,neutral,The Galaxy Buds 3 Pro are the Worst.
sony_wh_1000xm5_wireless_noise_cancelling_over_the_ear_headphones_black,1obd8nj,45,990,0.3100124266412523,0.17777777777777778,0.05461282509748639,0.05003921575650696,0.050186664058579473,0.477321397054075,0.4769110075452111,0.471012924446,0.46718110144138336,0.7611749768257141,0.11789640784263611,0.08233191072940826,0.7160919308662415,0.305193156003952,12,33,0.26666666666666666,0.30061942976382044,2.115174846994016,0.6347674161460163,0.8666666666666667,0.9318181818181818,0.4,0.2,0.022222222222222223,0.15555555555555556,0.6222222222222222,22.068870875701712,22.0,1.0206569264199148,4.0,1.5777777777777777,1.8181818181818181,2.0,0.12286961896914161,0.9945264458656311,0.562559843063355,0.0028755127662154537,0.08119582384824753,4.115768970223145e-05,0.060499874289841195,0.9750643372535706,0.0021832320839166646,0.00015323068431219629,0.001297893701121211,0.0003304123820271344,0.07637958035500358,0.9739123582839966,0.18993349075317384,0.003587286408259792,0.0717543363571167,0.0055980234406888514,0.04439418391212896,0.5006805507388586,0.1700763378595489,neutral,Sony WH-1000XM5 broken hinge - How EU law got me a full refund
bose_quietcomfort_wireless_noise_cancelling_over_the_ear_bluetooth_headphones_sandstone,1kv1tzl,4,6,0.21716597924629846,0.0,0.06746438585171788,0.050587284978334,0.04101457496606941,0.4506402363379796,0.5374918580055237,0.488910232981046,0.4834606498479843,0.5472272634506226,0.4456762373447418,0.42520350217819214,0.4456762969493866,0.5278880596160889,0,4,0.0,0.09864993067458272,1.3862943611198906,0.4160291953530189,1.25,1.0,0.25,0.5,0.0,0.0,0.5,25.273503912200223,18.5,0.7325653307884122,1.0,1.0,0.0,0.0,0.0005596082046395168,0.0006783316493965685,0.0006468461302574724,1.5509683635173133e-06,1.8442343616698054e-06,1.7350314919895027e-06,4.3874391849385574e-05,6.822108844062313e-05,5.957324974588119e-05,2.153839886886999e-05,2.3442031306331046e-05,2.312003089173231e-05,0.00012945689377374947,0.00014451581228058785,0.0001415319333318621,7.561388702015392e-05,7.83386203693226e-05,7.776445127092302e-05,0.00013860712408586548,0.00016578223935918382,0.0001581314211970645,gratitude,Bose Noise Cancelling Headphones
sony_wh_1000xm5_wireless_noise_cancelling_over_the_ear_headphones_black,1q8iueb,1,0,0.28054752945899963,0.0,0.0,0.0,0.0,0.0,0.0,0.0,0.0,0.0,0.0,0.0,0.0,0.0,0,1,0.0,0.16776061058044434,-0.0,0.0,1.0,0.0,1.0,0.0,0.0,0.0,1.0,0.0,0.0,0.0,1.0,1.0,0.0,0.0,0.003432174911722541,0.003432174911722541,0.003432174911722541,2.6425377654959448e-06,2.6425377654959448e-06,2.6425377654959448e-06,0.00019188485748600215,0.00019188485748600215,0.00019188485748600215,5.384235191741027e-05,5.384235191741027e-05,5.384235191741027e-05,0.0006759848329238594,0.0006759848329238594,0.0006759848329238594,0.0001594473869772628,0.0001594473869772628,0.0001594473869772628,0.0007526628131320953,0.0007526628131320953,0.0007526628131320953,confusion,Sony XM5 headphones - cupping right ear doesn’t lower volume after update
sony_wh_1000xm5_wireless_noise_cancelling_over_the_ear_headphones_black,1064w6x,1,0,0.2790241241455078,0.0,0.0,0.0,0.0,0.0,0.0,0.0,0.0,0.0,0.0,0.0,0.0,0.0,0,1,0.0,0.3827132284641266,-0.0,0.0,0.0,0.0,1.0,0.0,0.0,0.0,1.0,0.0,0.0,0.0,1.0,1.0,0.0,0.0,0.0016343675088137388,0.0016343675088137388,0.0016343675088137388,3.2685343285265844e-06,3.2685343285265844e-06,3.2685343285265844e-06,0.00011728313256753609,0.00011728313256753609,0.00011728313256753609,4.4902932131662965e-05,4.4902932131662965e-05,4.4902932131662965e-05,0.00020317747839726508,0.00020317747839726508,0.00020317747839726508,0.00014674563135486096,0.00014674563135486096,0.00014674563135486096,0.00035829086959893175,0.00035829086959893175,0.00035829086959893175,joy,Headphones - Sony XM5 vs Bose QC35
bose_ultra_open_ear_true_wireless_open_earbuds_driftwood_sand,1bp4dhl,8,28,0.26241554170846937,0.0,0.1040950038054929,0.08556185989289136,0.0789370965950605,0.48490373683827265,0.5543277370078223,0.5150029020650047,0.4712570607662201,0.9999998807907104,0.34143856167793274,0.27500271797180176,0.5665366053581238,0.713712751865387,1,7,0.125,0.14340532780624926,1.4941751382893083,0.44840439226545137,0.875,0.7142857142857143,0.375,0.625,0.0,0.125,0.25,21.974061413402847,22.25,0.817639494452199,3.0,1.5,1.0,1.25,0.0011342498219164554,0.002203051233664155,0.002203051233664155,1.6722771647437185e-06,2.023888100666227e-06,2.023888100666227e-06,5.083009705231234e-05,7.639382965862751e-05,7.639382965862751e-05,4.375633102426946e-05,8.527222234988585e-05,8.527222234988585e-05,0.0002071407034236472,0.0003178988990839571,0.00030729499994777145,0.00011630978133325698,0.00018635933520272374,0.00018635933520272374,0.00025899316865244754,0.0004759751634537679,0.0004759751634537679,curiosity,Dupes for Bose Ultra Open Earbuds design?
samsung_galaxy_buds3_pro_wireless_earbud_headphones_silver,cg8gz5,13,78,0.30949644859020525,0.07692307692307693,0.04428409350916409,0.030343973309945343,0.025118628645524506,0.4914299727250368,0.5343307386606168,0.5084152160546719,0.516949474811554,0.6122728586196899,0.2940335273742676,0.30013972520828247,0.5649182200431824,0.4986739754676819,2,11,0.15384615384615385,0.19558029406918928,1.204793309694784,0.36156043424580725,0.7692307692307693,0.9166666666666666,0.46153846153846156,0.6153846153846154,0.23076923076923078,0.15384615384615385,0.0,28.647624518143637,44.0,0.667417775512307,5.0,2.3846153846153846,1.25,2.2222222222222223,0.0007803978290981972,0.0025377110578119755,0.0016310080653056506,2.2657803810943733e-06,8.943891771195922e-06,3.7508490095206084e-06,0.000148257992595273,0.0012517888098955154,0.00021566682553384464,2.5716920460511643e-05,5.3495306929107755e-05,4.4087081187171874e-05,0.00016083523671393498,0.00041155036888085306,0.00024581083562225103,8.231709692224216e-05,0.00012576862354762852,0.00010030464181909339,0.00019996514269520884,0.000731543009806046,0.0003729433830964506,neutral,Samsung Galaxy Buds (True Wireless) - Freq Response of Each EQ Setting via Wearables App
samsung_galaxy_buds4_pro_wireless_earbud_headphones_black,cg8gz5,13,78,0.30949644629771894,0.07692307692307693,0.04428409350916409,0.030343973309945343,0.025118628645524506,0.4914298768226917,0.5343307233773745,0.5084151591245945,0.5169491171836853,0.6122727990150452,0.29403361678123474,0.30013972520828247,0.5649182796478271,0.4986743628978729,2,11,0.15384615384615385,0.19558031126283681,1.204793309694784,0.36156043424580725,0.7692307692307693,0.9166666666666666,0.46153846153846156,0.6153846153846154,0.23076923076923078,0.15384615384615385,0.0,28.647624518143637,44.0,0.667417775512307,5.0,2.3846153846153846,1.25,2.2222222222222223,0.0007803970768761176,0.002537701278924942,0.0016310080653056506,2.265777722571399e-06,8.943857210397255e-06,3.7508490095206084e-06,0.00014825725828324302,0.0012517792638391256,0.00021566682553384464,2.57169045093738e-05,5.349509956431575e-05,4.4087081187171874e-05,0.00016083520537134833,0.00041154996142722666,0.00024581083562225103,8.231707901219264e-05,0.00012576839071698487,0.00010030464181909339,0.00019996488362914112,0.0007315396419471654,0.0003729433830964506,neutral,Samsung Galaxy Buds (True Wireless) - Freq Response of Each EQ Setting via Wearables App
apple_airpods_pro_3_wireless_active_noise_cancelling_earbuds_with_heart_rate_sensing_feature_white,1sgsc4w,16,120,0.30631181225180626,0.0625,0.07521525818200882,0.07120474865176368,0.07264826167590303,0.5249616031845411,0.5135972507297992,0.51033867324392,0.5025705099105835,0.9213704466819763,0.10893368721008301,0.08616717159748077,0.47797441482543945,0.3029156029224396,8,8,0.5,0.49386440636590123,1.890362775338868,0.5673009473357549,0.9375,0.9333333333333333,0.3125,0.25,0.1875,0.0625,0.5,13.489434522988724,13.5,0.9184295845439131,4.0,1.875,1.25,1.631578947368421,0.001502731171058258,0.007317898795008659,0.0027027190662920475,2.2496735283539238e-06,7.810083843651228e-06,4.510461849349667e-06,0.00013646833053826413,0.001231853966601193,0.00025462898338446394,5.593068453890737e-05,0.00023750275431666523,0.00011481592082418501,0.0002415012600067712,0.000780738249886781,0.00044498310307972133,0.0001359850443805044,0.0003722015244420618,0.0002639791782712564,0.00034581102734184316,0.0016222195987817638,0.0005961289037562286,neutral,Are Apple AirPods Pro 3 waterproof? Just had a freak incident!
apple_earpods_usb_c_white,1rjow3e,55,1485,0.3023463559371454,0.0,0.05238994273431236,0.04675364173258756,0.04571863471940143,0.4771823965539836,0.47264286902817815,0.46668325689705936,0.4680876135826111,0.8839673399925232,0.20192402601242065,0.17721569538116455,0.7045413851737976,0.4488268196582794,8,47,0.14545454545454545,0.20498043828728524,1.6906957565283567,0.5073805498328978,0.9272727272727272,0.7407407407407407,0.4727272727272727,0.2,0.07272727272727272,0.2909090909090909,0.43636363636363634,35.54861181048977,22.5,1.2913960697337763,7.0,2.5636363636363635,1.28,2.658119658119658,0.005008441393940964,0.11265879124403,0.006251302734017373,5.148579467376377e-06,6.882958405185491e-05,7.667266436328647e-06,0.0007308404228255809,0.02794974111020565,0.00042585582705214643,9.321812050819228e-05,0.0015885259490460157,0.0002096727548632771,0.0006226591600517912,0.013689900748431683,0.0007101757801137865,0.0005125073541421444,0.018038181588053703,0.0002978107484523208,0.0011621358384893417,0.026184521904118203,0.0013586299021881134,neutral,Apple Earphones or IEM? Or TWS?
sony_wh_1000xm5_wireless_noise_cancelling_over_the_ear_headphones_black,1rzl951,10,45,0.31368870139122007,0.1,0.04737909360295578,0.04140004744644997,0.03915706280863557,0.4697197437286377,0.4504724336995019,0.4563082926803165,0.4578993022441864,0.6242368817329407,0.15665100514888763,0.09350947290658951,0.3897566795349121,0.3631051182746887,0,10,0.0,0.09125732257962227,1.1935496040981333,0.3581861798858731,0.8,0.8888888888888888,0.4,0.3,0.0,0.2,0.5,32.3765347126588,26.25,1.1320466682747832,2.0,1.1,1.0,1.0,0.12135466624749824,0.9653046131134033,0.29788551479577996,0.0020004372953280835,0.019846078008413315,0.0020997302810428593,0.10177976336544817,0.9642202258110046,0.14322147369384733,0.00018046856748696883,0.0008900524699129164,0.0006066558184102176,0.0310304367725621,0.21452020108699799,0.10500399768352504,0.0012800254669855348,0.005878710653632879,0.00510158333927393,0.04293763295255151,0.3617766468572275,0.09176047946433138,neutral,Anyone here daily driving the Sony WH-1000XM5 Wireless Noise Canceling Headphones?
apple_airpods_max_usb_c_midnight,1i5rj6x,4,6,0.301579087972641,0.0,0.041072323045614055,0.029682199615331622,0.025030842691058697,0.4863967001438141,0.5138840029637018,0.4943150629599889,0.4876101613044739,0.5542190670967102,0.27150797843933105,0.20675784349441528,0.27150797843933105,0.5334187746047974,0,4,0.0,0.027677252423018217,0.5623351446188083,0.16875769266311968,1.0,0.6666666666666666,0.75,0.25,0.0,0.25,0.5,42.85075845303091,54.25,0.8613217779503701,1.0,1.0,0.0,0.0,0.2305597075537662,0.9211289286613464,0.6449059875740205,3.4411332023864816e-06,9.699305337562691e-06,7.217480901999808e-06,0.00010964754528686171,0.00035741383908316493,0.00025888626823871173,3.040890624106396e-05,6.738122465321794e-05,5.2969157695770275e-05,0.22126047819983796,0.8847471475601196,0.6193527798743164,0.00020880176816717722,0.0006236257031559944,0.00046020812878850854,0.0753620808510836,0.30115569938228265,0.21083907079200992,neutral,Air Pods Max Sale Frequency
sony_wh_1000xm5_wireless_noise_cancelling_over_the_ear_headphones_black,x2p383,1,0,0.3510173261165619,1.0,0.0,0.0,0.0,0.0,0.0,0.0,0.0,0.0,0.0,0.0,0.0,0.0,0,1,0.0,0.04197896271944046,-0.0,0.0,0.0,0.0,1.0,0.0,0.0,0.0,1.0,0.0,0.0,0.0,1.0,1.0,0.0,0.0,0.7788683176040649,0.7788683176040649,0.7788683176040649,7.63208299758844e-06,7.63208299758844e-06,7.63208299758844e-06,0.00046433581155724823,0.00046433581155724823,0.00046433581155724823,7.840655598556623e-05,7.840655598556623e-05,7.840655598556623e-05,0.6914557218551636,0.6914557218551636,0.6914557218551636,0.0005413553444668651,0.0005413553444668651,0.0005413553444668651,0.24523596154237262,0.24523596154237262,0.24523596154237262,annoyance,Sony Noise Cancelling headphone's right side just stopped working.. Tried all that dumb Google advice but as i expected nothing really worked. Any tips or should i just go buy new ones?
bose_quietcomfort_wireless_noise_cancelling_over_the_ear_bluetooth_headphones_sandstone,1raih9r,1,0,0.06415081024169922,0.0,0.0,0.0,0.0,0.0,0.0,0.0,0.0,0.0,0.0,0.0,0.0,0.0,0,1,0.0,0.025570744648575783,-0.0,0.0,1.0,0.0,1.0,1.0,0.0,0.0,0.0,0.0,0.0,0.0,1.0,1.0,0.0,0.0,0.0005470257019624114,0.0005470257019624114,0.0005470257019624114,1.4404618013941217e-06,1.4404618013941217e-06,1.4404618013941217e-06,3.847929110634141e-05,3.847929110634141e-05,3.847929110634141e-05,2.00355989363743e-05,2.00355989363743e-05,2.00355989363743e-05,0.00012814020738005638,0.00012814020738005638,0.00012814020738005638,6.988949462538585e-05,6.988949462538585e-05,6.988949462538585e-05,0.00013416845930199392,0.00013416845930199392,0.00013416845930199392,gratitude,can’t find comfy noise cancelling headphones - sensitive head
apple_airpods_pro_3_wireless_active_noise_cancelling_earbuds_with_heart_rate_sensing_feature_white,19ajqfj,182,16471,0.32111938938845036,0.20348837209302326,0.054287479379942744,0.04861036714977577,0.0478936727120672,0.4729368759521724,0.4647474414945756,0.46449100982711494,0.4693208932876587,0.817341148853302,0.1275411993265152,0.09820190817117691,0.7936263084411621,0.31296786665916443,8,174,0.04395604395604396,0.08749466705657952,1.9778276725728936,0.5935493054323072,0.8626373626373627,0.6906077348066298,0.5054945054945055,0.14285714285714285,0.12087912087912088,0.14835164835164835,0.5879120879120879,24.15261435829543,22.0,1.0409130507245485,10.0,2.6648351648351647,1.5810810810810811,3.9145728643216082,0.08003058450013159,0.9964088797569275,0.03487351052463055,0.0006066632900207558,0.02829010784626007,2.187858281104134e-05,0.03681196112293137,0.959147036075592,0.0016535879112780111,0.0006167946528546383,0.0645659863948822,0.00019562900415621707,0.04801415901034328,0.9926567673683167,0.01486665243282917,0.0005798033154540783,0.016647739335894585,0.0010066998016554874,0.027776660981955945,0.4394728583089697,0.008696301744627518,neutral,Can’t wait to experience lossless audio with my AirPods Pro!
shokz_opendots_one_open_ear_clip_on_true_wireless_bluetooth_earbuds_gray,1qxrson,68,2278,0.3248274023853131,0.26865671641791045,0.04761428131947654,0.035150257880126067,0.03064586531729981,0.48713525335604524,0.48993486563713534,0.48644710051531953,0.4882117062807083,0.668368935585022,0.20258663594722748,0.17004524171352386,0.6597328186035156,0.447305291891098,6,62,0.08823529411764706,0.11538949147250284,2.0346714959586567,0.6106082294005646,0.8382352941176471,0.8059701492537313,0.4264705882352941,0.07352941176470588,0.14705882352941177,0.08823529411764706,0.6911764705882353,24.528084849143482,30.75,0.6799469098009608,4.0,2.411764705882353,2.0384615384615383,2.9334916864608074,0.054309034294633685,0.9641551971435547,0.08509008511900898,0.00019974178727847283,0.011794321238994598,5.408406150309017e-06,0.027845868537523903,0.9197630882263184,0.0007220710336696353,0.0005121444087308191,0.030879484489560127,9.92549648799467e-05,0.026766615880500038,0.68411785364151,0.049172073230147335,0.00034171029625106123,0.0053097340278327465,0.0008043647103477267,0.01832918586748634,0.35957339641754515,0.0222156032727374,neutral,"Linus Tech Tips - Headphones with Noise Cancelling that Don’t Stick in your Ear - Shokz OpenFit Pro Showcase February 6, 2026 at 10:00AM"
bose_quietcomfort_wireless_noise_cancelling_over_the_ear_bluetooth_headphones_sandstone,b50g07,26,325,0.31190456793858456,0.038461538461538464,0.053894110936440066,0.03968797956070747,0.034115729443259954,0.4994480222922105,0.48028889637727,0.4842348303244664,0.48498061299324036,0.8788172006607056,0.27309730648994446,0.27277764678001404,0.6987820863723755,0.46702325344085693,7,19,0.2692307692307692,0.26850842014671517,2.0753600963348164,0.6228189446348527,0.7307692307692307,0.92,0.3076923076923077,0.6538461538461539,0.07692307692307693,0.038461538461538464,0.23076923076923078,32.08992542231078,41.0,0.8427657181616971,9.0,3.5,1.1764705882352942,3.1914893617021276,0.0007790040276281965,0.0022423770278692245,0.0014435618068091571,1.8389709671632422e-06,3.947862751374487e-06,3.267409056206816e-06,6.366626397581198e-05,0.00023140825214795768,0.00018831909983418882,3.901359972447748e-05,0.00021031498908996582,6.659841346845496e-05,0.0001697286707684935,0.00040422382880933583,0.00029486660787370056,0.00010602321680590439,0.0002733328437898308,0.00016183950356207788,0.00019321245831167456,0.0005091637149992797,0.00036655972835812156,neutral,Just picked these up for $120 - Bose QuietComfort 25
samsung_galaxy_buds3_pro_wireless_earbud_headphones_silver,1hobtoz,46,1035,0.31994441669920215,0.13043478260869565,0.04788135115362021,0.03426172998275288,0.029246334385012552,0.49133521211895964,0.48847082919544643,0.4854833699654842,0.4939466118812561,0.6761375069618225,0.3344872295856476,0.33596885204315186,0.7398627996444702,0.564411461353302,15,31,0.32608695652173914,0.32309958626232715,2.3725042996581194,0.7119924039516337,0.9347826086956522,0.8888888888888888,0.2826086956521739,0.2608695652173913,0.043478260869565216,0.06521739130434782,0.6304347826086957,44.01423983358732,36.25,0.9762078265887254,7.0,2.3043478260869565,1.1304347826086956,2.3943661971830985,0.046263244940074284,0.7992475628852844,0.004912630771286786,1.059915716130332e-05,0.0002665896899998188,7.509806664529606e-06,0.007102329033446237,0.28524157404899597,0.000827857744297944,5.376892018514058e-05,0.0004959241487085819,0.00010403187116025947,0.030905018525948475,0.6417303681373596,0.0008109432528726757,0.00020096934776634242,0.0025436673313379288,0.00019972402515122667,0.014089321654096962,0.2453415874382093,0.0011004615639649273,neutral,Disappointed with my Galaxy Buds 3 Pro - ANC ruins the sound quality
apple_airpods_max_usb_c_midnight,1gov7w7,6,15,0.2666684774061044,0.0,0.051974925557988855,0.028904241172591938,0.020675780853494162,0.49624611139297486,0.5199267526467641,0.5059939006964366,0.5208295583724976,0.5924549698829651,0.4722069799900055,0.44774723052978516,0.5361272096633911,0.5818580985069275,3,3,0.5,0.5507023222744465,1.5607104090414063,0.4683717353708719,1.0,1.0,0.3333333333333333,0.5,0.16666666666666666,0.16666666666666666,0.16666666666666666,44.91256938640773,38.25,0.5602399507660007,2.0,1.1666666666666667,1.0,1.0,0.00222556959973493,0.004563214723020792,0.004483443219214678,5.008501166988329e-06,9.965468962036539e-06,9.067282462638104e-06,7.360289206796249e-05,0.00012195413728477433,0.00011802334847743623,4.6652818127768114e-05,7.268342596944422e-05,7.14687121217139e-05,0.00037519003429527703,0.0007913637673482299,0.000690510292770341,0.0007959404659535115,0.002201565308496356,0.0017800367786549032,0.0005869940518910729,0.0012315343115005817,0.0011920916056169517,confusion,AirPods Max color comparison // What color should I go for?
sony_wh_1000xm5_wireless_noise_cancelling_over_the_ear_headphones_black,1lkrqkd,3,3,0.3024999300638835,0.0,0.03735478300919717,0.03299879786288117,0.031528091018348144,0.422564039627711,0.48094871640205383,0.43874961137771606,0.39676254987716675,0.576569139957428,0.3162350654602051,0.2450931817293167,0.3162350654602051,0.45194798707962036,0,3,0.0,0.12354187419017156,-0.0,0.0,1.0,0.0,1.0,0.0,0.0,1.0,0.0,6.48074069840786,7.5,0.5891582453098055,2.0,1.3333333333333333,1.0,1.0,0.024055959618029494,0.06660003960132599,0.05429274830967189,1.3967314923017208e-05,3.249537985539064e-05,2.736268907028716e-05,0.0008590965905265572,0.002207193523645401,0.0018266407249029725,0.005835507134785682,0.017074966803193092,0.013741021574242042,0.0009610707274987362,0.0024006832391023636,0.002000842953566462,0.0003195658913076234,0.0007254891679622233,0.0006099099526181818,0.005340861212845185,0.014840144619180743,0.012083087700678638,neutral,Noise cancellation - How to stop from automatically changing
apple_airpods_pro_3_wireless_active_noise_cancelling_earbuds_with_heart_rate_sensing_feature_white,1jv4cq0,89,3916,0.30724215043055547,0.07792207792207792,0.05248258701877816,0.04616274116527818,0.04482879130782518,0.47385565722713185,0.4564348243184547,0.4621593676530304,0.4703274071216583,0.9492935538291931,0.15856580436229706,0.12798458337783813,0.7347354888916016,0.3880763053894043,15,74,0.16853932584269662,0.21619327345423484,2.2752912842657356,0.6828186197209436,0.797752808988764,0.7840909090909091,0.39325842696629215,0.2247191011235955,0.056179775280898875,0.16853932584269662,0.550561797752809,32.303724472904996,20.0,1.2676505635311044,10.0,2.292134831460674,1.146341463414634,2.63768115942029,0.06349484531504489,0.9290671944618225,0.09270877391099941,3.274175888905989e-05,0.0023266994394361973,1.3165566815587234e-05,0.003174060706299039,0.22267818450927734,0.0006924077286385003,0.00017851754355331322,0.006245051510632038,0.00023991337511688476,0.05019075155110698,0.8879457116127014,0.029654733091592812,0.0011850286360089066,0.04092446342110634,0.0009073134046047927,0.01970932425181703,0.30989634470703703,0.02429807525277286,neutral,I just got the AirPods pro 2 gen
apple_airpods_pro_3_wireless_active_noise_cancelling_earbuds_with_heart_rate_sensing_feature_white,1nuc9k2,192,18336,0.31970009462718657,0.1657754010695187,0.045999501128072835,0.034574920757408874,0.030517662405766324,0.4895847313436005,0.4855061417330141,0.48268268653963664,0.4912330210208893,0.8242426514625549,0.20652878284454346,0.18805333971977234,0.7952253222465515,0.4502022862434387,21,171,0.109375,0.1498569448449416,2.04296304264839,0.6130965360649407,0.84375,0.7643979057591623,0.4427083333333333,0.2552083333333333,0.10416666666666667,0.17708333333333334,0.4635416666666667,53.49218059054609,39.0,1.203621079735714,8.0,2.4322916666666665,1.4588235294117646,4.525623268698061,0.050779512492075206,0.9851224422454834,0.0074632394127547765,0.00032050894552545134,0.04484143853187561,9.321397965322844e-06,0.020169208031802555,0.9715099930763245,0.0005188279843423521,0.0007388429825520385,0.12753847241401672,9.979944734368474e-05,0.030577374200674967,0.9556483030319214,0.0014936506631784145,0.0002508770784857006,0.007178951054811478,0.0004247068456606942,0.017139387288519325,0.3942658597564635,0.0016064597604705949,neutral,Do AirPods Pro 3 really sound bad?  An explanation.
sony_wh_1000xm5_wireless_noise_cancelling_over_the_ear_headphones_black,1kncb2w,162,13041,0.3184465096368418,0.24025974025974026,0.04817224194412061,0.041251635491265565,0.03945972566801971,0.4805137651270678,0.47074018727073036,0.4711252286460043,0.4757707715034485,1.0000001192092896,0.17061381042003632,0.1372181922197342,0.8857868313789368,0.389346182346344,17,145,0.10493827160493827,0.13909823604985888,2.1106312634917055,0.6334038793377453,0.9012345679012346,0.7453416149068323,0.41975308641975306,0.12962962962962962,0.05555555555555555,0.2222222222222222,0.5925925925925926,34.82926982990917,27.75,1.215497999234228,10.0,2.5123456790123457,1.4722222222222223,4.14190093708166,0.07254352222267182,0.9968225955963135,0.0240265401080251,0.0022973460516068148,0.16586880385875702,1.0183825270360117e-05,0.05317605595871695,0.977944016456604,0.0006365615001413978,0.00011281818928025278,0.002320901257917285,0.00011829463983303867,0.03490436652264404,0.9458791613578796,0.006674420950002989,0.001134243197134591,0.062081556767225266,0.00039171255775727337,0.02736139202367575,0.5154521354706958,0.005952110945759162,neutral,I was one of the first to review the Sony WH-1000XM6 and they're the new gold standard for noise-canceling headphones | Stuff
bose_quietcomfort_wireless_noise_cancelling_over_the_ear_bluetooth_headphones_sandstone,1s55eu2,4,6,0.2957419902086258,0.0,0.039563728605186775,0.02879078638891255,0.024989474497194134,0.5863746305306753,0.5352991123994192,0.5588870147864023,0.5564329624176025,0.5880882740020752,0.5574406981468201,0.572128176689148,0.5574407577514648,0.6386124491691589,1,3,0.25,0.25038091745227575,1.0397207708399179,0.3120218965147642,0.75,0.6666666666666666,0.5,0.25,0.5,0.0,0.25,24.508926945094924,23.75,0.6165767784929541,4.0,2.5,1.0,1.6666666666666667,0.001123828871641308,0.001763368840329349,0.0015884883236140014,1.9077450019722164e-06,2.2864774109621067e-06,2.2564299797522835e-06,6.685104472126113e-05,0.00011602119047893211,0.00010144869738724083,4.042194495923468e-05,5.34334103576839e-05,5.305764461809304e-05,0.0002323747321497649,0.00035970695898868144,0.0003351703693624586,0.0001132450852310285,0.00014047823788132519,0.00013930951681686567,0.0002631049039507616,0.0004052332297609003,0.00036670400020473914,admiration,Bose Quiet Comfort SCs sound Harsh?
bose_quietcomfort_wireless_noise_cancelling_over_the_ear_bluetooth_headphones_sandstone,1nekx54,8,28,0.23820562288165092,0.0,0.05338208703458848,0.04621413982260557,0.04329269467073233,0.4585488406675203,0.5487421272056443,0.4925400582807405,0.47388941049575806,0.7961914539337158,0.28769534826278687,0.19147296249866486,0.5158606767654419,0.5222436785697937,1,7,0.125,0.1906776581890881,1.559581156259877,0.4680328447721463,1.0,0.8571428571428571,0.25,0.5,0.125,0.25,0.125,43.01961761801237,63.5,0.8915982926012926,5.0,2.375,1.25,2.3333333333333335,0.0035052006278419867,0.02384413406252861,0.008013678458519276,2.2595422137783316e-06,6.681562354060588e-06,3.999259956799505e-06,6.700850235574762e-05,0.0002137026604032144,0.00015311421448132022,4.949346498506202e-05,0.0002128836786141619,9.955102286767211e-05,0.0013293801675899886,0.009688746184110641,0.0030803448462393117,0.00022570742657990195,0.001226196181960404,0.0004442529614607336,0.0008631749552610776,0.005865390721661849,0.001965823460587519,gratitude,Deaf with Cochlear Implant - Over the ear headphones recommendation
apple_airpods_max_2_usb_c_midnight,1q7kvo4,3,3,0.14197702457507452,0.0,0.096317144169341,0.08721054426446312,0.08144928458635241,0.3480409284432729,0.38839717706044513,0.36052995920181274,0.2569914162158966,0.5848134756088257,0.3610617220401764,0.3304176330566406,0.3610617220401764,0.439435750246048,1,2,0.3333333333333333,0.3877443528423707,0.6365141682948128,0.1910189384688593,1.0,1.0,0.6666666666666666,0.6666666666666666,0.0,0.3333333333333333,0.0,58.37998134825175,68.5,0.7090685993714787,1.0,1.0,0.0,0.0,0.0015826270876762767,0.0035449499264359474,0.002962499053683132,3.855103841488017e-06,8.905412869353313e-06,7.403315453302639e-06,6.273639761881593e-05,0.00012313034676481038,0.00010617591833579355,3.56456833590831e-05,6.085429049562663e-05,5.441551620606333e-05,0.00029534722367922467,0.0006035957485437393,0.0005118743923958392,0.00046313326553596806,0.0012257436756044626,0.0009972857427783311,0.0004072241269518094,0.0009278632334523232,0.0007728834059397135,neutral,"[USA-FL] [H] Airpods Max (USB Type-C) Midnight, Black Titanium Apple Watch Ultra 3 [W] PayPal"
apple_airpods_max_usb_c_midnight,1q7kvo4,3,3,0.14197702457507452,0.0,0.096317144169341,0.08721054426446312,0.08144928458635241,0.34804093341032666,0.3883971869945526,0.3605299691359202,0.2569914162158966,0.5848134756088257,0.3610617220401764,0.33041760325431824,0.3610617220401764,0.439435750246048,1,2,0.3333333333333333,0.3877443528423707,0.6365141682948128,0.1910189384688593,1.0,1.0,0.6666666666666666,0.6666666666666666,0.0,0.3333333333333333,0.0,58.37998134825175,68.5,0.7090685993714787,1.0,1.0,0.0,0.0,0.0015826270876762767,0.0035449499264359474,0.002962499053683132,3.855103841488017e-06,8.905412869353313e-06,7.403315453302639e-06,6.273639761881593e-05,0.00012313034676481038,0.00010617591833579355,3.56456833590831e-05,6.085429049562663e-05,5.441551620606333e-05,0.00029534722367922467,0.0006035957485437393,0.0005118743923958392,0.00046313326553596806,0.0012257436756044626,0.0009972857427783311,0.0004072241269518094,0.0009278632334523232,0.0007728834059397135,neutral,"[USA-FL] [H] Airpods Max (USB Type-C) Midnight, Black Titanium Apple Watch Ultra 3 [W] PayPal"
samsung_galaxy_buds4_pro_wireless_earbud_headphones_black,1rwhdp6,5,10,0.29699702858924865,0.0,0.06018090043530645,0.038510544604589206,0.031359748468198265,0.5115161806344986,0.4977326303720474,0.5040913075208664,0.5000182539224625,0.5739331841468811,0.2975502610206604,0.2484075278043747,0.2975502610206604,0.5092998743057251,1,4,0.2,0.39532384276390076,0.9502705392332347,0.28517773633985943,1.0,1.0,0.6,0.4,0.2,0.0,0.4,26.270896444544867,30.0,0.6138059916949735,3.0,1.8,1.0,1.25,0.0007481627631932497,0.0011799817439168692,0.0010543190641328693,1.7482550674685625e-06,2.2094216092227725e-06,2.0852907709922876e-06,4.4532777974382046e-05,5.565543324337341e-05,5.301424171193503e-05,3.5373584250919524e-05,6.0681770264636725e-05,5.1087775500491264e-05,0.00015995016146916897,0.00030894746305420995,0.00024096487322822216,8.698429446667433e-05,9.521858737571165e-05,9.480739681748672e-05,0.00017945863940364384,0.0002739783922152128,0.00024408084602024852,neutral,Douleur à gauche - buds4 pro
bose_ultra_open_ear_true_wireless_open_earbuds_driftwood_sand,1e5r9cs,3,3,0.2157430574297905,0.0,0.08768751332064673,0.045752931129176944,0.02871212821037376,0.4824039340019226,0.5280477106571198,0.503659188747406,0.46683791279792786,0.588060736656189,0.46331796050071716,0.3756231963634491,0.46331796050071716,0.6188830137252808,0,3,0.0,0.1954133796195189,1.0986122886681096,0.32969533691986563,1.0,1.0,0.3333333333333333,1.0,0.0,0.0,0.0,10.424330514074594,12.5,0.11712730914690556,2.0,1.3333333333333333,1.0,1.0,0.0005548998597078025,0.0005626299534924328,0.0005603551515378058,1.5096979192700626e-06,1.566524133522762e-06,1.552387675474165e-06,4.185941482622487e-05,4.533781611826271e-05,4.4493088353192434e-05,2.120404678862542e-05,2.296829734405037e-05,2.2469269970315507e-05,0.0001311748104247575,0.00013635815412271768,0.00013512631121557206,7.273546119298165e-05,7.399921014439315e-05,7.377974252449348e-05,0.00013723054847661036,0.0001397609390399642,0.00013918515104099547,gratitude,Bose Open Ultra earbuds - alternatives?
apple_airpods_pro_3_wireless_active_noise_cancelling_earbuds_with_heart_rate_sensing_feature_white,1p8nhv7,75,2775,0.30795106081895424,0.08450704225352113,0.053551235398340925,0.04400875571478259,0.04092409740289162,0.48469693849215634,0.48567621749800605,0.4810846862384865,0.48222652077674866,0.708303689956665,0.20755524933338165,0.17571507394313812,0.7565760016441345,0.4398718476295471,26,49,0.3466666666666667,0.3704002755135298,1.6617406267942436,0.4986910682462497,0.8666666666666667,0.6486486486486487,0.5333333333333333,0.22666666666666666,0.06666666666666667,0.30666666666666664,0.4,28.407179061325717,23.5,1.0312383492736827,8.0,2.44,1.3703703703703705,3.415,0.014323277547567462,0.8438785672187805,0.0030810235068202017,2.8355320340172813e-05,0.0019218615489080548,3.460440984781596e-06,0.010755277610223856,0.7980636954307556,0.00018630367412697518,0.0010202914914892365,0.0647362768650055,9.916817216435438e-05,0.002992362754594069,0.20025916397571564,0.0006172937923110999,0.00016200407456684235,0.002148318337276578,0.0002782841853331772,0.004880261466463607,0.3077596168392726,0.0006918120823987313,neutral,Should I pull the trigger?
apple_airpods_max_2_usb_c_midnight,1q7l508,1,0,0.2792925536632538,0.0,0.0,0.0,0.0,0.0,0.0,0.0,0.0,0.0,0.0,0.0,0.0,0.0,0,1,0.0,0.030929433181881905,-0.0,0.0,1.0,0.0,1.0,1.0,0.0,0.0,0.0,0.0,0.0,0.0,1.0,1.0,0.0,0.0,0.0027298592031002045,0.0027298592031002045,0.0027298592031002045,1.0455844858370256e-05,1.0455844858370256e-05,1.0455844858370256e-05,0.00042694262810982764,0.00042694262810982764,0.00042694262810982764,6.443096208386123e-05,6.443096208386123e-05,6.443096208386123e-05,0.00017335607844870538,0.00017335607844870538,0.00017335607844870538,0.00020292097178753465,0.00020292097178753465,0.00020292097178753465,0.0006013276147314173,0.0006013276147314173,0.0006013276147314173,neutral,"[USA-FL] [H] Airpods Max (USB Type-C) Midnight, Black Titanium Apple Watch Ultra 3 [W] PayPal"
apple_airpods_max_usb_c_midnight,1q7l508,1,0,0.2792925536632538,0.0,0.0,0.0,0.0,0.0,0.0,0.0,0.0,0.0,0.0,0.0,0.0,0.0,0,1,0.0,0.030929433181881905,-0.0,0.0,1.0,0.0,1.0,1.0,0.0,0.0,0.0,0.0,0.0,0.0,1.0,1.0,0.0,0.0,0.0027298592031002045,0.0027298592031002045,0.0027298592031002045,1.0455844858370256e-05,1.0455844858370256e-05,1.0455844858370256e-05,0.00042694262810982764,0.00042694262810982764,0.00042694262810982764,6.443096208386123e-05,6.443096208386123e-05,6.443096208386123e-05,0.00017335607844870538,0.00017335607844870538,0.00017335607844870538,0.00020292097178753465,0.00020292097178753465,0.00020292097178753465,0.0006013276147314173,0.0006013276147314173,0.0006013276147314173,neutral,"[USA-FL] [H] Airpods Max (USB Type-C) Midnight, Black Titanium Apple Watch Ultra 3 [W] PayPal"
samsung_galaxy_buds3_pro_wireless_earbud_headphones_silver,1e8jn1n,72,2556,0.3245135868938876,0.2535211267605634,0.042444126212084855,0.02967399661788398,0.025307398261414375,0.48097923751308325,0.4672360079704036,0.46920354678317416,0.47343024611473083,1.0,0.298836886882782,0.27583301067352295,0.8489173650741577,0.6367018222808838,18,54,0.25,0.24722969767430591,1.9057604049065204,0.5719218010440534,0.8333333333333334,0.7323943661971831,0.5138888888888888,0.3472222222222222,0.125,0.08333333333333333,0.4444444444444444,63.552666018230035,66.25,1.0408989884696456,10.0,2.9444444444444446,1.44,3.788679245283019,0.05354459107426616,0.8334174752235413,0.10147270262241362,9.18707900218073e-05,0.003057848894968629,4.999125449103297e-05,0.030978128198108204,0.7522392272949219,0.0021011914941482233,0.002674525222801094,0.18332456052303314,0.00030551508534699674,0.012586759009334654,0.558417797088623,0.007630709465593098,0.00044883739216553903,0.01026087999343872,0.0009607236657757308,0.01672078528111624,0.27749704612263787,0.035579060318317084,neutral,My Galaxy Buds+ are 4 years old and still last longer outside the case than Galaxy Buds 3 Pro. Why have Samsung not been able to replicate their best earbuds in later generations?
apple_airpods_pro_3_wireless_active_noise_cancelling_earbuds_with_heart_rate_sensing_feature_white,1s9r6tc,102,5151,0.30719483581682044,0.07291666666666667,0.0582555785014007,0.05103135837766131,0.04970061446369709,0.47684203512088646,0.4823073566081431,0.4719627172657412,0.4742751121520996,1.0000001192092896,0.14111296832561493,0.11080238968133926,0.8979946374893188,0.33831924200057983,8,94,0.0784313725490196,0.1398798598743537,1.9945344494180923,0.5985630363705443,0.9215686274509803,0.7623762376237624,0.28431372549019607,0.35294117647058826,0.13725490196078433,0.19607843137254902,0.3137254901960784,21.23541406371716,18.75,0.9726143845977325,7.0,2.607843137254902,1.098360655737705,3.1327433628318584,0.05087505836883222,0.9841763973236084,0.01739772371947773,0.0003283871298950704,0.02647622674703598,9.176409366773454e-06,0.01917496401163625,0.9593981504440308,0.000550960152759217,0.0007247936608502071,0.05141249671578407,0.00016818365693325196,0.03233312883885981,0.9797041416168213,0.0008724649378564221,0.0007157098722981412,0.036632321774959564,0.0003965327749028803,0.01735867364706195,0.42237468279199675,0.003645392228039191,neutral,I thought AirPods Pro 3 track heart rate continuously… turns out they don’t. So I built an app that fixes it
apple_airpods_max_2_usb_c_midnight,1keugkj,27,351,0.32723599672317505,0.2222222222222222,0.0527958211268223,0.03925092245975917,0.03431705568668751,0.5334894163825913,0.4980131171197973,0.5114166740848128,0.5099207162857056,0.6779984831809998,0.23773692548274994,0.22071705758571625,0.6249539852142334,0.4746365249156952,7,20,0.25925925925925924,0.3035656749788258,2.3235232983412613,0.6972931256908637,0.8148148148148148,0.9230769230769231,0.18518518518518517,0.2962962962962963,0.0,0.037037037037037035,0.6666666666666666,21.676129620762023,23.0,0.703432091058383,4.0,1.3333333333333333,1.0,1.4444444444444444,0.01974142307665682,0.2962748408317566,0.022990160062909108,5.711211605961984e-06,8.422655082540587e-05,7.477829421986824e-06,0.0002563684012312916,0.002043916843831539,0.0006659611011855295,0.0065957899013382205,0.17640893161296844,0.00010321466106688598,0.005439852273816036,0.11675890535116196,0.005208927020430562,0.00026551299433103177,0.003155873157083988,0.0004762628697790204,0.0053841096431632264,0.08075678240978353,0.005253760837786098,neutral,My Review of Airpods Max after 2 weeks of usage
apple_airpods_max_usb_c_midnight,1keugkj,27,351,0.32723599672317505,0.2222222222222222,0.0527958211268223,0.03925092245975917,0.03431705568668751,0.5334894546756038,0.49801318793215305,0.5114167302082746,0.5099207162857056,0.6779984831809998,0.23773692548274994,0.22071707248687744,0.624954104423523,0.47463658452033997,7,20,0.25925925925925924,0.3035656749788258,2.3235232983412613,0.6972931256908637,0.8148148148148148,0.9230769230769231,0.18518518518518517,0.2962962962962963,0.0,0.037037037037037035,0.6666666666666666,21.676129620762023,23.0,0.703432091058383,4.0,1.3333333333333333,1.0,1.4444444444444444,0.01974142307665682,0.2962748408317566,0.022990160062909108,5.711211605961984e-06,8.422655082540587e-05,7.477829421986824e-06,0.0002563684012312916,0.002043916843831539,0.0006659611011855295,0.0065957899013382205,0.17640893161296844,0.00010321466106688598,0.005439852273816036,0.11675890535116196,0.005208927020430562,0.00026551299433103177,0.003155873157083988,0.0004762628697790204,0.0053841096431632264,0.08075678240978353,0.005253760837786098,neutral,My Review of Airpods Max after 2 weeks of usage
apple_airpods_max_usb_c_midnight,1lgfwms,2,1,0.05909261107444763,0.0,0.2391039661274709,0.21009324419781994,0.19292132085931443,0.6228028535842896,0.557686448097229,0.5884487628936768,0.5884487628936768,0.5884487628936768,0.4876973628997803,0.4876973628997803,0.4876973628997803,0.4876973628997803,0,2,0.0,0.13078864756971598,0.6931471805599453,0.20801459767650946,1.5,1.0,0.5,1.0,0.0,0.0,0.0,31.0,31.0,0.22627737226277372,1.0,1.0,0.0,0.0,0.0011082825949415565,0.0016463294159621,0.0015387200517579915,2.671017739430681e-06,3.947109689761419e-06,3.6918912996952714e-06,9.937985851138365e-05,0.00016040151240304112,0.00014819718162470963,7.779195675539086e-05,0.00013816157297696918,0.00012608764973265352,0.00017835109611041844,0.00021924523753114045,0.00021106640924699606,9.521185347693972e-05,0.00011022159742424265,0.00010721964863478207,0.0002602813962558533,0.0003797177409978758,0.0003558304720494713,neutral,[USA-MD][H] AirPods Max (USB-C) Midnight and Apple Watch S10 42MM Natural Titanium [W] PayPal
apple_earpods_usb_c_white,1oznxk9,36,630,0.3094352066516876,0.06666666666666667,0.06633855953452507,0.0676083533913604,0.07177537388448495,0.4317884548788979,0.4327523944396821,0.4285035834899024,0.425541952252388,0.6417270302772522,0.1352369487285614,0.10351517796516418,0.6191295385360718,0.3268192410469055,7,29,0.19444444444444445,0.24967251562823853,1.4539552723037041,0.4363343449851032,0.8888888888888888,0.6,0.5833333333333334,0.16666666666666666,0.0,0.3888888888888889,0.4444444444444444,21.722364307577365,9.25,1.3719387983733071,4.0,1.8055555555555556,1.6153846153846154,1.8333333333333333,0.03472467380197486,0.9886081218719482,0.011044566985219717,1.1068136179422558e-05,0.00011736604938050732,1.695137962087756e-05,0.0029496967620414377,0.07139530777931213,0.0009521798638161272,0.00010004362800625838,0.001262257806956768,0.0001921031580423005,0.02789423964612878,0.9802256226539612,0.0012987165828235447,0.0003426880917282284,0.0022064573131501675,0.0014038473600521684,0.011003735011009834,0.32905189154431963,0.002571798039298301,neutral,Got Apple wired EarPods 50% off! 🤑
bose_ultra_open_ear_true_wireless_open_earbuds_driftwood_sand,1ehq976,1,0,0.06122853606939316,0.0,0.0,0.0,0.0,0.0,0.0,0.0,0.0,0.0,0.0,0.0,0.0,0.0,0,1,0.0,0.02476675622165203,-0.0,0.0,1.0,0.0,1.0,1.0,0.0,0.0,0.0,0.0,0.0,0.0,1.0,1.0,0.0,0.0,0.0005883763078600168,0.0005883763078600168,0.0005883763078600168,1.5444954897247953e-06,1.5444954897247953e-06,1.5444954897247953e-06,4.242089198669419e-05,4.242089198669419e-05,4.242089198669419e-05,2.1561403627856635e-05,2.1561403627856635e-05,2.1561403627856635e-05,0.00012914989201817662,0.00012914989201817662,0.00012914989201817662,7.419910980388522e-05,7.419910980388522e-05,7.419910980388522e-05,0.00014287535013105904,0.00014287535013105904,0.00014287535013105904,gratitude,Bose Ultra Open earbuds Alternative 
samsung_galaxy_buds3_pro_wireless_earbud_headphones_silver,1rh5s6g,7,21,0.3191943551812853,0.14285714285714285,0.0685083100438876,0.05765796405155107,0.053984726263453485,0.48435992144403006,0.49703548068091985,0.4879315396149953,0.4990127682685852,0.5379664301872253,0.24935372173786163,0.2216990739107132,0.3597622513771057,0.46708112955093384,3,4,0.42857142857142855,0.4166880484138216,1.277034259466139,0.3832400609166074,0.8571428571428571,0.6666666666666666,0.42857142857142855,0.14285714285714285,0.0,0.0,0.8571428571428571,7.578164119928482,9.0,0.44577435999579307,2.0,1.1428571428571428,1.0,1.0,0.014190665400487237,0.08290937542915344,0.04058747272938493,4.939662728377568e-06,1.706953662505839e-05,1.0960239433188694e-05,0.000144577010879792,0.00030718257767148316,0.00030067954794503753,0.005348093673351936,0.03552490845322609,0.015276000648736965,0.0004794511551153846,0.0016594334738329053,0.0012251631938852373,0.0004616215852105857,0.002085207961499691,0.0012000395217910413,0.003438224747962219,0.02041719623866811,0.009766719313529399,neutral,The left earbud on my Samsung Galaxy Buds 3 Pro is dead; is there a way to fix it?
samsung_galaxy_buds4_pro_wireless_earbud_headphones_black,1rh5s6g,7,21,0.31919434666633606,0.14285714285714285,0.0685083100438876,0.05765796405155107,0.053984726263453485,0.4843599271206629,0.49703546932765413,0.4879315325192043,0.4990127384662628,0.5379664897918701,0.24935370683670044,0.22169895470142365,0.35976219177246094,0.46708112955093384,3,4,0.42857142857142855,0.4166880484138216,1.277034259466139,0.3832400609166074,0.8571428571428571,0.6666666666666666,0.42857142857142855,0.14285714285714285,0.0,0.0,0.8571428571428571,7.578164119928482,9.0,0.44577435999579307,2.0,1.1428571428571428,1.0,1.0,0.014190665400487237,0.08290937542915344,0.04058747272938493,4.939662728377568e-06,1.706953662505839e-05,1.0960239433188694e-05,0.000144577010879792,0.00030718257767148316,0.00030067954794503753,0.005348093673351936,0.03552490845322609,0.015276000648736965,0.0004794511551153846,0.0016594334738329053,0.0012251631938852373,0.0004616215852105857,0.002085207961499691,0.0012000395217910413,0.003438224747962219,0.02041719623866811,0.009766719313529399,neutral,The left earbud on my Samsung Galaxy Buds 3 Pro is dead; is there a way to fix it?
samsung_galaxy_buds3_pro_wireless_earbud_headphones_silver,1o32iwb,66,2145,0.3049842119216919,0.03125,0.05191464818220287,0.039559122678864904,0.03453661292660444,0.4791497994761367,0.4752106742772745,0.46917337283387883,0.47346335649490356,0.8593170046806335,0.3362182378768921,0.3363126218318939,0.8056876063346863,0.572971522808075,19,47,0.2878787878787879,0.29874997526745906,1.6130650166063925,0.4840834383606243,0.9242424242424242,0.6615384615384615,0.5757575757575758,0.21212121212121213,0.10606060606060606,0.24242424242424243,0.4393939393939394,31.7286366237479,39.5,0.8516022843299558,10.0,3.727272727272727,1.1590909090909092,3.4780701754385963,0.043909648250767284,0.7058940529823303,0.15583064407110214,1.4746442395858828e-05,0.00020272757683414966,4.984681072528474e-05,0.008212914578424798,0.23986755311489105,0.009670042200013995,0.0013587151403099238,0.06370518356561661,0.00019731800421141088,0.01932183722193727,0.6286173462867737,0.01895732805132866,0.00025279895767611873,0.0023315970320254564,0.0005689696117769927,0.012178443431918543,0.22260443051557863,0.037947344473460966,neutral,Dolby Atmos not working with Buds 3 Pro after S24Ultra update to One UI 8 - Samsung responds
samsung_galaxy_buds4_pro_wireless_earbud_headphones_black,1shb01c,10,45,0.32293005453215706,0.1111111111111111,0.051513191599490506,0.0498293667222377,0.0514635469542898,0.4703028771612379,0.44400661289691923,0.4490608751773834,0.46494826674461365,0.5306509137153625,0.14832058548927307,0.13890674710273743,0.3607082962989807,0.3952712118625641,0,10,0.0,0.05511756334453821,1.6094379124341003,0.48299493849177877,0.9,0.8888888888888888,0.4,0.5,0.2,0.1,0.2,21.992953416946982,24.25,1.052294421863492,3.0,1.8,1.6666666666666667,2.1333333333333333,0.08674509998527355,0.8230275511741638,0.11433124430477593,0.00026104490160605565,0.002570964628830552,0.0002778240515908683,0.07731585359124438,0.7641662955284119,0.08383950134739253,0.00017770646409189794,0.0010472573339939117,0.0004956102609867227,0.005363412584847538,0.04888171702623367,0.007359116734005494,0.00030236549719120376,0.0017353433649986982,0.0006120463047409425,0.028360913837375767,0.27357152150943875,0.034485890500582074,neutral,Buds4 Pro Case with Lock?
bose_quietcomfort_wireless_noise_cancelling_over_the_ear_bluetooth_headphones_sandstone,1qsa3q6,3,3,0.33332518736521405,0.0,0.07264951701110266,0.0520128981161721,0.04483847807260841,0.511030892531077,0.5589381257692972,0.5281395018100739,0.47907182574272156,0.627759575843811,0.25420495867729187,0.15513743460178375,0.25420495867729187,0.45227715373039246,0,3,0.0,0.05512660617629687,0.6365141682948128,0.1910189384688593,1.0,1.0,0.6666666666666666,0.3333333333333333,0.3333333333333333,0.3333333333333333,0.0,18.080068829760823,20.5,0.732975763368682,1.0,1.0,0.0,0.0,0.0004866663657594472,0.0006811409257352352,0.0006229208083823323,1.5073694612510735e-06,1.7957903537535458e-06,1.71809235780529e-06,3.3135544678467944e-05,5.167797644389793e-05,4.6233954344643285e-05,2.3348441269869607e-05,2.9549790269811638e-05,2.7805231366073715e-05,0.00011904773903855433,0.0001608702150406316,0.0001488033725763671,8.413526181053992e-05,9.01531457202509e-05,8.859894733177499e-05,0.00012464012033635503,0.00016919797392726346,0.00015584855163221315,admiration,Follow up - Noise Cancellation
sony_wh_1000xm5_wireless_noise_cancelling_over_the_ear_headphones_black,14amcpa,62,1891,0.30892648860331506,0.08064516129032258,0.047290711221698575,0.0336986889370236,0.028894747460326598,0.48916826702532223,0.4897540128149096,0.4839946747393535,0.4856035113334656,0.9119345545768738,0.2883773446083069,0.2876778841018677,0.8319964408874512,0.5795614719390869,20,42,0.3225806451612903,0.33206553805258965,1.90144973497079,0.570628161976413,0.7903225806451613,0.6721311475409836,0.4838709677419355,0.2903225806451613,0.04838709677419355,0.16129032258064516,0.5,47.1303818446231,52.75,0.9350667757973223,8.0,2.225806451612903,1.2333333333333334,3.4701986754966887,0.038809696808570035,0.8995063304901123,0.00768157043494284,9.973678635149906e-06,0.0003667510172817856,8.196227918233488e-06,0.0067708154915488835,0.38044553995132446,0.0006297880667261778,5.005327816874224e-05,0.00035581373958848417,9.887263440759853e-05,0.0253034453499206,0.7642483711242676,0.0014398549799807365,0.0002346920826370948,0.003918143920600414,0.0004004713002359494,0.011863112781580084,0.281007206280871,0.001991067251553128,neutral,"The Sony WH-1000XM5 are supposed to have ""industry leading: noise cancellation. I'm not hearing it."
apple_airpods_max_2_usb_c_midnight,1jp8qha,3,3,0.29318394263585407,0.0,0.0397506115242598,0.027933209613593107,0.02374582118465321,0.4269537031650543,0.5136624972025553,0.4572202265262604,0.455029159784317,0.5449168086051941,0.1774665117263794,0.16453386843204498,0.1774665117263794,0.23007872700691223,0,3,0.0,0.08646013277272384,1.0986122886681096,0.32969533691986563,1.0,1.0,0.3333333333333333,0.0,0.6666666666666666,0.0,0.3333333333333333,20.677416559027765,25.0,0.8056136321699129,1.0,1.0,0.0,0.0,0.0005780259477129827,0.0007410774123854935,0.0007059476687572896,1.4741860923095373e-06,1.9117765077680815e-06,1.7811037423598465e-06,4.212535956564049e-05,6.847939221188426e-05,6.0881679746671584e-05,3.0354505724972114e-05,4.45954647148028e-05,4.153557747486047e-05,0.00013856806132631996,0.00015884192544035614,0.00015633548318874093,6.768896128050983e-05,7.394355634460226e-05,7.224019500426947e-05,0.00014303950361712245,0.00018147492126748452,0.00017306241080632389,confusion,Which is a better value ? iPad Air M2 Or AirPods Max
apple_airpods_max_usb_c_midnight,1jp8qha,3,3,0.29318392276763916,0.0,0.0397506115242598,0.027933209613593107,0.02374582118465321,0.4269536832968394,0.5136624773343405,0.4572202265262604,0.455029159784317,0.5449168086051941,0.1774665117263794,0.16453386843204498,0.1774665117263794,0.23007872700691223,0,3,0.0,0.08646012966831525,1.0986122886681096,0.32969533691986563,1.0,1.0,0.3333333333333333,0.0,0.6666666666666666,0.0,0.3333333333333333,20.677416559027765,25.0,0.8056136321699129,1.0,1.0,0.0,0.0,0.0005780258604014913,0.00074107846012339,0.0007059482974000275,1.4741863575788254e-06,1.911778326757485e-06,1.7811061752581736e-06,4.212535532133188e-05,6.84789993101731e-05,6.088139962230344e-05,3.0354515426248934e-05,4.459534102352336e-05,4.1535505806677976e-05,0.0001385683887444126,0.0001588422164786607,0.00015633577131666244,6.768916500732303e-05,7.394390559056774e-05,7.224053842946887e-05,0.00014303957854306445,0.0001814751168088454,0.00017306254964069012,confusion,Which is a better value ? iPad Air M2 Or AirPods Max
samsung_galaxy_buds3_pro_wireless_earbud_headphones_silver,1q258u2,10,45,0.3298324137926102,0.2,0.043881919605130354,0.03159986853267403,0.027564769463396664,0.4238995972606871,0.4865538908375634,0.4437847216924032,0.44323673844337463,0.792880117893219,0.1767626702785492,0.08802500367164612,0.5236117839813232,0.5010107159614563,1,9,0.1,0.1346268204972148,1.6957425341696346,0.5088950960217248,0.6,0.6666666666666666,0.3,0.5,0.0,0.1,0.4,116.30219258466282,153.75,1.1291475008219691,5.0,2.7,1.1428571428571428,2.9310344827586206,0.11730421208194457,0.6297232508659363,0.3355894476175307,8.848944389683311e-06,5.0801143515855074e-05,2.0884449804725576e-05,0.0037700874212532654,0.031571969389915466,0.006877628713846197,6.355819168675225e-05,0.0003553709830157459,8.026089381019108e-05,0.09080423207924468,0.5372995138168335,0.29939409196376787,0.00018781221951940096,0.0005903288256376982,0.0003321085299830883,0.03535645848967306,0.19467429398378044,0.10605411969982012,neutral,[Guide] Samsung Galaxy Buds all types of earbuds - how to avoid problems - most common mistakes
sony_wh_1000xm5_wireless_noise_cancelling_over_the_ear_headphones_black,1pbd4z6,14,91,0.320482217839786,0.21428571428571427,0.05461774138206689,0.04633976710154853,0.043625551904654856,0.4836681124928233,0.4961928430494371,0.48295839049003936,0.475739985704422,1.0,0.29062920808792114,0.29770368337631226,0.6474724411964417,0.5511128306388855,2,12,0.14285714285714285,0.21510558256081172,1.3517839942896461,0.40567257806711593,0.9285714285714286,0.6153846153846154,0.5714285714285714,0.2857142857142857,0.07142857142857142,0.21428571428571427,0.42857142857142855,22.339792446005674,38.0,0.7722397388742702,4.0,1.6428571428571428,1.5,2.0625,0.13907816548973123,0.9928979873657227,0.655025098472833,0.005833264059008668,0.07573097944259644,0.0041371272658579945,0.13386037590355823,0.9704227447509766,0.6318157731264358,0.0002376191608034008,0.0016695703379809856,0.0007465061265975233,0.06797387818317345,0.7941373586654663,0.10795536432415237,0.0020752261329367422,0.021260231733322144,0.004464689845917743,0.05817642148820195,0.4760198120493442,0.23402409319363238,neutral,Sony Headphones - Not Great for Me 🤦‍♀️
bose_quietcomfort_wireless_noise_cancelling_over_the_ear_bluetooth_headphones_sandstone,1cpsn6h,9,36,0.33403555552164715,0.3333333333333333,0.0570664118896832,0.033541967723344765,0.02568251099281098,0.5123276073071692,0.5317188203334808,0.5208226069808006,0.5213509500026703,0.5861082673072815,0.4204779267311096,0.3891746401786804,0.6733700037002563,0.6964772343635559,2,7,0.2222222222222222,0.29013919581969577,1.8891591637540217,0.5669397415390605,0.7777777777777778,1.0,0.2222222222222222,0.2222222222222222,0.1111111111111111,0.1111111111111111,0.5555555555555556,31.452884615203168,52.0,0.5594386591636927,5.0,2.3333333333333335,1.0,1.8333333333333333,0.06475654202384046,0.5748317837715149,0.11646418385207663,6.470791986935688e-05,0.0005634376429952681,0.00011740321897377734,0.06627679430898246,0.5958905816078186,0.11932044834829877,5.308323448439801e-05,0.0002402444079052657,8.041685214266184e-05,0.004693308371416707,0.04036790505051613,0.008388394187204546,0.0001942623906264392,0.0006094358977861702,0.00033974583493545657,0.022673116374869972,0.20208389806308938,0.040768214226439684,approval,"Bluetooth noise canceling headphone roundup from a sony xm5 owner (Bose QC Ultra, Sennheiser Momentum 4, Apple Airpods Max, Mark Levinson 5909, Focal Bathys, Dali io-12)"
bose_quietcomfort_wireless_noise_cancelling_over_the_ear_bluetooth_headphones_sandstone,1pj53sq,1,0,0.06319653242826462,0.0,0.0,0.0,0.0,0.0,0.0,0.0,0.0,0.0,0.0,0.0,0.0,0.0,0,1,0.0,0.02499549649655819,-0.0,0.0,1.0,0.0,1.0,1.0,0.0,0.0,0.0,0.0,0.0,0.0,1.0,1.0,0.0,0.0,0.0006190036074258387,0.0006190036074258387,0.0006190036074258387,1.4881427432555938e-06,1.4881427432555938e-06,1.4881427432555938e-06,4.374350464786403e-05,4.374350464786403e-05,4.374350464786403e-05,2.0509000023594126e-05,2.0509000023594126e-05,2.0509000023594126e-05,0.00014420402294490486,0.00014420402294490486,0.00014420402294490486,7.200081745395437e-05,7.200081745395437e-05,7.200081745395437e-05,0.00015015818253990196,0.00015015818253990196,0.00015015818253990196,gratitude,Headphones vs Earbuds for noise cancellation of voices and phones on the subway? Airpods Pro 2 vs Sony/Bose earbuds vs Sony/Bose headphones?
samsung_galaxy_buds3_pro_wireless_earbud_headphones_silver,1opeb0i,56,1540,0.3078277201524803,0.14285714285714285,0.046137935723684256,0.03417800986799219,0.03009702946490643,0.4849445469967731,0.4679706808421519,0.4686349220186859,0.4766042083501816,0.898371160030365,0.25946947932243347,0.2510826289653778,0.7269986867904663,0.49503540992736816,10,46,0.17857142857142858,0.2401377142273954,1.6008923897463243,0.4804304132167899,0.875,0.6545454545454545,0.5714285714285714,0.17857142857142858,0.14285714285714285,0.17857142857142858,0.5,29.29119613328154,35.75,0.7989805082629159,8.0,2.4642857142857144,1.1935483870967742,2.4653465346534653,0.007578181208892991,0.18798263370990753,0.0033530344953760505,2.7904115853516487e-06,2.437522925902158e-05,4.467711846700695e-06,0.00030412369307798926,0.0067858039401471615,0.00018393284699413925,3.911268181257453e-05,0.00032358270254917443,6.522981675516348e-05,0.003421228702011701,0.09056174755096436,0.0007050466083455831,0.00014126158086063306,0.001043212483637035,0.00025144993560388684,0.0019144497130402069,0.04707325829076581,0.0007307916721780808,neutral,Galaxy Buds 3 Pro - new FW [R630XXU0AYJ1] fixes and improvements
samsung_galaxy_buds3_pro_wireless_earbud_headphones_silver,1o1t3r9,24,276,0.30927607292930287,0.08333333333333333,0.047854906255627445,0.035385964675363875,0.030747440618964707,0.45997978277180507,0.48004969803319464,0.4635470663939697,0.4631415009498596,0.6898432970046997,0.22121921181678772,0.1926853358745575,0.7107741236686707,0.5110193490982056,1,23,0.041666666666666664,0.08157567493617535,1.8502677786635973,0.5552683735387874,0.875,0.8260869565217391,0.4166666666666667,0.2916666666666667,0.125,0.25,0.3333333333333333,22.254174077886802,38.75,0.6458285101200523,5.0,2.0833333333333335,1.1538461538461537,2.5128205128205128,0.03347384945179025,0.6611731648445129,0.01874357368797063,4.1347371464439675e-05,0.0008496955852024257,1.141565644502407e-05,0.027526580912763166,0.6094403862953186,0.0010704036394599823,8.729102357089384e-05,0.0007858684984967113,0.00017820320936152707,0.0022464160062251417,0.02352157235145569,0.005073993455152955,0.0006055387436087282,0.00524658290669322,0.0016493455739691853,0.010663503918237102,0.21613641846730994,0.0046050974241552455,neutral,Buds3 Pro vs Buds3 FE - feature-list comparison
apple_airpods_pro_3_wireless_active_noise_cancelling_earbuds_with_heart_rate_sensing_feature_white,1oge05j,119,7021,0.3249639057311691,0.21008403361344538,0.05262484258358801,0.04091726384552761,0.03704248114725949,0.49130252395671514,0.484502762647338,0.4830132347831799,0.48989808559417725,0.870962917804718,0.259951651096344,0.24287918210029602,0.8222572207450867,0.5106737017631531,49,70,0.4117647058823529,0.42514864356890947,2.188910458085329,0.6568955931129925,0.773109243697479,0.7966101694915254,0.4369747899159664,0.23529411764705882,0.15126050420168066,0.11764705882352941,0.4957983193277311,29.249965521633293,31.5,0.9291900419312231,6.0,1.9075630252100841,1.525,2.884498480243161,0.047930496519317994,0.9597569704055786,0.024597451463341732,0.00014363310447629564,0.009450170211493969,1.6178900841623546e-05,0.029944208417384457,0.9199952483177185,0.0015168087556958203,0.00019586143711987323,0.0063446215353906155,0.00045973903615958994,0.020873231443093734,0.880034327507019,0.003264034213498236,0.0004752213913705709,0.014508902095258236,0.0006066394271329046,0.016593775385460485,0.3678723386353037,0.0055395757842537354,neutral,APP3 disappointment
bose_quietcomfort_wireless_noise_cancelling_over_the_ear_bluetooth_headphones_sandstone,i5z74k,9,36,0.3255603052675724,0.25,0.05930222955509093,0.03926644213994668,0.031164225195813813,0.5342145380046632,0.5163439686099688,0.5242765314049191,0.5255877077579498,0.5690006613731384,0.49850475788116455,0.49162399768829346,0.6842294931411743,0.7060792446136475,0,9,0.0,0.022897575257552996,1.0027182645175161,0.3009173841088146,0.6666666666666666,0.5,0.6666666666666666,0.3333333333333333,0.1111111111111111,0.0,0.5555555555555556,20.534223164942333,41.0,0.4268083336824041,5.0,2.4444444444444446,1.0,1.8461538461538463,0.20910883878564668,0.971402108669281,0.9001286864280701,0.001371765507479318,0.00980459339916706,0.0039734207093715685,0.180245281087385,0.8619598746299744,0.7796993613243103,0.0003629562841322493,0.002093774499371648,0.0008683184161782267,0.088206868400448,0.5958592891693115,0.2752227425575257,0.001473272659091486,0.006958537269383669,0.005256982985883951,0.08012816378736379,0.40775772625541623,0.32744707298115827,neutral,The most comfortable recently released bluetooth noise cancelling headphones?
samsung_galaxy_buds4_pro_wireless_earbud_headphones_black,1pkpmsm,9,36,0.32089784410264754,0.0,0.04839022392462654,0.04552751472290685,0.047493415695808144,0.4318288432227241,0.5108306854963303,0.4615400797790951,0.4537294954061508,0.6051893830299377,0.12262021005153656,0.1121755838394165,0.2589443325996399,0.24367700517177582,3,6,0.3333333333333333,0.30577820249729687,1.8310204811135162,0.5494922281997761,0.8888888888888888,0.75,0.3333333333333333,0.1111111111111111,0.0,0.3333333333333333,0.5555555555555556,16.466201822798595,19.0,0.8420216841203827,3.0,1.5555555555555556,1.0,1.2,0.1160242696124543,0.9946099519729614,0.23386205732822435,3.571581118598665e-05,0.0002942936262115836,7.047615654300903e-05,0.0009900023079454615,0.007480761036276817,0.0023569615557789813,0.00028015166066729254,0.002007657429203391,0.0006077338242903355,0.11028795781506535,0.9896554946899414,0.1994375386275353,0.0003515850581202863,0.0018900423310697079,0.0008642668370157482,0.03799494704423978,0.3323647160965872,0.07304149617217875,neutral,[India] Galaxy Buds 3 Pro Paint Peeling - Samsung Refusing Warranty Coverage Despite Clear Manufacturing Defect
bose_quietcomfort_wireless_noise_cancelling_over_the_ear_bluetooth_headphones_sandstone,176csdo,1,0,0.3787183165550232,1.0,0.0,0.0,0.0,0.0,0.0,0.0,0.0,0.0,0.0,0.0,0.0,0.0,0,1,0.0,0.07371141016483307,-0.0,0.0,1.0,0.0,1.0,0.0,0.0,0.0,1.0,0.0,0.0,0.0,1.0,1.0,0.0,0.0,0.23748402297496796,0.23748402297496796,0.23748402297496796,0.00017826465773396194,0.00017826465773396194,0.00017826465773396194,0.003776826895773411,0.003776826895773411,0.003776826895773411,0.0008245716453529894,0.0008245716453529894,0.0008245716453529894,0.032756611704826355,0.032756611704826355,0.032756611704826355,0.048467494547367096,0.048467494547367096,0.048467494547367096,0.05391463207100363,0.05391463207100363,0.05391463207100363,disgust,Bose QuietComfort Headphones Wireless Review by rtings.com
apple_airpods_pro_3_wireless_active_noise_cancelling_earbuds_with_heart_rate_sensing_feature_white,1nmkck7,7,21,0.33215596846171785,0.14285714285714285,0.05942690909315031,0.05153859500343099,0.04878350626769145,0.4824836679867336,0.5092215694132305,0.49237367652711417,0.4872942864894867,0.5782328844070435,0.10960422456264496,0.07425334304571152,0.235533207654953,0.3191419839859009,1,6,0.14285714285714285,0.25601376672940596,1.277034259466139,0.3832400609166074,0.8571428571428571,0.8333333333333334,0.42857142857142855,0.14285714285714285,0.14285714285714285,0.0,0.7142857142857143,14.391040296529175,23.5,0.7353086282898118,3.0,1.4285714285714286,1.0,1.3333333333333333,0.019720505602890626,0.13141357898712158,0.054575786786153956,4.500759928305342e-06,2.1108555301907472e-05,9.982036272049306e-06,0.0007804004066461598,0.005048411898314953,0.0021500475530046984,8.260160549460644e-05,0.00037732519558630884,0.00018769287853501749,0.009898596799757797,0.06808841973543167,0.027555720496457096,0.00023435027417560508,0.0011387043632566929,0.0005316049326211218,0.005120159241482182,0.03434792478916885,0.014162286398906581,admiration,Long-time AirPods Pro 2 user tried the Pro 3 — went back
apple_airpods_max_usb_c_midnight,1jfusav,8,28,0.22770346949497858,0.0,0.05343931030117599,0.04963400392826478,0.04914910705627007,0.43871715877737316,0.4720170061503138,0.44514318981340956,0.4309682697057724,0.5849202871322632,0.2373163253068924,0.19727817177772522,0.3923805356025696,0.4701128304004669,1,7,0.125,0.15622853743843734,1.0735428464085233,0.3221719564721667,0.875,0.5714285714285714,0.625,0.375,0.125,0.125,0.375,52.25598051897983,40.5,1.3146158621127002,3.0,1.375,1.0,1.3333333333333333,0.006417528846213827,0.04653880000114441,0.014828912052325897,5.78582054799881e-06,3.347143137943931e-05,1.2180031899333693e-05,0.0010976090297845076,0.008395679295063019,0.0026102814968908187,7.806873986737628e-05,0.00039769618888385594,0.0001714404192171059,0.0005707410336981411,0.0036456871312111616,0.0012123096050345333,0.00018107605228578905,0.000824727991130203,0.00035411036369623603,0.0013918015870662732,0.00997267700646868,0.0031934546240487767,neutral,[USA-AZ] [H] AirPods Max USB-C Midnight A3184 [W] Paypal
bose_quietcomfort_wireless_noise_cancelling_over_the_ear_bluetooth_headphones_sandstone,1ar3e93,172,14706,0.32124504315778146,0.1509433962264151,0.043584602004587844,0.03462621618265772,0.032054714990555386,0.4683772260889332,0.48725738325310164,0.4718297063051949,0.4773043394088745,0.8895404934883118,0.19806328415870667,0.16534246504306793,0.8601751327514648,0.4562421441078186,35,137,0.20348837209302326,0.223223039051951,2.490788079658827,0.7474895589550306,0.9011627906976745,0.8421052631578947,0.25,0.47093023255813954,0.06395348837209303,0.06395348837209303,0.4011627906976744,62.57028362933896,53.5,1.3746441160105123,7.0,2.1686046511627906,1.2876712328767124,2.7306501547987616,0.03658718328370014,0.9744458794593811,0.01820647660642863,0.00021649179186518922,0.026317177340388298,1.742167696647814e-05,0.022674969278045336,0.9649478197097778,0.0005940142378676689,0.0011807672809841597,0.13363434374332428,0.0003484700137050823,0.008565499759052452,0.3147783875465393,0.004582459013909108,0.0005150666814843981,0.013462657108902931,0.0009750583732966334,0.011623329679188613,0.38127085318168,0.005088822338908965,neutral,"After a week of researching, I finally bought a pair of Bose QuietComfort headphones!"
sony_wh_1000xm5_wireless_noise_cancelling_over_the_ear_headphones_black,1pt01gp,11,55,0.29519976810975507,0.0,0.06824183202113059,0.049529234287777425,0.04154837563545064,0.46454927704551,0.4821201042695479,0.46910131194374777,0.4728564918041229,0.5962684154510498,0.27786627411842346,0.22987352311611176,0.6084369421005249,0.5508698225021362,0,11,0.0,0.0878380813043226,1.294545165844896,0.38849511243739066,0.9090909090909091,0.5,0.5454545454545454,0.09090909090909091,0.36363636363636365,0.2727272727272727,0.2727272727272727,20.921735307198176,19.0,0.6952842549219937,5.0,2.5454545454545454,1.3333333333333333,1.8,0.0006292795614254745,0.0017897996585816145,0.0006489307852461934,1.7271108638603685e-06,2.2578551579499617e-06,2.1365451630117605e-06,4.4565272301869385e-05,9.125803626375273e-05,5.7160548749379814e-05,2.6954596085653808e-05,4.956310294801369e-05,3.845233004540205e-05,0.0001261117338964885,0.00028338254196569324,0.00016176652570720762,9.086133451836014e-05,0.00015784391143824905,0.00011466166324680671,0.00015324993484861778,0.00039568418439254555,0.0001590631732900268,neutral,Plz give me an advice what Sony’s  Bluetooth headphones with active noise cancelling I should buy
apple_airpods_pro_3_wireless_active_noise_cancelling_earbuds_with_heart_rate_sensing_feature_white,dpnp4n,180,16110,0.32509111835072374,0.23841059602649006,0.04078124488051305,0.03112660557443368,0.027940561247535266,0.4704981060917151,0.4769792493532194,0.4684294108294464,0.4741409569978714,1.0,0.22109059989452362,0.19844847917556763,0.8167651891708374,0.4708977937698364,14,166,0.07777777777777778,0.10470661057883666,1.7673964882605455,0.5303985643329009,0.8111111111111111,0.6312849162011173,0.5666666666666667,0.1388888888888889,0.1,0.15,0.6111111111111112,48.70139900898228,51.25,1.0532562563518937,8.0,2.966666666666667,1.5294117647058822,3.657250470809793,0.11676083535308458,0.9923520684242249,0.6393709123134612,0.0008507012968578919,0.05304790660738945,0.0003399890178116021,0.08460088497791327,0.9586931467056274,0.40547429323196404,0.00018960916706115918,0.006850456818938255,0.0003723099885974074,0.048073047309824486,0.9891138076782227,0.11007116958498953,0.0006269489342230373,0.029281290248036385,0.0012691203388385472,0.041850337839827396,0.47107489565193345,0.21944697083041922,neutral,AirPods Pro teardown confirms that they’re just as disposable as ever - The Verge
apple_airpods_pro_3_wireless_active_noise_cancelling_earbuds_with_heart_rate_sensing_feature_white,1ncpan1,193,18528,0.31625063141817766,0.13227513227513227,0.05336704545314006,0.04469789284684358,0.04191396452779029,0.4819269785102592,0.4819507586909699,0.47902751400976706,0.4818255603313446,0.8995301723480225,0.16347599029541016,0.13433712720870972,0.818331241607666,0.38411346077919006,20,173,0.10362694300518134,0.16063494563894104,2.021296726257548,0.6065944392324438,0.8860103626943006,0.7864583333333334,0.43005181347150256,0.20725388601036268,0.12953367875647667,0.21761658031088082,0.44559585492227977,23.731348268793806,18.0,0.9352971647696966,9.0,3.5595854922279795,1.6542056074766356,4.237189646064448,0.036434502395592545,0.9914965629577637,0.018772784993052506,0.0002834867934827174,0.04068749025464058,9.700307236926173e-06,0.018981729783461212,0.9507994651794434,0.0005394972686190168,0.0006259736144859654,0.067384734749794,0.00029711506213061514,0.00988070439470997,0.840316653251648,0.0018987932475283756,0.00977138437301242,0.6045470237731934,0.001054750964976849,0.012662963559124133,0.4767431843210943,0.003958941656340663,neutral,AirPods Pro 3 are official - I loved my second gen so I’m definitely upgrading.
apple_airpods_max_2_usb_c_midnight,1fmb0n1,14,91,0.32509121986535877,0.23076923076923078,0.060828141531313586,0.05645021623421061,0.05605966186706654,0.4627974848825853,0.4650311011534471,0.45918898366309785,0.45983484387397766,0.6393596529960632,0.16517417132854462,0.13072624802589417,0.38647955656051636,0.3124758303165436,4,10,0.2857142857142857,0.291707653951432,1.9459101490553132,0.583970804646981,1.0,0.7692307692307693,0.2857142857142857,0.21428571428571427,0.07142857142857142,0.35714285714285715,0.35714285714285715,38.34989290355693,12.5,1.4749958809060357,5.0,2.0,1.0,1.7857142857142858,0.034797456944943406,0.23460149765014648,0.09957877248525619,1.5176378480776162e-05,8.68633360369131e-05,3.5861286232830014e-05,0.0003851344302217642,0.0014631893718615174,0.00142814276041463,0.00020069483395803087,0.0016561899101361632,0.0002907339221565052,0.0048671955217806885,0.03956743702292442,0.011843127105385058,0.024896737882435054,0.20297250151634216,0.08684808136895292,0.010860399331969955,0.07586304853854624,0.03386611839165803,neutral,The new Airpods Max are not blacker than the Space Grey Airpods
apple_airpods_max_usb_c_midnight,1fmb0n1,14,91,0.3250912061104408,0.23076923076923078,0.060828141531313586,0.05645021623421061,0.05605966186706654,0.4627974793151185,0.4650311116333846,0.45918898431809396,0.45983484387397766,0.6393596529960632,0.16517417132854462,0.13072624802589417,0.38647955656051636,0.3124758303165436,4,10,0.2857142857142857,0.29170765820890665,1.9459101490553132,0.583970804646981,1.0,0.7692307692307693,0.2857142857142857,0.21428571428571427,0.07142857142857142,0.35714285714285715,0.35714285714285715,38.34989290355693,12.5,1.4749958809060357,5.0,2.0,1.0,1.7857142857142858,0.03479744896425733,0.23460149765014648,0.0995787389576435,1.517638706413241e-05,8.68633360369131e-05,3.586129332688869e-05,0.0003851341099497014,0.0014631830854341388,0.0014281432493589816,0.00020069483642665937,0.0016561899101361632,0.0002907341448008082,0.00486718880139441,0.03956734389066696,0.011843127105385058,0.024896739035154627,0.20297250151634216,0.08684808639809481,0.010860397022374476,0.07586304853854624,0.03386610900394467,neutral,The new Airpods Max are not blacker than the Space Grey Airpods
sony_wh_1000xm5_wireless_noise_cancelling_over_the_ear_headphones_black,1kwx65h,9,36,0.30668759014871383,0.0,0.05013129881684782,0.034123228262024505,0.028587619348993936,0.5149439548452696,0.5295491135782666,0.5177249055769708,0.515212208032608,0.5918432474136353,0.41318559646606445,0.41434288024902344,0.6374315619468689,0.6538532972335815,1,8,0.1111111111111111,0.1606182497408655,1.8891591637540215,0.5669397415390605,0.8888888888888888,1.0,0.2222222222222222,0.2222222222222222,0.3333333333333333,0.1111111111111111,0.3333333333333333,62.00000000000001,7.0,1.1137724550898205,4.0,1.8888888888888888,1.25,1.9090909090909092,0.09832638538339072,0.879572331905365,0.17659386540763097,0.00017805822902674764,0.001589263672940433,0.00031946814196999213,0.08195799548330898,0.7372768521308899,0.14750340057362352,5.6914965575237555e-05,0.00029542515403591096,9.114958811551338e-05,0.026705040894739795,0.2391829788684845,0.04800352420425047,0.00027927825997014425,0.0017634762916713953,0.00046108200913295175,0.034583945536001935,0.30994672133723117,0.06215145320946557,gratitude,Does Sony offer lower end headphones with the same noise cancelling quality?
shokz_opendots_one_open_ear_clip_on_true_wireless_bluetooth_earbuds_gray,1kqvqxl,3,3,0.32908521095911664,0.3333333333333333,0.030603434843240268,0.01816724544025964,0.014175670973460315,0.5178855856259664,0.5326994558175405,0.509754498799642,0.5142209529876709,0.552390456199646,0.5460966229438782,0.6294355392456055,0.5460966229438782,0.6346680521965027,0,3,0.0,0.1504632718861103,0.6365141682948128,0.1910189384688593,0.6666666666666666,1.0,0.6666666666666666,0.0,0.0,0.0,1.0,48.394214530251446,58.5,0.8065702421708575,2.0,1.3333333333333333,1.0,1.0,0.0005486613275328031,0.0006745854043401778,0.0006571639212779701,1.8229837147979804e-06,2.4565761123085395e-06,2.3241543203766925e-06,5.0146019323923006e-05,8.355704630957916e-05,7.569175577373243e-05,3.0914870876586065e-05,4.463882578420453e-05,4.18128209275892e-05,0.0001374118534537653,0.00018007778271567076,0.0001697892847005278,8.529463957529515e-05,0.00010374324483564124,9.85238526482135e-05,0.00014237528241286176,0.000181509813349597,0.00017421763160806829,neutral,Shokz Opendots One Only Plays a Single Channel Per Earbud in Mono Mode
samsung_galaxy_buds4_pro_wireless_earbud_headphones_black,1skrspc,69,2346,0.3054563194986374,0.07936507936507936,0.055853949566010114,0.045825995630046946,0.042421844382642994,0.4712483922983476,0.47036234948082245,0.4668233709668666,0.47580482065677643,0.7777829766273499,0.23797212541103363,0.2025417685508728,0.7807242274284363,0.5083624720573425,4,65,0.057971014492753624,0.09959398053478503,1.4827313324525129,0.44497008749758654,0.7971014492753623,0.5588235294117647,0.6521739130434783,0.10144927536231885,0.043478260869565216,0.15942028985507245,0.6956521739130435,20.97164046620412,24.0,0.8052549761647659,5.0,2.0434782608695654,1.2857142857142858,2.5901639344262297,0.11276210130966755,0.9891505837440491,0.6448919773101817,0.0019227604741544105,0.05046331509947777,0.00034545861417427864,0.08741562304580378,0.9760057926177979,0.31484459638595674,0.0001457603485123136,0.0016008691163733602,0.00029609819175675534,0.050582588344379634,0.9048116207122803,0.060698837041855,0.0008608755851510332,0.014284358359873295,0.0016512852860614666,0.042281618184611444,0.4298673570350123,0.21973160128109187,neutral,Can't use Galaxy Buds4 Pro without Samsung account now?!
apple_airpods_pro_3_wireless_active_noise_cancelling_earbuds_with_heart_rate_sensing_feature_white,1nmfspp,28,378,0.3039726423365729,0.10714285714285714,0.04009485719299448,0.02720266814479916,0.022791793372608705,0.4879102382079634,0.4985365322815678,0.48551795241378604,0.49164798855781555,0.6965421438217163,0.3435206413269043,0.35784828662872314,0.7730861902236938,0.5991554260253906,14,14,0.5,0.4712005391317819,1.69574054956524,0.508894500438714,0.8214285714285714,0.7407407407407407,0.4642857142857143,0.42857142857142855,0.14285714285714285,0.07142857142857142,0.35714285714285715,144.86575418191103,74.25,1.4292604359032801,5.0,2.2142857142857144,1.5384615384615385,2.1,0.056787997548651346,0.9642671942710876,0.019513787701725974,0.00025309223590040474,0.00652965297922492,5.0487731641624164e-05,0.048300132331600514,0.9115161895751953,0.0069865043857135,7.49625555727107e-05,0.0006288741715252399,0.0001705077767837793,0.020696461224360974,0.446509450674057,0.0016655805637128666,0.0003477893658003138,0.004175558686256409,0.000748856301652268,0.021076739210314378,0.38893782005955774,0.004898563939059391,neutral,Apple AirPods Pro 3 vs Bose QC Ultra Ear Buds - no clear winner
bose_ultra_open_ear_true_wireless_open_earbuds_driftwood_sand,1nmfspp,28,378,0.3039726423365729,0.10714285714285714,0.04009485719299448,0.02720266814479916,0.022791793372608705,0.4879102754214453,0.4985365640549433,0.4855179992460069,0.4916479140520096,0.6965420842170715,0.3435206413269043,0.35784822702407837,0.7730862498283386,0.5991554260253906,14,14,0.5,0.4712005553634039,1.69574054956524,0.508894500438714,0.8214285714285714,0.7407407407407407,0.4642857142857143,0.42857142857142855,0.14285714285714285,0.07142857142857142,0.35714285714285715,144.86575418191103,74.25,1.4292604359032801,5.0,2.2142857142857144,1.5384615384615385,2.1,0.056787995407440964,0.9642671942710876,0.019513787701725974,0.00025309220991484187,0.00652965297922492,5.0487731641624164e-05,0.04830012913992375,0.9115161895751953,0.0069865043857135,7.496255368875739e-05,0.0006288741715252399,0.0001705077767837793,0.020696458031255003,0.446509450674057,0.0016655805637128666,0.00034778938399020784,0.004175558686256409,0.000748856301652268,0.021076737787702252,0.38893782005955774,0.004898563939059391,neutral,Apple AirPods Pro 3 vs Bose QC Ultra Ear Buds - no clear winner
samsung_galaxy_buds3_pro_wireless_earbud_headphones_silver,1s2cwvx,196,19110,0.30679129171617253,0.05670103092783505,0.05435550465076869,0.04140189888023843,0.036899706423025584,0.4871139539880381,0.49795272049948786,0.4881059289992261,0.4928095042705536,0.8647025227546692,0.2743797302246094,0.2603871822357178,0.8449301719665527,0.5321837067604065,41,155,0.20918367346938777,0.24788990117875592,2.3037227223967722,0.6913509406046764,0.8316326530612245,0.8717948717948718,0.28061224489795916,0.3163265306122449,0.10204081632653061,0.18877551020408162,0.39285714285714285,24.29885384558456,27.0,0.7908627289496137,8.0,2.2857142857142856,1.1730769230769231,2.4128686327077746,0.018430305682585992,0.9879018068313599,0.004202049691230059,6.0029881546356316e-05,0.006576121784746647,4.418013077156502e-06,0.00981053494560725,0.8843642473220825,0.00022605749836657196,5.94147101338069e-05,0.0019055359298363328,8.729890032554977e-05,0.011410580392275362,0.9816910624504089,0.0006464279140345752,0.0003565661606945487,0.030940916389226913,0.0002228316807304509,0.006687905295473885,0.3892239838993798,0.0009059094991054433,neutral,"I've had them all, what do you want to know?"
samsung_galaxy_buds4_pro_wireless_earbud_headphones_black,1s2cwvx,196,19110,0.30679129033359054,0.05670103092783505,0.05435550465076869,0.04140189888023843,0.036899706423025584,0.48711398644933274,0.4979527691820727,0.488105966323087,0.4928094446659088,0.8647024035453796,0.2743797302246094,0.2603871822357178,0.8449301719665527,0.5321837067604065,41,155,0.20918367346938777,0.2478899136280679,2.3037227223967722,0.6913509406046764,0.8316326530612245,0.8717948717948718,0.28061224489795916,0.3163265306122449,0.10204081632653061,0.18877551020408162,0.39285714285714285,24.29885384558456,27.0,0.7908627289496137,8.0,2.2857142857142856,1.1730769230769231,2.4128686327077746,0.01843030567204328,0.9879018068313599,0.004202049691230059,6.002988159623931e-05,0.006576121784746647,4.418013077156502e-06,0.009810534943751139,0.8843642473220825,0.00022605749836657196,5.941471069064039e-05,0.0019055359298363328,8.729890032554977e-05,0.011410580392349606,0.9816910624504089,0.0006464279140345752,0.0003565661597293707,0.030940916389226913,0.0002228316807304509,0.0066879052933600455,0.3892239838993798,0.0009059094991054433,neutral,"I've had them all, what do you want to know?"
samsung_galaxy_buds4_pro_wireless_earbud_headphones_black,1s54a7t,41,820,0.3145120529139914,0.14634146341463414,0.06799863614159612,0.0630328994717646,0.06350300327387115,0.4789088653718553,0.4792794947944036,0.47543664727269147,0.47311393916606903,0.7783864736557007,0.25044479966163635,0.2462047040462494,0.7461928129196167,0.5207897424697876,7,34,0.17073170731707318,0.19785478620267496,1.951619021240643,0.5856840464866993,0.926829268292683,0.75,0.4634146341463415,0.14634146341463414,0.024390243902439025,0.21951219512195122,0.6097560975609756,15.514035785870123,20.0,0.8896160380708742,5.0,1.8780487804878048,1.5333333333333334,1.9661016949152543,0.0356787651991642,0.9469559192657471,0.03202038258314133,0.0001469244946292747,0.00568675110116601,8.459088348899968e-06,0.030532784613503127,0.8829878568649292,0.0005391670274548233,0.0002246502576670581,0.00572385685518384,0.0002229224774055183,0.009232749150946691,0.29960381984710693,0.006353634409606457,0.0002757952766487284,0.0035078960936516523,0.00046213503810577095,0.012681944832093178,0.35654467082349584,0.006903510340180219,neutral,Stop Buying Wireless Mics If You Have The Galaxy S26 Ultra And Buds4 Pro
bose_quietcomfort_wireless_noise_cancelling_over_the_ear_bluetooth_headphones_sandstone,1f7pk2f,3,3,0.28909483551979065,0.0,0.04285938247861498,0.024455112326672152,0.018104118533489078,0.451384832461675,0.49801357587178546,0.4730870525042216,0.46693459153175354,0.5229530334472656,0.3590071499347687,0.14973193407058716,0.3590071499347687,0.6711117625236511,0,3,0.0,0.02662571830054124,1.0986122886681096,0.32969533691986563,1.3333333333333333,1.0,0.3333333333333333,0.3333333333333333,0.0,0.0,0.6666666666666666,43.48435223030106,51.5,0.6153446070325622,2.0,1.3333333333333333,1.0,1.0,0.0007600923030016323,0.001187800196930766,0.0010742418002337218,1.597872445321021e-06,2.021995669565513e-06,1.9034870319956099e-06,5.030177878021883e-05,8.222948235925287e-05,7.30456413293723e-05,2.6188559786533006e-05,3.7111956771695986e-05,3.434180725889746e-05,0.00017381820847125104,0.00024287203268613666,0.00022466893715318293,9.764683879135798e-05,0.0001266389444936067,0.00012011193175567315,0.00018494092687938572,0.00027977910148517066,0.0002547189341271405,neutral,Over ear wireless headphones which can turn noise cancellation completely off??
apple_airpods_pro_3_wireless_active_noise_cancelling_earbuds_with_heart_rate_sensing_feature_white,1ncs5vv,40,780,0.3331534909574609,0.34210526315789475,0.055853748904403144,0.0433895788190518,0.03851517080914773,0.47866915036470464,0.5024540019341004,0.48721451373436514,0.49321863055229187,0.6737377047538757,0.1825006753206253,0.15134558081626892,0.6519573926925659,0.3855116069316864,5,35,0.125,0.1760268651880324,1.8563957523488357,0.5571073884211352,0.775,0.9230769230769231,0.3,0.125,0.1,0.05,0.725,24.704048251248214,20.0,0.8489363660222753,4.0,1.85,1.4,2.2,0.03165288729360327,0.8924031257629395,0.03348346427083016,8.591332599223733e-05,0.0032848352566361427,6.782082073186763e-06,0.02276800922795701,0.8721434473991394,0.0004591103381244467,7.82406467351393e-05,0.0006897136918269098,0.000135445493651787,0.007901749216580356,0.1647394448518753,0.0035653294296935207,0.000626971932615561,0.0169537216424942,0.00049813388613984,0.010518961940580596,0.31503694902251783,0.008987187970834991,neutral,Anyone else disappointed by the new feature set?
sony_wh_1000xm5_wireless_noise_cancelling_over_the_ear_headphones_black,1gzggu7,42,861,0.3073167647634234,0.05714285714285714,0.06987385606307843,0.06447658912234894,0.06564490637657762,0.47802973544694544,0.46599121750024136,0.46908550589203696,0.4650157690048218,1.0,0.16714845597743988,0.12061963230371475,0.7556191086769104,0.4092060923576355,4,38,0.09523809523809523,0.1736868547186965,1.4171789190389548,0.4252977014800454,0.7619047619047619,0.5365853658536586,0.6666666666666666,0.0,0.047619047619047616,0.2857142857142857,0.6666666666666666,25.612685083532508,19.0,1.3565356538567028,3.0,1.380952380952381,1.2,1.5,0.060629383846563065,0.9050469994544983,0.03279817271977663,0.00017848694924233705,0.007228854577988386,1.1965228441113131e-05,0.021973811917372847,0.8059282898902893,0.0011201173358131196,7.260047359956107e-05,0.0004381134349387139,0.00020162955624982711,0.03306098900239227,0.6222293972969055,0.01162113789469003,0.0003012123857583252,0.0029632430523633957,0.0005827490356750786,0.019369414095821397,0.31387254692284233,0.0118389281870615,neutral,Sony WH-1000XM5 - Which version to get?
samsung_galaxy_buds3_pro_wireless_earbud_headphones_silver,1rqhd13,1,0,0.302187979221344,0.0,0.0,0.0,0.0,0.0,0.0,0.0,0.0,0.0,0.0,0.0,0.0,0.0,0,1,0.0,0.06981974095106125,-0.0,0.0,0.0,0.0,1.0,0.0,0.0,0.0,1.0,0.0,0.0,0.0,1.0,1.0,0.0,0.0,0.000820901885163039,0.000820901885163039,0.000820901885163039,1.9706276361830533e-06,1.9706276361830533e-06,1.9706276361830533e-06,5.997777043376118e-05,5.997777043376118e-05,5.997777043376118e-05,3.061351890210062e-05,3.061351890210062e-05,3.061351890210062e-05,0.00016035135195124894,0.00016035135195124894,0.00016035135195124894,0.00010439345351187512,0.00010439345351187512,0.00010439345351187512,0.00019636810126636797,0.00019636810126636797,0.00019636810126636797,neutral,Galaxy Buds 4 Pro - Static noise on ANC & Ambient....
samsung_galaxy_buds4_pro_wireless_earbud_headphones_black,1rqhd13,1,0,0.302187979221344,0.0,0.0,0.0,0.0,0.0,0.0,0.0,0.0,0.0,0.0,0.0,0.0,0.0,0,1,0.0,0.06981974095106125,-0.0,0.0,0.0,0.0,1.0,0.0,0.0,0.0,1.0,0.0,0.0,0.0,1.0,1.0,0.0,0.0,0.000820901885163039,0.000820901885163039,0.000820901885163039,1.9706276361830533e-06,1.9706276361830533e-06,1.9706276361830533e-06,5.997777043376118e-05,5.997777043376118e-05,5.997777043376118e-05,3.061351890210062e-05,3.061351890210062e-05,3.061351890210062e-05,0.00016035135195124894,0.00016035135195124894,0.00016035135195124894,0.00010439345351187512,0.00010439345351187512,0.00010439345351187512,0.00019636810126636797,0.00019636810126636797,0.00019636810126636797,neutral,Galaxy Buds 4 Pro - Static noise on ANC & Ambient....
bose_quietcomfort_wireless_noise_cancelling_over_the_ear_bluetooth_headphones_sandstone,hywq7i,8,28,0.3076484948396683,0.0,0.05385957603075614,0.03979874843382529,0.033457237780355704,0.506557071847575,0.5491870226604598,0.5221242787582534,0.523356705904007,0.669201135635376,0.20902976393699646,0.23821690678596497,0.3787972331047058,0.4302257001399994,0,8,0.0,0.037268664222210646,0.7356219397587946,0.22076134208224704,0.625,0.5714285714285714,0.75,0.125,0.0,0.375,0.5,45.113571960109745,25.0,1.0583829198852726,5.0,3.0,1.5,2.2857142857142856,0.00047171867845463566,0.0005472262273542583,0.000532995950197801,1.5652263698484603e-06,1.959542714757845e-06,1.8270843156642515e-06,3.4680205089898664e-05,5.059547402197495e-05,4.469677551242057e-05,2.3674896283409907e-05,3.2297255529556423e-05,2.972875445266254e-05,0.00011183161768713035,0.00013745199248660356,0.00012487680214690045,7.910506792541128e-05,9.225426038028672e-05,8.8502824655734e-05,0.00012042928196838904,0.00014002515126776416,0.00013399520595006227,neutral,Is Bose QC 25 wired headphones good in noise cancellation? Does the noise cancellation work without the AAA battery?
samsung_galaxy_buds4_pro_wireless_earbud_headphones_black,1rppx34,10,45,0.2982847899198532,0.0,0.07027328466509775,0.05288280253510499,0.046538837330938665,0.4905627515580919,0.4688771466414134,0.47823237379391986,0.48040270805358887,0.5652913451194763,0.3388173282146454,0.34872785210609436,0.5324150919914246,0.5175905227661133,5,5,0.5,0.48766582608222964,1.8866967846580784,0.5662007775623825,0.8,1.0,0.2,0.0,0.0,0.1,0.9,11.085576214162257,10.5,0.4638316407599271,6.0,3.0,1.1666666666666667,2.7142857142857144,0.10856101304525509,0.9777019023895264,0.1488182973116633,4.005813422054416e-05,0.0003392708895262331,5.108805344207201e-05,0.01206268024907331,0.10945607721805573,0.015129138389602266,0.00011579055480979151,0.00037140437052585185,0.000276381301227957,0.09529798187795677,0.928124189376831,0.10933290868997542,0.000268111542754923,0.0008019490051083267,0.0006140087149105965,0.036057605900678406,0.336097549329376,0.045672717996255,curiosity,galaxy buds 4 pro -  can you change the pinch / pinch and hold to something other than noise cancel shift?
bose_quietcomfort_wireless_noise_cancelling_over_the_ear_bluetooth_headphones_sandstone,1sde7zr,59,1711,0.30260255096251504,0.03508771929824561,0.05068599085045543,0.04060876057432801,0.03725462627865317,0.48153887376459215,0.473461801644517,0.47286655061047095,0.4899062514305115,0.7357020378112793,0.19663219153881073,0.17104129493236542,0.74566650390625,0.42874157428741455,11,48,0.1864406779661017,0.22539553724987021,1.6121764122944386,0.48381676675951446,0.8813559322033898,0.6379310344827587,0.559322033898305,0.3050847457627119,0.05084745762711865,0.3220338983050847,0.3220338983050847,78.02259559722948,26.0,2.2292170170636996,10.0,2.3389830508474576,1.1071428571428572,3.0543478260869565,0.02660985489748813,0.6355493068695068,0.009821689128875736,1.8360157023919983e-05,0.0005002075922675431,1.0430263864691371e-05,0.0144594058812368,0.5277251601219177,0.0005796302226372066,7.203179968385839e-05,0.0008362233056686819,0.00014018788933753998,0.006811222007746761,0.19339145720005035,0.0013116990681737708,0.00022644899606456096,0.0023514400236308575,0.0004696874413639308,0.00803288728987401,0.20410851705431318,0.002085900268715099,neutral,Why I returned my AirPods Max 2 for the Bose Ultra 2s (Even as a massive Apple fanboy)
sony_wh_1000xm5_wireless_noise_cancelling_over_the_ear_headphones_black,14plfz0,197,19306,0.3196244811146988,0.09326424870466321,0.04473396688213072,0.031306756858249005,0.026561055875902715,0.4973041705210617,0.5005840598521153,0.49024952547122047,0.49401210248470306,1.0,0.2928749620914459,0.28634530305862427,0.8807464838027954,0.539043128490448,36,161,0.18274111675126903,0.21803883232913798,1.994887327602884,0.5986689356884626,1.0761421319796953,0.7857142857142857,0.4010152284263959,0.7309644670050761,0.050761421319796954,0.08121827411167512,0.13705583756345177,84.58606651730595,67.0,1.2846700411617664,10.0,2.9441624365482233,1.12,2.9336188436830835,0.02504384202919877,0.9858388304710388,0.003990340977907181,0.0001547523074655169,0.017558628693223,6.166152070363752e-06,0.01740371540754172,0.9372086524963379,0.00033110318472608937,6.609654939828882e-05,0.0017384354723617435,9.171174897346646e-05,0.009958011486084759,0.7454445958137512,0.00041660449933260684,0.00021830384394163997,0.007309646345674992,0.00025113969459198424,0.008807453603938446,0.44900559510764043,0.0008768110692244596,gratitude,WH-1000XM5: A Guide For Maximizing Audio Quality
sony_wh_1000xm5_wireless_noise_cancelling_over_the_ear_headphones_black,1s5lf54,12,66,0.31697722524404526,0.08333333333333333,0.04850515139252103,0.04069087407396919,0.038215193691534206,0.45955806880286243,0.4923617167003227,0.46947139366106555,0.4763459265232086,0.5838658213615417,0.2830224931240082,0.29075026512145996,0.5222026109695435,0.49616488814353943,1,11,0.08333333333333333,0.14270472836991152,1.8200759753606213,0.5462077642002002,1.0,0.9090909090909091,0.25,0.16666666666666666,0.3333333333333333,0.16666666666666666,0.3333333333333333,34.09413031919457,22.5,1.172291013840501,3.0,1.75,1.2,1.4,0.06432971642789198,0.6739327311515808,0.07475188039243225,6.188272275646038e-05,0.0007137820357456803,7.799333980074153e-06,0.055034816978453215,0.6573420763015747,0.0019009650073712697,6.036680194180614e-05,0.0002539033011998981,0.0001293422144954093,0.01122504033325337,0.08416841179132462,0.0418871517525986,0.00023390950627799612,0.0011515761725604534,0.0004619340936187655,0.021824288795095802,0.2362604134589977,0.01985064538809336,neutral,Rate the collection 🤓 for ft: Sonys notorious hinges 😂
apple_airpods_pro_3_wireless_active_noise_cancelling_earbuds_with_heart_rate_sensing_feature_white,1lzw8g5,10,45,0.2898595452308655,0.0,0.05708483055766455,0.05118691248304584,0.050560967126205086,0.5043280074993769,0.45712531672583684,0.4642575144767761,0.4703305959701538,0.7523757815361023,0.1427956223487854,0.10832835733890533,0.35640448331832886,0.2814825177192688,1,9,0.1,0.1788644190877676,1.5047882836811908,0.45158941448106693,1.0,0.8888888888888888,0.3,0.5,0.1,0.3,0.1,10.725670142233538,20.5,0.6540042769654597,3.0,1.5,1.0,1.2,0.0010752457950729878,0.0026779770851135254,0.002288349554874003,2.0943904246450984e-06,4.237865596223855e-06,2.614474510664876e-06,8.043843827181263e-05,0.00024611526168882847,0.0001568503241287544,3.4575025711092164e-05,9.617565228836611e-05,4.530593760136978e-05,0.00026598520707921125,0.0007593513582833111,0.0005539877107366919,0.0001223055827722419,0.0002701397461351007,0.0002130070570274256,0.00026344073988866513,0.0006756661615175593,0.0005426512189008766,gratitude,B&K 5128 graph database
samsung_galaxy_buds3_pro_wireless_earbud_headphones_silver,1f2yk0e,54,1431,0.3179858642465928,0.11764705882352941,0.04794029969649566,0.038105187616237185,0.03531584700841344,0.4737903513769267,0.4740694744511137,0.4668530485248499,0.47716066241264343,0.8148861527442932,0.2589508295059204,0.2570432722568512,0.7138364911079407,0.49227774143218994,11,43,0.2037037037037037,0.2756576406665974,2.0914863908880896,0.6276584718919672,0.8888888888888888,0.8867924528301887,0.3148148148148148,0.4074074074074074,0.2222222222222222,0.16666666666666666,0.2037037037037037,31.626680407217055,35.5,0.9551682002179647,6.0,1.9074074074074074,1.0909090909090908,2.0545454545454547,0.0399985864658245,0.9922434687614441,0.006833655550144626,7.46095181364547e-05,0.0035844913218170404,6.4834816384973264e-06,0.017581336749066798,0.8044917583465576,0.0008694238844327649,4.8050412159581254e-05,0.000528094416949898,7.943631790112707e-05,0.026877458268211706,0.9867683053016663,0.0023840353707782974,0.00031721064132633964,0.006554647348821163,0.00019116564217256388,0.014149542009120896,0.3621157653493962,0.0017581075915131836,neutral,Best EQ settings for Galaxy Buds 3 Pro after Hours of Adjusting - Audiophile Perspective
sony_wh_1000xm5_wireless_noise_cancelling_over_the_ear_headphones_black,1j4e912,5,10,0.3087574243545532,0.0,0.0526557899109271,0.05147288192390651,0.05292633704994617,0.43559831082820893,0.3810608446598053,0.39618181586265566,0.4196650981903076,0.46130162477493286,0.1535326987504959,0.10239643603563309,0.1535326987504959,0.2723391056060791,1,4,0.2,0.2533600926399231,1.3321790402101223,0.399789099421175,1.0,0.75,0.4,0.4,0.0,0.2,0.4,5.912698199637793,5.0,0.5474720555220178,3.0,1.8,1.0,1.25,0.0007157999032642692,0.0012152594281360507,0.0010537264635786415,2.313119193786406e-06,3.4161621442763135e-06,3.133743302896619e-06,5.798430429422296e-05,8.725353109184653e-05,8.07436852483079e-05,3.540816069289576e-05,5.5298020015470684e-05,4.9958781164605175e-05,0.00011441980896051974,0.00019470376719255,0.00016541843360755594,8.596832194598391e-05,9.886363841360435e-05,9.61353609454818e-05,0.00016864893639194632,0.00027291949102921836,0.00023766510194036527,neutral,"Sony WH-1000XM5, version 2.4.1 noise cancellation got worse"
bose_quietcomfort_wireless_noise_cancelling_over_the_ear_bluetooth_headphones_sandstone,1s5s6bs,8,28,0.3099167176655361,0.14285714285714285,0.0554829731171546,0.04894769651778731,0.047903044144323524,0.4567633345723152,0.43803341473851887,0.44353637418576647,0.4506308287382126,0.5395432710647583,0.1639198213815689,0.14597293734550476,0.34112486243247986,0.3422624170780182,2,6,0.25,0.2508961244020611,1.0735428464085233,0.3221719564721667,0.75,0.5714285714285714,0.625,0.125,0.0,0.5,0.375,18.505066873697054,25.25,0.8508076723538875,3.0,1.625,1.0,1.2,0.07956787032890134,0.6286767721176147,0.19036441992502648,2.9550277957923754e-06,8.891749530448578e-06,5.39990378456423e-06,0.00016997986404021503,0.0009133752901107073,0.00037972238642396393,6.231422389646468e-05,0.00022076183813624084,0.00011590947906370272,0.06940174374722119,0.5539229512214661,0.1664342074887826,0.00016112104458443355,0.0003139368200208992,0.0002623244246933609,0.024894330706073237,0.19731781665874829,0.059583119494637495,neutral,"Deals: Bose QuiteComfort (New) at $142 and Sony XM5 (Open Box) at $186 with code TWENTYFIVE in woot, 3/28 only"
sony_wh_1000xm5_wireless_noise_cancelling_over_the_ear_headphones_black,1s5s6bs,8,28,0.3099167176655361,0.14285714285714285,0.0554829731171546,0.04894769651778731,0.047903044144323524,0.45676333882978987,0.4380334285753114,0.4435363837650844,0.4506308436393738,0.5395432114601135,0.16391988098621368,0.1459730565547943,0.34112486243247986,0.3422624170780182,2,6,0.25,0.2508961244020611,1.0735428464085233,0.3221719564721667,0.75,0.5714285714285714,0.625,0.125,0.0,0.5,0.375,18.505066873697054,25.25,0.8508076723538875,3.0,1.625,1.0,1.2,0.07956787032890134,0.6286767721176147,0.19036441992502648,2.9550277957923754e-06,8.891749530448578e-06,5.39990378456423e-06,0.00016997986404021503,0.0009133752901107073,0.00037972238642396393,6.231422389646468e-05,0.00022076183813624084,0.00011590947906370272,0.06940174374722119,0.5539229512214661,0.1664342074887826,0.00016112104458443355,0.0003139368200208992,0.0002623244246933609,0.024894330706073237,0.19731781665874829,0.059583119494637495,neutral,"Deals: Bose QuiteComfort (New) at $142 and Sony XM5 (Open Box) at $186 with code TWENTYFIVE in woot, 3/28 only"
apple_airpods_pro_3_wireless_active_noise_cancelling_earbuds_with_heart_rate_sensing_feature_white,1oi2jo6,3,3,0.2888487180074056,0.0,0.044700690289004696,0.024147326891359493,0.01788574649049561,0.5068639318148295,0.5231232742468516,0.5092857480049133,0.5018584728240967,0.5256903171539307,0.417158842086792,0.33279165625572205,0.417158842086792,0.6088173389434814,0,3,0.0,0.023210475221276283,-0.0,0.0,1.0,0.0,1.0,0.3333333333333333,0.3333333333333333,0.3333333333333333,0.0,34.00326781681758,38.5,0.5178162611698108,2.0,1.3333333333333333,1.0,1.0,0.07478794338142809,0.22335463762283325,0.17879210425307976,7.419802117662282e-05,0.00021996194845996797,0.00017624154197619645,0.03836509061814771,0.11503901332616806,0.09203692946612137,0.000107281011272183,0.0002779077331069857,0.00022697273489029614,0.004996362156816758,0.014730406925082207,0.011810697650071235,0.0002833327210585897,0.0006893191020935774,0.000568038408528082,0.019769034651649992,0.05905187444295734,0.04726849734244449,neutral,Help me understand noise cancellation
sony_wh_1000xm5_wireless_noise_cancelling_over_the_ear_headphones_black,1q8y68c,4,6,0.29293082654476166,0.0,0.04068837870443489,0.027020622633841543,0.021314705306064174,0.47039924065272015,0.4557989041010539,0.4602224479118983,0.4551700949668884,0.5265588760375977,0.24700039625167847,0.25689488649368286,0.24700041115283966,0.4057126045227051,0,4,0.0,0.11338261142373085,1.0397207708399179,0.3120218965147642,0.75,1.0,0.5,0.0,0.0,0.25,0.75,35.77970793620317,70.25,0.6304794349991747,1.0,1.0,0.0,0.0,0.050888562356703915,0.19984960556030273,0.14042914460878822,3.781679211556366e-05,0.00014270699466578662,0.00010134803178516453,0.006901657083290047,0.027365634217858315,0.01920057323441143,0.000191021575119521,0.0005899100215174258,0.0004474484405363911,0.004073878671988496,0.015495003201067448,0.010990357081755067,0.0020744356497743865,0.007927595637738705,0.005597336289065426,0.010694562021498655,0.041895075938858405,0.02945708424034214,neutral,"Sony WH-1000XM5 failing after 9 months - ANC, touch controls, battery charging"
samsung_galaxy_buds4_pro_wireless_earbud_headphones_black,1royei6,3,3,0.2941625118255615,0.0,0.04466840198016677,0.03804446731763058,0.035767344259287605,0.49338159958521527,0.42427820960680646,0.4525772035121918,0.46588119864463806,0.4770161509513855,0.03355361521244049,0.023012541234493256,0.03355361521244049,0.1015150398015976,1,2,0.3333333333333333,0.21126601845026016,0.6365141682948128,0.1910189384688593,1.0,0.5,0.6666666666666666,0.3333333333333333,0.0,0.0,0.6666666666666666,12.918548250050733,15.5,0.6568753347483424,2.0,1.3333333333333333,1.0,1.0,0.0012169380982716878,0.002501788316294551,0.0021335248602554206,2.1883572571823606e-06,3.3488163353467826e-06,3.0537484462911378e-06,0.00010012653547164518,0.0002189064398407936,0.00018599453396745959,6.486824834913325e-05,0.00013256237434688956,0.00011411142186261714,0.00020582555346967032,0.0003625159151852131,0.0003181845386279747,8.122254075715318e-05,8.29198252176866e-05,8.256415458163247e-05,0.00027852822226274537,0.0005497880311698585,0.00047252302136939765,joy,Buds4 Pro - how much extra battery will UHQ (ultra high quality) audio use?
bose_quietcomfort_wireless_noise_cancelling_over_the_ear_bluetooth_headphones_sandstone,12rcj7x,2,1,0.27872276306152344,0.0,0.031164603281404774,0.017580166645006244,0.01323834533077179,0.3629252016544342,0.5429515242576599,0.4350498914718628,0.4350498914718628,0.4350498914718628,0.5875270962715149,0.5875270962715149,0.5875270962715149,0.5875270962715149,0,2,0.0,0.018608813174068928,0.6931471805599453,0.20801459767650946,1.0,1.0,0.5,0.0,0.0,1.0,0.0,2.0,2.0,0.03278688524590164,1.0,1.0,0.0,0.0,0.00042994901014026254,0.00048365149996243417,0.0004729110019979998,1.3632958939524542e-06,1.3691867479792563e-06,1.3680085771738958e-06,3.06343872580328e-05,3.5387452953727916e-05,3.443683981458889e-05,1.9357213204784784e-05,1.939976391440723e-05,1.939125377248274e-05,0.0001168555136246141,0.00013405572099145502,0.00013061567951808684,6.966148430365138e-05,7.219841063488275e-05,7.169102536863647e-05,0.000111303484070883,0.00012434367253414771,0.00012173563484149477,neutral,Bose QC 45 - noise cancelling headphones while noisy outside during meetings - will microphone pick up the noise too or does the noise cancellation help the microphone too?
bose_ultra_open_ear_true_wireless_open_earbuds_driftwood_sand,1o6spr0,1,0,0.06254907697439194,0.0,0.0,0.0,0.0,0.0,0.0,0.0,0.0,0.0,0.0,0.0,0.0,0.0,0,1,0.0,0.024583926424384117,-0.0,0.0,1.0,0.0,1.0,1.0,0.0,0.0,0.0,0.0,0.0,0.0,1.0,1.0,0.0,0.0,0.0005397108034230769,0.0005397108034230769,0.0005397108034230769,1.4229306088964222e-06,1.4229306088964222e-06,1.4229306088964222e-06,3.772523996303789e-05,3.772523996303789e-05,3.772523996303789e-05,1.9972607333329506e-05,1.9972607333329506e-05,1.9972607333329506e-05,0.0001281047734664753,0.0001281047734664753,0.0001281047734664753,6.886280607432127e-05,6.886280607432127e-05,6.886280607432127e-05,0.00013263319347818955,0.00013263319347818955,0.00013263319347818955,gratitude,Bose Open Earbuds Ultra
samsung_galaxy_buds4_pro_wireless_earbud_headphones_black,d094vf,197,19306,0.3329499630153482,0.27411167512690354,0.06532710735662264,0.055192558726173194,0.05229594987903789,0.5024313586477009,0.522334210627884,0.5069853389888653,0.5073689818382263,1.0,0.24376651644706726,0.2202521562576294,0.8735893368721008,0.4713566303253174,113,84,0.5736040609137056,0.5919353585538979,2.020953288867721,0.6064913731124688,0.9238578680203046,0.7551020408163265,0.4010152284263959,0.43147208121827413,0.050761421319796954,0.01015228426395939,0.5076142131979695,29.86516893635289,21.0,1.20438859374852,6.0,2.2233502538071064,9.285714285714286,2.4495123933360423,0.2206907021121103,0.9972642660140991,0.9377095699310303,0.004959192291741791,0.2827643156051636,0.009709828719496728,0.16092846260827048,0.9848963022232056,0.9142465949058534,0.0016844723637118731,0.2424619048833847,0.0013471777783706789,0.0724493199453035,0.9506640434265137,0.23043462932109846,0.0038202039121721367,0.42757248878479004,0.0036082980688661344,0.07742205887221834,0.5302501584713658,0.33191717012086885,gratitude,Two pairs of galaxy buds where the left becomes quieter than the right
samsung_galaxy_buds3_pro_wireless_earbud_headphones_silver,1ezpiy3,15,105,0.3103314101696014,0.2,0.060581285255372,0.049324792308730686,0.04497714814826089,0.47866688200405666,0.4567401863279797,0.464508204800742,0.4565028250217438,0.5956633687019348,0.2574799060821533,0.2478807121515274,0.5493954420089722,0.4718859791755676,8,7,0.5333333333333333,0.5347466782977184,1.430280301911093,0.42922944781558153,0.7333333333333333,0.5714285714285714,0.4666666666666667,0.13333333333333333,0.0,0.13333333333333333,0.7333333333333333,31.9788819205564,18.5,1.1078134614511455,3.0,1.5333333333333334,1.4,1.3,0.1139673804359821,0.9862632751464844,0.4272660930640993,0.0028631387612525335,0.04243219271302223,0.00029783037371089433,0.10313742227335751,0.9678676724433899,0.3472203364915911,0.00037413363061205017,0.004980164114385843,0.00016451269912067795,0.0372350449183917,0.421003520488739,0.08102388116531069,0.001310971767816227,0.017220675945281982,0.0006738355499692259,0.043148015297902007,0.40662791680855054,0.14276477451717245,neutral,What kind of joke is this ?
samsung_galaxy_buds4_pro_wireless_earbud_headphones_black,1r6eix1,192,18336,0.31295466996769217,0.12834224598930483,0.06243649818372566,0.05412860284213803,0.05191795488373948,0.48130888055951493,0.47711347490727873,0.4762789005857371,0.4816889017820358,0.8515323996543884,0.21276505291461945,0.17546094954013824,0.8301076889038086,0.48404350876808167,43,149,0.22395833333333334,0.2550005895803527,2.2470704765594887,0.6743495093707019,0.8177083333333334,0.7329842931937173,0.421875,0.15104166666666666,0.15104166666666666,0.140625,0.5572916666666666,17.148344762151165,17.0,0.849672824344006,7.0,2.109375,2.1777777777777776,3.491588785046729,0.0740121071523087,0.9954979419708252,0.1421199455857277,0.0015105324242092877,0.2591288387775421,4.511005172389563e-05,0.033697406406010565,0.9856449365615845,0.0036651240428909678,0.003724136223183905,0.5235864520072937,0.000592748232884333,0.03569842810948861,0.9854370951652527,0.03556173034012321,0.0024238525625908855,0.16235758364200592,0.0016569185070693495,0.025177743812965326,0.4883537953719497,0.04008720471416989,neutral,Online retailer shows images of the Galaxy Buds4 Pro in an online listing
samsung_galaxy_buds3_pro_wireless_earbud_headphones_silver,1qd5saa,10,45,0.3284465134143829,0.3,0.05317624156215375,0.0316511122671978,0.024140467878348802,0.550542868508233,0.512668968571557,0.5262656927108764,0.5276134610176086,0.5940130352973938,0.4278801381587982,0.5033519268035889,0.6301384568214417,0.6266445517539978,2,8,0.2,0.22423076760023833,1.6094379124341,0.48299493849177866,0.8,0.8888888888888888,0.4,0.2,0.1,0.1,0.6,61.945540598173814,40.25,0.9043144612872089,6.0,2.8,1.1666666666666667,2.409090909090909,0.047732557394192555,0.43844130635261536,0.06121381111443028,1.590458265354755e-05,0.00011901255493285134,3.3222304227820095e-05,0.01302914351617801,0.12549667060375214,0.016336847702041225,0.00011120843919343315,0.0004745218902826309,0.0003249537956435233,0.020211778282828163,0.19655993580818176,0.022139724995940854,0.0002375033429416362,0.0008230534731410444,0.0006023806461598724,0.013556349259664558,0.1269580523185141,0.016720045926103877,neutral,Buds 3 Pro - Hearing more sounds from the left earbud
apple_airpods_max_usb_c_midnight,1nql337,3,3,0.2931008040904999,0.0,0.030055176348245893,0.027091569860397593,0.02615307779076133,0.3413243591785431,0.48000796635945636,0.39445410172144574,0.37445464730262756,0.4713650047779083,0.18980981409549713,0.1583511233329773,0.18980979919433594,0.24659429490566254,1,2,0.3333333333333333,0.22807293012738228,0.6365141682948128,0.1910189384688593,1.0,1.0,0.6666666666666666,0.6666666666666666,0.0,0.0,0.3333333333333333,30.6521704868604,33.0,0.910460509510705,1.0,1.0,0.0,0.0,0.0009738745381279538,0.0018737225327640772,0.0016279316390864552,4.048480529187752e-06,8.713626812095754e-06,7.354987246799283e-06,0.00013038292308920063,0.000310820818413049,0.0002580827691417653,4.17249266320141e-05,5.609892832580954e-05,5.430372839327901e-05,0.00011003451557674755,0.00012157549645053223,0.00011915670474991203,0.00010562195529928431,0.00016764202155172825,0.00014964312576921655,0.00022761455654239803,0.0004230955707195487,0.00036941215906457125,neutral,"[USA-TX] [H] HiFiMan Sundara, M1060, AirPods Max (USB-C), DT990 Pro [W] PayPal"
samsung_galaxy_buds3_pro_wireless_earbud_headphones_silver,1nx8jr6,17,136,0.31492249054067273,0.11764705882352941,0.05245094848109435,0.04164286309770512,0.03723407898092455,0.46487172495792894,0.4976263056125711,0.4665063080542228,0.47756336629390717,0.9172118306159973,0.24380597472190857,0.20698581635951996,0.5445043444633484,0.4907798171043396,4,13,0.23529411764705882,0.2921071382349028,1.399570528835303,0.42001339490465883,1.0,0.75,0.4117647058823529,0.5882352941176471,0.058823529411764705,0.11764705882352941,0.23529411764705882,27.75298855443179,51.0,0.7634317239892241,4.0,1.9411764705882353,1.1111111111111112,1.5294117647058822,0.012335879784693722,0.19877596199512482,0.001630790997296572,2.058439115578093e-06,5.931662599323317e-06,3.538103419487016e-06,0.0001149293618843384,0.0011933764908462763,0.00010510564025025817,3.0928843604188464e-05,8.30806529847905e-05,5.630142550216989e-05,0.010970261615190846,0.18419399857521057,0.00029315905121620747,0.0001015892082838999,0.00035140878753736615,0.00015957823779899627,0.00392594120879543,0.0640939795612212,0.00037638338621945886,neutral,Galaxy Buds 3 Pro - ANC scale setting bug
bose_quietcomfort_wireless_noise_cancelling_over_the_ear_bluetooth_headphones_sandstone,c3a0dx,14,91,0.30269003765923636,0.0,0.03914776250044468,0.02888360985688712,0.025269148132666105,0.46078258523574245,0.4655370073659079,0.45736429226267467,0.4646220803260803,0.7258413434028625,0.3103306293487549,0.35824140906333923,0.6602991819381714,0.5989412665367126,4,10,0.2857142857142857,0.27886693459004164,1.4680602034990462,0.44056725780671163,0.7857142857142857,0.6923076923076923,0.5,0.42857142857142855,0.0,0.14285714285714285,0.42857142857142855,72.25765265594322,71.25,1.2000084664094959,3.0,1.6428571428571428,1.2,1.4,0.0006557687510004533,0.0013178152730688453,0.0009269023779779671,1.6721352592087766e-06,2.7037440304411575e-06,2.1077063820484908e-06,4.409599971820301e-05,8.661652100272477e-05,6.815658052801154e-05,3.4045980360783036e-05,0.00017597933765500784,3.6207738958182745e-05,0.0001399189313815441,0.00019297860853839666,0.00018032910156762227,8.843506501372238e-05,0.00010834071144927293,0.00010522800002945586,0.00016065614378898575,0.0003068234918828239,0.00021797404298429986,neutral,"The only noise-canceling headphones i've tried is Bose quietcomfort 15 which was released in 2009, has much happened with noise-canceling tech in the past 9 years?"
sony_wh_1000xm5_wireless_noise_cancelling_over_the_ear_headphones_black,1l0jho5,6,15,0.2913389007250468,0.0,0.05215776387302749,0.039366114470035476,0.03337857401601417,0.5298408846060435,0.44619179765383404,0.4772305150826772,0.49007532000541687,0.5446164011955261,0.38405686616897583,0.34556347131729126,0.5055578947067261,0.6452389359474182,1,5,0.16666666666666666,0.294791776376466,1.2424533248940002,0.3728622661364423,1.0,0.6,0.5,0.16666666666666666,0.0,0.3333333333333333,0.5,11.41149517908246,12.75,0.5109624707051847,4.0,2.0,1.0,1.6666666666666667,0.0014410950243473053,0.006007034331560135,0.0033722345833666623,3.1317215037537003e-06,1.075919317372609e-05,6.285273173034511e-06,0.0002055574004771188,0.0010373682016506791,0.000546749939530855,3.391604817200763e-05,8.929678006097674e-05,5.797843368782196e-05,0.00013581694656750187,0.00024253164883702993,0.0002017803562921472,8.957439301108631e-05,0.00016134628094732761,0.0001252308939001523,0.00031818192234646224,0.001258056072704979,0.0007169705364352315,neutral,Sony WH-1000XM5 Audio Stuttering on PC (Windows 11) - Desperate for Help!
samsung_galaxy_buds4_pro_wireless_earbud_headphones_black,1rvvf9f,12,66,0.31326701988776523,0.25,0.05832812416947906,0.044708823636363956,0.03985919546669798,0.46762093043688574,0.5319686206904325,0.49437809125943616,0.4978287070989609,0.5886024236679077,0.25039002299308777,0.23660293221473694,0.527024507522583,0.5004920959472656,1,11,0.08333333333333333,0.13741024878496924,1.234267866079077,0.37040579661606077,0.6666666666666666,0.6363636363636364,0.5833333333333334,0.25,0.0,0.0,0.75,54.669969412425644,17.75,1.4842525632332753,6.0,2.6666666666666665,1.2857142857142858,2.4444444444444446,0.06672492259531282,0.7704113125801086,0.012729151034727694,3.951566791708198e-06,1.7254840713576414e-05,9.181191171592219e-06,0.0002756547708789488,0.0012626467505469918,0.0010339175176341088,0.0001968339593076962,0.001959889428690076,0.00010464742736076006,0.05944602088554044,0.7070509791374207,0.0031345987808890645,0.00015608614982435634,0.0006377495592460036,0.0002501441398635507,0.02113391165460933,0.24646155851451113,0.0028293846166434385,neutral,Galaxy Buds 4 Pro - Ultra Hi-Fi audio?
samsung_galaxy_buds4_pro_wireless_earbud_headphones_black,1rioz6r,15,105,0.29606254696846007,0.0,0.06842794058392498,0.05757253884687899,0.05414931299253203,0.5257765670617421,0.5182297366006033,0.5175410171349843,0.5030747652053833,0.7029196619987488,0.4226943254470825,0.4685601592063904,0.7178425788879395,0.6650657057762146,8,7,0.5333333333333333,0.5007087980707486,1.1369165918330006,0.341190520678223,0.6,0.7142857142857143,0.5333333333333333,0.3333333333333333,0.06666666666666667,0.13333333333333333,0.4666666666666667,27.097027307232224,20.5,1.1547028682059188,2.0,1.2,1.0,1.0,0.08088069771571706,0.34992021322250366,0.2626764178276062,3.012558190675918e-05,0.00010258509428240359,6.723590922774747e-05,0.0004668340337957488,0.002201208146288991,0.001309719122946262,0.0005222910163865891,0.0036635310389101505,0.0009940094780176876,0.022939187649656863,0.287164568901062,0.01863094009459018,0.0502295706459942,0.21635550260543823,0.16374517679214473,0.0258447844405762,0.10733215588819196,0.08288996820968653,neutral,Galaxy Buds4 Pro Black Vs White
bose_ultra_open_ear_true_wireless_open_earbuds_driftwood_sand,1smlexs,2,1,0.18287094309926033,0.0,0.05379175380412683,0.027773170881058604,0.019994462664133,0.4370902478694916,0.4943233132362366,0.46394839882850647,0.46394839882850647,0.46394839882850647,0.40060752630233765,0.40060752630233765,0.40060752630233765,0.40060752630233765,0,2,0.0,0.02372046560049057,0.6931471805599453,0.20801459767650946,0.5,1.0,0.5,0.5,0.0,0.0,0.5,19.0,19.0,0.1958762886597938,1.0,1.0,0.0,0.0,0.010329321696190163,0.02011551707983017,0.018158278003102168,3.831653430097504e-06,6.222210231499048e-06,5.744098871218739e-06,0.00023606285503774416,0.0004337342397775501,0.0003941999628295889,8.939915733208181e-05,0.00015940421144478023,0.00014540320062224053,0.0034695553986239247,0.00681291101500392,0.006144239891727921,0.0004643201609724201,0.0008582427399232984,0.0007794582241331228,0.0024320818202644054,0.004731005249368536,0.00427122056354771,gratitude,Need earbud advice
apple_airpods_pro_3_wireless_active_noise_cancelling_earbuds_with_heart_rate_sensing_feature_white,iqoaq6,88,3828,0.3232579908910252,0.19047619047619047,0.05354681203693042,0.04639549984667216,0.04473645433445515,0.4904188148856412,0.4817101431615425,0.4810394869422464,0.48887068033218384,0.7317658066749573,0.16777470707893372,0.14084234833717346,0.7401535511016846,0.37276390194892883,24,64,0.2727272727272727,0.29102553738365794,1.8299453864874433,0.5491695905516996,0.8068181818181818,0.7126436781609196,0.5,0.07954545454545454,0.07954545454545454,0.125,0.7159090909090909,30.79697035853467,21.25,1.2061118787499112,8.0,2.75,1.3125,3.727272727272727,0.05138798114917749,0.9731725454330444,0.02198977135121816,0.00034762959979417474,0.020899944007396698,5.611475489786239e-06,0.02206680234123517,0.9606224894523621,0.0005389946105424312,0.00010306105364386234,0.002752388594672084,0.0001219959543959702,0.036349339948091336,0.9410744905471802,0.0034475354477763055,0.00040665816021084373,0.012322704307734966,0.00035531464673113064,0.018443578708692142,0.4220471521257423,0.005046724618970668,neutral,AppleCare Replaced my AirPods - one piece at a time 🙄
samsung_galaxy_buds4_pro_wireless_earbud_headphones_black,1rnsj2r,25,300,0.30889922786842694,0.09090909090909091,0.06638527328051617,0.0582270551734729,0.057227679400685336,0.5127821750442187,0.4595760490993659,0.4741572254896164,0.4730069488286972,0.8473851084709167,0.22756746411323547,0.19838932156562805,0.5906392335891724,0.4501506984233856,7,18,0.28,0.3710526491701603,1.8887494408064311,0.5668167830152546,1.04,0.875,0.4,0.44,0.04,0.36,0.16,17.850490189347745,17.0,1.0028365274914464,4.0,1.68,1.0,1.5294117647058822,0.039797181247267874,0.9242510795593262,0.006159183476120239,0.00019455550982456772,0.004786248318850994,6.468524043157232e-06,0.03448641818249598,0.85679692029953,0.0003677823930047455,7.532895673648455e-05,0.0004667724424507469,0.0001443370565539227,0.021509458601358347,0.5182837843894958,0.0014647454256191867,0.0004808554652845487,0.007997492328286171,0.0005370013299398129,0.01609063299382797,0.38543038288965664,0.0014117840005080035,neutral,Galaxy buds pro 4 pink with mini bag case - what do you use?
sony_wh_1000xm5_wireless_noise_cancelling_over_the_ear_headphones_black,vrptct,61,1830,0.32087964365879695,0.15,0.06838962566080481,0.05981406758899614,0.057800476204347584,0.49667654552094925,0.49124925199265035,0.48554631660544806,0.4857073426246643,0.8881474137306213,0.2207963615655899,0.19558462500572205,0.8767542839050293,0.4336981773376465,19,42,0.3114754098360656,0.37506807406173376,1.488459417923871,0.44668909527573064,0.9836065573770492,0.55,0.45901639344262296,0.47540983606557374,0.04918032786885246,0.09836065573770492,0.3770491803278688,24.6200146685366,22.0,1.169642441418016,5.0,1.8852459016393444,2.8125,1.9094488188976377,0.010796611394817163,0.25314944982528687,0.0071106040850281715,4.0297041464998716e-06,4.3515581637620926e-05,5.719481578125851e-06,0.0005225696378877982,0.006700688973069191,0.00043502013431861997,6.0383545908242935e-05,0.0005863988772034645,0.00010640155960572883,0.005483530703803227,0.16388674080371857,0.0009877528063952923,0.00015488285337551878,0.0020431058946996927,0.00023071933537721634,0.0028370013066564065,0.07102128129918128,0.0013929545158741046,gratitude,Sony WH-1000XM5 - Does not connect to windows 11
apple_airpods_pro_3_wireless_active_noise_cancelling_earbuds_with_heart_rate_sensing_feature_white,1o48t2f,61,1830,0.3197207627660137,0.1864406779661017,0.05072667729647825,0.035122346603185355,0.02961357572540497,0.4975728577114845,0.5081940262858333,0.4984825273191994,0.5118998289108276,0.6322050094604492,0.2632591426372528,0.2679815888404846,0.7186907529830933,0.5004445910453796,32,29,0.5245901639344263,0.5160193899493726,2.0432494747732277,0.6131824948120593,0.8524590163934426,0.8333333333333334,0.4262295081967213,0.32786885245901637,0.08196721311475409,0.08196721311475409,0.5081967213114754,39.1227026675695,41.0,0.8904794263887087,4.0,1.4754098360655739,1.1111111111111112,1.46875,0.03477269433415876,0.9248760342597961,0.08804622292518616,0.00010879816213524524,0.0061389910988509655,2.4225617380579934e-05,0.014875374466145496,0.8842857480049133,0.0010731228394433856,0.004180060850021469,0.11151664704084396,0.0016670622862875462,0.006410030160742415,0.188761368393898,0.003564561018720269,0.0028615282771185225,0.14955076575279236,0.001996333710849285,0.010534747708386987,0.3185869598140319,0.02083765798094343,neutral,You might be pushing your AirPods Pro 3 in too far.
apple_airpods_pro_3_wireless_active_noise_cancelling_earbuds_with_heart_rate_sensing_feature_white,1p1nlku,43,903,0.31608726047888036,0.12195121951219512,0.05257650215006707,0.04337645935068793,0.040216969355123436,0.4944851909034936,0.4752248452021302,0.47952054739658484,0.4846903383731842,0.7494297027587891,0.21795204281806946,0.18074779212474823,0.6989132165908813,0.4550336003303528,15,28,0.3488372093023256,0.35529561228183815,2.204399166566169,0.6615437797514606,0.8372093023255814,0.8333333333333334,0.3488372093023256,0.13953488372093023,0.11627906976744186,0.13953488372093023,0.6046511627906976,27.966525613571264,17.0,1.0623326867345975,5.0,1.627906976744186,1.1538461538461537,2.7045454545454546,0.11081864299228263,0.9951240420341492,0.36323709487915035,0.0003994736761511419,0.010071628727018833,0.00013635774812428264,0.06109164046570503,0.9361101984977722,0.0067528346087783455,0.006324846095467788,0.25440868735313416,0.0006908855517394832,0.037220395569314606,0.9913280606269836,0.050905322283506346,0.0011826164041257323,0.01826806552708149,0.0029194805305451156,0.036172935867174495,0.3432733730975694,0.10033203193621976,neutral,Most expensive pair of APP3 - at least for me!
bose_ultra_open_ear_true_wireless_open_earbuds_driftwood_sand,1quzuck,39,741,0.30204959481190413,0.02564102564102564,0.04681578156153088,0.033173456539207856,0.028519460778556112,0.5090088563168097,0.49651329945295286,0.49856326530980355,0.4992872476577759,0.9824333786964417,0.25853231549263,0.23601418733596802,0.7346988916397095,0.5278342962265015,15,24,0.38461538461538464,0.4250239129536427,2.261380831687622,0.6786440702490739,0.8205128205128205,0.8947368421052632,0.3076923076923077,0.3076923076923077,0.05128205128205128,0.1282051282051282,0.5128205128205128,44.29377155485389,38.5,0.9607659013566751,5.0,2.230769230769231,1.1904761904761905,2.2794117647058822,0.08036705757303235,0.6945613026618958,0.23698135018348712,3.668987048909819e-05,0.00047526636626571417,0.00011059783428208906,0.03955124486459775,0.5414484143257141,0.08624566495418566,0.00012130383779899254,0.0010668626055121422,0.00023231144587043676,0.033524112733012326,0.5592883229255676,0.11341127455234543,0.0003765683097112625,0.0025698826648294926,0.0010953685967251667,0.025662829531440303,0.23687669419693216,0.07050489846418116,neutral,Bose QC Ultra - planned obsolescence
sony_wh_1000xm5_wireless_noise_cancelling_over_the_ear_headphones_black,1fixahe,20,190,0.3064748875796795,0.15,0.043360355554798426,0.03309376905212865,0.0293170475991257,0.47002786993980405,0.492370110593344,0.47683577176771663,0.48139309883117676,0.6539182066917419,0.35114771127700806,0.3522340655326843,0.7298736572265625,0.6116675138473511,3,17,0.15,0.213998209964484,1.0097627067113208,0.3030314326830524,0.9,0.47368421052631576,0.7,0.2,0.05,0.1,0.65,113.41140815632262,42.25,1.8607285997755967,4.0,1.55,1.0,1.4545454545454546,0.054497209495457354,0.6407967805862427,0.05353193823248206,3.9761145029615366e-05,0.0007366169593296945,9.060463617061033e-06,0.0019237759616771654,0.036102935671806335,0.00037978437612764637,0.0004408669498388917,0.007929591462016106,0.00012884658353868892,0.017293911281012698,0.3336811363697052,0.0016411129094194732,0.00046872653874743266,0.005266497377306223,0.0009343984478618952,0.01244404189529386,0.1265760206244219,0.013873338761755056,neutral,Recommendation -  Which one to buy Sony WH-1000XM4 or Sony WH-1000XM5
samsung_galaxy_buds3_pro_wireless_earbud_headphones_silver,1gesqk4,10,45,0.3228361368179321,0.2,0.05884088239070727,0.04076317654927556,0.034339873035451524,0.538657687107722,0.5115583307213254,0.5215834670596653,0.533668577671051,0.6015074849128723,0.38100340962409973,0.35717588663101196,0.641732931137085,0.6248116493225098,4,6,0.4,0.40206667464226487,1.4978661367769954,0.4495120669223988,1.1,0.6666666666666666,0.5,0.1,0.3,0.0,0.6,22.00545386943882,17.25,0.6216229906621136,4.0,1.8,1.0,1.5,0.09644069396017585,0.9007794857025146,0.12641929574310748,0.00039757007372145383,0.003949751146137714,0.0004007011552857861,0.08750647493252472,0.8736424446105957,0.08782396995229615,0.00018914939810201758,0.0006897916318848729,0.00048466783773619675,0.01693910632748157,0.14970874786376953,0.029668976180255366,0.0004378086130600423,0.002455818234011531,0.0007525660039391362,0.033651800550844276,0.32183302064368036,0.040848802371101445,neutral,Galaxy Buds 3 - Worst earbuds on the market.
samsung_galaxy_buds4_pro_wireless_earbud_headphones_black,1reolyy,46,1035,0.30910683196523914,0.06521739130434782,0.06765800531810919,0.057449114006348334,0.054209885359419306,0.5140963029170382,0.5105617769674402,0.508865027266424,0.5109539031982422,0.8215504288673401,0.20361867547035217,0.16956102848052979,0.7279411554336548,0.43875086307525635,13,33,0.2826086956521739,0.2862964905798435,2.07710622366748,0.6233429602909542,0.782608695652174,0.7777777777777778,0.34782608695652173,0.2391304347826087,0.2391304347826087,0.21739130434782608,0.30434782608695654,12.457261530501777,10.75,0.6789502729894332,4.0,1.6956521739130435,1.15,1.6585365853658536,0.02364542897608455,0.4088846445083618,0.08090220764279366,1.8846105003534753e-05,0.00042574352119117975,3.3953840102185495e-05,0.007107131649718212,0.31938955187797546,0.0006143827631603926,0.000191132864410579,0.0025035571306943893,0.0005008401203667745,0.0028670948160414928,0.06818214058876038,0.0062987899873405695,0.011196622211370952,0.11864756792783737,0.0404266519472003,0.007504376103771557,0.13362874305069758,0.025712976930056662,neutral,"Samsung Galaxy Buds4 Pro in black, white, and pink gold + case options"
bose_quietcomfort_wireless_noise_cancelling_over_the_ear_bluetooth_headphones_sandstone,1p1qzs4,1,0,0.06366095691919327,0.0,0.0,0.0,0.0,0.0,0.0,0.0,0.0,0.0,0.0,0.0,0.0,0.0,0,1,0.0,0.025820236653089523,-0.0,0.0,1.0,0.0,1.0,1.0,0.0,0.0,0.0,0.0,0.0,0.0,1.0,1.0,0.0,0.0,0.0005648176302202046,0.0005648176302202046,0.0005648176302202046,1.5206417174340459e-06,1.5206417174340459e-06,1.5206417174340459e-06,4.1186816815752536e-05,4.1186816815752536e-05,4.1186816815752536e-05,2.053583193628583e-05,2.053583193628583e-05,2.053583193628583e-05,0.00012474265531636775,0.00012474265531636775,0.00012474265531636775,7.148224540287629e-05,7.148224540287629e-05,7.148224540287629e-05,0.00013738097023482018,0.00013738097023482018,0.00013738097023482018,gratitude,Looking for recommendations please - wireless headphones for work/music
samsung_galaxy_buds3_pro_wireless_earbud_headphones_silver,1e3sb9f,61,1830,0.3284696708122889,0.23333333333333334,0.07538464846203816,0.06639550974813162,0.06490351916402862,0.5157768763479639,0.5001560258897927,0.5019169484657017,0.5020171701908112,0.953399121761322,0.20972146093845367,0.19464462995529175,0.7161968946456909,0.3904503583908081,32,29,0.5245901639344263,0.5289121403313074,1.4870130782785762,0.446255046392813,0.9672131147540983,0.5666666666666667,0.5901639344262295,0.5409836065573771,0.03278688524590164,0.03278688524590164,0.39344262295081966,14.587216500960752,17.0,0.8580715588800443,3.0,1.8524590163934427,9.6,2.0756457564575648,0.09139782710327217,0.9851980805397034,0.2345367968082428,0.0015994920179048782,0.04741540178656578,2.7623404093901627e-05,0.06439376326488855,0.9714634418487549,0.0031700870022177696,0.0004054782733069036,0.005082633346319199,0.0016975847538560629,0.03667259656110412,0.8833761811256409,0.0820620208978653,0.0006697280430850443,0.009671179577708244,0.000929676229134202,0.03252314754392695,0.4028640655451454,0.06792096314408506,gratitude,Galaxy buds3 pro - pinch actions don't work
apple_airpods_pro_3_wireless_active_noise_cancelling_earbuds_with_heart_rate_sensing_feature_white,5inaep,148,10878,0.32026852785254556,0.17266187050359713,0.04790146631603499,0.034972617570235065,0.030442086893976983,0.4899736368197535,0.49766256379542007,0.49055366180830307,0.4981306940317154,0.8610908389091492,0.29758864641189575,0.310408353805542,0.8076726198196411,0.5378535389900208,9,139,0.060810810810810814,0.09089420209764629,1.955128485883606,0.5867372425412171,0.8040540540540541,0.782312925170068,0.43243243243243246,0.12837837837837837,0.11486486486486487,0.16216216216216217,0.5945945945945946,31.81677694976578,37.0,0.8075601077971765,9.0,3.6013513513513513,1.7162162162162162,4.496774193548387,0.061380036320180215,0.9534823298454285,0.07784287557005917,6.266202777359885e-05,0.002564149210229516,3.082213406742086e-05,0.03693598832099982,0.8001521825790405,0.0027914937818423087,0.0004025959983725959,0.039167046546936035,0.0002465716956066902,0.022316499143336253,0.9314953088760376,0.01161574944853791,0.0002789056109306969,0.006457043811678886,0.0007514319906476887,0.020229447903598863,0.3160704394188845,0.024903616626519007,neutral,Apple AirPods review - MKBHD
sony_wh_1000xm5_wireless_noise_cancelling_over_the_ear_headphones_black,1ru9vvf,8,28,0.32381267100572586,0.25,0.06484954554319244,0.06209710989076208,0.06510148674290277,0.43862929195165634,0.5007638313940593,0.4629995641963823,0.4572099447250366,0.5670373439788818,0.12766557931900024,0.05876602977514267,0.31568020582199097,0.3751695454120636,2,6,0.25,0.2954681550618261,1.4941751382893085,0.4484043922654514,0.875,0.7142857142857143,0.375,0.125,0.125,0.0,0.75,12.813567028739499,8.25,0.8991976862273332,4.0,2.125,1.0,1.5555555555555556,0.0004578761581797153,0.0007258833502419293,0.0005467518232762814,1.4159268602043085e-06,1.6248080783043406e-06,1.5842771858842752e-06,2.823577233357355e-05,3.73804105038289e-05,3.393708357180003e-05,2.1074288270028774e-05,2.650782698765397e-05,2.6357181195635348e-05,0.00010550752085691784,0.00013965737889520824,0.00011772652360377833,8.326770057465183e-05,0.00013713294174522161,0.00010756934934761374,0.00011622956117918193,0.00017672061255780136,0.00013534938646557747,neutral,Just ordered XM5SA
samsung_galaxy_buds4_pro_wireless_earbud_headphones_black,1s51tn7,8,28,0.32780925929546356,0.125,0.06164214605978007,0.04927556265972063,0.04542266244185141,0.4770999274083546,0.5053098286901202,0.4886901559574263,0.4967647045850754,0.5712652802467346,0.1838885396718979,0.104795902967453,0.3901328146457672,0.4484553635120392,3,5,0.375,0.39847843954339623,1.7328679513998633,0.5200364941912736,1.0,0.8571428571428571,0.25,0.25,0.125,0.0,0.625,9.803538901845599,10.75,0.5126033412729725,6.0,3.0,1.0,2.25,0.11808049965111422,0.9379374980926514,0.28323265921790136,0.0007008867423508036,0.005585105158388615,0.0016837867311551226,0.10859803669382018,0.868263304233551,0.2606328489986479,0.00039181502233986976,0.002886533970013261,0.0009143526280240617,0.02433562847545545,0.19295883178710938,0.05845178252784532,0.0005580425777225173,0.0034817708656191826,0.0013693919579964126,0.04211081819380051,0.33518550735122216,0.1010470890654687,optimism,Galaxy Buds 4 Pro - Right earbud in-ear sensor dead after 5 days
apple_airpods_pro_3_wireless_active_noise_cancelling_earbuds_with_heart_rate_sensing_feature_white,1nllx0k,57,1596,0.31881093874312283,0.17543859649122806,0.048702235229372205,0.034253241334635344,0.029228291224196224,0.5023184059967373,0.5040058104279346,0.49776202737164676,0.5075077414512634,0.7954878211021423,0.23968739807605743,0.22137072682380676,0.7822657823562622,0.5004724264144897,20,37,0.3508771929824561,0.3556256107332414,2.0608085765934994,0.6184520098633275,0.7719298245614035,0.75,0.3157894736842105,0.3508771929824561,0.17543859649122806,0.07017543859649122,0.40350877192982454,57.7663382145445,42.0,1.1921365960278916,6.0,2.245614035087719,1.3461538461538463,3.0,0.00900996725479337,0.21095453202724457,0.004178445786237715,7.861289647910764e-06,0.00020715278515126556,6.215909070306225e-06,0.006260722017957545,0.2617405951023102,0.00029316595464479157,0.00012196420598149671,0.004347417037934065,9.347724262624978e-05,0.001534201394334607,0.022758975625038147,0.0008488405146636064,0.00017845850047786116,0.0017142212018370628,0.00032323381165042496,0.0028521957771987976,0.08202478379098466,0.0008999942124470783,neutral,Sadly putting in a return for my AirPods Pro 3's
samsung_galaxy_buds4_pro_wireless_earbud_headphones_black,1s2hefi,10,45,0.30343444645404816,0.1,0.06431344107064074,0.03907012252871965,0.030042666092143306,0.5125079340404934,0.5194101174672444,0.5145180443922679,0.5165667533874512,0.6199304461479187,0.4534604251384735,0.46036872267723083,0.6396560072898865,0.6322590708732605,2,8,0.2,0.24399173501878976,1.3592367006650063,0.40790914738709694,0.7,0.7777777777777778,0.5,0.3,0.1,0.2,0.4,17.191858538273284,13.25,0.3889560755265449,3.0,1.7,1.25,1.5555555555555556,0.017646392236929386,0.17110924422740936,0.018794350884854736,2.384441503409107e-05,0.0002230792015325278,2.4624487468827206e-05,0.002131419483339414,0.02092350833117962,0.0021904564127908015,7.710847967246082e-05,0.0005648157675750554,9.374084547744114e-05,0.0008929739844461438,0.007856684736907482,0.0010365522990468863,0.0023384195177641232,0.022639025002717972,0.0023880834472947672,0.003851693019530937,0.037219392877887,0.004087968062822243,neutral,Buds 4 Pro - Worse soundquality on Samsung than on Windows
bose_quietcomfort_wireless_noise_cancelling_over_the_ear_bluetooth_headphones_sandstone,1rl9v8k,12,66,0.31657056758801144,0.08333333333333333,0.04782110100224928,0.03798517467260587,0.03406791497562801,0.4967328436446912,0.45907023932897684,0.46902222254059533,0.4634658992290497,0.6685270071029663,0.23524686694145203,0.22325697541236877,0.49796372652053833,0.4224332571029663,1,11,0.08333333333333333,0.14717860411231717,1.539654447440098,0.46205280700467705,0.9166666666666666,0.8181818181818182,0.4166666666666667,0.0,0.25,0.08333333333333333,0.6666666666666666,24.43983542406854,14.75,0.8780779194276123,8.0,4.166666666666667,1.25,3.3043478260869565,0.08113039759336971,0.9624055624008179,0.0033701421227306134,0.00043674715764533784,0.0052180509082973,3.0996019177109707e-06,0.06428439328828972,0.7705581188201904,0.00022547925836988728,9.01758923343247e-05,0.0005704782088287175,0.00014931925834389405,0.05132970382025329,0.6133887767791748,0.0009515053679933775,0.00048822771896084305,0.004832521080970764,0.00012512081593740731,0.032959940911808865,0.39282891803304665,0.0007844101435201387,neutral,"Just got these for basically half of retail, should be a good replacement for old razer headphones"
bose_ultra_open_ear_true_wireless_open_earbuds_driftwood_sand,1slsour,3,3,0.31739504138628644,0.3333333333333333,0.034387472550093355,0.031472787566269235,0.030706565525217097,0.5030669073263804,0.4615100622177124,0.4813592831293742,0.4834510385990143,0.5081044435501099,0.32922235131263733,0.34995800256729126,0.32922235131263733,0.38018614053726196,0,3,0.0,0.03893179136017958,0.6365141682948128,0.1910189384688593,0.6666666666666666,1.0,0.6666666666666666,0.0,0.0,0.3333333333333333,0.6666666666666666,10.708252269472673,13.0,0.5354126134736337,2.0,1.3333333333333333,1.0,1.0,0.0007778496947139502,0.0009834966622292995,0.0009294094052165747,1.3654603208124172e-06,1.3790255479761981e-06,1.377986427542055e-06,3.7790810893056914e-05,4.6867520723026246e-05,4.483550801523961e-05,2.7528837260130484e-05,3.0073828384047374e-05,2.9495620401576163e-05,0.00018172831429789463,0.0002451763139106333,0.00022632516629528254,8.36082108435221e-05,9.915044938679785e-05,9.56226998823695e-05,0.00018497855472156114,0.0002306268532000407,0.0002186463562604028,neutral,It finally happened… Left Bose Ultra Open Earbud died
sony_wh_1000xm5_wireless_noise_cancelling_over_the_ear_headphones_black,1k2p2wm,7,21,0.31421894686562674,0.14285714285714285,0.04739438364586669,0.03933559963853053,0.03663270996222982,0.4725701141925085,0.45341277832076665,0.4602512376649039,0.4695155918598175,0.5217369198799133,0.17556169629096985,0.1496002972126007,0.30347099900245667,0.35897940397262573,2,5,0.2857142857142857,0.2727970438344138,1.7478680974667573,0.5245380624536926,0.8571428571428571,1.0,0.2857142857142857,0.2857142857142857,0.14285714285714285,0.14285714285714285,0.42857142857142855,20.226271055642624,19.5,0.7909714937960802,2.0,1.2857142857142858,2.0,1.3333333333333333,0.0008821811393967696,0.00257792673073709,0.0015299252932891257,2.0187785269497127e-06,4.019251719000749e-06,3.0207429063011665e-06,7.066482794471085e-05,0.0002444844285491854,0.00014015882625244565,3.1525582276766985e-05,4.911443102173507e-05,4.646490051527508e-05,0.00015933545052705864,0.0003505531931295991,0.00023360477644018834,0.00010225722819866081,0.00016639792011119425,0.00013555010227719324,0.00020799716781181945,0.0005646800118483952,0.0003437427772041703,neutral,Has the Noise Cancellation on Sony WH-1000XM5 Reduced Over Time?
sony_wh_1000xm5_wireless_noise_cancelling_over_the_ear_headphones_black,1igr2jj,13,78,0.30546448528766634,0.0,0.048791579127925616,0.03608669749357735,0.032236871517503436,0.4561399324582173,0.47827789684136707,0.46281491945951414,0.4700150787830353,0.6044643521308899,0.23232543468475342,0.22572480142116547,0.5560457110404968,0.4924659729003906,3,10,0.23076923076923078,0.2629307663211456,1.7782333057997075,0.5336507109241653,1.0769230769230769,0.8333333333333334,0.3076923076923077,0.23076923076923078,0.07692307692307693,0.15384615384615385,0.5384615384615384,38.14019606940973,16.0,1.0118827528618908,4.0,1.6923076923076923,1.0,1.5555555555555556,0.0038337435130065736,0.020936496555805206,0.008339094277471308,4.384967164346913e-06,1.3190970094001386e-05,8.68872430146439e-06,0.00012831378892140213,0.0004742617020383477,0.00021795986103825273,6.950851457077079e-05,0.0002565515460446477,0.00011570856440812349,0.0009273269517087521,0.0075706597417593,0.0011188462842255831,0.0007718858256479367,0.005541107151657343,0.0016739661339670424,0.0009558605935032972,0.004962665417906464,0.0023855726888238385,neutral,Suggestion for the best noise cancelling headphones? i dont want to listen to music and just work quietly. Which model can block noises without the music playing. houseNoisy neghbourhood trying to piant and study. fed up of putting music in my ears just to avoid the loudspeakers and traffic noises.
apple_airpods_pro_3_wireless_active_noise_cancelling_earbuds_with_heart_rate_sensing_feature_white,1qkpq79,127,8001,0.3104722003142039,0.05982905982905983,0.09541560383676,0.09238846498561333,0.09780784866528924,0.47226626487161766,0.4626909428135393,0.46333516951114473,0.4383777379989624,1.000000238418579,0.1509019285440445,0.09672780334949493,1.0,0.3907029628753662,30,97,0.23622047244094488,0.3026100149099517,1.3776915883217504,0.413447489226678,0.8976377952755905,0.5,0.6771653543307087,0.15748031496062992,0.10236220472440945,0.33858267716535434,0.4015748031496063,24.888233019808496,15.5,1.5647552443146926,8.0,2.2992125984251968,2.41025641025641,3.3243355481727574,0.06727357588751484,0.9863237142562866,0.09015600681304956,0.0007290070634728117,0.02931312285363674,1.6237971249211137e-05,0.036645715818255174,0.9662535190582275,0.0015498326858505624,0.0002523170496643852,0.005861146375536919,0.00044569362071342883,0.02044191645979918,0.9642818570137024,0.006257900036871437,0.005466057846492695,0.6216031312942505,0.0008572119055315858,0.02180143168753318,0.39027585516062874,0.020225407282123412,neutral,🤯 Can this really have happened?
apple_airpods_max_usb_c_midnight,1nayjex,1,0,0.06346694380044937,0.0,0.0,0.0,0.0,0.0,0.0,0.0,0.0,0.0,0.0,0.0,0.0,0.0,0,1,0.0,0.02009284682571888,-0.0,0.0,1.0,0.0,1.0,0.0,0.0,1.0,0.0,0.0,0.0,0.0,1.0,1.0,0.0,0.0,0.0010965190595015883,0.0010965190595015883,0.0010965190595015883,2.120130830007838e-06,2.120130830007838e-06,2.120130830007838e-06,7.096090848790482e-05,7.096090848790482e-05,7.096090848790482e-05,3.013241985172499e-05,3.013241985172499e-05,3.013241985172499e-05,0.00017196412954945117,0.00017196412954945117,0.00017196412954945117,8.759507181821391e-05,8.759507181821391e-05,8.759507181821391e-05,0.0002432152866731485,0.0002432152866731485,0.0002432152866731485,neutral,"Apple AirPods Max Over-Ear Wireless Headphones (Midnight, USB-C) - $524 (5% off)"
samsung_galaxy_buds3_pro_wireless_earbud_headphones_silver,1qyf0y5,11,55,0.3031317808411338,0.0,0.05021192675485719,0.03613639709399915,0.029715176277637024,0.4964385374025865,0.45714787569912996,0.4654748103835366,0.4616653025150299,0.7026955485343933,0.35648348927497864,0.39338260889053345,0.5655890107154846,0.5494952201843262,1,10,0.09090909090909091,0.17131013050675392,1.240684291953396,0.3723313764700961,0.7272727272727273,0.9,0.45454545454545453,0.36363636363636365,0.09090909090909091,0.18181818181818182,0.36363636363636365,55.33175675672266,104.0,0.9676459846167715,10.0,5.7272727272727275,1.1111111111111112,3.672727272727273,0.0008514543005730957,0.003029312239959836,0.0013854996068403125,1.9846118096790053e-06,4.131050900468836e-06,2.5971492050302913e-06,5.7444904748329215e-05,0.000161018775543198,8.566596079617739e-05,4.471641725765287e-05,0.00015387327584903687,0.00011236506543355063,0.00016046937988986346,0.0004696450487244874,0.00021020229905843735,9.239221385955302e-05,0.00018893305968958884,0.00012571729894261807,0.00020141030468969555,0.000667818908444436,0.00031666631938757445,neutral,Galaxy Buds Pro - connect to PC
bose_quietcomfort_wireless_noise_cancelling_over_the_ear_bluetooth_headphones_sandstone,1rvaih1,18,153,0.30364726814958787,0.0,0.04058807357346604,0.03169212645882768,0.02880752136319544,0.46912355165855557,0.4870271244469811,0.46993029176020157,0.47265878319740295,0.6359401345252991,0.2419838011264801,0.19216495752334595,0.6647041440010071,0.5213843584060669,0,18,0.0,0.045435397471818656,1.0379083330628327,0.31147798098630525,0.8333333333333334,0.5294117647058824,0.7222222222222222,0.2222222222222222,0.0,0.2222222222222222,0.5555555555555556,36.70675418052018,26.0,0.9935662785704711,2.0,1.2777777777777777,1.6666666666666667,1.375,0.058654243574387185,0.7724109292030334,0.08396294955164209,8.73535874272117e-05,0.0013864532811567187,5.2548654275597146e-05,0.04696008895168941,0.7880947589874268,0.018096743384376203,0.0004883823243694173,0.006945446133613586,0.0004246457829140128,0.009172235355233878,0.09283553063869476,0.021178891370073005,0.00028815131008741446,0.0012862593866884708,0.0009412314917426558,0.019275075850532418,0.2715269266918767,0.02241129013458101,neutral,Has noise canceling (ANC) plateaued? My 10-year-old Bose QC35 II still seems close to today’s best
bose_quietcomfort_wireless_noise_cancelling_over_the_ear_bluetooth_headphones_sandstone,1chtw3m,8,28,0.3013615235686302,0.0,0.0642448136299034,0.04583819280928002,0.03875624012747295,0.5538960099220276,0.4890898796064513,0.5169247931667736,0.5227451920509338,0.5963653326034546,0.47058185935020447,0.5507861375808716,0.6458181738853455,0.6472976803779602,0,8,0.0,0.08681773650459945,1.3208883431493221,0.39640074284632404,1.125,1.0,0.375,0.25,0.125,0.5,0.125,9.912113800799505,9.0,0.37404203021884924,3.0,1.75,1.0,1.3333333333333333,0.00047974199696909636,0.000583881395868957,0.0005455761100165546,1.4598633697460173e-06,1.7117652078013634e-06,1.6216235735555527e-06,3.098413390034693e-05,3.976917651016265e-05,3.833358496194705e-05,2.337777846150857e-05,2.777616464300081e-05,2.6926127247861587e-05,0.00011270785398664884,0.00013422993652056903,0.000126063272182364,7.79577230787254e-05,9.158800821751356e-05,8.890069875633344e-05,0.00012103822496101203,0.00014387174026827174,0.00013545409157889786,neutral,"Do the Bose 700 headphones transfer noise cancelling over phone calls?
"
sony_wh_1000xm5_wireless_noise_cancelling_over_the_ear_headphones_black,1oy08ry,1,0,0.35730621218681335,1.0,0.0,0.0,0.0,0.0,0.0,0.0,0.0,0.0,0.0,0.0,0.0,0.0,0,1,0.0,0.0272135678678751,-0.0,0.0,1.0,0.0,1.0,0.0,0.0,0.0,1.0,0.0,0.0,0.0,1.0,1.0,0.0,0.0,0.0004976333002559841,0.0004976333002559841,0.0004976333002559841,1.5877116084084264e-06,1.5877116084084264e-06,1.5877116084084264e-06,3.456430567894131e-05,3.456430567894131e-05,3.456430567894131e-05,2.4352810214622878e-05,2.4352810214622878e-05,2.4352810214622878e-05,0.0001044191449182108,0.0001044191449182108,0.0001044191449182108,7.535548502346501e-05,7.535548502346501e-05,7.535548502346501e-05,0.00012298545961660542,0.00012298545961660542,0.00012298545961660542,annoyance,Problems with Sony wh headphones - 1000xm5
samsung_galaxy_buds4_pro_wireless_earbud_headphones_black,1rhhqs0,195,18915,0.3161923269120355,0.171875,0.05328249364488224,0.04355105733217767,0.04039411202823689,0.4817238280918432,0.4827116077692459,0.4788960246026059,0.4847816228866577,0.797642707824707,0.2119375467300415,0.17968013882637024,0.8060118556022644,0.4529664218425751,17,178,0.08717948717948718,0.12444702268410952,1.8496854442762585,0.5550936140408153,0.8512820512820513,0.7216494845360825,0.5076923076923077,0.05128205128205128,0.08717948717948718,0.1076923076923077,0.7538461538461538,28.875572007790954,23.5,1.0129045766359481,10.0,3.287179487179487,1.2872340425531914,5.427083333333333,0.11859428927627727,0.9963963627815247,0.6020523905754089,0.0012415772074448866,0.10743427276611328,0.0003782154934015119,0.07657104171779885,0.9709588885307312,0.18908280432224267,0.0013765267485723598,0.18132807314395905,0.0003796673030592499,0.05147469687937514,0.9695135951042175,0.14984824657440185,0.0011501686416382794,0.09328828006982803,0.001731547201052308,0.041734716745184475,0.5066740281957512,0.1771073662598306,neutral,Box of Buds4 Pro vs. Buds3 Pro. They no longer come with a cable
apple_airpods_max_usb_c_midnight,1kdm8ac,26,325,0.3309478805615352,0.2692307692307692,0.03762421748907789,0.025520624086870034,0.021277935404728235,0.47771989629818845,0.48120398255494923,0.4754966873389024,0.4831513464450836,0.5916615128517151,0.18359637260437012,0.13059908151626587,0.6781328916549683,0.5327781438827515,8,18,0.3076923076923077,0.3303535995431818,2.2450352741261774,0.6737387418061371,0.8076923076923077,0.92,0.3076923076923077,0.2692307692307692,0.038461538461538464,0.07692307692307693,0.6153846153846154,62.89043727461048,68.0,0.980306576222945,4.0,1.6153846153846154,1.0909090909090908,1.3529411764705883,0.06486044731103063,0.884906530380249,0.1752089485526085,8.881156938619264e-05,0.0019879681058228016,6.438132913899608e-05,0.03416664959282711,0.7634612321853638,0.004879193264059722,0.006018557856875235,0.08896878361701965,0.00044434249866753817,0.021669373403430933,0.41068458557128906,0.010115217883139849,0.0005881614414157901,0.004052320495247841,0.0023543291026726365,0.021232000195827647,0.34395698850858025,0.04510194419556986,neutral,AirPods Max Review
bose_quietcomfort_wireless_noise_cancelling_over_the_ear_bluetooth_headphones_sandstone,1i6wot3,11,55,0.2828717024789916,0.1111111111111111,0.04975517329085839,0.0366741112559323,0.03172980271569615,0.47545097090981225,0.49744960069656374,0.48089207302440296,0.46740180253982544,0.7296717166900635,0.33482620120048523,0.32721447944641113,0.6803864240646362,0.6656204462051392,0,11,0.0,0.046835686842148956,1.5157079520857129,0.45486642475194855,0.7272727272727273,1.0,0.36363636363636365,0.36363636363636365,0.0,0.2727272727272727,0.36363636363636365,39.44344209075752,57.0,0.75588477874274,3.0,1.3636363636363635,1.0,1.25,0.007959695305378938,0.07624811679124832,0.004885563161224127,5.336868722141927e-06,3.533444396452978e-05,7.555175670859171e-06,0.000149823942840819,0.0010649225441738963,0.0001476192701375112,0.005168544004019085,0.056552764028310776,6.302374094957486e-05,0.0003149281751988879,0.0012921324232593179,0.0009392295032739639,0.00026214267100757837,0.0011620550649240613,0.0009362538112327456,0.0023100784945279088,0.0226882540070316,0.0012008409860300162,neutral,Best noise-cancelling over-head buy - Sony or Bose
sony_wh_1000xm5_wireless_noise_cancelling_over_the_ear_headphones_black,1fykx3v,42,861,0.30576828809884876,0.05128205128205128,0.04428900445290654,0.031097326059805978,0.026672439337771567,0.4881216007934907,0.5157373589782627,0.4951574329576703,0.49702560901641846,0.7108423709869385,0.3192184865474701,0.3012319803237915,0.8227310180664062,0.6053386330604553,10,32,0.23809523809523808,0.2640262473640697,2.1784571187044137,0.6537585289415123,0.7857142857142857,0.8048780487804879,0.35714285714285715,0.21428571428571427,0.09523809523809523,0.11904761904761904,0.5714285714285714,62.73491453037764,46.25,1.1747063799714046,6.0,2.0476190476190474,1.1666666666666667,1.9183673469387754,0.045571630055617006,0.840713620185852,0.029512240551412102,2.1003515609577117e-05,0.0005725711234845221,1.158881541414302e-05,0.016724308961870736,0.48195645213127136,0.000969636568333953,6.321172510243265e-05,0.00039505757740698755,0.0001822650039684958,0.027062944289181837,0.7743278741836548,0.009125476330518715,0.0002410089504597376,0.0027601111214607954,0.0005157085368409752,0.01494735124964022,0.2694615368451802,0.0071852782480012435,neutral,Sony WH-1000XM5 - I'm afraid to buy it and regret it.
samsung_galaxy_buds3_pro_wireless_earbud_headphones_silver,1nna6hh,71,2485,0.31041230743422227,0.058823529411764705,0.04623574297733479,0.03136831535473027,0.02582021813247172,0.49059880748840884,0.4457918285603974,0.4601853820399739,0.4623091518878937,0.8987515568733215,0.30435916781425476,0.289425253868103,0.8078770637512207,0.5979620814323425,27,44,0.38028169014084506,0.4030791309885156,1.85855307251487,0.5577548037161588,0.8309859154929577,0.7857142857142857,0.4788732394366197,0.3380281690140845,0.08450704225352113,0.2676056338028169,0.30985915492957744,58.94645356608191,58.5,0.9335708684344892,9.0,2.7183098591549295,1.0217391304347827,2.4126984126984126,0.022243897905688023,0.9920147657394409,0.005329206120222807,0.0011786265154586878,0.08291532099246979,9.767009942152072e-06,0.015475739832203237,0.9789820313453674,0.0005133256781846285,0.0005107508975438385,0.03082175925374031,0.00012583484931383282,0.009889649328100167,0.6615875363349915,0.0008732298738323152,0.0014972632227614718,0.07279644161462784,0.00026461423840373755,0.00846598795029257,0.45566049819656956,0.001197859638371786,neutral,Galaxy Buds 3 Pro / Buds 3 - probable manufacturing defect of headphones manufactured in 2024
apple_airpods_pro_3_wireless_active_noise_cancelling_earbuds_with_heart_rate_sensing_feature_white,xe7w6a,115,6555,0.29244024604558944,0.01818181818181818,0.06289830649170756,0.05491630991779824,0.0527557338840205,0.4854201617039041,0.5007205362269026,0.4884459751467046,0.4856482744216919,1.0,0.2892657220363617,0.26733899116516113,1.0,0.5333647131919861,28,87,0.24347826086956523,0.24920209197570448,1.5835826928491163,0.47523574498908927,0.8521739130434782,0.5350877192982456,0.6260869565217392,0.09565217391304348,0.06956521739130435,0.28695652173913044,0.5478260869565217,21.813985905753405,25.0,0.9696978659302828,10.0,2.373913043478261,1.3181818181818181,3.5569620253164556,0.04788321964695807,0.96803879737854,0.010728679969906802,0.00013022122905211923,0.006912971381098032,8.48244126245844e-06,0.03017416271087195,0.9238179922103882,0.0003169348929077385,0.00010194324515158887,0.003259205725044012,0.0001633944804780185,0.016106687755698502,0.7221917510032654,0.0014878340065479243,0.007279181182821048,0.4654654562473297,0.0014093816280364986,0.01694590262842555,0.3906604482714708,0.002767592611932438,neutral,Should I hold off on AirPod Pro's for a sale?
samsung_galaxy_buds4_pro_wireless_earbud_headphones_black,1pcz8xd,5,10,0.2995840013027191,0.0,0.04854936502511065,0.040459191104947424,0.036709571463213866,0.5245708376169205,0.5070195019245147,0.5147629141807556,0.5194136798381805,0.6043957471847534,0.34015244245529175,0.3684777021408081,0.34015244245529175,0.5887030363082886,1,4,0.2,0.18466301560401915,1.0549201679861442,0.3165832603505712,1.2,0.75,0.4,0.4,0.0,0.2,0.4,11.876026271442818,17.0,0.4827652955871064,1.0,1.0,0.0,0.0,0.0007690996280871332,0.0014670260716229677,0.001177674368955195,1.8643776911630993e-06,2.526153821236221e-06,2.3527637495135424e-06,6.7335698986426e-05,0.0001615793735254556,0.00012056432897225023,2.6607811014400796e-05,3.140406624879688e-05,2.962520229630172e-05,0.00015049195062601938,0.0002573735255282372,0.00021524074836634102,9.237534832209348e-05,0.0001015814850688912,9.964133350877092e-05,0.00018462913578787266,0.00033385303436261893,0.00027201975406114797,neutral,Galaxy buds 2 pro lovers - what did you move on to/upgrade 2?
bose_ultra_open_ear_true_wireless_open_earbuds_driftwood_sand,1bkuo0g,3,3,0.3426349461078644,0.5,0.03755826819314026,0.02207755940610225,0.017211929158852904,0.5434164603551229,0.46861626704533893,0.5030382970968882,0.5129551887512207,0.5462642908096313,0.29354238510131836,0.34613803029060364,0.29354238510131836,0.3693569600582123,0,3,0.0,0.024388912444313366,1.0986122886681096,0.32969533691986563,0.3333333333333333,1.0,0.3333333333333333,0.6666666666666666,0.0,0.0,0.3333333333333333,37.54404820415022,45.5,0.6510528590315068,1.0,1.0,0.0,0.0,0.0005382219193658481,0.0006168936961330473,0.0006051955046132207,1.4964398360461928e-06,1.8434976709613693e-06,1.7612669353184175e-06,4.4598919582009934e-05,7.239993283292279e-05,6.484743062173948e-05,2.078638620635805e-05,2.100151323247701e-05,2.0971053163520992e-05,0.00013694105048974356,0.00015906154294498265,0.00015544471971224995,6.94789753955168e-05,7.699162233620882e-05,7.525600376538933e-05,0.00013525394847925377,0.00015563981274150743,0.00015202338962202097,disapproval,I *Hated* Wireless Headphones Until I Tried the Bose Ultra Open Earbuds
samsung_galaxy_buds4_pro_wireless_earbud_headphones_black,1rrssae,191,18145,0.3193010684657604,0.17553191489361702,0.04770483904128513,0.03606144564012893,0.03211669355820673,0.4816922246802113,0.4869113430557385,0.47939809609392386,0.48389732837677,0.7203586101531982,0.16605018079280853,0.12834547460079193,0.773349940776825,0.416064590215683,43,148,0.225130890052356,0.26039377948103465,2.2334322298816667,0.6702566493327972,0.8900523560209425,0.8578947368421053,0.3769633507853403,0.2513089005235602,0.11518324607329843,0.09947643979057591,0.5340314136125655,48.9448009684757,37.0,1.1954548574141763,9.0,3.0837696335078535,1.4666666666666666,4.661620294599018,0.03934245662372413,0.9920978546142578,0.022040853276848793,0.00010576398346210422,0.015417108312249184,1.776789031282533e-05,0.014833621669660705,0.8924934267997742,0.002539025852456689,0.001461991007309587,0.11940093338489532,0.00037912081461399794,0.01840989018453825,0.9871073365211487,0.0020204486791044474,0.00042627900220586,0.02975550852715969,0.000495048938319087,0.012430000411816777,0.4171377395784172,0.004994770382230247,neutral,I'm returning my Buds4 Pro and going back to the 3 Pro. AMA
sony_wh_1000xm5_wireless_noise_cancelling_over_the_ear_headphones_black,1s3mg0m,5,10,0.30200221538543703,0.2,0.04321893857515254,0.03205313561462842,0.027702394489717407,0.533567875623703,0.5181162297725678,0.523604154586792,0.5277785658836365,0.6403419971466064,0.40355539321899414,0.38580986857414246,0.40355533361434937,0.5571115612983704,2,3,0.4,0.34023529700934885,1.3321790402101223,0.399789099421175,0.8,1.0,0.4,0.2,0.2,0.4,0.2,28.844410203711913,51.0,0.7396002616336388,2.0,1.2,1.0,1.0,0.0014579552109353245,0.0038521981332451105,0.0029192374087870124,2.818130269588437e-06,6.7951286837342195e-06,4.994639402866597e-06,0.0002537179650971666,0.0010446984088048339,0.0006600268825422974,3.836570067505818e-05,5.9510250139283016e-05,5.567517873714678e-05,0.0003091972481342964,0.000825149763841182,0.0006226446479558946,0.00012846569443354384,0.00019539485219866037,0.0001901649811770767,0.00036508665825749634,0.0009972910894854674,0.0007411018304234556,neutral,"Earbuds makes my ears feel uncomfortable so thinking of getting some Sony, headphones that has noise.cancellation apparently these ones don’t"
samsung_galaxy_buds3_pro_wireless_earbud_headphones_silver,1h1b5n3,54,1431,0.30172299286898446,0.0392156862745098,0.05026973215257296,0.037301904461115656,0.032822576434585714,0.4800307055314382,0.4795072210638945,0.474103561976754,0.48241332173347473,0.747421383857727,0.2089431881904602,0.16753311455249786,0.7517493963241577,0.4681306481361389,9,45,0.16666666666666666,0.20920666490026094,1.6215198027503028,0.4866207334510345,1.0740740740740742,0.8301886792452831,0.37037037037037035,0.42592592592592593,0.16666666666666666,0.09259259259259259,0.3148148148148148,44.932219186099125,49.5,1.0046955842854464,7.0,2.462962962962963,1.1379310344827587,2.25,0.03271095170391534,0.8994239568710327,0.0041422337992116825,7.871463031118833e-05,0.0035515823401510715,6.406055672414373e-06,0.02668570219696078,0.8755892515182495,0.00024006132152862866,5.929652366763481e-05,0.0005258253659121692,0.00014748791509191519,0.004432335141986927,0.11522503942251205,0.0006351803371217106,0.00026542630102657886,0.002001439919695258,0.0007008316926658163,0.010705404416311405,0.31605284923959215,0.0008986637243083352,neutral,Galaxy Buds 3 Pro - On the fence? Is it worth it? Here's my experience so far.
apple_airpods_pro_3_wireless_active_noise_cancelling_earbuds_with_heart_rate_sensing_feature_white,1nwqgqk,4,6,0.30494897812604904,0.0,0.037523429968350765,0.03163622168057851,0.02978833759163844,0.4001428733269374,0.4217428465684255,0.41005218029022217,0.41292692720890045,0.5312005877494812,0.1308654397726059,0.05142631754279137,0.1308654397726059,0.36272263526916504,0,4,0.0,0.12146775051951408,1.0397207708399179,0.3120218965147642,1.0,1.0,0.5,0.25,0.0,0.5,0.25,13.874436925511608,15.5,0.7302335223953478,3.0,2.0,1.5,1.6666666666666667,0.0004401776459417306,0.00048823858378455043,0.0004851146222790703,1.4496206404146506e-06,1.5700077256042277e-06,1.543706468964956e-06,3.1258276067092083e-05,3.8974161725491285e-05,3.653595122159459e-05,2.1530358935706317e-05,2.6665020413929597e-05,2.5545215066813398e-05,0.00010400737301097251,0.00011080023250542581,0.00010897990141529591,6.993495844653808e-05,8.137594704749063e-05,7.735588806099259e-05,0.00011139303884040903,0.0001214992848304064,0.00012124639806074811,neutral,Airpods Pro 3 on non Apple Devices
apple_airpods_max_usb_c_midnight,1nqkxb9,1,0,0.059282995760440826,0.0,0.0,0.0,0.0,0.0,0.0,0.0,0.0,0.0,0.0,0.0,0.0,0.0,0,1,0.0,0.01969076320528984,-0.0,0.0,1.0,0.0,1.0,1.0,0.0,0.0,0.0,0.0,0.0,0.0,1.0,1.0,0.0,0.0,0.01698862947523594,0.01698862947523594,0.01698862947523594,3.3223695936612785e-05,3.3223695936612785e-05,3.3223695936612785e-05,0.0026079202070832253,0.0026079202070832253,0.0026079202070832253,0.00018176039156969637,0.00018176039156969637,0.00018176039156969637,0.0008086874731816351,0.0008086874731816351,0.0008086874731816351,0.0005907236482016742,0.0005907236482016742,0.0005907236482016742,0.0035351574818681306,0.0035351574818681306,0.0035351574818681306,neutral,"[WTS] [USA-TX] [H] HiFiMan Sundara, M1060, AirPods Max (USB-C), DT990 Pro [W] Paypal"
apple_airpods_pro_3_wireless_active_noise_cancelling_earbuds_with_heart_rate_sensing_feature_white,vu9k94,164,13366,0.3189324261965575,0.1728395061728395,0.06190056196426902,0.05587329214178704,0.05535110267885278,0.48293077827534525,0.4601593258977828,0.4654288587423654,0.4696144312620163,1.0,0.19729530811309814,0.1579403430223465,0.8500630259513855,0.4646318256855011,39,125,0.23780487804878048,0.29721991765517286,1.8484141284127837,0.5547120900798481,0.9024390243902439,0.7239263803680982,0.40853658536585363,0.38414634146341464,0.042682926829268296,0.17073170731707318,0.4024390243902439,21.14803281839809,20.0,1.0711171656013858,7.0,2.1951219512195124,2.630434782608696,2.894814814814815,0.0696209919217991,0.9964625239372253,0.18776065111160267,0.0034461093034852228,0.36464056372642517,7.391734834527579e-05,0.04900898766743744,0.9911321997642517,0.017992569319903846,0.00022789187703049874,0.008602329529821873,0.00033260401978623105,0.02259921857468016,0.8988030552864075,0.02588140051811932,0.0010163190215346886,0.07463493943214417,0.0014570346684195095,0.024319919727661187,0.5548200530465692,0.048575022220029414,neutral,Is it normal for the Airpods pro to sound shitty on Windows 10 laptops?
apple_airpods_pro_3_wireless_active_noise_cancelling_earbuds_with_heart_rate_sensing_feature_white,1qgw0ks,81,3240,0.326962693237964,0.2839506172839506,0.05183092378871546,0.04244769206715152,0.03934380925115714,0.47991977437042893,0.48215750145415465,0.4735062738995493,0.4698173999786377,1.0,0.23925423622131348,0.20941667258739471,1.0,0.5201221108436584,23,58,0.2839506172839506,0.31725209058020953,1.783933607370848,0.5353613807086081,0.7407407407407407,0.725,0.5185185185185185,0.12345679012345678,0.04938271604938271,0.18518518518518517,0.6419753086419753,56.78920289108956,39.0,1.249300769738798,10.0,2.7037037037037037,1.4473684210526316,3.7117903930131004,0.12058949077079349,0.9893062710762024,0.8638516068458557,0.000643878323322261,0.025098536163568497,3.960046524298377e-05,0.06303622260498674,0.9477174282073975,0.0033526055049151182,0.0004844985073928169,0.031023385003209114,0.000248056894633919,0.07240897696932352,0.9609672427177429,0.11809074133634567,0.0004790900261637203,0.011399364098906517,0.0006012103985995054,0.042940359533663756,0.4698691234807484,0.27548053710900905,neutral,AirPods Pro 3 (8B34) – ANC degrades over time with narrow frequency leakage
bose_quietcomfort_wireless_noise_cancelling_over_the_ear_bluetooth_headphones_sandstone,1nq868c,1,0,0.06316332519054413,0.0,0.0,0.0,0.0,0.0,0.0,0.0,0.0,0.0,0.0,0.0,0.0,0.0,0,1,0.0,0.02645234763622284,-0.0,0.0,1.0,0.0,1.0,1.0,0.0,0.0,0.0,0.0,0.0,0.0,1.0,1.0,0.0,0.0,0.00061187450774014,0.00061187450774014,0.00061187450774014,1.5268932429535198e-06,1.5268932429535198e-06,1.5268932429535198e-06,4.313514364184812e-05,4.313514364184812e-05,4.313514364184812e-05,2.0647332348744385e-05,2.0647332348744385e-05,2.0647332348744385e-05,0.00013404000492300838,0.00013404000492300838,0.00013404000492300838,7.327754428843036e-05,7.327754428843036e-05,7.327754428843036e-05,0.00014741690436418745,0.00014741690436418745,0.00014741690436418745,gratitude,Fancy and unusual rose / pink / pastel coloured over-the-ear wireless noise-cancelling headphones?
bose_quietcomfort_wireless_noise_cancelling_over_the_ear_bluetooth_headphones_sandstone,1owt2jx,5,10,0.2647679388523102,0.2,0.04315205648525108,0.03551515167962033,0.032522398265480874,0.4389308512210846,0.5108825981616973,0.4647250294685364,0.44469863176345825,0.6322416663169861,0.2538606524467468,0.2148914635181427,0.2538606524467468,0.36727175116539,1,4,0.2,0.2829181171953678,0.6730116670092565,0.20197189726925563,1.0,1.0,0.6,0.6,0.0,0.4,0.0,25.755776051208397,21.0,0.8642877869533019,3.0,1.8,1.5,1.6666666666666667,0.005456437671091408,0.02403651550412178,0.014951518597081307,4.118279957765481e-06,1.3814612429996487e-05,9.16677909117425e-06,0.0001667816046392545,0.0006107058143243194,0.00039960615977179263,0.0020190346349409083,0.009984394535422325,0.006007308866537643,0.0003035812856978737,0.0008603413589298725,0.0006205057725310326,0.00015864897141000257,0.0004438843752723187,0.0003133894555503503,0.0013514337412895354,0.005991609366750102,0.003715314696069072,gratitude,Best Flagship OverEar wireless headphones with focus on passive noise cancellation
apple_airpods_pro_3_wireless_active_noise_cancelling_earbuds_with_heart_rate_sensing_feature_white,1nr2cnv,190,17955,0.31974260956048967,0.16666666666666666,0.0433892956833973,0.031447983777554665,0.02726127760991193,0.47541380046603077,0.49539556250918115,0.48121639817280876,0.4873885214328766,0.7073360681533813,0.2283306121826172,0.2102024108171463,0.8169171214103699,0.45514145493507385,26,164,0.1368421052631579,0.1698520516927697,2.1325183697479013,0.6399722355683912,0.8421052631578947,0.8253968253968254,0.4105263157894737,0.22631578947368422,0.15263157894736842,0.10526315789473684,0.5157894736842106,71.75163553687167,43.75,1.2898865315550778,10.0,3.0210526315789474,1.380952380952381,4.442249240121581,0.035376143131686966,0.9761132597923279,0.01673703845590352,0.00013837789837764018,0.014817420393228531,8.13513188404612e-06,0.02010677053004704,0.9397744536399841,0.000683870090870186,7.032918705303209e-05,0.001183216110803187,0.00011338936383253881,0.01597170127807706,0.8832684755325317,0.002327658631838858,0.00026777254830736446,0.006836090702563524,0.0003932346124202008,0.011988515762258185,0.39155993565994623,0.003851412102721951,neutral,Apple AirPods Pro 3 Review: Disappointment of the Year? - The Headphone Show
bose_quietcomfort_wireless_noise_cancelling_over_the_ear_bluetooth_headphones_sandstone,1oqmz01,6,15,0.25686443969607353,0.0,0.0588602810080813,0.03621910494556026,0.028047747279403266,0.5129052042961121,0.5130414525667827,0.5107113977273305,0.5296693444252014,0.5874289870262146,0.37334898114204407,0.34484341740608215,0.4487294554710388,0.5716731548309326,0,6,0.0,0.053958301742871605,0.8675632284814612,0.2603571376943625,1.0,0.6,0.6666666666666666,0.16666666666666666,0.16666666666666666,0.16666666666666666,0.5,17.169902607631634,15.25,0.35895266775536516,2.0,1.1666666666666667,1.0,1.0,0.001278375813853927,0.0042047747410833836,0.0027809154707938433,2.8316363038053773e-06,6.297267191257561e-06,5.639045184580027e-06,0.0001242601762593646,0.0004048114933539182,0.0003034494584426284,5.1081209070010423e-05,0.0001735246041789651,0.00011384510980860796,0.00029355252748549293,0.0011111667845398188,0.0006409233828890137,0.00012596600087514767,0.0003162372449878603,0.00022119679488241673,0.00031267789397462466,0.0010361353558892006,0.0006749861231204098,neutral,HELP! any noise-canceling over-the-ear headphones that work with Bluetooth off?
bose_quietcomfort_wireless_noise_cancelling_over_the_ear_bluetooth_headphones_sandstone,v28l11,21,210,0.32004634681202115,0.14285714285714285,0.05255353423626773,0.03403426489838728,0.02728192040285925,0.5384160246167864,0.49794551268929527,0.5116710090921038,0.5227853059768677,0.637867271900177,0.4910978078842163,0.5294539928436279,0.8059229850769043,0.7377302050590515,3,18,0.14285714285714285,0.20298020213487603,1.8313535499175857,0.54959218269028,0.9523809523809523,0.9,0.38095238095238093,0.19047619047619047,0.09523809523809523,0.047619047619047616,0.6666666666666666,43.22466751851503,61.0,0.7969429481025597,6.0,2.1904761904761907,1.0,1.88,0.005242551471816287,0.030757291242480278,0.02052420750260353,5.954591204369665e-06,3.8390189729398116e-05,1.0761470548459329e-05,0.0003317901189889415,0.0024468027986586094,0.0008711360860615969,0.00011127407733944157,0.0011552342912182212,0.00021413096692413092,0.0009273894257993172,0.00769163528457284,0.0014159965794533491,0.00027891837851798515,0.001640151720494032,0.0007051891298033297,0.0011496463439443902,0.006819806847185343,0.00461815128210219,neutral,Is it possible that there is a relationship between tinnitus and noise cancelling headphones? I feel my tinnitus is worse ever since using my new Bose QC 35 II.
samsung_galaxy_buds4_pro_wireless_earbud_headphones_black,1smsras,2,1,0.32692138850688934,0.0,0.2821335849005168,0.2068159974993099,0.16596521310314227,0.5961353778839111,0.6246856451034546,0.6100766658782959,0.6100766658782959,0.6100766658782959,0.6651796102523804,0.6651796102523804,0.6651796102523804,0.6651796102523804,2,0,1.0,0.8148721754550934,0.6931471805599453,0.20801459767650946,1.0,1.0,0.5,0.0,0.0,0.0,1.0,0.5,0.5,0.015384615384615385,1.0,1.0,0.0,0.0,0.00047694392560515553,0.0005597490817308426,0.0005431880505057052,1.5696099353590398e-06,1.66551092206646e-06,1.6463307247249758e-06,3.7823878301423974e-05,4.5922817662358284e-05,4.430302979017143e-05,2.4886533537937794e-05,2.66712286247639e-05,2.631428960739868e-05,0.00011489363532746211,0.00013428524835035205,0.00013040692574577405,7.163894770201296e-05,7.434195867972448e-05,7.380135648418217e-05,0.00012129275506822523,0.00014043930766168464,0.00013660999714299273,approval,Buds4 Pro - Needing to charge case quite often
samsung_galaxy_buds4_pro_wireless_earbud_headphones_black,1sgjqp2,6,15,0.28958285848299664,0.0,0.07272003497257026,0.05573265755153263,0.04969428029319898,0.5300917049249013,0.5309677720069885,0.5289237678050995,0.549668550491333,0.588984489440918,0.36859050393104553,0.29093438386917114,0.4393030107021332,0.5614461302757263,1,5,0.16666666666666666,0.19573121890425682,0.8675632284814612,0.2603571376943625,0.8333333333333334,0.6,0.6666666666666666,0.3333333333333333,0.0,0.3333333333333333,0.3333333333333333,9.081421817216851,13.75,0.43590824722640886,4.0,2.1666666666666665,1.0,1.5714285714285714,0.0013686544067847233,0.004534361883997917,0.003135909792035818,2.2456220752549902e-06,4.208717655274086e-06,3.543757770785305e-06,8.627475805648525e-05,0.0002482118725311011,0.00019035079458262771,4.9593681372546904e-05,0.00011998557602055371,9.893647074932232e-05,0.0002582510472469342,0.0008455140050500631,0.0005624949699267745,0.00011259188856153439,0.00022939532937016338,0.00017008299619192258,0.0003129352340162465,0.0009969462307708454,0.0006935531302095418,neutral,Thinnest buds4 pro case or skin
apple_airpods_max_usb_c_midnight,1saok00,2,1,0.05448741279542446,0.0,0.4043902198735928,0.3706202076279548,0.34604498552084684,0.6899561882019043,0.5904194116592407,0.6363188028335571,0.6363188028335571,0.6363188028335571,0.49633657932281494,0.49633657932281494,0.49633657932281494,0.49633657932281494,0,2,0.0,0.2615074422210455,-0.0,0.0,1.0,0.0,1.0,0.5,0.0,0.5,0.0,15.5,15.5,0.2198581560283688,1.0,1.0,0.0,0.0,0.0005823833780596033,0.0007032841094769537,0.0006791039631934837,1.685761276348785e-06,1.7710409565552254e-06,1.7539850205139374e-06,4.725793041870929e-05,5.063858407083899e-05,4.9962453340413054e-05,2.032444353972096e-05,2.2630141756962985e-05,2.216900211351458e-05,0.00012166430678917095,0.0001363747869618237,0.00013343269092729314,7.484053276129998e-05,8.688595698913559e-05,8.447687214356847e-05,0.00014135939214080887,0.00016693077003537837,0.0001618164944564645,neutral,[USA-NJ] [H] AirPods Max - usb-C Midnight AppleCare+ until Feb 2028 [W] PayPal
sony_wh_1000xm5_wireless_noise_cancelling_over_the_ear_headphones_black,1lon2sh,4,6,0.30295784026384354,0.25,0.09102771761492934,0.061134837170539365,0.0515297624738501,0.5315489520629247,0.5698959330717722,0.5482990195353826,0.5439526736736298,0.6385075449943542,0.5039975643157959,0.49602678418159485,0.5039975643157959,0.6761484742164612,2,2,0.5,0.4651048923842609,0.5623351446188083,0.16875769266311968,0.75,0.6666666666666666,0.75,0.0,0.5,0.5,0.0,11.146748404803978,15.5,0.571628123323281,2.0,1.5,1.0,1.0,0.0004902156651951373,0.0006911155651323497,0.0006291771860560402,1.4320518175736652e-06,1.513178517598135e-06,1.4927500501471514e-06,3.0584171327063814e-05,3.392437793081626e-05,3.314816349302419e-05,2.1602485048788367e-05,3.063083568122238e-05,2.7313170357956553e-05,0.00011820991494460031,0.0001642344577703625,0.00014983279615989888,8.666721078043338e-05,0.00011094952787971124,0.00010431943810544908,0.00012478524985226613,0.00017161001104189685,0.00015707298709533767,neutral,My first ANC headphones - Sony XM6
samsung_galaxy_buds4_pro_wireless_earbud_headphones_black,1rvqyhd,108,5778,0.3180042023842151,0.16346153846153846,0.05539111106168387,0.04678256793234165,0.044637134933560065,0.47721874563802935,0.4861545949225279,0.47751656916623053,0.4814160317182541,0.9999999403953552,0.17123322188854218,0.12837019562721252,0.8389657735824585,0.4247299134731293,19,89,0.17592592592592593,0.2228041776559419,2.0093049522665125,0.6029956883291252,0.9166666666666666,0.7383177570093458,0.4074074074074074,0.3148148148148148,0.10185185185185185,0.2037037037037037,0.37962962962962965,20.62959638271142,28.0,0.8288677118053696,6.0,1.9351851851851851,1.2448979591836735,2.1066666666666665,0.02886416694403764,0.9013732075691223,0.009011324122548101,6.165243527262916e-05,0.005294159986078739,8.312540194310712e-06,0.012942757025248957,0.7429239153862,0.000273231932078488,0.00023143248074996303,0.0175928957760334,0.0001495648903073742,0.007849293002638862,0.3413093388080597,0.0013794037047773595,0.004494737686737035,0.3968161940574646,0.00070933422539383,0.009074006595780849,0.3056280454572213,0.0022327104648411475,neutral,Galaxy Buds 4 Pro is fire 🔥
