thread_id,thread_title,comment_count,pair_count,mean_disagree_probability,hard_disagree_rate,self_bleu_2,self_bleu_3,self_bleu_4,self_bertscore_mean_precision,self_bertscore_mean_recall,self_bertscore_mean_f1,self_bertscore_median_f1,self_bertscore_top_k_mean_f1,semantic_mean_cosine,semantic_median_cosine,semantic_top_k_mean_cosine,semantic_p90_cosine,story_count,not_story_count,story_rate,mean_story_probability,emotion_entropy,emotion_entropy_normalized,avg_labels_per_comment,emotion_shift_rate,dominant_emotion,dominant_emotion_share,polite_rate,somewhat_polite_rate,neutral_rate,impolite_rate,length_std,length_iqr,length_cv,max_depth,avg_depth,avg_branching_factor,structural_virality,toxicity_mean,toxicity_max,toxicity_p90,severe_toxicity_mean,severe_toxicity_max,severe_toxicity_p90,obscene_mean,obscene_max,obscene_p90,threat_mean,threat_max,threat_p90,insult_mean,insult_max,insult_p90,identity_attack_mean,identity_attack_max,identity_attack_p90,aggression_score_mean,aggression_score_max,aggression_score_p90
1,Considering the Discover it® Cash Back for balance transfer + rewards – any pitfalls? Hey r/Personal,11,55,0.3028629422187805,0.0,0.06385173651824218,0.04845543979194547,0.042182545973244154,0.5164576026526364,0.5191932526501742,0.5151836481961337,0.5162297487258911,0.6010940670967102,0.2883043885231018,0.2776665687561035,0.5005500316619873,0.483757883310318,1,10,0.09090909090909091,0.13173526711761951,1.4205719259467045,0.4263159483785742,0.8181818181818182,0.7,neutral,0.5454545454545454,0.09090909090909091,0.09090909090909091,0.18181818181818182,0.6363636363636364,13.465597426389472,16.5,0.5763485279777595,1.0,1.0,0.0,0.0,0.001977265746311539,0.015219327993690968,0.002473088912665844,2.887186104255141e-06,1.6563490135013126e-05,1.9616575173131423e-06,0.00013838716288525822,0.001141598797403276,0.00010155862401006743,0.00038606721930343406,0.003988821525126696,5.295596565701999e-05,0.00023865247798808426,0.0009902851888909936,0.0006622819928452373,0.00010179609671467915,0.00028573660529218614,0.00011293341231066734,0.00047417598155120833,0.0036070556000898555,0.0005674634275010249
10,Hey everyone! I've been staring at the Citi Diamond Preferred Card page for an hour straight. That 0,11,55,0.29560740156607196,0.0,0.07527763103419058,0.04757424466234945,0.03668333543163008,0.5374114627187903,0.5570359468460083,0.5456092146309939,0.5452805161476135,0.6333720088005066,0.2883043885231018,0.2776665687561035,0.5005500316619873,0.483757883310318,1,10,0.09090909090909091,0.13173526711761951,1.4205719259467045,0.4263159483785742,0.8181818181818182,0.7,neutral,0.5454545454545454,0.09090909090909091,0.09090909090909091,0.18181818181818182,0.6363636363636364,19.42733866496659,20.0,0.487901199348476,1.0,1.0,0.0,0.0,0.001977265746311539,0.015219327993690968,0.002473088912665844,2.887186104255141e-06,1.6563490135013126e-05,1.9616575173131423e-06,0.00013838716288525822,0.001141598797403276,0.00010155862401006743,0.00038606721930343406,0.003988821525126696,5.295596565701999e-05,0.00023865247798808426,0.0009902851888909936,0.0006622819928452373,0.00010179609671467915,0.00028573660529218614,0.00011293341231066734,0.00047417598155120833,0.0036070556000898555,0.0005674634275010249
100,[Discussion] Wyndham Earner Plus Card - 75k Bonus Points = 10 Free Nights? Is This Real Or Just Hype,9,36,0.30759042832586503,0.1111111111111111,0.08169161844471383,0.05270075904646246,0.04134410265694993,0.5341298224197494,0.5274117514491081,0.5301734366350703,0.5270461142063141,0.668973445892334,0.30809468030929565,0.31722790002822876,0.4863904118537903,0.4995236396789551,1,8,0.1111111111111111,0.15311269213755926,1.0027182645175161,0.3009173841088146,0.7777777777777778,0.625,neutral,0.6666666666666666,0.0,0.1111111111111111,0.2222222222222222,0.6666666666666666,6.960204339273699,8.0,0.18643404480197406,1.0,1.0,0.0,0.0,0.002314852941910633,0.015219327993690968,0.005022336728870871,3.192781112678252e-06,1.6563490135013126e-05,4.882024040853142e-06,0.0001619421295294564,0.001141598797403276,0.0003095666586887093,0.00046631888633580983,0.003988821525126696,0.0008401290775509558,0.0002683409863190415,0.0009902851888909936,0.0007278826320543887,0.00010805697416395156,0.00028573660529218614,0.00014749405090697112,0.0005537841165619285,0.0036070556000898555,0.0011753818620187915
101,"Considering the Bank of America Travel Rewards Card for Students - is it worth it? Hey everyone, I'm",12,66,0.311283881465594,0.16666666666666666,0.06414156530715501,0.039121454572633114,0.029531563512147228,0.5149545204458814,0.5333297650019327,0.5225286786303376,0.5204899609088898,0.59868985414505,0.2978450655937195,0.29376763105392456,0.5321847200393677,0.504235029220581,1,11,0.08333333333333333,0.11741476412862539,1.791759469228055,0.5377099345963751,0.8333333333333334,1.0,neutral,0.3333333333333333,0.25,0.16666666666666666,0.16666666666666666,0.4166666666666667,24.526629518862872,40.0,0.4514103592428749,1.0,1.0,0.0,0.0,0.0018411226410535164,0.015219327993690968,0.0022774477896746258,2.733516964781302e-06,1.6563490135013126e-05,1.9202633325221543e-06,0.00012915185743622715,0.001141598797403276,9.545060675009155e-05,0.00035432957535401027,0.003988821525126696,5.0287297744944234e-05,0.00022947235023214793,0.0009902851888909936,0.0006088641122914853,9.89470821271728e-05,0.00028573660529218614,0.00011158866254845634,0.000442626170527976,0.0036070556000898555,0.0005238518435930929
102,Anyone else using the Best Western Rewards® Premium Visa Signature® Card? Pros and cons? I travel fo,7,21,0.299253238098962,0.0,0.06137227698737419,0.044823025141686186,0.03860553637322913,0.5324515785489764,0.566024702219736,0.547820732707069,0.5408642888069153,0.6612045168876648,0.34605351090431213,0.36338183283805847,0.4676225781440735,0.5301722884178162,1,6,0.14285714285714285,0.1783913073262998,1.15374194270109,0.3462398358738274,0.7142857142857143,0.6666666666666666,neutral,0.5714285714285714,0.0,0.14285714285714285,0.2857142857142857,0.5714285714285714,12.532406971120748,5.0,0.4767763521622024,1.0,1.0,0.0,0.0,0.0028434258711058646,0.015219327993690968,0.007571584545075899,3.7060930740803348e-06,1.6563490135013126e-05,7.802390564393141e-06,0.00019927590281960356,0.001141598797403276,0.0005175746933673512,0.000593691911750024,0.003988821525126696,0.0016273021894448916,0.0003117857600695321,0.0009902851888909936,0.0007934832712635398,0.00011776789636184861,0.00028573660529218614,0.0001820546895032749,0.0006782755725301589,0.0036070556000898555,0.0017833002965365581
103,"Is the new Chase Sapphire Reserve offer *really* worth it? The 125k points ($2,500 travel value) aft",10,45,0.31252298057079314,0.1,0.08634938112213149,0.058874522715268156,0.04769628531536733,0.5319286260339949,0.5415517151355743,0.5365181128184001,0.5361140966415405,0.5953524112701416,0.30144166946411133,0.3185763955116272,0.5005500316619873,0.5010342001914978,1,9,0.1,0.14001049902290105,1.2275294114572126,0.3683835754104631,0.8,0.6666666666666666,neutral,0.6,0.0,0.1,0.2,0.7,5.347896782848375,9.0,0.17826322609494583,1.0,1.0,0.0,0.0,0.002123324552667327,0.015219327993690968,0.003747712820768352,3.021133147740329e-06,1.6563490135013126e-05,3.4218407790831352e-06,0.00014857312071399066,0.001141598797403276,0.0002055626413493879,0.0004220470125801512,0.003988821525126696,0.00044654252160398615,0.00025126917971647346,0.0009902851888909936,0.0006950823124498128,0.00010436556040076539,0.00028573660529218614,0.00013021373160881916,0.0005087667598710748,0.0036070556000898555,0.0008714226447599069
104,"Thinking of trying Firstcard for credit building. Is it worth the hassle? Hey everyone, long time lu",10,45,0.30268675088882446,0.0,0.06214922804629209,0.037458444726250414,0.0290314764059194,0.5427792006068759,0.5450204637315538,0.542332014772627,0.5434248447418213,0.5934703946113586,0.30144166946411133,0.3185763955116272,0.5005500316619873,0.5010342001914978,1,9,0.1,0.14001049902290105,1.2275294114572126,0.3683835754104631,0.8,0.6666666666666666,neutral,0.6,0.0,0.1,0.2,0.7,25.413382301456846,34.0,0.5144409372764543,1.0,1.0,0.0,0.0,0.002123324552667327,0.015219327993690968,0.003747712820768352,3.021133147740329e-06,1.6563490135013126e-05,3.4218407790831352e-06,0.00014857312071399066,0.001141598797403276,0.0002055626413493879,0.0004220470125801512,0.003988821525126696,0.00044654252160398615,0.00025126917971647346,0.0009902851888909936,0.0006950823124498128,0.00010436556040076539,0.00028573660529218614,0.00013021373160881916,0.0005087667598710748,0.0036070556000898555,0.0008714226447599069
105,So I've been using the Discover it Cash Back card for about 6 months now and I'm genuinely impressed,20,190,0.31141805797815325,0.2,0.07471133606695296,0.0454924709189655,0.034608177385140104,0.5174839935804668,0.5216897592732781,0.5187526015858901,0.5193363428115845,0.6424217820167542,0.2822040319442749,0.27405059337615967,0.5768169164657593,0.46257299184799194,1,19,0.05,0.08529170285910367,1.6080828090962647,0.48258826977330793,0.9,0.7368421052631579,neutral,0.45,0.2,0.15,0.15,0.5,19.62976056909508,17.25,0.3953627506363561,1.0,1.0,0.0,0.0,0.0012965252361027523,0.015219327993690968,0.0008892590005416447,2.240333668623862e-06,1.6563490135013126e-05,1.8897031964115742e-06,9.057439519892796e-05,0.001141598797403276,4.666534696298195e-05,0.00022355059409164823,0.003988821525126696,5.422456779342612e-05,0.00018246800464112313,0.0009902851888909936,0.00018301871750736685,9.026401057781186e-05,0.00028573660529218614,0.00010626884977682495,0.0003142704290468146,0.0036070556000898555,0.00021409756109847024
106,Title: Is support.current.com down for anyone else? Getting Cloudflare block loop. Body: I've been t,9,36,0.3106473584969838,0.2222222222222222,0.07025877290942889,0.05232259167730207,0.04512756796499727,0.5161377390225729,0.5373714855975575,0.525636983414491,0.5160709023475647,0.6219325661659241,0.30809468030929565,0.31722790002822876,0.4863904118537903,0.4995236396789551,1,8,0.1111111111111111,0.15311269213755926,1.0027182645175161,0.3009173841088146,0.7777777777777778,0.625,neutral,0.6666666666666666,0.0,0.1111111111111111,0.2222222222222222,0.6666666666666666,9.386094258641279,13.0,0.3594674396926447,1.0,1.0,0.0,0.0,0.002314852941910633,0.015219327993690968,0.005022336728870871,3.192781112678252e-06,1.6563490135013126e-05,4.882024040853142e-06,0.0001619421295294564,0.001141598797403276,0.0003095666586887093,0.00046631888633580983,0.003988821525126696,0.0008401290775509558,0.0002683409863190415,0.0009902851888909936,0.0007278826320543887,0.00010805697416395156,0.00028573660529218614,0.00014749405090697112,0.0005537841165619285,0.0036070556000898555,0.0011753818620187915
107,Title: U.S. Bank Smartly Visa Signature – Is it still worth it in 2024? Body: I'm looking for a no-b,10,45,0.30711008310317994,0.1,0.09123587188460895,0.06614456545662552,0.05507459660693424,0.5198864943451351,0.5255035387145148,0.5219290852546692,0.5124624967575073,0.6012421250343323,0.30144166946411133,0.3185763955116272,0.5005500316619873,0.5010342001914978,1,9,0.1,0.14001049902290105,1.2275294114572126,0.3683835754104631,0.8,0.6666666666666666,neutral,0.6,0.0,0.1,0.2,0.7,10.488565202161828,20.0,0.3786485632549397,1.0,1.0,0.0,0.0,0.002123324552667327,0.015219327993690968,0.003747712820768352,3.021133147740329e-06,1.6563490135013126e-05,3.4218407790831352e-06,0.00014857312071399066,0.001141598797403276,0.0002055626413493879,0.0004220470125801512,0.003988821525126696,0.00044654252160398615,0.00025126917971647346,0.0009902851888909936,0.0006950823124498128,0.00010436556040076539,0.00028573660529218614,0.00013021373160881916,0.0005087667598710748,0.0036070556000898555,0.0008714226447599069
108,"Title: Considering Citi Diamond Preferred for Balance Transfer – Is it worth it? Body: I've got $4,2",8,28,0.30465617403388023,0.0,0.07366902927993167,0.04386055030465865,0.033219578051778234,0.5474141857453755,0.5492050381643432,0.5471471367137772,0.5473558008670807,0.6176173686981201,0.3060724139213562,0.3202913999557495,0.4676225781440735,0.5034312605857849,1,7,0.125,0.1587784793227911,1.0735428464085233,0.3221719564721667,0.75,0.7142857142857143,neutral,0.625,0.0,0.125,0.25,0.625,11.999348940671739,11.5,0.27505670924175907,1.0,1.0,0.0,0.0,0.0025452054651395883,0.015219327993690968,0.006296960636973379,3.4154154207044485e-06,1.6563490135013126e-05,6.342207302623135e-06,0.0001781177290922642,0.001141598797403276,0.0004135706760280298,0.0005220871712481312,0.003988821525126696,0.001233715633497922,0.0002873785679184948,0.0009902851888909936,0.0007606829516589641,0.00011245538462389959,0.00028573660529218614,0.00016477437020512292,0.0006081099555738472,0.0036070556000898555,0.0014793410792776733
109,"Title: Aeroplan World Elite Mastercard - Still relevant in 2024? Hey everyone, I've been eyeing the ",9,36,0.30930136309729683,0.1111111111111111,0.078707004357192,0.049931323595953606,0.039597202230735776,0.5315589482585589,0.5498115834262636,0.5396925111611685,0.534494936466217,0.6473290324211121,0.30809468030929565,0.31722790002822876,0.4863904118537903,0.4995236396789551,1,8,0.1111111111111111,0.15311269213755926,1.0027182645175161,0.3009173841088146,0.7777777777777778,0.625,neutral,0.6666666666666666,0.0,0.1111111111111111,0.2222222222222222,0.6666666666666666,14.040505776827835,19.0,0.35595648448295925,1.0,1.0,0.0,0.0,0.002314852941910633,0.015219327993690968,0.005022336728870871,3.192781112678252e-06,1.6563490135013126e-05,4.882024040853142e-06,0.0001619421295294564,0.001141598797403276,0.0003095666586887093,0.00046631888633580983,0.003988821525126696,0.0008401290775509558,0.0002683409863190415,0.0009902851888909936,0.0007278826320543887,0.00010805697416395156,0.00028573660529218614,0.00014749405090697112,0.0005537841165619285,0.0036070556000898555,0.0011753818620187915
11,[Discussion] Is the Choice Privileges® Mastercard® Worth the Hype? Hey all! Just saw the 60k bonus p,9,36,0.3063902457555135,0.1111111111111111,0.0719374343030837,0.049389721026985765,0.040772322471636806,0.5328276190492842,0.5222941752937105,0.5271115493443277,0.5243123173713684,0.6031585335731506,0.30809468030929565,0.31722790002822876,0.4863904118537903,0.4995236396789551,1,8,0.1111111111111111,0.15311269213755926,1.0027182645175161,0.3009173841088146,0.7777777777777778,0.625,neutral,0.6666666666666666,0.0,0.1111111111111111,0.2222222222222222,0.6666666666666666,8.020036636719373,6.0,0.2577868918945513,1.0,1.0,0.0,0.0,0.002314852941910633,0.015219327993690968,0.005022336728870871,3.192781112678252e-06,1.6563490135013126e-05,4.882024040853142e-06,0.0001619421295294564,0.001141598797403276,0.0003095666586887093,0.00046631888633580983,0.003988821525126696,0.0008401290775509558,0.0002683409863190415,0.0009902851888909936,0.0007278826320543887,0.00010805697416395156,0.00028573660529218614,0.00014749405090697112,0.0005537841165619285,0.0036070556000898555,0.0011753818620187915
110,Just got approved for the Discover it® Student Chrome! 🎉 I've been saving up since high school to bu,10,45,0.3133027642965317,0.1,0.06375165269562806,0.03994597280556711,0.03123427235914881,0.5444262133704292,0.5507286416159736,0.5466795762379965,0.5468175411224365,0.6065295338630676,0.2606237530708313,0.24281100928783417,0.4739355146884918,0.4460698068141937,1,9,0.1,0.1334211567416787,1.4978661367769952,0.44951206692239876,0.6,0.8888888888888888,neutral,0.5,0.1,0.2,0.3,0.4,20.771133815947554,33.0,0.4555073205251656,1.0,1.0,0.0,0.0,0.0008544778916984797,0.002473088912665844,0.0017258338630199428,1.508345189904503e-06,1.9616575173131423e-06,1.622354659502889e-06,4.0831982732925096e-05,0.00010155862401006743,5.3661672427551805e-05,2.8231202850292903e-05,5.295596565701999e-05,4.15387035900494e-05,0.00020480708553805016,0.0006622819928452373,0.0003894114139256998,9.100648239837028e-05,0.00013720776769332588,0.00011536084784893318,0.00020347716506800376,0.0005674634275010249,0.0003897449292878718
111,Considering the Capital One Savor Student card. Is the 3% dining/grocery actually achievable for a s,11,55,0.3124353154139085,0.09090909090909091,0.0706620795535784,0.051080987471597755,0.043797797654764284,0.5273174567656084,0.5625405539165843,0.5430930094285444,0.5393762588500977,0.6540424227714539,0.2883043885231018,0.2776665687561035,0.5005500316619873,0.483757883310318,1,10,0.09090909090909091,0.13173526711761951,1.4205719259467045,0.4263159483785742,0.8181818181818182,0.7,neutral,0.5454545454545454,0.09090909090909091,0.09090909090909091,0.18181818181818182,0.6363636363636364,15.369821240296767,16.0,0.5561448475107383,1.0,1.0,0.0,0.0,0.001977265746311539,0.015219327993690968,0.002473088912665844,2.887186104255141e-06,1.6563490135013126e-05,1.9616575173131423e-06,0.00013838716288525822,0.001141598797403276,0.00010155862401006743,0.00038606721930343406,0.003988821525126696,5.295596565701999e-05,0.00023865247798808426,0.0009902851888909936,0.0006622819928452373,0.00010179609671467915,0.00028573660529218614,0.00011293341231066734,0.00047417598155120833,0.0036070556000898555,0.0005674634275010249
112,Anyone else looking at the new One Key+™ Card offer? They're pushing $350 in OneKeyCash™ after spend,12,66,0.3016367902358373,0.0,0.0815414850027139,0.05731393133318362,0.04761893839095982,0.5132486061616377,0.5239107915849397,0.5177273045886647,0.5222153663635254,0.5991029143333435,0.2361307293176651,0.23273035883903503,0.49185046553611755,0.4216115474700928,1,11,0.08333333333333333,0.11750508612021804,1.349792396172401,0.4050748962288123,0.6666666666666666,0.8181818181818182,neutral,0.5833333333333334,0.08333333333333333,0.16666666666666666,0.3333333333333333,0.4166666666666667,9.096320990134174,9.5,0.3700198368868139,1.0,1.0,0.0,0.0,0.002014409122542323,0.015219327993690968,0.0023900605738163,2.7462024074035676e-06,1.6563490135013126e-05,1.9239571997786697e-06,0.00013129898919335878,0.001141598797403276,9.623674050089905e-05,0.0003574605498215533,0.003988821525126696,5.168738098291215e-05,0.0002622585319234834,0.0009902851888909936,0.0006319630396319555,0.00010568590490341497,0.00028573660529218614,0.00013478033215506006,0.0004789765501319228,0.0036070556000898555,0.0005477169276995635
113,Just got approved for the Amex Platinum with 175k points after hitting $12k spend in 6 months. The a,11,55,0.31250143322077667,0.18181818181818182,0.11432212384355035,0.07126128379206112,0.05214766306856646,0.5607768308032642,0.5705850807103243,0.5650466420433738,0.5615333914756775,0.6396870017051697,0.6244118213653564,0.4080168902873993,1.0,1.0,1,10,0.09090909090909091,0.16753968884321777,0.8855741515766717,0.26576224504603085,0.2727272727272727,0.5,neutral,0.7272727272727273,0.0,0.09090909090909091,0.18181818181818182,0.7272727272727273,7.176637947632927,8.0,0.20884396143905343,1.0,1.0,0.0,0.0,0.0005912751948926598,0.002473088912665844,0.0005130800418555737,1.483162308928017e-06,1.9616575173131423e-06,1.5412568927786197e-06,3.598025663946332e-05,0.00010155862401006743,4.047845141030848e-05,2.2814602991936475e-05,5.295596565701999e-05,2.311012394784484e-05,0.00015344442032404584,0.0006622819928452373,0.00012347001757007092,8.065401131964542e-05,0.00011293341231066734,8.263337076641619e-05,0.00014760860807944647,0.0005674634275010249,0.00013071887707383212
114,Hey r/personalfinance! I'm considering switching to the PayPal Cashback Mastercard. It offers 3% cas,15,105,0.31036202907562255,0.13333333333333333,0.10908710055842374,0.07444121509918009,0.05679259816784234,0.5408083248706091,0.5534856052625747,0.5447036885079883,0.5471827387809753,0.7067958116531372,0.2891070246696472,0.276775985956192,0.5471892356872559,0.4605010449886322,1,14,0.06666666666666667,0.10496126698950926,1.6151195500604119,0.48470000719598405,0.8666666666666667,0.7142857142857143,neutral,0.4666666666666667,0.2,0.13333333333333333,0.13333333333333333,0.5333333333333333,14.140564188021479,14.5,0.44654413225330986,1.0,1.0,0.0,0.0,0.0015700825043798736,0.015219327993690968,0.0016950815450400107,2.483476957119516e-06,1.6563490135013126e-05,1.8400234239379642e-06,0.0001095176290012508,0.001141598797403276,7.712655497016382e-05,0.000288406248728279,0.003988821525126696,4.501847215578891e-05,0.00020607234958636885,0.0009902851888909936,0.00044861047063022837,9.606872141982118e-05,0.00028573660529218614,0.00010997138451784849,0.00037877182167878553,0.0036070556000898555,0.00039405215150054555
115,Hey everyone! I'm on the fence about getting the Delta SkyMiles Gold Amex. I fly Delta 3-4 times a y,9,36,0.31027666727701825,0.1111111111111111,0.07910639807233812,0.047375549670834335,0.0357802745932692,0.5641522738668654,0.5792122748163011,0.5705889761447906,0.5688443779945374,0.6450218558311462,0.30809468030929565,0.31722790002822876,0.4863904118537903,0.4995236396789551,1,8,0.1111111111111111,0.15311269213755926,1.0027182645175161,0.3009173841088146,0.7777777777777778,0.625,neutral,0.6666666666666666,0.0,0.1111111111111111,0.2222222222222222,0.6666666666666666,17.391639824998364,20.0,0.3992978531249624,1.0,1.0,0.0,0.0,0.002314852941910633,0.015219327993690968,0.005022336728870871,3.192781112678252e-06,1.6563490135013126e-05,4.882024040853142e-06,0.0001619421295294564,0.001141598797403276,0.0003095666586887093,0.00046631888633580983,0.003988821525126696,0.0008401290775509558,0.0002683409863190415,0.0009902851888909936,0.0007278826320543887,0.00010805697416395156,0.00028573660529218614,0.00014749405090697112,0.0005537841165619285,0.0036070556000898555,0.0011753818620187915
116,Has anyone else been blocked from accessing support.current.com today? I keep hitting this Cloudflar,11,55,0.3233883624727076,0.2727272727272727,0.06550563661632429,0.04755907685324582,0.0408107298171849,0.5225099406459115,0.5455043153329329,0.532660419290716,0.5325736999511719,0.6125226020812988,0.21535862982273102,0.20093733072280884,0.46356201171875,0.38200268149375916,0,11,0.0,0.029836148023605347,1.3667110520552042,0.41015221241127964,0.9090909090909091,0.9,neutral,0.45454545454545453,0.2727272727272727,0.09090909090909091,0.0,0.6363636363636364,11.857974964045667,18.0,0.41673394442333017,1.0,1.0,0.0,0.0,0.0005140839970077981,0.001007801853120327,0.0007279848796315491,1.4537335511539078e-06,1.7186109744216083e-06,1.7101434650612646e-06,3.283750331981785e-05,5.282075289869681e-05,4.579494634526782e-05,2.446290653262457e-05,4.243246075930074e-05,3.727728108060546e-05,0.00011916772134348072,0.00020091334590688348,0.00014012759493198246,7.699815283889289e-05,9.603114449419081e-05,8.349969721166417e-05,0.000128167335765628,0.00023152970889365557,0.0001748224095763362
117,**Amex Gold Card: Is it still worth the $250 fee in 2024?** I've been holding the Amex Gold Card for,11,55,0.3054379576986486,0.0,0.05674192709519655,0.0395693106406744,0.03351862052432306,0.4855214671655135,0.5305725769563154,0.5039810142733834,0.5068414211273193,0.5902819633483887,0.2456432580947876,0.23909719288349152,0.4739355146884918,0.4030786156654358,1,10,0.09090909090909091,0.12838467193598097,1.540305825226517,0.4622482865391504,0.6363636363636364,0.9,neutral,0.45454545454545453,0.18181818181818182,0.18181818181818182,0.36363636363636365,0.2727272727272727,20.99940967293058,24.0,0.6094815472354522,1.0,1.0,0.0,0.0,0.000725387346888469,0.002473088912665844,0.0016428055241703987,1.4683283469904298e-06,1.9616575173131423e-06,1.5846543419684167e-06,3.719854744717436e-05,0.00010155862401006743,4.047845141030848e-05,2.5705819015539337e-05,5.295596565701999e-05,4.0270118915941566e-05,0.00017995676832718098,0.0006622819928452373,0.00035909246071241796,8.584818980042738e-05,0.00013720776769332588,0.00011293341231066734,0.00017592749997096357,0.0005674634275010249,0.00036999842948641043
118,"Title: Is Grow Credit Mastercard legit or another subscription scam? Body: Hey folks, I keep seeing ",9,36,0.30157121684816146,0.0,0.06347084067876511,0.046853152584383766,0.04034626404012641,0.5236430507567194,0.5273478618926473,0.5250190612342622,0.5254154801368713,0.6002719402313232,0.30809468030929565,0.31722790002822876,0.4863904118537903,0.4995236396789551,1,8,0.1111111111111111,0.15311269213755926,1.0027182645175161,0.3009173841088146,0.7777777777777778,0.625,neutral,0.6666666666666666,0.0,0.1111111111111111,0.2222222222222222,0.6666666666666666,9.757554844488954,7.0,0.33518318168091826,1.0,1.0,0.0,0.0,0.002314852941910633,0.015219327993690968,0.005022336728870871,3.192781112678252e-06,1.6563490135013126e-05,4.882024040853142e-06,0.0001619421295294564,0.001141598797403276,0.0003095666586887093,0.00046631888633580983,0.003988821525126696,0.0008401290775509558,0.0002683409863190415,0.0009902851888909936,0.0007278826320543887,0.00010805697416395156,0.00028573660529218614,0.00014749405090697112,0.0005537841165619285,0.0036070556000898555,0.0011753818620187915
119,"Hey all, I'm trying to decide whether to apply for the Discover it Cash Back with the 18-month balan",13,78,0.3081445556420546,0.0,0.0789355625604201,0.049646525203255035,0.03794344617454994,0.5249199091623991,0.5410785178343455,0.5310862534321271,0.5290981531143188,0.633007824420929,0.2785091996192932,0.2675952911376953,0.5010589957237244,0.43787282705307007,1,12,0.07692307692307693,0.11765420293578735,1.5247073930301436,0.45756717163496546,0.8461538461538461,0.6666666666666666,neutral,0.46153846153846156,0.07692307692307693,0.15384615384615385,0.15384615384615385,0.6153846153846154,14.007605710880046,7.0,0.37546159637410437,1.0,1.0,0.0,0.0,0.0017474248642639185,0.015219327993690968,0.002084085228852929,2.658896024653446e-06,1.6563490135013126e-05,1.9008404706255534e-06,0.00012160829772675733,0.001141598797403276,8.934258949011568e-05,0.0003300052391680835,0.003988821525126696,4.898721890640447e-05,0.0002203952093483307,0.0009902851888909936,0.0005554462317377333,9.96538717747451e-05,0.00028573660529218614,0.00011145239841425791,0.0004202910630510815,0.0036070556000898555,0.00048075778950078555
12,Title: BoA Customized Cash Rewards vs. Just sticking to Citi Double Cash?\n\nBody: Hey r/personalfin,11,55,0.3087598816914992,0.18181818181818182,0.07487204630208157,0.0476120627006974,0.03684353989191295,0.5280433232134039,0.5330207607962868,0.5283848735419187,0.5301650166511536,0.5871372222900391,0.21535862982273102,0.20093733072280884,0.46356201171875,0.38200268149375916,0,11,0.0,0.029836148023605347,1.3667110520552042,0.41015221241127964,0.9090909090909091,0.9,neutral,0.45454545454545453,0.2727272727272727,0.09090909090909091,0.0,0.6363636363636364,21.594688664400714,15.0,0.5043345547949211,1.0,1.0,0.0,0.0,0.0005140839970077981,0.001007801853120327,0.0007279848796315491,1.4537335511539078e-06,1.7186109744216083e-06,1.7101434650612646e-06,3.283750331981785e-05,5.282075289869681e-05,4.579494634526782e-05,2.446290653262457e-05,4.243246075930074e-05,3.727728108060546e-05,0.00011916772134348072,0.00020091334590688348,0.00014012759493198246,7.699815283889289e-05,9.603114449419081e-05,8.349969721166417e-05,0.000128167335765628,0.00023152970889365557,0.0001748224095763362
120,Title: Switched to Discover it Cash Back for the 18 Month Intro Balance Transfer Offer. Here's the b,12,66,0.31433165321747464,0.25,0.06982967459390324,0.048785692674610595,0.04058033564878432,0.5078336199124655,0.545267995559808,0.5235324077533953,0.5235048532485962,0.5924324989318848,0.21251460909843445,0.18193595111370087,0.46558308601379395,0.4018440246582031,1,11,0.08333333333333333,0.11654793595274289,1.1269287948006759,0.3381931665236907,0.8333333333333334,0.9090909090909091,neutral,0.5,0.0,0.08333333333333333,0.16666666666666666,0.75,18.638930286425296,17.5,0.6300483477101508,1.0,1.0,0.0,0.0,0.001865672631538473,0.015219327993690968,0.002298578509362415,2.744594600774993e-06,1.6563490135013126e-05,1.937352863023989e-06,0.00012935314271089737,0.001141598797403276,9.598225624358748e-05,0.0003556406525907126,0.003988821525126696,5.138809719937854e-05,0.00023114364436575366,0.0009902851888909936,0.0006100665530539121,9.976831158079828e-05,0.00028573660529218614,0.00011124318552901968,0.00044738716289790176,0.0036070556000898555,0.0005281993257085562
121,Title: Is the BofA Travel Rewards card worth it for college students? Just applied for the Bank of A,11,55,0.3208140893415971,0.18181818181818182,0.09347745628009331,0.061496139517288544,0.04500460868782715,0.5517797908999703,0.5685637631199577,0.5593008691614324,0.5599669814109802,0.6477336287498474,0.2883043885231018,0.2776665687561035,0.5005500316619873,0.483757883310318,1,10,0.09090909090909091,0.13173526711761951,1.4205719259467045,0.4263159483785742,0.8181818181818182,0.7,neutral,0.5454545454545454,0.09090909090909091,0.09090909090909091,0.18181818181818182,0.6363636363636364,18.65121359577015,12.0,0.45897841063416484,1.0,1.0,0.0,0.0,0.001977265746311539,0.015219327993690968,0.002473088912665844,2.887186104255141e-06,1.6563490135013126e-05,1.9616575173131423e-06,0.00013838716288525822,0.001141598797403276,0.00010155862401006743,0.00038606721930343406,0.003988821525126696,5.295596565701999e-05,0.00023865247798808426,0.0009902851888909936,0.0006622819928452373,0.00010179609671467915,0.00028573660529218614,0.00011293341231066734,0.00047417598155120833,0.0036070556000898555,0.0005674634275010249
122,So I just saw the Choice Privileges Mastercard is offering 60K bonus points now (up from 40K) for sp,13,78,0.30735894579153794,0.07692307692307693,0.0671122382517147,0.04050253740295921,0.030684974071118833,0.5334264735380808,0.5363960506824347,0.5338703584976685,0.5301795303821564,0.6161258816719055,0.23383021354675293,0.23087944090366364,0.49185046553611755,0.39937490224838257,1,12,0.07692307692307693,0.11053029175561208,1.2852930241200995,0.3857185296386626,0.6923076923076923,0.8333333333333334,neutral,0.6153846153846154,0.07692307692307693,0.15384615384615385,0.3076923076923077,0.46153846153846156,19.432480587283443,34.0,0.39349259756181426,1.0,1.0,0.0,0.0,0.0019546393596101552,0.015219327993690968,0.0023070322349667558,2.693352406332941e-06,1.6563490135013126e-05,2.0396534182509644e-06,0.00012534525628255395,0.001141598797403276,9.202699147863317e-05,0.0003350903126164877,0.003988821525126696,6.390916605596432e-05,0.00025679441191291867,0.0009902851888909936,0.0006016440864186736,0.00010818708352207278,0.00028573660529218614,0.00013800253509543836,0.0004637916293917535,0.0036070556000898555,0.000527970427898102
123,Just got my Delta SkyMiles Gold Amex approved! 30k bonus points sounds sweet but that $99 annual fee,9,36,0.3133918411201901,0.2222222222222222,0.08248963950520721,0.05827777932997417,0.04856188842897519,0.5313623886969354,0.5376674566004012,0.5339713601602448,0.5448058545589447,0.6257357597351074,0.30809468030929565,0.31722790002822876,0.4863904118537903,0.4995236396789551,1,8,0.1111111111111111,0.15311269213755926,1.0027182645175161,0.3009173841088146,0.7777777777777778,0.625,neutral,0.6666666666666666,0.0,0.1111111111111111,0.2222222222222222,0.6666666666666666,6.854754140083192,5.0,0.26477591099033787,1.0,1.0,0.0,0.0,0.002314852941910633,0.015219327993690968,0.005022336728870871,3.192781112678252e-06,1.6563490135013126e-05,4.882024040853142e-06,0.0001619421295294564,0.001141598797403276,0.0003095666586887093,0.00046631888633580983,0.003988821525126696,0.0008401290775509558,0.0002683409863190415,0.0009902851888909936,0.0007278826320543887,0.00010805697416395156,0.00028573660529218614,0.00014749405090697112,0.0005537841165619285,0.0036070556000898555,0.0011753818620187915
124,Just applied for the Best Western Rewards Premium Visa Signature Card. Anyone else using this? How a,12,66,0.3197976127266884,0.16666666666666666,0.07852870926612969,0.058454485122548715,0.05012373297174821,0.5234816038247311,0.5382887481740026,0.5302505082253254,0.5275040864944458,0.6111050844192505,0.34277814626693726,0.3318655490875244,0.692267119884491,0.5658060312271118,2,10,0.16666666666666666,0.20766037423163652,1.1187433359857524,0.3357366970033091,0.6666666666666666,0.45454545454545453,neutral,0.5833333333333334,0.0,0.08333333333333333,0.25,0.6666666666666666,6.0553007081949835,9.25,0.252304196174791,1.0,1.0,0.0,0.0,0.0020079768849730804,0.015219327993690968,0.002473088912665844,2.79791360450569e-06,1.6563490135013126e-05,1.9616575173131423e-06,0.0001345684815229712,0.001141598797403276,0.00010155862401006743,0.00035755348259651026,0.003988821525126696,5.295596565701999e-05,0.00027310054247209337,0.0009902851888909936,0.0006622819928452373,0.00010363860322589365,0.00028573660529218614,0.00011293341231066734,0.00047993931806584246,0.0036070556000898555,0.0005674634275010249
125,"Hey everyone, long-time lurker, first-time poster. I'm trying to get back on track after a rough pat",10,45,0.3074450969696045,0.1,0.0568518111368648,0.0387202628384235,0.031622111649899726,0.5088169303205278,0.5312179174688128,0.5181456724802653,0.5158763527870178,0.577549159526825,0.2763614356517792,0.24357329308986664,0.49455857276916504,0.45345500111579895,1,9,0.1,0.13194177048280836,1.6094379124341,0.48299493849177866,0.7,1.0,neutral,0.4,0.2,0.2,0.2,0.4,27.907705029256704,42.75,0.6430346780934725,1.0,1.0,0.0,0.0,0.0006378124351613223,0.002473088912665844,0.0007090809289365999,1.4577402339455147e-06,1.9616575173131423e-06,1.5832969552320718e-06,3.705052895384142e-05,0.00010155862401006743,4.6586468670284355e-05,2.328968439542223e-05,5.295596565701999e-05,2.6565566440694955e-05,0.00016522412333870308,0.0006622819928452373,0.00017735121509758736,8.252088955487124e-05,0.00011293341231066734,8.615368351456708e-05,0.0001578925669396843,0.0005674634275010249,0.00017439333211655123
126,Just applied for the Southwest Rapid Rewards Priority card after hearing great things about the comp,10,45,0.320661136507988,0.3,0.07443187696663969,0.049531851736863836,0.03876408282252372,0.5095454759067959,0.5266206297609541,0.5171971831056806,0.5265357494354248,0.5720875263214111,0.30144166946411133,0.3185763955116272,0.5005500316619873,0.5010342001914978,1,9,0.1,0.14001049902290105,1.2275294114572126,0.3683835754104631,0.8,0.6666666666666666,neutral,0.6,0.0,0.1,0.2,0.7,12.762836675285005,15.0,0.3458763326635503,1.0,1.0,0.0,0.0,0.002123324552667327,0.015219327993690968,0.003747712820768352,3.021133147740329e-06,1.6563490135013126e-05,3.4218407790831352e-06,0.00014857312071399066,0.001141598797403276,0.0002055626413493879,0.0004220470125801512,0.003988821525126696,0.00044654252160398615,0.00025126917971647346,0.0009902851888909936,0.0006950823124498128,0.00010436556040076539,0.00028573660529218614,0.00013021373160881916,0.0005087667598710748,0.0036070556000898555,0.0008714226447599069
127,Anyone else loving the Apple Card or am I the only one? 🤔 So I've been using my Apple Card for about,16,120,0.3202862869948149,0.1875,0.053693311183114746,0.03250484880727937,0.025165969711719062,0.5144835375249386,0.5250103270014127,0.5176370739936829,0.5148501992225647,0.6169309616088867,0.2887783646583557,0.2766239047050476,0.5471892356872559,0.44405117630958557,1,15,0.0625,0.10031033994164318,1.6613228393181023,0.49856568954429265,0.875,0.7333333333333333,neutral,0.4375,0.1875,0.1875,0.125,0.5,37.2985736154883,61.25,0.6222911135013689,1.0,1.0,0.0,0.0,0.0015165322165557882,0.015219327993690968,0.0015931834059301764,2.445866414291231e-06,1.6563490135013126e-05,1.921682894590049e-06,0.00010520815806103201,0.001141598797403276,7.106235898390878e-05,0.00027448348237157916,0.003988821525126696,5.929897633905057e-05,0.00020130328039158485,0.0009902851888909936,0.00039602461765753105,9.618150079404586e-05,0.00028573660529218614,0.00010923087756964378,0.00036602575076472027,0.0036070556000898555,0.00037114905727738307
128,"Citi Strata Elite™ Card: 75,000 points for $595 fee. Pull the trigger? Hey everyone, Citi is pushing",10,45,0.31953206956386565,0.1,0.06566726505393229,0.04328502537146751,0.035583876123887345,0.508796931637658,0.5238323748111725,0.5151559736993577,0.5146459341049194,0.5745776295661926,0.30144166946411133,0.3185763955116272,0.5005500316619873,0.5010342001914978,1,9,0.1,0.14001049902290105,1.2275294114572126,0.3683835754104631,0.8,0.6666666666666666,neutral,0.6,0.0,0.1,0.2,0.7,14.060227594174997,21.0,0.4123233898585043,1.0,1.0,0.0,0.0,0.002123324552667327,0.015219327993690968,0.003747712820768352,3.021133147740329e-06,1.6563490135013126e-05,3.4218407790831352e-06,0.00014857312071399066,0.001141598797403276,0.0002055626413493879,0.0004220470125801512,0.003988821525126696,0.00044654252160398615,0.00025126917971647346,0.0009902851888909936,0.0006950823124498128,0.00010436556040076539,0.00028573660529218614,0.00013021373160881916,0.0005087667598710748,0.0036070556000898555,0.0008714226447599069
129,Just saw the Apple Card update: 3% Daily Cash at Hertz for eligible rentals booked via Apple Pay! Pl,12,66,0.31405748923619586,0.08333333333333333,0.14794059842615678,0.09523293572499014,0.06920979259907373,0.5727607580748472,0.5904691377372453,0.5810349041765387,0.57670858502388,0.6555337309837341,0.27272549271583557,0.25612568855285645,0.5208147764205933,0.4817046523094177,1,11,0.08333333333333333,0.12458682060241699,1.4735023850806486,0.44220046536194546,0.6666666666666666,0.8181818181818182,neutral,0.5,0.0,0.25,0.16666666666666666,0.5833333333333334,6.246665777303388,10.0,0.20314360251393132,1.0,1.0,0.0,0.0,0.0021101197950580777,0.015219327993690968,0.0036032638745382433,2.904370073035049e-06,1.6563490135013126e-05,3.2636680998621167e-06,0.00014522260850450644,0.001141598797403276,0.00022268154498306106,0.00036194645220651484,0.003988821525126696,0.00010443906539876482,0.0002756268137697286,0.0009902851888909936,0.000692750682355836,0.00010420241293710812,0.00028573660529218614,0.00012619308545254172,0.0005000037420914951,0.0036070556000898555,0.0007920986534713848
13,"Delta SkyMiles Gold Amex: Still the sweet spot or should I upgrade to Platinum? Hey everyone, I've b",11,55,0.2961743175983429,0.0,0.06848771629792752,0.04652265388483008,0.03755291761224417,0.5469121217727662,0.5537160564552653,0.5492999038913033,0.5448670387268066,0.6188879013061523,0.2184838205575943,0.18739667534828186,0.4543708860874176,0.4030786156654358,1,10,0.09090909090909091,0.12264109792357142,1.1209503926735833,0.3363990383095199,0.7272727272727273,0.9,neutral,0.5454545454545454,0.0,0.09090909090909091,0.18181818181818182,0.7272727272727273,19.53678454641969,22.0,0.5092526777502762,1.0,1.0,0.0,0.0,0.0006520889133257283,0.002473088912665844,0.0007279848796315491,1.4897200964531459e-06,1.9616575173131423e-06,1.7186109744216083e-06,3.737376226292161e-05,0.00010155862401006743,4.579494634526782e-05,2.5365833525111984e-05,5.295596565701999e-05,3.727728108060546e-05,0.00016254537794421512,0.0006622819928452373,0.00014012759493198246,8.384441091700204e-05,0.00011293341231066734,9.603114449419081e-05,0.0001604513363452387,0.0005674634275010249,0.0001748224095763362
130,Anyone else eyeing the IHG Premier card for the 140k bonus? Just spent $3k in month 1 - should I rus,8,28,0.3077409490942955,0.125,0.09335640982016483,0.05505522170703157,0.040181462118711826,0.5602478065661022,0.5672585868409702,0.5630353689193726,0.5586766600608826,0.642940104007721,0.3060724139213562,0.3202913999557495,0.4676225781440735,0.5034312605857849,1,7,0.125,0.1587784793227911,1.0735428464085233,0.3221719564721667,0.75,0.7142857142857143,neutral,0.625,0.0,0.125,0.25,0.625,11.044653684022872,15.75,0.23815964817299995,1.0,1.0,0.0,0.0,0.0025452054651395883,0.015219327993690968,0.006296960636973379,3.4154154207044485e-06,1.6563490135013126e-05,6.342207302623135e-06,0.0001781177290922642,0.001141598797403276,0.0004135706760280298,0.0005220871712481312,0.003988821525126696,0.001233715633497922,0.0002873785679184948,0.0009902851888909936,0.0007606829516589641,0.00011245538462389959,0.00028573660529218614,0.00016477437020512292,0.0006081099555738472,0.0036070556000898555,0.0014793410792776733
131,Two years ago I started with the Discover it® Secured Credit Card because my credit was absolutely z,12,66,0.3154640669624011,0.08333333333333333,0.060414639774441156,0.04504224127376034,0.03916722417261129,0.5083749054959326,0.5357048032861768,0.5203218956788381,0.5190056562423706,0.5880874991416931,0.27838340401649475,0.2766239047050476,0.5005500316619873,0.45776668190956116,1,11,0.08333333333333333,0.125513871666044,1.4735023850806486,0.44220046536194546,0.8333333333333334,0.6363636363636364,neutral,0.5,0.08333333333333333,0.16666666666666666,0.16666666666666666,0.5833333333333334,11.253394549596528,14.75,0.4300660337425425,1.0,1.0,0.0,0.0,0.0018506360283936374,0.015219327993690968,0.0022785870707593865,2.7624038428560502e-06,1.6563490135013126e-05,1.931248993969348e-06,0.00012940525736363875,0.001141598797403276,9.545060675009155e-05,0.00035566034663740237,0.003988821525126696,5.0971592281712225e-05,0.00022808621118504865,0.0009902851888909936,0.0006084007953177209,9.966786819859408e-05,0.00028573660529218614,0.00011219290536246262,0.00044436968593686293,0.0036070556000898555,0.0005241106085009052
132,[讨论] Citi AAdvantage Platinum Select 值得入手吗？70K里程 vs $595年费 - 求老司机建议 大家好，最近在看这张 Citi® / AAdvantage® P,9,36,0.3146304554409451,0.0,0.1372871885372393,0.09450323953610934,0.07396623060637762,0.6294367214043936,0.6483723272879919,0.6378313766585456,0.6507560312747955,0.693677544593811,0.27877047657966614,0.2967730164527893,0.4438326954841614,0.42755693197250366,1,8,0.1111111111111111,0.15311650248865286,1.3030924037617193,0.3910601524554098,0.7777777777777778,0.625,neutral,0.5555555555555556,0.1111111111111111,0.1111111111111111,0.1111111111111111,0.6666666666666666,6.27162924074226,9.0,0.8552221691921263,1.0,1.0,0.0,0.0,0.0006832376432915529,0.002473088912665844,0.0009170741774141792,1.5394620049846708e-06,1.9616575173131423e-06,1.7183893305627865e-06,3.950475951973608e-05,0.00010155862401006743,5.2694485930260284e-05,2.676557778613642e-05,5.295596565701999e-05,3.708097865455784e-05,0.00017034811915234767,0.0006622819928452373,0.00023123241262510428,8.38548860176363e-05,0.00011293341231066734,0.00010700935672502965,0.00016754174129539903,0.0005674634275010249,0.00022064087550006668
133,Just got approved for the Discover it Secured Card after months of rebuilding my credit. Dropped the,14,91,0.3133388502257211,0.07142857142857142,0.08183491243953192,0.05694296625253414,0.047244510462795604,0.5585923879356175,0.5570290475101262,0.5568379363515875,0.5577918887138367,0.648251473903656,0.5710705518722534,0.39567118883132935,1.0,1.0,2,12,0.14285714285714285,0.2130877555214933,0.8953326659680909,0.26869079110664046,0.2857142857142857,0.5384615384615384,neutral,0.7142857142857143,0.0,0.07142857142857142,0.14285714285714285,0.7857142857142857,8.165382378538991,11.0,0.33425541900452016,1.0,1.0,0.0,0.0,0.0017562632004098435,0.015219327993690968,0.002473088912665844,2.5908666024016772e-06,1.6563490135013126e-05,1.9616575173131423e-06,0.00011912483413263024,0.001141598797403276,0.00010155862401006743,0.00030801761606978417,0.003988821525126696,5.295596565701999e-05,0.0002457530572428368,0.0009902851888909936,0.0006622819928452373,9.725319822402006e-05,0.00028573660529218614,0.00011293341231066734,0.00042150046211358606,0.0036070556000898555,0.0005674634275010249
134,Considering the Chase Sapphire Reserve – Is the $550 fee worth it? I occasionally take 3-4 business ,11,55,0.30600596557963977,0.0,0.08320163511597478,0.04988419461885708,0.03699413976093503,0.5369118430397727,0.5471958994865418,0.5407166410576213,0.5372791290283203,0.6291629672050476,0.2883043885231018,0.2776665687561035,0.5005500316619873,0.483757883310318,1,10,0.09090909090909091,0.13173526711761951,1.4205719259467045,0.4263159483785742,0.8181818181818182,0.7,neutral,0.5454545454545454,0.09090909090909091,0.09090909090909091,0.18181818181818182,0.6363636363636364,17.913012953097848,13.0,0.37460673476060136,1.0,1.0,0.0,0.0,0.001977265746311539,0.015219327993690968,0.002473088912665844,2.887186104255141e-06,1.6563490135013126e-05,1.9616575173131423e-06,0.00013838716288525822,0.001141598797403276,0.00010155862401006743,0.00038606721930343406,0.003988821525126696,5.295596565701999e-05,0.00023865247798808426,0.0009902851888909936,0.0006622819928452373,0.00010179609671467915,0.00028573660529218614,0.00011293341231066734,0.00047417598155120833,0.0036070556000898555,0.0005674634275010249
135,"Is the Wells Fargo Autograph Journey Card (60k bonus, 5x hotels) actually good? I'm planning a Europ",8,28,0.3240658864378929,0.25,0.08134156969712866,0.05355173280952703,0.04038033775120201,0.5348064058593341,0.5457930192351341,0.5400944011551994,0.5378172099590302,0.5815169215202332,0.3060724139213562,0.3202913999557495,0.4676225781440735,0.5034312605857849,1,7,0.125,0.1587784793227911,1.0735428464085233,0.3221719564721667,0.75,0.7142857142857143,neutral,0.625,0.0,0.125,0.25,0.625,11.366067921669305,8.5,0.25979583820958413,1.0,1.0,0.0,0.0,0.0025452054651395883,0.015219327993690968,0.006296960636973379,3.4154154207044485e-06,1.6563490135013126e-05,6.342207302623135e-06,0.0001781177290922642,0.001141598797403276,0.0004135706760280298,0.0005220871712481312,0.003988821525126696,0.001233715633497922,0.0002873785679184948,0.0009902851888909936,0.0007606829516589641,0.00011245538462389959,0.00028573660529218614,0.00016477437020512292,0.0006081099555738472,0.0036070556000898555,0.0014793410792776733
136,"Alright, I'm trying to decide if the Discover it® Cash Back is worth applying for. I have a decent c",11,55,0.3068274367939342,0.09090909090909091,0.07214507135823635,0.04931864801515416,0.04010699608250591,0.5289713615720922,0.5404270751909777,0.5332660815932534,0.5361016392707825,0.6003915071487427,0.2883043885231018,0.2776665687561035,0.5005500316619873,0.483757883310318,1,10,0.09090909090909091,0.13173526711761951,1.4205719259467045,0.4263159483785742,0.8181818181818182,0.7,neutral,0.5454545454545454,0.09090909090909091,0.09090909090909091,0.18181818181818182,0.6363636363636364,19.212169008639524,10.0,0.5296587947243979,1.0,1.0,0.0,0.0,0.001977265746311539,0.015219327993690968,0.002473088912665844,2.887186104255141e-06,1.6563490135013126e-05,1.9616575173131423e-06,0.00013838716288525822,0.001141598797403276,0.00010155862401006743,0.00038606721930343406,0.003988821525126696,5.295596565701999e-05,0.00023865247798808426,0.0009902851888909936,0.0006622819928452373,0.00010179609671467915,0.00028573660529218614,0.00011293341231066734,0.00047417598155120833,0.0036070556000898555,0.0005674634275010249
137,"Hey everyone, trying to check out the opensky® Secured Visa® Credit Card but keep getting this 'Acce",11,55,0.3191375136375427,0.18181818181818182,0.073785402375579,0.05051035892623952,0.04035561847827844,0.5441548396240581,0.5487286025827581,0.5453101483258334,0.5440341234207153,0.6106083989143372,0.2575951814651489,0.2219894826412201,0.4932313859462738,0.41909468173980713,1,10,0.09090909090909091,0.12751328919760205,1.7677614722893296,0.5305080966343156,0.8181818181818182,1.0,neutral,0.36363636363636365,0.18181818181818182,0.09090909090909091,0.18181818181818182,0.5454545454545454,12.331509060227761,20.5,0.4319955403264502,1.0,1.0,0.0,0.0,0.0006381539966572415,0.002473088912665844,0.0007464961963705719,1.4744837864616949e-06,1.9616575173131423e-06,1.7227131365871173e-06,3.75602649000939e-05,0.00010155862401006743,4.9985930672846735e-05,2.3563586761487056e-05,5.295596565701999e-05,3.02425632980885e-05,0.0001617895541130565,0.0006622819928452373,0.0001467456459067762,8.229470404330641e-05,0.00011293341231066734,8.317815809277818e-05,0.00015747276504360784,0.0005674634275010249,0.00017567702299932839
138,Hey r/personalfinance! Freshman starting college soon with zero credit history. Mom says I need to b,11,55,0.32674006711352954,0.36363636363636365,0.08077395156647725,0.05186052215379318,0.0407138627181138,0.5443405574018305,0.5471064968542619,0.5454924848946658,0.5455366373062134,0.6008819937705994,0.2883043885231018,0.2776665687561035,0.5005500316619873,0.483757883310318,1,10,0.09090909090909091,0.13173526711761951,1.4205719259467045,0.4263159483785742,0.8181818181818182,0.7,neutral,0.5454545454545454,0.09090909090909091,0.09090909090909091,0.18181818181818182,0.6363636363636364,9.149809192789913,13.0,0.24790123428741145,1.0,1.0,0.0,0.0,0.001977265746311539,0.015219327993690968,0.002473088912665844,2.887186104255141e-06,1.6563490135013126e-05,1.9616575173131423e-06,0.00013838716288525822,0.001141598797403276,0.00010155862401006743,0.00038606721930343406,0.003988821525126696,5.295596565701999e-05,0.00023865247798808426,0.0009902851888909936,0.0006622819928452373,0.00010179609671467915,0.00028573660529218614,0.00011293341231066734,0.00047417598155120833,0.0036070556000898555,0.0005674634275010249
139,I'm considering getting the BankAmericard® credit card since it has no annual fee. But I've heard mi,11,55,0.32186933810060675,0.18181818181818182,0.08000817342619349,0.05159130054089997,0.039989990856944956,0.5593786120414734,0.5686827518723228,0.5632916764779524,0.5627615451812744,0.6696446537971497,0.2883043885231018,0.2776665687561035,0.5005500316619873,0.483757883310318,1,10,0.09090909090909091,0.13173526711761951,1.4205719259467045,0.4263159483785742,0.8181818181818182,0.7,neutral,0.5454545454545454,0.09090909090909091,0.09090909090909091,0.18181818181818182,0.6363636363636364,14.683436443323611,17.5,0.4173586585957616,1.0,1.0,0.0,0.0,0.001977265746311539,0.015219327993690968,0.002473088912665844,2.887186104255141e-06,1.6563490135013126e-05,1.9616575173131423e-06,0.00013838716288525822,0.001141598797403276,0.00010155862401006743,0.00038606721930343406,0.003988821525126696,5.295596565701999e-05,0.00023865247798808426,0.0009902851888909936,0.0006622819928452373,0.00010179609671467915,0.00028573660529218614,0.00011293341231066734,0.00047417598155120833,0.0036070556000898555,0.0005674634275010249
14,Is the Chase Sapphire Reserve® 125k bonus still worth pursuing in 2023? The $6k/3mo spend feels stee,9,36,0.3211011489232381,0.4444444444444444,0.08422141811136537,0.056211173007030074,0.0448527264382656,0.5514720463090472,0.5641119148996141,0.5574485013882319,0.546266496181488,0.6115596890449524,0.30809468030929565,0.31722790002822876,0.4863904118537903,0.4995236396789551,1,8,0.1111111111111111,0.15311269213755926,1.0027182645175161,0.3009173841088146,0.7777777777777778,0.625,neutral,0.6666666666666666,0.0,0.1111111111111111,0.2222222222222222,0.6666666666666666,6.018490028422596,9.0,0.17195685795493132,1.0,1.0,0.0,0.0,0.002314852941910633,0.015219327993690968,0.005022336728870871,3.192781112678252e-06,1.6563490135013126e-05,4.882024040853142e-06,0.0001619421295294564,0.001141598797403276,0.0003095666586887093,0.00046631888633580983,0.003988821525126696,0.0008401290775509558,0.0002683409863190415,0.0009902851888909936,0.0007278826320543887,0.00010805697416395156,0.00028573660529218614,0.00014749405090697112,0.0005537841165619285,0.0036070556000898555,0.0011753818620187915
140,Title: Has anyone successfully built credit with the OpenSky Secured Visa? Need advice! Body: I’ve b,9,36,0.3135382831096649,0.1111111111111111,0.07588761741698376,0.049619756854937865,0.039860471823493476,0.5648195826345019,0.5613093417551782,0.5622179574436612,0.5653974711894989,0.6301429867744446,0.30809468030929565,0.31722790002822876,0.4863904118537903,0.4995236396789551,1,8,0.1111111111111111,0.15311269213755926,1.0027182645175161,0.3009173841088146,0.7777777777777778,0.625,neutral,0.6666666666666666,0.0,0.1111111111111111,0.2222222222222222,0.6666666666666666,12.569805089976535,12.0,0.3697001497051922,1.0,1.0,0.0,0.0,0.002314852941910633,0.015219327993690968,0.005022336728870871,3.192781112678252e-06,1.6563490135013126e-05,4.882024040853142e-06,0.0001619421295294564,0.001141598797403276,0.0003095666586887093,0.00046631888633580983,0.003988821525126696,0.0008401290775509558,0.0002683409863190415,0.0009902851888909936,0.0007278826320543887,0.00010805697416395156,0.00028573660529218614,0.00014749405090697112,0.0005537841165619285,0.0036070556000898555,0.0011753818620187915
141,"Title: U.S. Bank Shield Visa - Worth opening just for the credit monitoring? Body: Hey everyone, I'v",10,45,0.29889905676245687,0.2,0.057523758407500736,0.038160358757577326,0.03129385887908692,0.5255018730958303,0.5443379362424214,0.532709965440962,0.528901994228363,0.6130144000053406,0.2361263483762741,0.23883366584777832,0.4407444894313812,0.4030786156654358,2,8,0.2,0.2340835662558675,1.6957425341696346,0.5088950960217248,0.7,0.8888888888888888,neutral,0.3,0.1,0.2,0.4,0.3,32.035136959282696,57.25,0.7040689441600593,1.0,1.0,0.0,0.0,0.0007736602274235338,0.002473088912665844,0.0018899287912063298,1.5022819411569798e-06,1.9616575173131423e-06,1.7389011759405546e-06,4.103121864318382e-05,0.00010155862401006743,7.381170216831377e-05,2.579840747785056e-05,5.295596565701999e-05,4.17597075283993e-05,0.00018696679835557007,0.0006622819928452373,0.00038307296636048695,8.511110063409432e-05,0.00011589215137064457,0.00011322928621666506,0.00018567833907923156,0.0005674634275010249,0.0004176513909840195
142,Is the Amex Platinum Card® actually worth the $895 annual fee? 🤔 I'm torn. The 175k point welcome of,9,36,0.30883362227016026,0.1111111111111111,0.06861908905275331,0.04766916323331958,0.039942963943643724,0.5144870281219482,0.5256704199645255,0.5192835885617468,0.5179416239261627,0.6049081683158875,0.30809468030929565,0.31722790002822876,0.4863904118537903,0.4995236396789551,1,8,0.1111111111111111,0.15311269213755926,1.0027182645175161,0.3009173841088146,0.7777777777777778,0.625,neutral,0.6666666666666666,0.0,0.1111111111111111,0.2222222222222222,0.6666666666666666,7.363574011458174,11.0,0.24821035993679236,1.0,1.0,0.0,0.0,0.002314852941910633,0.015219327993690968,0.005022336728870871,3.192781112678252e-06,1.6563490135013126e-05,4.882024040853142e-06,0.0001619421295294564,0.001141598797403276,0.0003095666586887093,0.00046631888633580983,0.003988821525126696,0.0008401290775509558,0.0002683409863190415,0.0009902851888909936,0.0007278826320543887,0.00010805697416395156,0.00028573660529218614,0.00014749405090697112,0.0005537841165619285,0.0036070556000898555,0.0011753818620187915
143,"Title: U.S. Bank Smartly Visa - Underrated or just okay? Body: Hey everyone, I've been using the Cit",11,55,0.3161678666418249,0.18181818181818182,0.07448893101375971,0.05036249255799909,0.041264591974703946,0.5149058650840412,0.5345809416337447,0.5238333767110651,0.5240268707275391,0.6084467172622681,0.2481955736875534,0.23428118228912354,0.4950423240661621,0.4569455683231354,1,10,0.09090909090909091,0.12611991200934758,1.4142790651247086,0.4244274505979668,0.8181818181818182,0.8,neutral,0.45454545454545453,0.18181818181818182,0.2727272727272727,0.18181818181818182,0.36363636363636365,12.231243018807367,15.5,0.39225560701714585,1.0,1.0,0.0,0.0,0.001964251841524277,0.015219327993690968,0.002473088912665844,2.871661763492739e-06,1.6563490135013126e-05,1.9616575173131423e-06,0.00013869219517139507,0.001141598797403276,0.00010155862401006743,0.0003849367416974432,0.003988821525126696,5.295596565701999e-05,0.00023787046732402152,0.0009902851888909936,0.0006622819928452373,9.962042333261871e-05,0.00028573660529218614,0.00011293341231066734,0.00047137388846887467,0.0036070556000898555,0.0005674634275010249
144,"Seeing the Wells Fargo Autograph Journey℠ offer popping up everywhere lately. **The Deal:** - 60,000",13,78,0.3145703352414645,0.23076923076923078,0.06564752413709653,0.04539586972957626,0.03796830584380969,0.5345300615597994,0.5336328584414262,0.5316244898698269,0.5315206944942474,0.607234537601471,0.24220919609069824,0.23655742406845093,0.47369974851608276,0.39937490224838257,1,12,0.07692307692307693,0.11714513700168866,1.7326587201992076,0.5199737035672238,0.6153846153846154,0.8333333333333334,neutral,0.38461538461538464,0.15384615384615385,0.15384615384615385,0.3076923076923077,0.38461538461538464,17.556333673948156,21.0,0.5307728785147117,1.0,1.0,0.0,0.0,0.0018913950636767997,0.015219327993690968,0.0023070322349667558,2.6204967298326665e-06,1.6563490135013126e-05,1.8788691477311662e-06,0.00012255380701949785,0.001141598797403276,9.091485699173066e-05,0.00033121243345354183,0.003988821525126696,5.0418796308804314e-05,0.00025081780712263513,0.0009902851888909936,0.0006016440864186736,0.00010352523084013507,0.00028573660529218614,0.00013235289661679418,0.00045035413980707366,0.0036070556000898555,0.000527970427898102
145,Is the Amex Gold Card still worth the $250 annual fee in 2024? I've been holding the Platinum for ye,11,55,0.31275466084480286,0.2727272727272727,0.07756506841333467,0.04883191682746023,0.03826340231416412,0.5285798858512532,0.5457872732119127,0.5361464684659785,0.5349262356758118,0.6079708337783813,0.2883043885231018,0.2776665687561035,0.5005500316619873,0.483757883310318,1,10,0.09090909090909091,0.13173526711761951,1.4205719259467045,0.4263159483785742,0.8181818181818182,0.7,neutral,0.5454545454545454,0.09090909090909091,0.09090909090909091,0.18181818181818182,0.6363636363636364,12.68108502279564,13.0,0.32439984942035355,1.0,1.0,0.0,0.0,0.001977265746311539,0.015219327993690968,0.002473088912665844,2.887186104255141e-06,1.6563490135013126e-05,1.9616575173131423e-06,0.00013838716288525822,0.001141598797403276,0.00010155862401006743,0.00038606721930343406,0.003988821525126696,5.295596565701999e-05,0.00023865247798808426,0.0009902851888909936,0.0006622819928452373,0.00010179609671467915,0.00028573660529218614,0.00011293341231066734,0.00047417598155120833,0.0036070556000898555,0.0005674634275010249
146,Just got approved for the opensky® Plus Secured Visa® Credit Card after my credit was tanked from a ,11,55,0.30665367299860175,0.0,0.06938536391610232,0.04790261487484555,0.03925565964633232,0.5405211448669434,0.5585959862578999,0.5477243217554959,0.5437289476394653,0.6883772611618042,0.2883043885231018,0.2776665687561035,0.5005500316619873,0.483757883310318,1,10,0.09090909090909091,0.13173526711761951,1.4205719259467045,0.4263159483785742,0.8181818181818182,0.7,neutral,0.5454545454545454,0.09090909090909091,0.09090909090909091,0.18181818181818182,0.6363636363636364,15.632663409964925,27.5,0.5441749921190322,1.0,1.0,0.0,0.0,0.001977265746311539,0.015219327993690968,0.002473088912665844,2.887186104255141e-06,1.6563490135013126e-05,1.9616575173131423e-06,0.00013838716288525822,0.001141598797403276,0.00010155862401006743,0.00038606721930343406,0.003988821525126696,5.295596565701999e-05,0.00023865247798808426,0.0009902851888909936,0.0006622819928452373,0.00010179609671467915,0.00028573660529218614,0.00011293341231066734,0.00047417598155120833,0.0036070556000898555,0.0005674634275010249
147,Considering the Amex Platinum card with the $895 annual fee. The current welcome offer of 175k point,14,91,0.31012322860104696,0.0,0.08915748839152712,0.0508480383185201,0.034972175414583855,0.5453688970633915,0.5418082953809382,0.5410868306081373,0.5395262837409973,0.6579566597938538,0.25831303000450134,0.2219894826412201,0.5621650815010071,0.4894387423992157,1,13,0.07142857142857142,0.10397484439558216,1.4306853360872929,0.4293509992314574,0.7142857142857143,0.9230769230769231,neutral,0.5,0.21428571428571427,0.07142857142857142,0.14285714285714285,0.5714285714285714,31.83182850736742,31.25,0.46228796587463056,1.0,1.0,0.0,0.0,0.0016529413863151734,0.015219327993690968,0.0019495577027555543,2.5318307897188267e-06,1.6563490135013126e-05,1.8887435544456819e-06,0.00011520579261871587,0.001141598797403276,8.482952071062751e-05,0.0003066210737025748,0.003988821525126696,4.825236028409562e-05,0.0002148350348371813,0.0009902851888909936,0.0005056356734712605,9.61583672116311e-05,0.00028573660529218614,0.00010786273196572437,0.00039804891424583254,0.0036070556000898555,0.000449671122123618
148,Thinking of churning the Amex Gold Card for the first time. I've been using the Blue Cash Preferred ,10,45,0.32221766710281374,0.3,0.07220426535918983,0.04569036853881343,0.03653463395605988,0.5204265567991468,0.5260832283231948,0.5221179498566522,0.52162766456604,0.5676202178001404,0.30144166946411133,0.3185763955116272,0.5005500316619873,0.5010342001914978,1,9,0.1,0.14001049902290105,1.2275294114572126,0.3683835754104631,0.8,0.6666666666666666,neutral,0.6,0.0,0.1,0.2,0.7,14.099999999999998,18.5,0.38419618528610344,1.0,1.0,0.0,0.0,0.002123324552667327,0.015219327993690968,0.003747712820768352,3.021133147740329e-06,1.6563490135013126e-05,3.4218407790831352e-06,0.00014857312071399066,0.001141598797403276,0.0002055626413493879,0.0004220470125801512,0.003988821525126696,0.00044654252160398615,0.00025126917971647346,0.0009902851888909936,0.0006950823124498128,0.00010436556040076539,0.00028573660529218614,0.00013021373160881916,0.0005087667598710748,0.0036070556000898555,0.0008714226447599069
149,Just got approved for the Amex Platinum with the 175k welcome offer! 😍 Anyone else snatching this? T,10,45,0.3154042989015579,0.2,0.09594757674309885,0.06467814504591532,0.05072300818189168,0.5489561272992028,0.5585615972677866,0.5533815456761254,0.5551151633262634,0.637802243232727,0.30144166946411133,0.3185763955116272,0.5005500316619873,0.5010342001914978,1,9,0.1,0.14001049902290105,1.2275294114572126,0.3683835754104631,0.8,0.6666666666666666,neutral,0.6,0.0,0.1,0.2,0.7,5.532630477449221,5.0,0.21036617784978026,1.0,1.0,0.0,0.0,0.002123324552667327,0.015219327993690968,0.003747712820768352,3.021133147740329e-06,1.6563490135013126e-05,3.4218407790831352e-06,0.00014857312071399066,0.001141598797403276,0.0002055626413493879,0.0004220470125801512,0.003988821525126696,0.00044654252160398615,0.00025126917971647346,0.0009902851888909936,0.0006950823124498128,0.00010436556040076539,0.00028573660529218614,0.00013021373160881916,0.0005087667598710748,0.0036070556000898555,0.0008714226447599069
15,"Title: After 6 months with the Quicksilver Secured, should I request an upgrade to unsecured? Pros a",10,45,0.30239972174167634,0.1,0.07253508071018012,0.04833375290099421,0.03902480516247121,0.5090454366472033,0.5244517412450579,0.5159271856149038,0.514056384563446,0.5824213624000549,0.2211163341999054,0.18238338828086853,0.4621311128139496,0.4569455683231354,1,9,0.1,0.15268511697649956,1.4708084763221112,0.44139201895647684,0.7,1.0,neutral,0.4,0.1,0.1,0.2,0.6,16.666133324799727,27.75,0.46553445041340025,1.0,1.0,0.0,0.0,0.002475409986800514,0.015219327993690968,0.004877887782640751,3.229362312140438e-06,1.6563490135013126e-05,4.723851361632109e-06,0.0001705871678495896,0.001141598797403276,0.00032668556232238154,0.0004313207844461431,0.003988821525126696,0.000498025621345731,0.00031331725695054046,0.0009902851888909936,0.0007255510019604116,0.00011047424195567145,0.00028573660529218614,0.00014347340475069355,0.0005840564667190998,0.0036070556000898555,0.0010960578707302669
150,Is the Discover Student Cash Back card actually worth it for building credit? I'm a freshman with no,12,66,0.3212263012925784,0.16666666666666666,0.07397423221640176,0.054039387345172926,0.04618902584586382,0.5347623545112032,0.5328700962391767,0.5327482968568802,0.5279111862182617,0.6791524887084961,0.2835127115249634,0.2772212624549866,0.49064406752586365,0.43965059518814087,1,11,0.08333333333333333,0.13562846556305885,1.5832584594204766,0.47513844200914024,0.9166666666666666,0.8181818181818182,neutral,0.4166666666666667,0.08333333333333333,0.16666666666666666,0.16666666666666666,0.5833333333333334,9.331845119446278,16.0,0.38089163752841954,1.0,1.0,0.0,0.0,0.0022660909962723963,0.015219327993690968,0.005146118905395271,2.9933699655278665e-06,1.6563490135013126e-05,3.933204538952851e-06,0.0001645870023215442,0.001141598797403276,0.00041712816964718525,0.00035982304674083326,0.003988821525126696,6.902134664414918e-05,0.0003328765821303629,0.0013740126742050052,0.000957484869286418,0.00011058958625653759,0.00028573660529218614,0.0001969889184692875,0.0005394934306145338,0.0036070556000898555,0.0011893383584606456
151,"Hi everyone, I'm trying to access support.current.com to get help with a technical issue, but I've b",13,78,0.3001877711369441,0.07692307692307693,0.07207519551897781,0.05242028174109693,0.04454921903677542,0.5263373106718063,0.5441689972694104,0.5337621176089996,0.5388672351837158,0.656956672668457,0.29321908950805664,0.2772212624549866,0.5245535969734192,0.4522639513015747,1,12,0.07692307692307693,0.11181535385549068,1.6260206924207543,0.48797145777083767,0.8461538461538461,0.8333333333333334,neutral,0.38461538461538464,0.23076923076923078,0.23076923076923078,0.15384615384615385,0.38461538461538464,12.374816955193971,13.0,0.5011608112695377,1.0,1.0,0.0,0.0,0.0017642500796892608,0.015219327993690968,0.002121126709971578,2.681937128447596e-06,1.6563490135013126e-05,1.945667668223905e-06,0.0001225023570441408,0.001141598797403276,8.936011799960401e-05,0.0003328545364918402,0.003988821525126696,6.310478274826892e-05,0.00022235853919902674,0.0009902851888909936,0.0005557790427701551,0.00010150951409461693,0.00028573660529218614,0.00011145239841425791,0.0004243594939412222,0.0036070556000898555,0.0004889376794115684
152,Hey everyone! I'm in a bit of a financial hole and looking to rebuild my credit. I've been looking a,14,91,0.30638480825083597,0.07142857142857142,0.06383055969958452,0.04902098533830631,0.043399368828289514,0.5339206496437827,0.5407938181043981,0.5362726901913737,0.5320889949798584,0.6693100333213806,0.2789020836353302,0.2681571841239929,0.5268419981002808,0.43520623445510864,1,13,0.07142857142857142,0.11094859867755856,1.468060203499046,0.4405672578067115,0.8571428571428571,0.6923076923076923,neutral,0.5,0.14285714285714285,0.14285714285714285,0.14285714285714285,0.5714285714285714,18.262820489861305,15.75,0.6658319970261934,1.0,1.0,0.0,0.0,0.0016524562982210358,0.015219327993690968,0.0018895833869464682,2.5678849624455324e-06,1.6563490135013126e-05,1.8704319472817586e-06,0.00011524612831895606,0.001141598797403276,8.32345722301397e-05,0.0003077970747783963,0.003988821525126696,4.7002845531096664e-05,0.00021280863126906167,0.0009902851888909936,0.0005020283511839803,9.79067210989472e-05,0.00028573660529218614,0.0001107118914660532,0.00039813045644147377,0.0036070556000898555,0.00043740497050066525
153,I've been using the Discover it Cash Back for 2 years but always forget to activate the 5% categorie,13,78,0.314089665046105,0.15384615384615385,0.07283315809756134,0.050735249944975074,0.04218062819790423,0.5419615621750171,0.540828002569003,0.5398389280606539,0.5388544797897339,0.6613026261329651,0.2785091996192932,0.2675952911376953,0.5010589957237244,0.43787282705307007,1,12,0.07692307692307693,0.11765420293578735,1.5247073930301436,0.45756717163496546,0.8461538461538461,0.6666666666666666,neutral,0.46153846153846156,0.07692307692307693,0.15384615384615385,0.15384615384615385,0.6153846153846154,12.090389356546769,15.0,0.42826992271146597,1.0,1.0,0.0,0.0,0.0017474248642639185,0.015219327993690968,0.002084085228852929,2.658896024653446e-06,1.6563490135013126e-05,1.9008404706255534e-06,0.00012160829772675733,0.001141598797403276,8.934258949011568e-05,0.0003300052391680835,0.003988821525126696,4.898721890640447e-05,0.0002203952093483307,0.0009902851888909936,0.0005554462317377333,9.96538717747451e-05,0.00028573660529218614,0.00011145239841425791,0.0004202910630510815,0.0036070556000898555,0.00048075778950078555
154,Just got approved for the Wells Fargo Autograph Journey card after months of credit repair. 60k poin,10,45,0.3037227153778076,0.1,0.06390575404153315,0.044990113625939486,0.03740532690559441,0.5215783761607276,0.5298719088236491,0.5235282639662425,0.5233404636383057,0.5746174454689026,0.30144166946411133,0.3185763955116272,0.5005500316619873,0.5010342001914978,1,9,0.1,0.14001049902290105,1.2275294114572126,0.3683835754104631,0.8,0.6666666666666666,neutral,0.6,0.0,0.1,0.2,0.7,13.440610105199838,21.25,0.4266860350857091,1.0,1.0,0.0,0.0,0.002123324552667327,0.015219327993690968,0.003747712820768352,3.021133147740329e-06,1.6563490135013126e-05,3.4218407790831352e-06,0.00014857312071399066,0.001141598797403276,0.0002055626413493879,0.0004220470125801512,0.003988821525126696,0.00044654252160398615,0.00025126917971647346,0.0009902851888909936,0.0006950823124498128,0.00010436556040076539,0.00028573660529218614,0.00013021373160881916,0.0005087667598710748,0.0036070556000898555,0.0008714226447599069
155,Just got approved for the Bank of America Travel Rewards card as a college student. The 1.5% unlimit,8,28,0.30854953080415726,0.125,0.09457109945122098,0.06678268821482239,0.051986634830802333,0.5617289415427617,0.564607247710228,0.5621434556586402,0.5620412528514862,0.6141714453697205,0.3060724139213562,0.3202913999557495,0.4676225781440735,0.5034312605857849,1,7,0.125,0.1587784793227911,1.0735428464085233,0.3221719564721667,0.75,0.7142857142857143,neutral,0.625,0.0,0.125,0.25,0.625,8.006833019365397,14.0,0.2593306241090007,1.0,1.0,0.0,0.0,0.0025452054651395883,0.015219327993690968,0.006296960636973379,3.4154154207044485e-06,1.6563490135013126e-05,6.342207302623135e-06,0.0001781177290922642,0.001141598797403276,0.0004135706760280298,0.0005220871712481312,0.003988821525126696,0.001233715633497922,0.0002873785679184948,0.0009902851888909936,0.0007606829516589641,0.00011245538462389959,0.00028573660529218614,0.00016477437020512292,0.0006081099555738472,0.0036070556000898555,0.0014793410792776733
156,Is the Wyndham Earner Plus actually good for gas stations in 2024? I keep seeing ads for this card w,12,66,0.30780063817898434,0.16666666666666666,0.06844406830938939,0.044422824418899595,0.03482366565121743,0.5093723743250875,0.530269338777571,0.5181451412764463,0.5237212479114532,0.615516722202301,0.29873591661453247,0.31206655502319336,0.5266212224960327,0.49396878480911255,1,11,0.08333333333333333,0.11561530828475952,1.863679987341,0.5592933992046634,0.8333333333333334,0.9090909090909091,neutral,0.25,0.25,0.25,0.16666666666666666,0.3333333333333333,18.96689367175225,24.75,0.4852936547143432,1.0,1.0,0.0,0.0,0.0006322851331788115,0.002473088912665844,0.0006936178775504232,1.5100351428524543e-06,1.9616575173131423e-06,1.848309011620586e-06,3.739913214909999e-05,0.00010155862401006743,4.0557329703005963e-05,2.739794717854238e-05,6.564198702108115e-05,5.0287297744944234e-05,0.00015776252136371718,0.0006622819928452373,0.00012960083695361392,8.32917976367753e-05,0.00011293341231066734,9.932464236044325e-05,0.0001566077611082998,0.0005674634275010249,0.0001704859771905376
157,Hey r/personalfinance! Just started college and trying to build credit. I found the Discover it® Stu,14,91,0.32086872841630665,0.0,0.08891657852990348,0.06635794953336543,0.057513811716390924,0.5470615114484515,0.5622853846340389,0.552928619987362,0.5497849583625793,0.6189202666282654,0.2789020836353302,0.2681571841239929,0.5268419981002808,0.43520623445510864,1,13,0.07142857142857142,0.11094859867755856,1.468060203499046,0.4405672578067115,0.8571428571428571,0.6923076923076923,neutral,0.5,0.14285714285714285,0.14285714285714285,0.14285714285714285,0.5714285714285714,17.520250673819408,6.25,0.8516788521995545,1.0,1.0,0.0,0.0,0.0016524562982210358,0.015219327993690968,0.0018895833869464682,2.5678849624455324e-06,1.6563490135013126e-05,1.8704319472817586e-06,0.00011524612831895606,0.001141598797403276,8.32345722301397e-05,0.0003077970747783963,0.003988821525126696,4.7002845531096664e-05,0.00021280863126906167,0.0009902851888909936,0.0005020283511839803,9.79067210989472e-05,0.00028573660529218614,0.0001107118914660532,0.00039813045644147377,0.0036070556000898555,0.00043740497050066525
158,"Title: Finally eligible for a card! Thoughts on the Capital One Platinum Secured? Hey everyone, this",11,55,0.3112881996414878,0.09090909090909091,0.06584089205979124,0.039743060760446106,0.03025345657508558,0.5374883478338068,0.5617360629818656,0.5477948676456105,0.545849621295929,0.6170867681503296,0.2519814372062683,0.19747835397720337,0.4951316714286804,0.4725867509841919,1,10,0.09090909090909091,0.12770749526945027,1.4205719259467045,0.4263159483785742,0.7272727272727273,0.7,neutral,0.5454545454545454,0.09090909090909091,0.09090909090909091,0.18181818181818182,0.6363636363636364,22.958460512214426,32.0,0.4501658923963613,1.0,1.0,0.0,0.0,0.001980133330851624,0.015219327993690968,0.002473088912665844,2.8773725220658393e-06,1.6563490135013126e-05,1.9616575173131423e-06,0.00013812176340169654,0.001141598797403276,0.00010155862401006743,0.0003863941828140841,0.003988821525126696,5.295596565701999e-05,0.00023929366976848212,0.0009902851888909936,0.0006622819928452373,0.00010170481221972626,0.00028573660529218614,0.00011293341231066734,0.00047475418859627984,0.0036070556000898555,0.0005674634275010249
159,"Just got pre-approved for the Discover Atmos™ Rewards Ascent Visa Signature® card (wait, that’s not ",12,66,0.31419459730386734,0.25,0.08245342761392048,0.0534425000923117,0.04083813928074604,0.523980128494176,0.5403058077349807,0.5309816178950396,0.5378729104995728,0.6355009078979492,0.27838340401649475,0.2766239047050476,0.5005500316619873,0.45776668190956116,1,11,0.08333333333333333,0.125513871666044,1.4735023850806486,0.44220046536194546,0.8333333333333334,0.6363636363636364,neutral,0.5,0.08333333333333333,0.16666666666666666,0.16666666666666666,0.5833333333333334,12.430640905976382,18.0,0.35264229520500373,1.0,1.0,0.0,0.0,0.0018506360283936374,0.015219327993690968,0.0022785870707593865,2.7624038428560502e-06,1.6563490135013126e-05,1.931248993969348e-06,0.00012940525736363875,0.001141598797403276,9.545060675009155e-05,0.00035566034663740237,0.003988821525126696,5.0971592281712225e-05,0.00022808621118504865,0.0009902851888909936,0.0006084007953177209,9.966786819859408e-05,0.00028573660529218614,0.00011219290536246262,0.00044436968593686293,0.0036070556000898555,0.0005241106085009052
16,**Is the Discover it® Cash Back still worth the hassle of activating categories?** I've been using t,10,45,0.3066751003265381,0.1,0.06450349626142725,0.04158367227040917,0.03336366509458036,0.5255400405989753,0.5457137664159138,0.5323508401711782,0.5449240207672119,0.6296955943107605,0.30144166946411133,0.3185763955116272,0.5005500316619873,0.5010342001914978,1,9,0.1,0.14001049902290105,1.2275294114572126,0.3683835754104631,0.8,0.6666666666666666,neutral,0.6,0.0,0.1,0.2,0.7,17.509997144488633,24.0,0.43774992861221584,1.0,1.0,0.0,0.0,0.002123324552667327,0.015219327993690968,0.003747712820768352,3.021133147740329e-06,1.6563490135013126e-05,3.4218407790831352e-06,0.00014857312071399066,0.001141598797403276,0.0002055626413493879,0.0004220470125801512,0.003988821525126696,0.00044654252160398615,0.00025126917971647346,0.0009902851888909936,0.0006950823124498128,0.00010436556040076539,0.00028573660529218614,0.00013021373160881916,0.0005087667598710748,0.0036070556000898555,0.0008714226447599069
160,"After 8 years of paying $450/year for a card that earned 1.5% on everything, I switched to the Citi ",9,36,0.3249751528104146,0.3333333333333333,0.08615972826422892,0.052582969400244796,0.035916593347628055,0.5342207849025726,0.5415080065528551,0.5356217366125848,0.540785163640976,0.6128646731376648,0.30809468030929565,0.31722790002822876,0.4863904118537903,0.4995236396789551,1,8,0.1111111111111111,0.15311269213755926,1.0027182645175161,0.3009173841088146,0.7777777777777778,0.625,neutral,0.6666666666666666,0.0,0.1111111111111111,0.2222222222222222,0.6666666666666666,26.263620804789614,41.0,0.5149729569566591,1.0,1.0,0.0,0.0,0.002314852941910633,0.015219327993690968,0.005022336728870871,3.192781112678252e-06,1.6563490135013126e-05,4.882024040853142e-06,0.0001619421295294564,0.001141598797403276,0.0003095666586887093,0.00046631888633580983,0.003988821525126696,0.0008401290775509558,0.0002683409863190415,0.0009902851888909936,0.0007278826320543887,0.00010805697416395156,0.00028573660529218614,0.00014749405090697112,0.0005537841165619285,0.0036070556000898555,0.0011753818620187915
161,Is the JetBlue Plus Card actually worth it? I'm tired of overpaying for flights. The 70k point bonus,13,78,0.3112390110125908,0.15384615384615385,0.09049216901546607,0.05508852220740923,0.0412693188527704,0.5437349291184009,0.5523397616851025,0.5474528383750182,0.5474334061145782,0.6194153428077698,0.2785091996192932,0.2675952911376953,0.5010589957237244,0.43787282705307007,1,12,0.07692307692307693,0.11765420293578735,1.5247073930301436,0.45756717163496546,0.8461538461538461,0.6666666666666666,neutral,0.46153846153846156,0.07692307692307693,0.15384615384615385,0.15384615384615385,0.6153846153846154,10.279525234817726,13.0,0.2560035020165334,1.0,1.0,0.0,0.0,0.0017474248642639185,0.015219327993690968,0.002084085228852929,2.658896024653446e-06,1.6563490135013126e-05,1.9008404706255534e-06,0.00012160829772675733,0.001141598797403276,8.934258949011568e-05,0.0003300052391680835,0.003988821525126696,4.898721890640447e-05,0.0002203952093483307,0.0009902851888909936,0.0005554462317377333,9.96538717747451e-05,0.00028573660529218614,0.00011145239841425791,0.0004202910630510815,0.0036070556000898555,0.00048075778950078555
162,"Is the Chase Freedom Flex still worth keeping in 2024, or should I cancel for something simpler? I'v",9,36,0.3005530834197998,0.0,0.07399834977322153,0.043877334597390225,0.03230499167515256,0.5044624093506072,0.5418543550703261,0.5209847374094857,0.5172837376594543,0.5917880535125732,0.30809468030929565,0.31722790002822876,0.4863904118537903,0.4995236396789551,1,8,0.1111111111111111,0.15311269213755926,1.0027182645175161,0.3009173841088146,0.7777777777777778,0.625,neutral,0.6666666666666666,0.0,0.1111111111111111,0.2222222222222222,0.6666666666666666,18.509923931518934,29.0,0.37185115040997857,1.0,1.0,0.0,0.0,0.002314852941910633,0.015219327993690968,0.005022336728870871,3.192781112678252e-06,1.6563490135013126e-05,4.882024040853142e-06,0.0001619421295294564,0.001141598797403276,0.0003095666586887093,0.00046631888633580983,0.003988821525126696,0.0008401290775509558,0.0002683409863190415,0.0009902851888909936,0.0007278826320543887,0.00010805697416395156,0.00028573660529218614,0.00014749405090697112,0.0005537841165619285,0.0036070556000898555,0.0011753818620187915
163,Just got approved for the Delta SkyMiles Gold Amex - was this a good move? Alright fellow card chase,15,105,0.3121078411738078,0.13333333333333333,0.0789552106123183,0.045705311525307026,0.03393974191525974,0.5384074983142672,0.5346737288293384,0.5352154831091563,0.5351598262786865,0.6285278797149658,0.2891070246696472,0.276775985956192,0.5471892356872559,0.4605010449886322,1,14,0.06666666666666667,0.10496126698950926,1.6151195500604119,0.48470000719598405,0.8666666666666667,0.7142857142857143,neutral,0.4666666666666667,0.2,0.13333333333333333,0.13333333333333333,0.5333333333333333,21.16748029932288,28.5,0.36328627516000367,1.0,1.0,0.0,0.0,0.0015700825043798736,0.015219327993690968,0.0016950815450400107,2.483476957119516e-06,1.6563490135013126e-05,1.8400234239379642e-06,0.0001095176290012508,0.001141598797403276,7.712655497016382e-05,0.000288406248728279,0.003988821525126696,4.501847215578891e-05,0.00020607234958636885,0.0009902851888909936,0.00044861047063022837,9.606872141982118e-05,0.00028573660529218614,0.00010997138451784849,0.00037877182167878553,0.0036070556000898555,0.00039405215150054555
164,"Hey everyone, I'm trying to check out the opensky® Secured Visa® Credit Card to rebuild my credit, b",8,28,0.28896601870656013,0.0,0.07023409632939387,0.044781000305688344,0.0340645637914754,0.55875135745321,0.5721231805426734,0.5642250265393939,0.5676665604114532,0.6110261678695679,0.3060724139213562,0.3202913999557495,0.4676225781440735,0.5034312605857849,1,7,0.125,0.1587784793227911,1.0735428464085233,0.3221719564721667,0.75,0.7142857142857143,neutral,0.625,0.0,0.125,0.25,0.625,22.321514285549714,35.75,0.4749258358627599,1.0,1.0,0.0,0.0,0.0025452054651395883,0.015219327993690968,0.006296960636973379,3.4154154207044485e-06,1.6563490135013126e-05,6.342207302623135e-06,0.0001781177290922642,0.001141598797403276,0.0004135706760280298,0.0005220871712481312,0.003988821525126696,0.001233715633497922,0.0002873785679184948,0.0009902851888909936,0.0007606829516589641,0.00011245538462389959,0.00028573660529218614,0.00016477437020512292,0.0006081099555738472,0.0036070556000898555,0.0014793410792776733
165,Anyone else regret getting the World of Hyatt Credit Card? I've been traveling a lot this year and h,12,66,0.32792381942272186,0.16666666666666666,0.08192413715765023,0.04948930772473169,0.03673748005289003,0.5484332686120813,0.540850582447919,0.5423133910605402,0.5424935221672058,0.6306403875350952,0.27838340401649475,0.2766239047050476,0.5005500316619873,0.45776668190956116,1,11,0.08333333333333333,0.125513871666044,1.4735023850806486,0.44220046536194546,0.8333333333333334,0.6363636363636364,neutral,0.5,0.08333333333333333,0.16666666666666666,0.16666666666666666,0.5833333333333334,25.271305642742103,37.5,0.48754930500467075,1.0,1.0,0.0,0.0,0.0018506360283936374,0.015219327993690968,0.0022785870707593865,2.7624038428560502e-06,1.6563490135013126e-05,1.931248993969348e-06,0.00012940525736363875,0.001141598797403276,9.545060675009155e-05,0.00035566034663740237,0.003988821525126696,5.0971592281712225e-05,0.00022808621118504865,0.0009902851888909936,0.0006084007953177209,9.966786819859408e-05,0.00028573660529218614,0.00011219290536246262,0.00044436968593686293,0.0036070556000898555,0.0005241106085009052
166,Just applied for the Bank of America Customized Cash Rewards card. Heard about the 6% cash back in a,9,36,0.3089807828267415,0.0,0.08668555047664979,0.050176063060088955,0.036781508124279695,0.5457456484436989,0.5527476229601436,0.5479873112506337,0.5386805832386017,0.6233854293823242,0.30809468030929565,0.31722790002822876,0.4863904118537903,0.4995236396789551,1,8,0.1111111111111111,0.15311269213755926,1.0027182645175161,0.3009173841088146,0.7777777777777778,0.625,neutral,0.6666666666666666,0.0,0.1111111111111111,0.2222222222222222,0.6666666666666666,22.274937474798282,23.0,0.5153584505737392,1.0,1.0,0.0,0.0,0.002314852941910633,0.015219327993690968,0.005022336728870871,3.192781112678252e-06,1.6563490135013126e-05,4.882024040853142e-06,0.0001619421295294564,0.001141598797403276,0.0003095666586887093,0.00046631888633580983,0.003988821525126696,0.0008401290775509558,0.0002683409863190415,0.0009902851888909936,0.0007278826320543887,0.00010805697416395156,0.00028573660529218614,0.00014749405090697112,0.0005537841165619285,0.0036070556000898555,0.0011753818620187915
167,"Hey everyone, I was digging through some card offers on an aggregator site and stumbled across this ",9,36,0.3062061601214939,0.0,0.06344377478088946,0.040149522774336754,0.030898038091227726,0.5001782435509894,0.5298733876811134,0.5111426164706548,0.5185425579547882,0.5954747200012207,0.30809468030929565,0.31722790002822876,0.4863904118537903,0.4995236396789551,1,8,0.1111111111111111,0.15311269213755926,1.0027182645175161,0.3009173841088146,0.7777777777777778,0.625,neutral,0.6666666666666666,0.0,0.1111111111111111,0.2222222222222222,0.6666666666666666,25.33382065808082,27.0,0.5574679362413872,1.0,1.0,0.0,0.0,0.002314852941910633,0.015219327993690968,0.005022336728870871,3.192781112678252e-06,1.6563490135013126e-05,4.882024040853142e-06,0.0001619421295294564,0.001141598797403276,0.0003095666586887093,0.00046631888633580983,0.003988821525126696,0.0008401290775509558,0.0002683409863190415,0.0009902851888909936,0.0007278826320543887,0.00010805697416395156,0.00028573660529218614,0.00014749405090697112,0.0005537841165619285,0.0036070556000898555,0.0011753818620187915
168,Just got approved for the Wells Fargo Active Cash® Card after seeing that $200 bonus (spend $500 in ,8,28,0.31142615154385567,0.25,0.08568872423910592,0.05328163944914237,0.040265315728601196,0.541341245174408,0.5424486664789063,0.5404185705951282,0.5350962281227112,0.6139392256736755,0.3060724139213562,0.3202913999557495,0.4676225781440735,0.5034312605857849,1,7,0.125,0.1587784793227911,1.0735428464085233,0.3221719564721667,0.75,0.7142857142857143,neutral,0.625,0.0,0.125,0.25,0.625,11.072911767010519,14.25,0.33427658164560053,1.0,1.0,0.0,0.0,0.0025452054651395883,0.015219327993690968,0.006296960636973379,3.4154154207044485e-06,1.6563490135013126e-05,6.342207302623135e-06,0.0001781177290922642,0.001141598797403276,0.0004135706760280298,0.0005220871712481312,0.003988821525126696,0.001233715633497922,0.0002873785679184948,0.0009902851888909936,0.0007606829516589641,0.00011245538462389959,0.00028573660529218614,0.00016477437020512292,0.0006081099555738472,0.0036070556000898555,0.0014793410792776733
169,Considering the Marriott Bonvoy Boundless Card – Is it worth the $450 annual fee? I’ve never had a h,9,36,0.308679782681995,0.0,0.0952800440763647,0.06038664692275289,0.04486601649762237,0.576006204717689,0.562885651157962,0.5664534883366691,0.5614103376865387,0.6604074239730835,0.30809468030929565,0.31722790002822876,0.4863904118537903,0.4995236396789551,1,8,0.1111111111111111,0.15311269213755926,1.0027182645175161,0.3009173841088146,0.7777777777777778,0.625,neutral,0.6666666666666666,0.0,0.1111111111111111,0.2222222222222222,0.6666666666666666,12.499876542600207,16.0,0.37251287709735714,1.0,1.0,0.0,0.0,0.002314852941910633,0.015219327993690968,0.005022336728870871,3.192781112678252e-06,1.6563490135013126e-05,4.882024040853142e-06,0.0001619421295294564,0.001141598797403276,0.0003095666586887093,0.00046631888633580983,0.003988821525126696,0.0008401290775509558,0.0002683409863190415,0.0009902851888909936,0.0007278826320543887,0.00010805697416395156,0.00028573660529218614,0.00014749405090697112,0.0005537841165619285,0.0036070556000898555,0.0011753818620187915
17,"Title: Confused about the Citi Secured Card vs Visa? Rebuilding credit ASAP. Hi everyone, I've been ",11,55,0.3046530160036954,0.0,0.07063126423576437,0.05229756364178174,0.045174823897859595,0.5343420597639951,0.5582277178764343,0.5443139412186363,0.5465790629386902,0.6183564066886902,0.2883043885231018,0.2776665687561035,0.5005500316619873,0.483757883310318,1,10,0.09090909090909091,0.13173526711761951,1.4205719259467045,0.4263159483785742,0.8181818181818182,0.7,neutral,0.5454545454545454,0.09090909090909091,0.09090909090909091,0.18181818181818182,0.6363636363636364,13.069426818165054,8.0,0.5009187979087651,1.0,1.0,0.0,0.0,0.001977265746311539,0.015219327993690968,0.002473088912665844,2.887186104255141e-06,1.6563490135013126e-05,1.9616575173131423e-06,0.00013838716288525822,0.001141598797403276,0.00010155862401006743,0.00038606721930343406,0.003988821525126696,5.295596565701999e-05,0.00023865247798808426,0.0009902851888909936,0.0006622819928452373,0.00010179609671467915,0.00028573660529218614,0.00011293341231066734,0.00047417598155120833,0.0036070556000898555,0.0005674634275010249
170,Just saw the Wells Fargo Active Cash® Card ad and I'm intrigued. 2% unlimited cash back with no annu,12,66,0.3029747928182284,0.08333333333333333,0.05445054691025395,0.040939480101886715,0.03587971110993909,0.5327040602763494,0.5501472123644569,0.5400350242853165,0.5388685166835785,0.6160173416137695,0.27838340401649475,0.2766239047050476,0.5005500316619873,0.45776668190956116,1,11,0.08333333333333333,0.125513871666044,1.4735023850806486,0.44220046536194546,0.8333333333333334,0.6363636363636364,neutral,0.5,0.08333333333333333,0.16666666666666666,0.16666666666666666,0.5833333333333334,16.24529846516284,20.25,0.5254543977950245,1.0,1.0,0.0,0.0,0.0018506360283936374,0.015219327993690968,0.0022785870707593865,2.7624038428560502e-06,1.6563490135013126e-05,1.931248993969348e-06,0.00012940525736363875,0.001141598797403276,9.545060675009155e-05,0.00035566034663740237,0.003988821525126696,5.0971592281712225e-05,0.00022808621118504865,0.0009902851888909936,0.0006084007953177209,9.966786819859408e-05,0.00028573660529218614,0.00011219290536246262,0.00044436968593686293,0.0036070556000898555,0.0005241106085009052
171,I keep seeing this PenFed Pathfinder® Rewards Visa Signature® Card popping up on Reddit. Anyone here,10,45,0.3175391435623169,0.2,0.06661911714259125,0.046232496856869025,0.037985932563453,0.5173519512017568,0.518013377322091,0.5160805404186248,0.5158243775367737,0.6002628803253174,0.30144166946411133,0.3185763955116272,0.5005500316619873,0.5010342001914978,1,9,0.1,0.14001049902290105,1.2275294114572126,0.3683835754104631,0.8,0.6666666666666666,neutral,0.6,0.0,0.1,0.2,0.7,13.95134402127623,14.75,0.5244866173412116,1.0,1.0,0.0,0.0,0.002123324552667327,0.015219327993690968,0.003747712820768352,3.021133147740329e-06,1.6563490135013126e-05,3.4218407790831352e-06,0.00014857312071399066,0.001141598797403276,0.0002055626413493879,0.0004220470125801512,0.003988821525126696,0.00044654252160398615,0.00025126917971647346,0.0009902851888909936,0.0006950823124498128,0.00010436556040076539,0.00028573660529218614,0.00013021373160881916,0.0005087667598710748,0.0036070556000898555,0.0008714226447599069
172,Wells Fargo Autograph Card – 20k Bonus & $0 Fee. Anyone using it? Considering applying for the Wells,9,36,0.31773973835839164,0.0,0.05712188466472894,0.03794726214120398,0.030432238110439762,0.53045421342055,0.5299981526202626,0.5281655225488875,0.5361972153186798,0.5999342799186707,0.30809468030929565,0.31722790002822876,0.4863904118537903,0.4995236396789551,1,8,0.1111111111111111,0.15311269213755926,1.0027182645175161,0.3009173841088146,0.7777777777777778,0.625,neutral,0.6666666666666666,0.0,0.1111111111111111,0.2222222222222222,0.6666666666666666,22.30484639802539,28.0,0.5607363619615321,1.0,1.0,0.0,0.0,0.002314852941910633,0.015219327993690968,0.005022336728870871,3.192781112678252e-06,1.6563490135013126e-05,4.882024040853142e-06,0.0001619421295294564,0.001141598797403276,0.0003095666586887093,0.00046631888633580983,0.003988821525126696,0.0008401290775509558,0.0002683409863190415,0.0009902851888909936,0.0007278826320543887,0.00010805697416395156,0.00028573660529218614,0.00014749405090697112,0.0005537841165619285,0.0036070556000898555,0.0011753818620187915
173,New Prime Visa offer: $150 Amazon GC + 5% back. Legit or trap? Just saw this popping up on the Chase,10,45,0.29488790333271026,0.0,0.08709107276593958,0.05924367382717757,0.04903006621375142,0.5342922230561574,0.5386659496360355,0.5356746137142181,0.5374672412872314,0.5934715867042542,0.30144166946411133,0.3185763955116272,0.5005500316619873,0.5010342001914978,1,9,0.1,0.14001049902290105,1.2275294114572126,0.3683835754104631,0.8,0.6666666666666666,neutral,0.6,0.0,0.1,0.2,0.7,7.836453279386026,9.25,0.3097412363393686,1.0,1.0,0.0,0.0,0.002123324552667327,0.015219327993690968,0.003747712820768352,3.021133147740329e-06,1.6563490135013126e-05,3.4218407790831352e-06,0.00014857312071399066,0.001141598797403276,0.0002055626413493879,0.0004220470125801512,0.003988821525126696,0.00044654252160398615,0.00025126917971647346,0.0009902851888909936,0.0006950823124498128,0.00010436556040076539,0.00028573660529218614,0.00013021373160881916,0.0005087667598710748,0.0036070556000898555,0.0008714226447599069
174,Just got approved for the Wyndham Earner Plus Card – here’s my unfiltered take after 2 months. 6x on,11,55,0.31655753471634607,0.18181818181818182,0.07503084467805751,0.05400586384817505,0.045101952050079476,0.5278761993754993,0.5414281769232316,0.5335811961780895,0.5325582027435303,0.5884652137756348,0.5475512146949768,0.39567118883132935,1.0,1.0,1,10,0.09090909090909091,0.16193870912221345,0.8855741515766717,0.26576224504603085,0.36363636363636365,0.6,neutral,0.7272727272727273,0.0,0.09090909090909091,0.18181818181818182,0.7272727272727273,10.063435162643383,10.0,0.40253740650573533,1.0,1.0,0.0,0.0,0.0019392831256316806,0.015219327993690968,0.002473088912665844,2.8587341954665715e-06,1.6563490135013126e-05,1.9616575173131423e-06,0.00013714310791163535,0.001141598797403276,0.00010155862401006743,0.0003836612415232759,0.003988821525126696,5.295596565701999e-05,0.0002343715287596834,0.0009902851888909936,0.0006622819928452373,9.975000879917802e-05,0.00028573660529218614,0.00011293341231066734,0.00046617795780348666,0.0036070556000898555,0.0005674634275010249
175,Opinion: The Marriott Bonvoy Boundless® Credit Card is slipping. Is the $300 credit enough to justif,10,45,0.3110608994960785,0.0,0.07012157300826458,0.04478332911148465,0.03564975708237442,0.514438666899999,0.5501419358783298,0.5306278520160251,0.5284121632575989,0.5882158279418945,0.30144166946411133,0.3185763955116272,0.5005500316619873,0.5010342001914978,1,9,0.1,0.14001049902290105,1.2275294114572126,0.3683835754104631,0.8,0.6666666666666666,neutral,0.6,0.0,0.1,0.2,0.7,18.737395763552627,18.5,0.4471932163139052,1.0,1.0,0.0,0.0,0.002123324552667327,0.015219327993690968,0.003747712820768352,3.021133147740329e-06,1.6563490135013126e-05,3.4218407790831352e-06,0.00014857312071399066,0.001141598797403276,0.0002055626413493879,0.0004220470125801512,0.003988821525126696,0.00044654252160398615,0.00025126917971647346,0.0009902851888909936,0.0006950823124498128,0.00010436556040076539,0.00028573660529218614,0.00013021373160881916,0.0005087667598710748,0.0036070556000898555,0.0008714226447599069
176,Chase Prime Visa $150 Bonus - Worth the Hard Inquiry? Seeing the offer for a $150 Amazon Gift Card o,10,45,0.3072238713502884,0.1,0.07970034951180976,0.054711614114007,0.04387843880853353,0.5138221840063731,0.5393970237837897,0.524459441502889,0.5238828659057617,0.591201663017273,0.30144166946411133,0.3185763955116272,0.5005500316619873,0.5010342001914978,1,9,0.1,0.14001049902290105,1.2275294114572126,0.3683835754104631,0.8,0.6666666666666666,neutral,0.6,0.0,0.1,0.2,0.7,14.966963619919708,18.0,0.4781777514351344,1.0,1.0,0.0,0.0,0.002123324552667327,0.015219327993690968,0.003747712820768352,3.021133147740329e-06,1.6563490135013126e-05,3.4218407790831352e-06,0.00014857312071399066,0.001141598797403276,0.0002055626413493879,0.0004220470125801512,0.003988821525126696,0.00044654252160398615,0.00025126917971647346,0.0009902851888909936,0.0006950823124498128,0.00010436556040076539,0.00028573660529218614,0.00013021373160881916,0.0005087667598710748,0.0036070556000898555,0.0008714226447599069
177,Title: Considering the Bank of America Travel Rewards Card for Students. Is it worth it? Hey everyon,9,36,0.3074396815564897,0.0,0.058827239710053915,0.03888337242302865,0.0316237786426925,0.5370524716046121,0.5281961046987109,0.5306567384137048,0.531943142414093,0.5952908992767334,0.2379835993051529,0.23260655999183655,0.4438416063785553,0.49598145484924316,0,9,0.0,0.02891899396975835,1.2148896539491205,0.3645903635984344,0.8888888888888888,0.875,neutral,0.4444444444444444,0.3333333333333333,0.0,0.0,0.6666666666666666,19.664469431558317,23.0,0.48487732844938314,1.0,1.0,0.0,0.0,0.0004654796470680998,0.0007279848796315491,0.0006374730379320681,1.4106968061848117e-06,1.7186109744216083e-06,1.6208817669394192e-06,3.0207152222929937e-05,4.579494634526782e-05,4.1772296390263365e-05,2.2284466265571406e-05,3.727728108060546e-05,3.094607163802721e-05,0.00011177871298665802,0.00014012759493198246,0.00013088822306599467,7.670196808046765e-05,9.603114449419081e-05,8.57487553730607e-05,0.00011797710723831859,0.0001748224095763362,0.00015415863150186244
178,TL;DR: I travel 20 nights/year for work and leisure. Should I get the Marriott Bonvoy Boundless card,13,78,0.31167741922231823,0.07692307692307693,0.08183772871421992,0.05672053997434751,0.04469053198893514,0.5261966597575408,0.5362703143022,0.5300992547701566,0.533389151096344,0.6581078767776489,0.5483935475349426,0.39567118883132935,1.0,1.0,2,11,0.15384615384615385,0.22072906892460126,0.9371558530657009,0.2812419976637107,0.3076923076923077,0.5833333333333334,neutral,0.6923076923076923,0.0,0.07692307692307693,0.15384615384615385,0.7692307692307693,10.153846153846153,16.0,0.34736842105263155,1.0,1.0,0.0,0.0,0.0018612649269366206,0.015219327993690968,0.002473088912665844,2.679994850041112e-06,1.6563490135013126e-05,1.9616575173131423e-06,0.00012607232649595692,0.001141598797403276,0.00010155862401006743,0.0003302106248996167,0.003988821525126696,5.295596565701999e-05,0.00025695813886928733,0.0009902851888909936,0.0006622819928452373,9.891262631684255e-05,0.00028573660529218614,0.00011293341231066734,0.00044601643972806086,0.0036070556000898555,0.0005674634275010249
179,"Title: I've used the Discover Secured Card for 2 years, here's the honest truth about building credi",14,91,0.3267988775457655,0.2857142857142857,0.06538088809245583,0.04658653971583776,0.03940792029769233,0.5319816175397936,0.5371714067328107,0.5333862560135978,0.5303386449813843,0.5980856418609619,0.19420364499092102,0.1469210982322693,0.47880667448043823,0.39567118883132935,2,12,0.14285714285714285,0.17156584547566517,1.0547209169068124,0.3165234647771833,0.7857142857142857,0.6923076923076923,neutral,0.5714285714285714,0.0,0.07142857142857142,0.2857142857142857,0.6428571428571429,11.962526523119042,20.25,0.4045298824243154,1.0,1.0,0.0,0.0,0.0016548782004974782,0.015219327993690968,0.0019495577027555543,2.553156394112323e-06,1.6563490135013126e-05,1.8887435544456819e-06,0.0001147966857908094,0.001141598797403276,8.482952071062751e-05,0.000307682783126698,0.003988821525126696,4.825236028409562e-05,0.00021250784681927013,0.0009902851888909936,0.0005056356734712605,9.499940071171815e-05,0.00028573660529218614,0.00010786273196572437,0.00039790301222334773,0.0036070556000898555,0.000449671122123618
18,Title: Is Chase Freedom Unlimited still the king of simple cash back in 2024? Hi r/creditcards! I've,11,55,0.29775531725449994,0.0,0.06548470377774154,0.041392543849171536,0.03183785441774305,0.5059189828959378,0.51767430359667,0.5097025546160612,0.5126527547836304,0.5867723822593689,0.2457929104566574,0.23909719288349152,0.4877456724643707,0.4460698068141937,2,9,0.18181818181818182,0.206267148764296,1.540305825226517,0.4622482865391504,0.6363636363636364,0.9,neutral,0.45454545454545453,0.09090909090909091,0.18181818181818182,0.36363636363636365,0.36363636363636365,26.23447986685266,27.5,0.5889373031334271,1.0,1.0,0.0,0.0,0.0007037673865190961,0.002473088912665844,0.0013896431773900986,1.4919115239370677e-06,1.9616575173131423e-06,1.5846543419684167e-06,3.8332134367506527e-05,0.00010155862401006743,4.833978891838342e-05,2.5763142482240006e-05,5.295596565701999e-05,3.90906679967884e-05,0.00017260776274435392,0.0006622819928452373,0.0002828877477440983,8.31208672025241e-05,0.00011293341231066734,0.00011266622459515929,0.0001708472008066096,0.0005674634275010249,0.0003123623029258245
180,Title: Finally got approved for the Citi Secured Mastercard after 3 months of hunting. Thoughts on g,12,66,0.29711850732564926,0.0,0.05647377591649557,0.04112405105009624,0.035622485566093584,0.5246310310833382,0.5738979343212012,0.5463994596943711,0.5427061915397644,0.6617534160614014,0.24340571463108063,0.23389211297035217,0.5044198632240295,0.4533223509788513,2,10,0.16666666666666666,0.196421780778716,1.357977854987324,0.40753136574919374,0.6666666666666666,0.8181818181818182,neutral,0.5,0.08333333333333333,0.25,0.25,0.4166666666666667,23.619671650742504,19.0,0.7230511729819135,1.0,1.0,0.0,0.0,0.0018683327192168993,0.015219327993690968,0.0022959860914852476,2.7990715523174003e-06,1.6563490135013126e-05,1.9475150793368813e-06,0.00013057744384544398,0.001141598797403276,9.603882972442081e-05,0.0003583689698037536,0.003988821525126696,5.2746668734471315e-05,0.0002284493857587222,0.0009902851888909936,0.0006093314616009596,0.00010008010758610908,0.00028573660529218614,0.00011219290536246262,0.0004481012829605409,0.0036070556000898555,0.0005277126029909597
181,Debating between Chase Sapphire Reserve and the Wyndham Earner Plus for my upcoming road trips. CSR ,6,15,0.3118722091118495,0.16666666666666666,0.08332025025125296,0.046097923906432754,0.03297867681555847,0.528645392258962,0.545444639523824,0.5362068931261699,0.529720664024353,0.5877618193626404,0.3897896707057953,0.39567118883132935,0.46083641052246094,0.5515525341033936,1,5,0.16666666666666666,0.20209539898981652,1.242453324894,0.37286226613644224,0.6666666666666666,1.0,neutral,0.5,0.0,0.16666666666666666,0.3333333333333333,0.5,21.49741586537528,32.5,0.34213393950199383,1.0,1.0,0.0,0.0,0.0032293184340232983,0.015219327993690968,0.008846208453178406,4.047513205781191e-06,1.6563490135013126e-05,9.262573826163134e-06,0.0002274228366635119,0.001141598797403276,0.0006215787107066717,0.0006871218583910377,0.003988821525126696,0.002020888745391858,0.00034627530597693595,0.0009902851888909936,0.0008262835908681154,0.00011980782195072,0.00028573660529218614,0.00019933500880142674,0.0007689989617018809,0.0036070556000898555,0.0020872595137954404
182,Debating between Chase Freedom Flex and Discover it Cash Back for my next rotating category card. Th,8,28,0.3146543689072132,0.125,0.08221439503562795,0.05747945635320605,0.046941901946209834,0.5401978290506771,0.542374068072864,0.5405114825282779,0.5416079461574554,0.6660388708114624,0.3060724139213562,0.3202913999557495,0.4676225781440735,0.5034312605857849,1,7,0.125,0.1587784793227911,1.0735428464085233,0.3221719564721667,0.75,0.7142857142857143,neutral,0.625,0.0,0.125,0.25,0.625,7.069962871189636,14.0,0.23864853573635902,1.0,1.0,0.0,0.0,0.0025452054651395883,0.015219327993690968,0.006296960636973379,3.4154154207044485e-06,1.6563490135013126e-05,6.342207302623135e-06,0.0001781177290922642,0.001141598797403276,0.0004135706760280298,0.0005220871712481312,0.003988821525126696,0.001233715633497922,0.0002873785679184948,0.0009902851888909936,0.0007606829516589641,0.00011245538462389959,0.00028573660529218614,0.00016477437020512292,0.0006081099555738472,0.0036070556000898555,0.0014793410792776733
183,Is the Marriott Bonvoy Boundless still worth it in 2024? Debating between this and the Amex Plat for,6,15,0.3052445699771245,0.16666666666666666,0.09012501649355882,0.056091430603993866,0.04435981076580426,0.5127156436443329,0.5251162807146709,0.5177822490533193,0.5236554741859436,0.5703573822975159,0.3897896707057953,0.39567118883132935,0.46083641052246094,0.5515525341033936,1,5,0.16666666666666666,0.20209539898981652,1.242453324894,0.37286226613644224,0.6666666666666666,1.0,neutral,0.5,0.0,0.16666666666666666,0.3333333333333333,0.5,13.682917167849194,8.5,0.3765940504912622,1.0,1.0,0.0,0.0,0.0032293184340232983,0.015219327993690968,0.008846208453178406,4.047513205781191e-06,1.6563490135013126e-05,9.262573826163134e-06,0.0002274228366635119,0.001141598797403276,0.0006215787107066717,0.0006871218583910377,0.003988821525126696,0.002020888745391858,0.00034627530597693595,0.0009902851888909936,0.0008262835908681154,0.00011980782195072,0.00028573660529218614,0.00019933500880142674,0.0007689989617018809,0.0036070556000898555,0.0020872595137954404
184,Is the new Citi AAdvantage Executive worth the $595 annual fee? I'm currently a Delta loyalist but t,8,28,0.31978170946240425,0.125,0.08531812999158958,0.05745980211632753,0.04556496703113426,0.521071911922523,0.5123445498091834,0.5163286009005138,0.5173201262950897,0.5934693813323975,0.3060724139213562,0.3202913999557495,0.4676225781440735,0.5034312605857849,1,7,0.125,0.1587784793227911,1.0735428464085233,0.3221719564721667,0.75,0.7142857142857143,neutral,0.625,0.0,0.125,0.25,0.625,9.406613365074595,5.25,0.2659113318749002,1.0,1.0,0.0,0.0,0.0025452054651395883,0.015219327993690968,0.006296960636973379,3.4154154207044485e-06,1.6563490135013126e-05,6.342207302623135e-06,0.0001781177290922642,0.001141598797403276,0.0004135706760280298,0.0005220871712481312,0.003988821525126696,0.001233715633497922,0.0002873785679184948,0.0009902851888909936,0.0007606829516589641,0.00011245538462389959,0.00028573660529218614,0.00016477437020512292,0.0006081099555738472,0.0036070556000898555,0.0014793410792776733
185,"Just got approved for the One Key+ card. The $350 SUB for a $3k spend in 3 months is decent, but I'm",7,21,0.3116813600063324,0.0,0.07642583005279575,0.04737959193382037,0.036653117203436815,0.532301644484202,0.52343202488763,0.5265995491118658,0.5276696681976318,0.5986948609352112,0.34605351090431213,0.36338183283805847,0.4676225781440735,0.5301722884178162,1,6,0.14285714285714285,0.1783913073262998,1.15374194270109,0.3462398358738274,0.7142857142857143,0.8333333333333334,neutral,0.5714285714285714,0.0,0.14285714285714285,0.2857142857142857,0.5714285714285714,13.540566412654611,20.0,0.35367151077829206,1.0,1.0,0.0,0.0,0.0028434258711058646,0.015219327993690968,0.007571584545075899,3.7060930740803348e-06,1.6563490135013126e-05,7.802390564393141e-06,0.00019927590281960356,0.001141598797403276,0.0005175746933673512,0.000593691911750024,0.003988821525126696,0.0016273021894448916,0.0003117857600695321,0.0009902851888909936,0.0007934832712635398,0.00011776789636184861,0.00028573660529218614,0.0001820546895032749,0.0006782755725301589,0.0036070556000898555,0.0017833002965365581
186,Hilton Honors Amex Business vs. Wyndham Earner Plus for road warriors? I spend about $4k/month on ga,9,36,0.3111255599392785,0.1111111111111111,0.08815581271552199,0.06004308859275932,0.04905276890080522,0.5304684498243861,0.5481108840968874,0.53863908102115,0.5378860831260681,0.5982505679130554,0.30809468030929565,0.31722790002822876,0.4863904118537903,0.4995236396789551,1,8,0.1111111111111111,0.15311269213755926,1.0027182645175161,0.3009173841088146,0.7777777777777778,0.625,neutral,0.6666666666666666,0.0,0.1111111111111111,0.2222222222222222,0.6666666666666666,8.075263249158498,12.0,0.2895512718821772,1.0,1.0,0.0,0.0,0.002314852941910633,0.015219327993690968,0.005022336728870871,3.192781112678252e-06,1.6563490135013126e-05,4.882024040853142e-06,0.0001619421295294564,0.001141598797403276,0.0003095666586887093,0.00046631888633580983,0.003988821525126696,0.0008401290775509558,0.0002683409863190415,0.0009902851888909936,0.0007278826320543887,0.00010805697416395156,0.00028573660529218614,0.00014749405090697112,0.0005537841165619285,0.0036070556000898555,0.0011753818620187915
187,"**CSR vs. One Key+ for a frequent traveler - is the math worth it?** Hey r/CreditCards, long-time lu",6,15,0.3141479839881261,0.16666666666666666,0.09823479566886276,0.06202703248796238,0.045765169014557565,0.5512732883294423,0.5528423547744751,0.5512576460838318,0.5490005612373352,0.5949205160140991,0.3897896707057953,0.39567118883132935,0.46083641052246094,0.5515525341033936,1,5,0.16666666666666666,0.20209539898981652,1.242453324894,0.37286226613644224,0.6666666666666666,1.0,neutral,0.5,0.0,0.16666666666666666,0.3333333333333333,0.5,12.697331303160606,22.5,0.31222945827444115,1.0,1.0,0.0,0.0,0.0032293184340232983,0.015219327993690968,0.008846208453178406,4.047513205781191e-06,1.6563490135013126e-05,9.262573826163134e-06,0.0002274228366635119,0.001141598797403276,0.0006215787107066717,0.0006871218583910377,0.003988821525126696,0.002020888745391858,0.00034627530597693595,0.0009902851888909936,0.0008262835908681154,0.00011980782195072,0.00028573660529218614,0.00019933500880142674,0.0007689989617018809,0.0036070556000898555,0.0020872595137954404
188,**Debate: Marriott Bonvoy Boundless vs. Hilton Honors Amex Aspire - Which is the better 'Hotel Titan,8,28,0.3198230154812336,0.125,0.05949570191518084,0.03691775094803706,0.028462900651286878,0.5000933281012944,0.5123852214642933,0.505281364279134,0.5058826804161072,0.5716828107833862,0.3060724139213562,0.3202913999557495,0.4676225781440735,0.5034312605857849,1,7,0.125,0.1587784793227911,1.0735428464085233,0.3221719564721667,0.75,0.7142857142857143,neutral,0.625,0.0,0.125,0.25,0.625,27.260032556840425,26.25,0.5332035707939448,1.0,1.0,0.0,0.0,0.0025452054651395883,0.015219327993690968,0.006296960636973379,3.4154154207044485e-06,1.6563490135013126e-05,6.342207302623135e-06,0.0001781177290922642,0.001141598797403276,0.0004135706760280298,0.0005220871712481312,0.003988821525126696,0.001233715633497922,0.0002873785679184948,0.0009902851888909936,0.0007606829516589641,0.00011245538462389959,0.00028573660529218614,0.00016477437020512292,0.0006081099555738472,0.0036070556000898555,0.0014793410792776733
189,Chase Freedom Flex vs Discover it for a college student? I keep seeing conflicting advice on r/Credi,8,28,0.3194625712931156,0.25,0.06231106069824188,0.04169011490645796,0.03461073575808134,0.5296482709901673,0.5160206354090145,0.5212644136377743,0.52782142162323,0.6278630495071411,0.3060724139213562,0.3202913999557495,0.4676225781440735,0.5034312605857849,1,7,0.125,0.1587784793227911,1.0735428464085233,0.3221719564721667,0.75,0.7142857142857143,neutral,0.625,0.0,0.125,0.25,0.625,11.999348940671739,17.0,0.3595310544021495,1.0,1.0,0.0,0.0,0.0025452054651395883,0.015219327993690968,0.006296960636973379,3.4154154207044485e-06,1.6563490135013126e-05,6.342207302623135e-06,0.0001781177290922642,0.001141598797403276,0.0004135706760280298,0.0005220871712481312,0.003988821525126696,0.001233715633497922,0.0002873785679184948,0.0009902851888909936,0.0007606829516589641,0.00011245538462389959,0.00028573660529218614,0.00016477437020512292,0.0006081099555738472,0.0036070556000898555,0.0014793410792776733
19,Anyone else using the Discover Secured Card to rebuild credit? Thoughts? I’ve been bouncing between ,11,55,0.3068175884810361,0.09090909090909091,0.06504607247229653,0.04595357585469194,0.03859111853003705,0.5151505854996767,0.5207347615198655,0.5168037712574005,0.5117401480674744,0.5940082669258118,0.2883043885231018,0.2776665687561035,0.5005500316619873,0.483757883310318,1,10,0.09090909090909091,0.13173526711761951,1.4205719259467045,0.4263159483785742,0.8181818181818182,0.7,neutral,0.5454545454545454,0.09090909090909091,0.09090909090909091,0.18181818181818182,0.6363636363636364,12.975501391608587,8.5,0.41856456101963185,1.0,1.0,0.0,0.0,0.001977265746311539,0.015219327993690968,0.002473088912665844,2.887186104255141e-06,1.6563490135013126e-05,1.9616575173131423e-06,0.00013838716288525822,0.001141598797403276,0.00010155862401006743,0.00038606721930343406,0.003988821525126696,5.295596565701999e-05,0.00023865247798808426,0.0009902851888909936,0.0006622819928452373,0.00010179609671467915,0.00028573660529218614,0.00011293341231066734,0.00047417598155120833,0.0036070556000898555,0.0005674634275010249
190,"Just turned 18, first credit card help! Discover it Student vs. Capital One Quicksilver Secured? Hey",8,28,0.320739284157753,0.25,0.06620970845962636,0.03854842548663195,0.02876977927945273,0.5391369408794812,0.5119641178420612,0.5227719098329544,0.5298625230789185,0.5901254415512085,0.3060724139213562,0.3202913999557495,0.4676225781440735,0.5034312605857849,1,7,0.125,0.1587784793227911,1.0735428464085233,0.3221719564721667,0.75,0.7142857142857143,neutral,0.625,0.0,0.125,0.25,0.625,20.72890493972125,15.0,0.42961461014966323,1.0,1.0,0.0,0.0,0.0025452054651395883,0.015219327993690968,0.006296960636973379,3.4154154207044485e-06,1.6563490135013126e-05,6.342207302623135e-06,0.0001781177290922642,0.001141598797403276,0.0004135706760280298,0.0005220871712481312,0.003988821525126696,0.001233715633497922,0.0002873785679184948,0.0009902851888909936,0.0007606829516589641,0.00011245538462389959,0.00028573660529218614,0.00016477437020512292,0.0006081099555738472,0.0036070556000898555,0.0014793410792776733
191,"Thoughts on the Bank of America Travel Rewards for Students vs. the QuicksilverOne? I'm 19, have a t",7,21,0.3097242627825056,0.14285714285714285,0.09378047651972614,0.053197803617141645,0.03953666513102584,0.5663615479355767,0.5592619719959441,0.561805404367901,0.559424102306366,0.619281530380249,0.34605351090431213,0.36338183283805847,0.4676225781440735,0.5301722884178162,1,6,0.14285714285714285,0.1783913073262998,1.15374194270109,0.3462398358738274,0.7142857142857143,0.8333333333333334,neutral,0.5714285714285714,0.0,0.14285714285714285,0.2857142857142857,0.5714285714285714,11.57407377173091,8.0,0.2665082776385407,1.0,1.0,0.0,0.0,0.0028434258711058646,0.015219327993690968,0.007571584545075899,3.7060930740803348e-06,1.6563490135013126e-05,7.802390564393141e-06,0.00019927590281960356,0.001141598797403276,0.0005175746933673512,0.000593691911750024,0.003988821525126696,0.0016273021894448916,0.0003117857600695321,0.0009902851888909936,0.0007934832712635398,0.00011776789636184861,0.00028573660529218614,0.0001820546895032749,0.0006782755725301589,0.0036070556000898555,0.0017833002965365581
192,Just got denied for the Chase Freedom Rise because I have no credit history. Anyone know if the Citi,5,10,0.3265050232410431,0.2,0.09359228587624073,0.06228484549128295,0.05143683028780841,0.5370561420917511,0.5480544984340667,0.5421286225318909,0.5362307131290436,0.5733568072319031,0.42794269323349,0.4018440246582031,0.42794269323349,0.5691357254981995,1,4,0.2,0.23208649791777133,1.3321790402101223,0.399789099421175,0.6,1.0,neutral,0.4,0.0,0.2,0.4,0.4,7.116178749862878,10.0,0.2779757324165187,1.0,1.0,0.0,0.0,0.0008313165220897645,0.002473088912665844,0.001689085364341736,1.544317819934804e-06,1.9616575173131423e-06,1.7934972674993333e-06,4.458764451555908e-05,0.00010155862401006743,7.712655497016385e-05,2.6781925043906085e-05,5.295596565701999e-05,4.1017628973349936e-05,0.00021747332939412445,0.0006622819928452373,0.00044675720273517077,8.662206528242677e-05,0.00011293341231066734,0.00010081339569296689,0.00020138763402428596,0.0005674634275010249,0.0003927656073301478
193,"Trying to pay down $4,500 in credit card debt. Should I go with the Wells Fargo Reflect for the 0% A",7,21,0.303750251020704,0.0,0.07805414527487527,0.04868403012691633,0.03718813692792605,0.5379478321188972,0.5562804767063686,0.545820632151195,0.5403474569320679,0.6244274973869324,0.34605351090431213,0.36338183283805847,0.4676225781440735,0.5301722884178162,1,6,0.14285714285714285,0.1783913073262998,1.15374194270109,0.3462398358738274,0.7142857142857143,0.8333333333333334,neutral,0.5714285714285714,0.0,0.14285714285714285,0.2857142857142857,0.5714285714285714,18.48551556528207,25.0,0.4298957108205133,1.0,1.0,0.0,0.0,0.0028434258711058646,0.015219327993690968,0.007571584545075899,3.7060930740803348e-06,1.6563490135013126e-05,7.802390564393141e-06,0.00019927590281960356,0.001141598797403276,0.0005175746933673512,0.000593691911750024,0.003988821525126696,0.0016273021894448916,0.0003117857600695321,0.0009902851888909936,0.0007934832712635398,0.00011776789636184861,0.00028573660529218614,0.0001820546895032749,0.0006782755725301589,0.0036070556000898555,0.0017833002965365581
194,Help! I have no credit history and want to get my first credit card. The Chase Freedom Rise says I c,5,10,0.313163697719574,0.0,0.12662402535305076,0.07000139678983461,0.049395218310198316,0.5892342746257782,0.6015758037567138,0.5947682499885559,0.5913286209106445,0.6392868161201477,0.42794269323349,0.4018440246582031,0.42794269323349,0.5691357254981995,1,4,0.2,0.23208649791777133,1.3321790402101223,0.399789099421175,0.6,1.0,neutral,0.4,0.0,0.2,0.4,0.4,15.882065356873458,16.0,0.28564865749772406,1.0,1.0,0.0,0.0,0.0008313165220897645,0.002473088912665844,0.001689085364341736,1.544317819934804e-06,1.9616575173131423e-06,1.7934972674993333e-06,4.458764451555908e-05,0.00010155862401006743,7.712655497016385e-05,2.6781925043906085e-05,5.295596565701999e-05,4.1017628973349936e-05,0.00021747332939412445,0.0006622819928452373,0.00044675720273517077,8.662206528242677e-05,0.00011293341231066734,0.00010081339569296689,0.00020138763402428596,0.0005674634275010249,0.0003927656073301478
195,Just tried to log into my Chime account to pay rent and got hit with a Cloudflare block screen. Anyo,6,15,0.31181951363881427,0.16666666666666666,0.061728141631760665,0.04155572928407709,0.034401752174294385,0.5250640471776327,0.5339207033316294,0.5289774398008983,0.5249992609024048,0.5941669940948486,0.3897896707057953,0.39567118883132935,0.46083641052246094,0.5515525341033936,1,5,0.16666666666666666,0.20209539898981652,1.242453324894,0.37286226613644224,0.6666666666666666,1.0,neutral,0.5,0.0,0.16666666666666666,0.3333333333333333,0.5,12.871156384205214,15.75,0.33002965087705677,1.0,1.0,0.0,0.0,0.0032293184340232983,0.015219327993690968,0.008846208453178406,4.047513205781191e-06,1.6563490135013126e-05,9.262573826163134e-06,0.0002274228366635119,0.001141598797403276,0.0006215787107066717,0.0006871218583910377,0.003988821525126696,0.002020888745391858,0.00034627530597693595,0.0009902851888909936,0.0008262835908681154,0.00011980782195072,0.00028573660529218614,0.00019933500880142674,0.0007689989617018809,0.0036070556000898555,0.0020872595137954404
196,Just got approved for the Capital One Venture X Business! The 150k mile SUB is insane. Planning to h,9,36,0.324506057633294,0.2222222222222222,0.08050081804328447,0.053051112547566226,0.043656653529611664,0.5322104692459106,0.5314355178011788,0.5312087113658587,0.5327391922473907,0.6009488701820374,0.30809468030929565,0.31722790002822876,0.4863904118537903,0.4995236396789551,1,8,0.1111111111111111,0.15311269213755926,1.0027182645175161,0.3009173841088146,0.7777777777777778,0.625,neutral,0.6666666666666666,0.0,0.1111111111111111,0.2222222222222222,0.6666666666666666,7.039570693980958,6.0,0.21998658418690495,1.0,1.0,0.0,0.0,0.002314852941910633,0.015219327993690968,0.005022336728870871,3.192781112678252e-06,1.6563490135013126e-05,4.882024040853142e-06,0.0001619421295294564,0.001141598797403276,0.0003095666586887093,0.00046631888633580983,0.003988821525126696,0.0008401290775509558,0.0002683409863190415,0.0009902851888909936,0.0007278826320543887,0.00010805697416395156,0.00028573660529218614,0.00014749405090697112,0.0005537841165619285,0.0036070556000898555,0.0011753818620187915
197,Has anyone tried the Grow Credit Mastercard? I keep seeing ads for it. The whole 'subscription-based,6,15,0.30896151065826416,0.16666666666666666,0.06483428794488583,0.044018178889013555,0.03585939741883766,0.512573762734731,0.5971007863680522,0.5488306522369385,0.5465865135192871,0.6294925808906555,0.3897896707057953,0.39567118883132935,0.46083641052246094,0.5515525341033936,1,5,0.16666666666666666,0.20209539898981652,1.242453324894,0.37286226613644224,0.6666666666666666,1.0,neutral,0.5,0.0,0.16666666666666666,0.3333333333333333,0.5,15.614274096337477,18.0,0.5064088896109452,1.0,1.0,0.0,0.0,0.0032293184340232983,0.015219327993690968,0.008846208453178406,4.047513205781191e-06,1.6563490135013126e-05,9.262573826163134e-06,0.0002274228366635119,0.001141598797403276,0.0006215787107066717,0.0006871218583910377,0.003988821525126696,0.002020888745391858,0.00034627530597693595,0.0009902851888909936,0.0008262835908681154,0.00011980782195072,0.00028573660529218614,0.00019933500880142674,0.0007689989617018809,0.0036070556000898555,0.0020872595137954404
198,Apple Card just added 3% back at Hertz?! I'm literally booking a car for my trip to Denver next week,6,15,0.33880963424841565,0.5,0.09036615860602494,0.05637265610641406,0.04420188867820226,0.557436058918635,0.5478972673416138,0.5522667189439138,0.551155149936676,0.6401832103729248,0.3897896707057953,0.39567118883132935,0.46083641052246094,0.5515525341033936,1,5,0.16666666666666666,0.20209539898981652,1.242453324894,0.37286226613644224,0.6666666666666666,1.0,neutral,0.5,0.0,0.16666666666666666,0.3333333333333333,0.5,6.298147875897061,10.25,0.17994708216848745,1.0,1.0,0.0,0.0,0.0032293184340232983,0.015219327993690968,0.008846208453178406,4.047513205781191e-06,1.6563490135013126e-05,9.262573826163134e-06,0.0002274228366635119,0.001141598797403276,0.0006215787107066717,0.0006871218583910377,0.003988821525126696,0.002020888745391858,0.00034627530597693595,0.0009902851888909936,0.0008262835908681154,0.00011980782195072,0.00028573660529218614,0.00019933500880142674,0.0007689989617018809,0.0036070556000898555,0.0020872595137954404
199,I've been looking at the Chase Sapphire Preferred for a while now. The 60k signup bonus sounds great,4,6,0.31789399683475494,0.0,0.1069216963788709,0.07020068398224556,0.05562622956995231,0.5862988432248434,0.5710633794466654,0.5784364740053812,0.5786014497280121,0.5982356667518616,0.38050708174705505,0.35342472791671753,0.38050708174705505,0.48691147565841675,1,3,0.25,0.28538324451074004,1.0397207708399179,0.3120218965147642,0.5,1.0,neutral,0.5,0.0,0.25,0.25,0.5,2.9154759474226504,2.5,0.10053365335940173,3.0,1.75,1.0,1.3333333333333333,0.0009437815460842103,0.002473088912665844,0.0018850862514227633,1.5952975331856578e-06,1.9616575173131423e-06,1.8355373299527855e-06,4.945526598021388e-05,0.00010155862401006743,8.323457223013976e-05,2.9220484520919854e-05,5.295596565701999e-05,4.4002213144267444e-05,0.00024640191259095445,0.0006622819928452373,0.0005006384002626874,8.8445960500394e-05,0.00011293341231066734,0.00010384339984739199,0.00022648341120164636,0.0005674634275010249,0.00043644006237286714
2,Title: Wells Fargo Autograph Card: 0 Annual Fee + $200 Bonus. Worth the hassle? I keep seeing ads fo,11,55,0.31467773155732587,0.18181818181818182,0.06373457350577778,0.0461715430103589,0.039137630780742096,0.5305518312887711,0.5345101454041221,0.5309986358339136,0.5290927290916443,0.5973024964332581,0.2883043885231018,0.2776665687561035,0.5005500316619873,0.483757883310318,1,10,0.09090909090909091,0.13173526711761951,1.4205719259467045,0.4263159483785742,0.8181818181818182,0.7,neutral,0.5454545454545454,0.09090909090909091,0.09090909090909091,0.18181818181818182,0.6363636363636364,13.493800229294163,16.5,0.4511604939885586,1.0,1.0,0.0,0.0,0.001977265746311539,0.015219327993690968,0.002473088912665844,2.887186104255141e-06,1.6563490135013126e-05,1.9616575173131423e-06,0.00013838716288525822,0.001141598797403276,0.00010155862401006743,0.00038606721930343406,0.003988821525126696,5.295596565701999e-05,0.00023865247798808426,0.0009902851888909936,0.0006622819928452373,0.00010179609671467915,0.00028573660529218614,0.00011293341231066734,0.00047417598155120833,0.0036070556000898555,0.0005674634275010249
20,Just applied for the Capital One Venture X Business card after hearing great things about the 150K b,8,28,0.31186823919415474,0.25,0.0783716488177557,0.04709759311864821,0.03531211103556456,0.5447252296975681,0.5586924286825317,0.5503614268132618,0.5492678880691528,0.6332597732543945,0.3060724139213562,0.3202913999557495,0.4676225781440735,0.5034312605857849,1,7,0.125,0.1587784793227911,1.0735428464085233,0.3221719564721667,0.75,0.7142857142857143,neutral,0.625,0.0,0.125,0.25,0.625,19.12459149890528,15.5,0.4346498067933018,1.0,1.0,0.0,0.0,0.0025452054651395883,0.015219327993690968,0.006296960636973379,3.4154154207044485e-06,1.6563490135013126e-05,6.342207302623135e-06,0.0001781177290922642,0.001141598797403276,0.0004135706760280298,0.0005220871712481312,0.003988821525126696,0.001233715633497922,0.0002873785679184948,0.0009902851888909936,0.0007606829516589641,0.00011245538462389959,0.00028573660529218614,0.00016477437020512292,0.0006081099555738472,0.0036070556000898555,0.0014793410792776733
200,The new Choice Privileges card bonus (60k points) is actually fire for budget travel. You can get li,7,21,0.3205432082925524,0.2857142857142857,0.07944695125444719,0.05885121964960538,0.05125748955660984,0.5449672568412054,0.5561540311291104,0.5502380132675171,0.5515623688697815,0.5865383148193359,0.34605351090431213,0.36338183283805847,0.4676225781440735,0.5301722884178162,1,6,0.14285714285714285,0.1783913073262998,1.15374194270109,0.3462398358738274,0.7142857142857143,0.8333333333333334,neutral,0.5714285714285714,0.0,0.14285714285714285,0.2857142857142857,0.5714285714285714,4.580348440537542,7.5,0.20039024427351748,1.0,1.0,0.0,0.0,0.0028434258711058646,0.015219327993690968,0.007571584545075899,3.7060930740803348e-06,1.6563490135013126e-05,7.802390564393141e-06,0.00019927590281960356,0.001141598797403276,0.0005175746933673512,0.000593691911750024,0.003988821525126696,0.0016273021894448916,0.0003117857600695321,0.0009902851888909936,0.0007934832712635398,0.00011776789636184861,0.00028573660529218614,0.0001820546895032749,0.0006782755725301589,0.0036070556000898555,0.0017833002965365581
21,Just applied for the Wells Fargo Autograph Card after seeing the 20k bonus ($200 cash redemption) fo,10,45,0.3127952337265015,0.1,0.08606891684076362,0.05594774599994141,0.0435047778086831,0.5581136816077762,0.5791226042641534,0.5672869775030348,0.5662345886230469,0.6410976052284241,0.30144166946411133,0.3185763955116272,0.5005500316619873,0.5010342001914978,1,9,0.1,0.14001049902290105,1.2275294114572126,0.3683835754104631,0.8,0.6666666666666666,neutral,0.6,0.0,0.1,0.2,0.7,11.311940593903417,11.75,0.37456756933455027,1.0,1.0,0.0,0.0,0.002123324552667327,0.015219327993690968,0.003747712820768352,3.021133147740329e-06,1.6563490135013126e-05,3.4218407790831352e-06,0.00014857312071399066,0.001141598797403276,0.0002055626413493879,0.0004220470125801512,0.003988821525126696,0.00044654252160398615,0.00025126917971647346,0.0009902851888909936,0.0006950823124498128,0.00010436556040076539,0.00028573660529218614,0.00013021373160881916,0.0005087667598710748,0.0036070556000898555,0.0008714226447599069
22,Just approved for the BofA Custom Cash Rewards card after switching from a dino card (RIP). Selected,9,36,0.3252023094230228,0.1111111111111111,0.08265927905060422,0.05079979183622607,0.038132726935353835,0.5427535606755151,0.5596086747116513,0.5496555699242486,0.5551145076751709,0.6093050837516785,0.30809468030929565,0.31722790002822876,0.4863904118537903,0.4995236396789551,1,8,0.1111111111111111,0.15311269213755926,1.0027182645175161,0.3009173841088146,0.7777777777777778,0.625,neutral,0.6666666666666666,0.0,0.1111111111111111,0.2222222222222222,0.6666666666666666,16.076975331276376,11.0,0.45358237611751534,1.0,1.0,0.0,0.0,0.002314852941910633,0.015219327993690968,0.005022336728870871,3.192781112678252e-06,1.6563490135013126e-05,4.882024040853142e-06,0.0001619421295294564,0.001141598797403276,0.0003095666586887093,0.00046631888633580983,0.003988821525126696,0.0008401290775509558,0.0002683409863190415,0.0009902851888909936,0.0007278826320543887,0.00010805697416395156,0.00028573660529218614,0.00014749405090697112,0.0005537841165619285,0.0036070556000898555,0.0011753818620187915
23,Just found out the Grow Credit Mastercard requires you to *already* have a subscription to their ser,9,36,0.31179041663805646,0.2222222222222222,0.0750035888017257,0.04816520056313418,0.038755125708878506,0.528512561486827,0.5313816683159934,0.5292347346742948,0.5269404351711273,0.5879435539245605,0.30809468030929565,0.31722790002822876,0.4863904118537903,0.4995236396789551,1,8,0.1111111111111111,0.15311269213755926,1.0027182645175161,0.3009173841088146,0.7777777777777778,0.625,neutral,0.6666666666666666,0.0,0.1111111111111111,0.2222222222222222,0.6666666666666666,8.96908269804914,6.0,0.2468554871022699,1.0,1.0,0.0,0.0,0.002314852941910633,0.015219327993690968,0.005022336728870871,3.192781112678252e-06,1.6563490135013126e-05,4.882024040853142e-06,0.0001619421295294564,0.001141598797403276,0.0003095666586887093,0.00046631888633580983,0.003988821525126696,0.0008401290775509558,0.0002683409863190415,0.0009902851888909936,0.0007278826320543887,0.00010805697416395156,0.00028573660529218614,0.00014749405090697112,0.0005537841165619285,0.0036070556000898555,0.0011753818620187915
24,"Hey r/creditcards, I noticed the Choice Privileges® Mastercard® page updated their sign-up bonus fro",13,78,0.3088100735957806,0.15384615384615385,0.0626679985650935,0.04386868202904933,0.037044932643169076,0.5176998323354965,0.5660292242582028,0.5355420685731448,0.5385552048683167,0.6688304543495178,0.23561275005340576,0.23273035883903503,0.49185046553611755,0.39937490224838257,1,12,0.07692307692307693,0.11297739769976872,1.631345420808597,0.48956941743135163,0.6153846153846154,0.9166666666666666,neutral,0.46153846153846156,0.07692307692307693,0.23076923076923078,0.3076923076923077,0.38461538461538464,24.43394670288224,30.0,0.7747348954572416,1.0,1.0,0.0,0.0,0.001896014204248786,0.015219327993690968,0.0023070322349667558,2.6424690024494057e-06,1.6563490135013126e-05,1.8862568822441976e-06,0.00012324332951371057,0.001141598797403276,9.091485699173066e-05,0.000331636678031198,0.003988821525126696,5.0418796308804314e-05,0.0002503179247679117,0.0009902851888909936,0.0006016440864186736,0.00010632603516569361,0.00028573660529218614,0.00013235289661679418,0.00045169677345495814,0.0036070556000898555,0.000527970427898102
25,New to cashback cards and looking at the Bank of America® Customized Cash Rewards. The 6% first-year,11,55,0.30245345018126746,0.0,0.08925529276488163,0.057222050400521314,0.0447152432413749,0.5511036428538236,0.5661284549669786,0.5569721113551747,0.563115119934082,0.6568685173988342,0.2883043885231018,0.2776665687561035,0.5005500316619873,0.483757883310318,1,10,0.09090909090909091,0.13173526711761951,1.4205719259467045,0.4263159483785742,0.8181818181818182,0.7,neutral,0.5454545454545454,0.09090909090909091,0.09090909090909091,0.18181818181818182,0.6363636363636364,9.46590226999645,13.5,0.324376713302059,1.0,1.0,0.0,0.0,0.001977265746311539,0.015219327993690968,0.002473088912665844,2.887186104255141e-06,1.6563490135013126e-05,1.9616575173131423e-06,0.00013838716288525822,0.001141598797403276,0.00010155862401006743,0.00038606721930343406,0.003988821525126696,5.295596565701999e-05,0.00023865247798808426,0.0009902851888909936,0.0006622819928452373,0.00010179609671467915,0.00028573660529218614,0.00011293341231066734,0.00047417598155120833,0.0036070556000898555,0.0005674634275010249
26,"Hey everyone, I'm heading to state school next month and finally ready to open my first credit card.",11,55,0.30745079029690137,0.09090909090909091,0.06640140803069361,0.0433099476915355,0.03451252924654498,0.5342568121173165,0.5381597307595339,0.5351577352393757,0.5385663509368896,0.6038614511489868,0.23879267275333405,0.2300681322813034,0.4942410886287689,0.4569455683231354,2,9,0.18181818181818182,0.21317316540940243,1.6417347121875212,0.4926872606931321,0.6363636363636364,1.0,neutral,0.36363636363636365,0.18181818181818182,0.18181818181818182,0.2727272727272727,0.36363636363636365,15.212543758468067,23.5,0.36939951731379417,1.0,1.0,0.0,0.0,0.0025022690507202324,0.015219327993690968,0.0063504409044981,2.9324635616748393e-06,1.6563490135013126e-05,2.2252791040955344e-06,0.0001508134383501866,0.001141598797403276,0.00017215182015206665,0.00039067545185389463,0.003988821525126696,8.278757013613358e-05,0.0003790972828441723,0.001661668298766017,0.0009902851888909936,0.00011583442458438434,0.00028573660529218614,0.0002591365191619843,0.0005902703519857575,0.0036070556000898555,0.001421401731969733
27,Just applied for the Capital One Savor Cash Card after seeing their $200 bonus offer. The 3% cash ba,17,136,0.3116909598602968,0.29411764705882354,0.09532077740422655,0.059964990474417605,0.0459102042023551,0.5450763071284574,0.5443333155092072,0.5440210299018551,0.5433897078037262,0.6518054604530334,0.2323072999715805,0.2100295126438141,0.5307909250259399,0.4018440246582031,1,16,0.058823529411764705,0.11497738502700539,1.5792331346113395,0.4739304354786751,0.7647058823529411,0.75,neutral,0.47058823529411764,0.17647058823529413,0.058823529411764705,0.11764705882352941,0.6470588235294118,6.277327798566635,10.0,0.1922785091452843,1.0,1.0,0.0,0.0,0.0016570089997805875,0.015219327993690968,0.002975388895720244,2.48758496635513e-06,1.6563490135013126e-05,2.5403288873349087e-06,0.00011355511645995327,0.001141598797403276,0.00015539103333139798,0.00026281177569591603,0.003988821525126696,7.583734332001769e-05,0.00023268984060611248,0.0009902851888909936,0.0006758236326277257,9.771612488240113e-05,0.00028573660529218614,0.00011882660037372262,0.0003943782403985542,0.0036070556000898555,0.0006673013057100737
28,Just got approved for the U.S. Bank Smartly Visa Signature card - anyone else using this? I've been ,13,78,0.31275763649206895,0.15384615384615385,0.059967735826106934,0.03804294495445171,0.030121475543191643,0.5153094159486966,0.5281166396079919,0.5201241129483932,0.5211541056632996,0.5967088341712952,0.2785091996192932,0.2675952911376953,0.5010589957237244,0.43787282705307007,1,12,0.07692307692307693,0.11765420293578735,1.5247073930301436,0.45756717163496546,0.8461538461538461,0.6666666666666666,neutral,0.46153846153846156,0.07692307692307693,0.15384615384615385,0.15384615384615385,0.6153846153846154,22.99215199267867,34.0,0.5083298909945965,1.0,1.0,0.0,0.0,0.0017474248642639185,0.015219327993690968,0.002084085228852929,2.658896024653446e-06,1.6563490135013126e-05,1.9008404706255534e-06,0.00012160829772675733,0.001141598797403276,8.934258949011568e-05,0.0003300052391680835,0.003988821525126696,4.898721890640447e-05,0.0002203952093483307,0.0009902851888909936,0.0005554462317377333,9.96538717747451e-05,0.00028573660529218614,0.00011145239841425791,0.0004202910630510815,0.0036070556000898555,0.00048075778950078555
29,"Alright r/PersonalFinance, I’m considering the DCU Visa Platinum Secured Credit Card to rebuild my c",9,36,0.3302025530073378,0.2222222222222222,0.09899936829167547,0.05948982019034531,0.041827433311120744,0.5490167215466499,0.5651382812195354,0.5561930909752846,0.5536730587482452,0.6094672679901123,0.30809468030929565,0.31722790002822876,0.4863904118537903,0.4995236396789551,1,8,0.1111111111111111,0.15311269213755926,1.0027182645175161,0.3009173841088146,0.7777777777777778,0.625,neutral,0.6666666666666666,0.0,0.1111111111111111,0.2222222222222222,0.6666666666666666,16.287539734941063,13.0,0.3601667263254781,1.0,1.0,0.0,0.0,0.002314852941910633,0.015219327993690968,0.005022336728870871,3.192781112678252e-06,1.6563490135013126e-05,4.882024040853142e-06,0.0001619421295294564,0.001141598797403276,0.0003095666586887093,0.00046631888633580983,0.003988821525126696,0.0008401290775509558,0.0002683409863190415,0.0009902851888909936,0.0007278826320543887,0.00010805697416395156,0.00028573660529218614,0.00014749405090697112,0.0005537841165619285,0.0036070556000898555,0.0011753818620187915
3,Just got approved for the OpenSky Plus Secured Visa after 3 other cards rejected me in a row. No cre,15,105,0.3133951246738434,0.13333333333333333,0.07014278044371357,0.039241481227437744,0.02637919254543182,0.5217947057315282,0.5241216957569123,0.5206623593966166,0.5205962061882019,0.604021430015564,0.3018159568309784,0.30646252632141113,0.5583838224411011,0.483757883310318,1,14,0.06666666666666667,0.10060670574506124,1.7670091910745693,0.5302823358166758,0.8666666666666667,0.7857142857142857,neutral,0.3333333333333333,0.26666666666666666,0.2,0.13333333333333333,0.4,52.78029935496767,85.0,0.5626897585817449,1.0,1.0,0.0,0.0,0.0015843960844601193,0.015219327993690968,0.0017691645072773093,2.510528626468537e-06,1.6563490135013126e-05,1.9296778191346677e-06,0.00011024841672527449,0.001141598797403276,7.716161198914049e-05,0.00029130090248751607,0.003988821525126696,6.056757847545668e-05,0.00020706459423915172,0.0009902851888909936,0.00044927609269507213,9.700493634833644e-05,0.00028573660529218614,0.00010997138451784849,0.0003820875771478111,0.0036070556000898555,0.0004104119313221113
30,Is the BofA Travel Rewards card actually worth it for students? I’m a freshman and my parents sugges,15,105,0.3201545516649882,0.13333333333333333,0.07786405624334222,0.052886113130572836,0.042185015231548696,0.5453401642186301,0.5514871100584666,0.5478363828999656,0.5441376566886902,0.6306988000869751,0.21007364988327026,0.18739667534828186,0.4736683964729309,0.38050124049186707,2,13,0.13333333333333333,0.160189883907636,1.0625354080615974,0.31886860629863634,0.8,0.8571428571428571,neutral,0.5333333333333333,0.06666666666666667,0.2,0.13333333333333333,0.6,8.977502746062267,10.0,0.29022099394597844,1.0,1.0,0.0,0.0,0.0015813405741937458,0.015219327993690968,0.0017750472994521253,2.4643493058344273e-06,1.6563490135013126e-05,1.8644389001565287e-06,0.00010934399700393746,0.001141598797403276,7.925315294414756e-05,0.0002884635502899376,0.003988821525126696,4.668449182645417e-05,0.00020803874116002893,0.0009902851888909936,0.00045342023367993516,9.411831269972027e-05,0.00028573660529218614,0.00010617250518407673,0.0003806282541088675,0.0036070556000898555,0.00041040702033114926
31,Hi r/creditcards! I've been doing some research on cash back cards and the PenFed Pathfinder keeps c,10,45,0.30556034445762636,0.0,0.05892743732079347,0.036064709428310644,0.027793737325828814,0.5125857055187225,0.5214605073134104,0.5151922331915961,0.5170117020606995,0.5859186053276062,0.30144166946411133,0.3185763955116272,0.5005500316619873,0.5010342001914978,1,9,0.1,0.14001049902290105,1.2275294114572126,0.3683835754104631,0.8,0.6666666666666666,neutral,0.6,0.0,0.1,0.2,0.7,28.04086303950005,27.5,0.5509010420333998,1.0,1.0,0.0,0.0,0.002123324552667327,0.015219327993690968,0.003747712820768352,3.021133147740329e-06,1.6563490135013126e-05,3.4218407790831352e-06,0.00014857312071399066,0.001141598797403276,0.0002055626413493879,0.0004220470125801512,0.003988821525126696,0.00044654252160398615,0.00025126917971647346,0.0009902851888909936,0.0006950823124498128,0.00010436556040076539,0.00028573660529218614,0.00013021373160881916,0.0005087667598710748,0.0036070556000898555,0.0008714226447599069
32,"The new Choice Privileges Mastercard is offering 60,000 bonus points after spending $1,000 in 3 mont",12,66,0.3113320966561635,0.0,0.1010734001920766,0.06725086791218728,0.052097741499723266,0.5533292478684223,0.5598388508413777,0.5544283060413419,0.5605921745300293,0.6381385922431946,0.27838340401649475,0.2766239047050476,0.5005500316619873,0.45776668190956116,1,11,0.08333333333333333,0.125513871666044,1.4735023850806486,0.44220046536194546,0.8333333333333334,0.6363636363636364,neutral,0.5,0.08333333333333333,0.16666666666666666,0.16666666666666666,0.5833333333333334,14.549484526951462,12.0,0.5150260009540341,1.0,1.0,0.0,0.0,0.0018506360283936374,0.015219327993690968,0.0022785870707593865,2.7624038428560502e-06,1.6563490135013126e-05,1.931248993969348e-06,0.00012940525736363875,0.001141598797403276,9.545060675009155e-05,0.00035566034663740237,0.003988821525126696,5.0971592281712225e-05,0.00022808621118504865,0.0009902851888909936,0.0006084007953177209,9.966786819859408e-05,0.00028573660529218614,0.00011219290536246262,0.00044436968593686293,0.0036070556000898555,0.0005241106085009052
33,"Hey everyone, I'm looking at the Capital One VentureOne Rewards Card. I see it has a $0 annual fee a",10,45,0.2902835100889206,0.0,0.07335427906115705,0.04228492449700012,0.03152283969102638,0.5280125121275584,0.5403412428167131,0.5314012805620829,0.5341979265213013,0.5780037641525269,0.24654719233512878,0.20568163692951202,0.4920225739479065,0.45345500111579895,1,9,0.1,0.13465733947232367,1.6094379124341,0.48299493849177866,0.7,1.0,neutral,0.4,0.2,0.1,0.2,0.5,21.71842535728592,28.75,0.4924813006187283,1.0,1.0,0.0,0.0,0.00066235022386536,0.002473088912665844,0.0009024952829349779,1.4908935327184735e-06,1.9616575173131423e-06,1.7429156287107615e-06,3.838268512481591e-05,0.00010155862401006743,5.137131411174776e-05,2.4906365433707832e-05,5.295596565701999e-05,3.884514953824691e-05,0.00016700786072760821,0.0006622819928452373,0.00019234303472330776,8.480552351102233e-05,0.00011293341231066734,9.772137127583846e-05,0.00016315725869920546,0.0005674634275010249,0.00021408651136880494
34,Just got approved for the Self Visa® Credit Card today after my credit score tanked to 540. No credi,9,36,0.3155483040544722,0.0,0.06145683074304468,0.03689987744262811,0.026705021865458034,0.4973425045609474,0.530946740673648,0.5129794784718089,0.5127926468849182,0.631523847579956,0.30809468030929565,0.31722790002822876,0.4863904118537903,0.4995236396789551,1,8,0.1111111111111111,0.15311269213755926,1.0027182645175161,0.3009173841088146,0.7777777777777778,0.625,neutral,0.6666666666666666,0.0,0.1111111111111111,0.2222222222222222,0.6666666666666666,32.21264225405383,43.0,0.5104115850114164,1.0,1.0,0.0,0.0,0.002314852941910633,0.015219327993690968,0.005022336728870871,3.192781112678252e-06,1.6563490135013126e-05,4.882024040853142e-06,0.0001619421295294564,0.001141598797403276,0.0003095666586887093,0.00046631888633580983,0.003988821525126696,0.0008401290775509558,0.0002683409863190415,0.0009902851888909936,0.0007278826320543887,0.00010805697416395156,0.00028573660529218614,0.00014749405090697112,0.0005537841165619285,0.0036070556000898555,0.0011753818620187915
35,Just got my first job and want to start building credit. The BankAmericard® seems good—no annual fee,11,55,0.3194086958061565,0.18181818181818182,0.09815574644332627,0.0641506533332323,0.04944817354557699,0.556207779862664,0.5696157076142051,0.5622347707098181,0.5561768412590027,0.6529198884963989,0.2883043885231018,0.2776665687561035,0.5005500316619873,0.483757883310318,1,10,0.09090909090909091,0.13173526711761951,1.4205719259467045,0.4263159483785742,0.8181818181818182,0.7,neutral,0.5454545454545454,0.09090909090909091,0.09090909090909091,0.18181818181818182,0.6363636363636364,8.295174341469377,12.0,0.27734625457800344,1.0,1.0,0.0,0.0,0.001977265746311539,0.015219327993690968,0.002473088912665844,2.887186104255141e-06,1.6563490135013126e-05,1.9616575173131423e-06,0.00013838716288525822,0.001141598797403276,0.00010155862401006743,0.00038606721930343406,0.003988821525126696,5.295596565701999e-05,0.00023865247798808426,0.0009902851888909936,0.0006622819928452373,0.00010179609671467915,0.00028573660529218614,0.00011293341231066734,0.00047417598155120833,0.0036070556000898555,0.0005674634275010249
36,Has anyone actually tried the Atmos™ Rewards Ascent Visa Signature? I keep getting these pre-approve,12,66,0.31813952326774597,0.08333333333333333,0.06194226181350533,0.04152899606456547,0.03372281530029537,0.5225673349517764,0.532039515448339,0.5256093573389631,0.5284623801708221,0.6203934550285339,0.27838340401649475,0.2766239047050476,0.5005500316619873,0.45776668190956116,1,11,0.08333333333333333,0.125513871666044,1.4735023850806486,0.44220046536194546,0.8333333333333334,0.6363636363636364,neutral,0.5,0.08333333333333333,0.16666666666666666,0.16666666666666666,0.5833333333333334,24.644556532156685,17.25,0.5833031131871405,1.0,1.0,0.0,0.0,0.0018506360283936374,0.015219327993690968,0.0022785870707593865,2.7624038428560502e-06,1.6563490135013126e-05,1.931248993969348e-06,0.00012940525736363875,0.001141598797403276,9.545060675009155e-05,0.00035566034663740237,0.003988821525126696,5.0971592281712225e-05,0.00022808621118504865,0.0009902851888909936,0.0006084007953177209,9.966786819859408e-05,0.00028573660529218614,0.00011219290536246262,0.00044436968593686293,0.0036070556000898555,0.0005241106085009052
37,"**Title: Is the Hilton Honors Amex Surpass still worth keeping in 2024?** Hey everyone, I've held on",10,45,0.30505003333091735,0.1,0.08477064784746619,0.0589904773688908,0.048417911800261976,0.5119661562972598,0.5355205065674252,0.5215852075152927,0.5212768912315369,0.5793825387954712,0.30144166946411133,0.3185763955116272,0.5005500316619873,0.5010342001914978,1,9,0.1,0.14001049902290105,1.2275294114572126,0.3683835754104631,0.8,0.6666666666666666,neutral,0.6,0.0,0.1,0.2,0.7,17.131549842323082,5.5,0.572961533188063,1.0,1.0,0.0,0.0,0.002123324552667327,0.015219327993690968,0.003747712820768352,3.021133147740329e-06,1.6563490135013126e-05,3.4218407790831352e-06,0.00014857312071399066,0.001141598797403276,0.0002055626413493879,0.0004220470125801512,0.003988821525126696,0.00044654252160398615,0.00025126917971647346,0.0009902851888909936,0.0006950823124498128,0.00010436556040076539,0.00028573660529218614,0.00013021373160881916,0.0005087667598710748,0.0036070556000898555,0.0008714226447599069
38,"Is the Chase Freedom Unlimited still worth applying for in 2024? Hey everyone, I'm trying to simplif",9,36,0.2947383357418908,0.0,0.06362128196972328,0.041171748104257506,0.032911622131825316,0.5146781553824743,0.5243004138271014,0.5177759544716941,0.520123153924942,0.6085543632507324,0.30809468030929565,0.31722790002822876,0.4863904118537903,0.4995236396789551,1,8,0.1111111111111111,0.15311269213755926,1.0027182645175161,0.3009173841088146,0.7777777777777778,0.625,neutral,0.6666666666666666,0.0,0.1111111111111111,0.2222222222222222,0.6666666666666666,24.984439601924677,13.0,0.5996265504461923,1.0,1.0,0.0,0.0,0.002314852941910633,0.015219327993690968,0.005022336728870871,3.192781112678252e-06,1.6563490135013126e-05,4.882024040853142e-06,0.0001619421295294564,0.001141598797403276,0.0003095666586887093,0.00046631888633580983,0.003988821525126696,0.0008401290775509558,0.0002683409863190415,0.0009902851888909936,0.0007278826320543887,0.00010805697416395156,0.00028573660529218614,0.00014749405090697112,0.0005537841165619285,0.0036070556000898555,0.0011753818620187915
39,Is the Hilton Amex Business Card still worth it in 2024? 🏨 I've been using this card for 3 years and,14,91,0.3062965359006609,0.0,0.05287608699376893,0.03917139912711695,0.033607386693656385,0.5071564208675217,0.5212861276589907,0.5125177725330814,0.5116370320320129,0.5972050428390503,0.2789020836353302,0.2681571841239929,0.5268419981002808,0.43520623445510864,1,13,0.07142857142857142,0.11094859867755856,1.468060203499046,0.4405672578067115,0.8571428571428571,0.6923076923076923,neutral,0.5,0.14285714285714285,0.14285714285714285,0.14285714285714285,0.5714285714285714,15.406896150087851,19.5,0.5027891517511187,1.0,1.0,0.0,0.0,0.0016524562982210358,0.015219327993690968,0.0018895833869464682,2.5678849624455324e-06,1.6563490135013126e-05,1.8704319472817586e-06,0.00011524612831895606,0.001141598797403276,8.32345722301397e-05,0.0003077970747783963,0.003988821525126696,4.7002845531096664e-05,0.00021280863126906167,0.0009902851888909936,0.0005020283511839803,9.79067210989472e-05,0.00028573660529218614,0.0001107118914660532,0.00039813045644147377,0.0036070556000898555,0.00043740497050066525
4,Title: Chime is blocking me again?!? Body: Third time this week I get the Cloudflare block page when,10,45,0.3142696589231491,0.2,0.10185489860256973,0.06830457426766198,0.053102649292855846,0.5235351926750607,0.5418557266394297,0.530955751074685,0.5270463824272156,0.6353952288627625,0.2846222519874573,0.276775985956192,0.4717971384525299,0.4569455683231354,1,9,0.1,0.13640628028661012,1.6957425341696346,0.5088950960217248,0.8,0.7777777777777778,neutral,0.3,0.1,0.2,0.2,0.5,7.8204859184068605,9.0,0.2918091760599575,1.0,1.0,0.0,0.0,0.0021258757362375034,0.015219327993690968,0.003747712820768352,3.011569754107768e-06,1.6563490135013126e-05,3.4218407790831352e-06,0.0001487965724663809,0.001141598797403276,0.0002055626413493879,0.00042159292825090234,0.003988821525126696,0.00044654252160398615,0.00025277206805185415,0.0009902851888909936,0.0006950823124498128,0.00010418344973004424,0.00028573660529218614,0.00013021373160881916,0.0005093720540817988,0.0036070556000898555,0.0008714226447599069
40,Title: Thinking about the Citi Simplicity Card. Is the 'No Late Fees' feature actually worth the 28%,10,45,0.30276348292827604,0.0,0.07640723120307674,0.05674707375136687,0.04896437236246205,0.5416695184177822,0.5706242077880436,0.5538869175646041,0.5549581050872803,0.617603063583374,0.30144166946411133,0.3185763955116272,0.5005500316619873,0.5010342001914978,1,9,0.1,0.14001049902290105,1.2275294114572126,0.3683835754104631,0.8,0.6666666666666666,neutral,0.6,0.0,0.1,0.2,0.7,13.529597185430172,17.75,0.5305724386443205,1.0,1.0,0.0,0.0,0.002123324552667327,0.015219327993690968,0.003747712820768352,3.021133147740329e-06,1.6563490135013126e-05,3.4218407790831352e-06,0.00014857312071399066,0.001141598797403276,0.0002055626413493879,0.0004220470125801512,0.003988821525126696,0.00044654252160398615,0.00025126917971647346,0.0009902851888909936,0.0006950823124498128,0.00010436556040076539,0.00028573660529218614,0.00013021373160881916,0.0005087667598710748,0.0036070556000898555,0.0008714226447599069
41,Anyone else getting aggressive Chase Slate promo emails lately? They're offering a 21-month 0% intro,8,28,0.3075934126973152,0.125,0.06903966090380788,0.05195056759440929,0.044969684191556794,0.5131866091064045,0.5218666132007327,0.5160002697791372,0.5192365050315857,0.5767213702201843,0.306072473526001,0.3202913999557495,0.4676225781440735,0.5034312605857849,1,7,0.125,0.1587784793227911,1.0735428464085233,0.3221719564721667,0.75,0.7142857142857143,neutral,0.625,0.0,0.125,0.25,0.625,10.936607106411019,12.5,0.47293436135831435,1.0,1.0,0.0,0.0,0.0025452054651395883,0.015219327993690968,0.006296960636973379,3.4154154207044485e-06,1.6563490135013126e-05,6.342207302623135e-06,0.0001781177290922642,0.001141598797403276,0.0004135706760280298,0.0005220871712481312,0.003988821525126696,0.001233715633497922,0.0002873785679184948,0.0009902851888909936,0.0007606829516589641,0.00011245538462389959,0.00028573660529218614,0.00016477437020512292,0.0006081099555738471,0.0036070556000898555,0.0014793410792776733
42,Thinking about applying for the Wyndham Earner Plus Card. The 10 free nights from the sign-up bonus ,10,45,0.3138576656579971,0.1,0.071225698291382,0.045210524221235664,0.03389657936182467,0.5446106129222446,0.5509892602761587,0.5464303586218092,0.5456058382987976,0.622418999671936,0.30144163966178894,0.3185763955116272,0.5005500316619873,0.5010342001914978,1,9,0.1,0.14001049902290105,1.2275294114572126,0.3683835754104631,0.8,0.6666666666666666,neutral,0.6,0.0,0.1,0.2,0.7,18.7840357750937,29.25,0.39628767458003583,1.0,1.0,0.0,0.0,0.002123324552667327,0.015219327993690968,0.003747712820768352,3.021133147740329e-06,1.6563490135013126e-05,3.4218407790831352e-06,0.00014857312071399066,0.001141598797403276,0.0002055626413493879,0.0004220470125801512,0.003988821525126696,0.00044654252160398615,0.00025126917971647346,0.0009902851888909936,0.0006950823124498128,0.00010436556040076539,0.00028573660529218614,0.00013021373160881916,0.0005087667598710748,0.0036070556000898555,0.0008714226447599069
43,United Explorer Card: 80K bonus + $0 first year fee = worth it? 🤔 Offer ends 5/20/26. Anyone scored ,11,55,0.31562256813049316,0.18181818181818182,0.0773067527211021,0.04554008079472773,0.03381714467206542,0.5360006289048629,0.5328721989284863,0.5340221762657166,0.5339444875717163,0.6157129406929016,0.2883043885231018,0.2776665687561035,0.5005500316619873,0.483757883310318,1,10,0.09090909090909091,0.13173526711761951,1.4205719259467045,0.4263159483785742,0.8181818181818182,0.7,neutral,0.5454545454545454,0.09090909090909091,0.09090909090909091,0.18181818181818182,0.6363636363636364,11.451659087999808,10.5,0.19202477129267972,1.0,1.0,0.0,0.0,0.001977265746311539,0.015219327993690968,0.002473088912665844,2.887186104255141e-06,1.6563490135013126e-05,1.9616575173131423e-06,0.00013838716288525822,0.001141598797403276,0.00010155862401006743,0.00038606721930343406,0.003988821525126696,5.295596565701999e-05,0.00023865247798808426,0.0009902851888909936,0.0006622819928452373,0.00010179609671467915,0.00028573660529218614,0.00011293341231066734,0.00047417598155120833,0.0036070556000898555,0.0005674634275010249
44,Just got approved for the Citi Strata Elite after 6 months of applying. Here's my honest take after ,11,55,0.31335823373361066,0.18181818181818182,0.074242453487298,0.042560930058325654,0.03150296077913855,0.5376304122534665,0.5487575460564006,0.5414554021575234,0.5366736054420471,0.6484029293060303,0.2883043885231018,0.2776665687561035,0.5005500316619873,0.483757883310318,1,10,0.09090909090909091,0.13173526711761951,1.4205719259467045,0.4263159483785742,0.8181818181818182,0.7,neutral,0.5454545454545454,0.09090909090909091,0.09090909090909091,0.18181818181818182,0.6363636363636364,23.756686748981984,35.0,0.45926810938278,1.0,1.0,0.0,0.0,0.001977265746311539,0.015219327993690968,0.002473088912665844,2.887186104255141e-06,1.6563490135013126e-05,1.9616575173131423e-06,0.00013838716288525822,0.001141598797403276,0.00010155862401006743,0.00038606721930343406,0.003988821525126696,5.295596565701999e-05,0.00023865247798808426,0.0009902851888909936,0.0006622819928452373,0.00010179609671467915,0.00028573660529218614,0.00011293341231066734,0.00047417598155120833,0.0036070556000898555,0.0005674634275010249
45,"Hey r/personalfinance, I just got hit with $800 in fraudulent charges on my current credit card. The",11,55,0.3239263485778462,0.18181818181818182,0.11087968579025928,0.0796004680503025,0.06442940254717593,0.5751651698892767,0.5685795269229196,0.5707922393625433,0.5721103549003601,0.6322806477546692,0.2883043885231018,0.2776665687561035,0.5005500316619873,0.483757883310318,1,10,0.09090909090909091,0.13173526711761951,1.4205719259467045,0.4263159483785742,0.8181818181818182,0.7,neutral,0.5454545454545454,0.09090909090909091,0.09090909090909091,0.18181818181818182,0.6363636363636364,7.6763024845762,8.0,0.25822424260042265,1.0,1.0,0.0,0.0,0.001977265746311539,0.015219327993690968,0.002473088912665844,2.887186104255141e-06,1.6563490135013126e-05,1.9616575173131423e-06,0.00013838716288525822,0.001141598797403276,0.00010155862401006743,0.00038606721930343406,0.003988821525126696,5.295596565701999e-05,0.00023865247798808426,0.0009902851888909936,0.0006622819928452373,0.00010179609671467915,0.00028573660529218614,0.00011293341231066734,0.00047417598155120833,0.0036070556000898555,0.0005674634275010249
46,I've been on the fence about the Capital One Venture X for a while now. With the current offer of 75,10,45,0.29361664950847627,0.0,0.07151222144936945,0.04218700322248848,0.030917734571372375,0.5035523017247517,0.5294190181626214,0.5144502646393246,0.520290732383728,0.5827736258506775,0.30144166946411133,0.3185763955116272,0.5005500316619873,0.5010342001914978,1,9,0.1,0.14001049902290105,1.2275294114572126,0.3683835754104631,0.8,0.6666666666666666,neutral,0.6,0.0,0.1,0.2,0.7,25.245989780557228,26.25,0.5281587820200258,1.0,1.0,0.0,0.0,0.002123324552667327,0.015219327993690968,0.003747712820768352,3.021133147740329e-06,1.6563490135013126e-05,3.4218407790831352e-06,0.00014857312071399066,0.001141598797403276,0.0002055626413493879,0.0004220470125801512,0.003988821525126696,0.00044654252160398615,0.00025126917971647346,0.0009902851888909936,0.0006950823124498128,0.00010436556040076539,0.00028573660529218614,0.00013021373160881916,0.0005087667598710748,0.0036070556000898555,0.0008714226447599069
47,Is the Wells Fargo Active Cash Card actually worth it in 2024? I keep seeing ads for this card with ,13,78,0.3106977458183582,0.23076923076923078,0.09201503222888287,0.046332505502584755,0.030158036596030138,0.5109966301765198,0.5151563577162914,0.5119552237865252,0.506453812122345,0.6305010914802551,0.2785091996192932,0.2675952911376953,0.5010589957237244,0.43787282705307007,1,12,0.07692307692307693,0.11765420293578735,1.5247073930301436,0.45756717163496546,0.8461538461538461,0.6666666666666666,neutral,0.46153846153846156,0.07692307692307693,0.15384615384615385,0.15384615384615385,0.6153846153846154,33.47011384369733,52.0,0.33651313222588186,1.0,1.0,0.0,0.0,0.0017474248642639185,0.015219327993690968,0.002084085228852929,2.658896024653446e-06,1.6563490135013126e-05,1.9008404706255534e-06,0.00012160829772675733,0.001141598797403276,8.934258949011568e-05,0.0003300052391680835,0.003988821525126696,4.898721890640447e-05,0.0002203952093483307,0.0009902851888909936,0.0005554462317377333,9.96538717747451e-05,0.00028573660529218614,0.00011145239841425791,0.0004202910630510815,0.0036070556000898555,0.00048075778950078555
48,"Just got approved for the BankAmericard today! The no annual fee is nice, but I’m wary of those 22-2",8,28,0.3259683921933174,0.125,0.10447692228843561,0.06786974568646816,0.05517595245469616,0.5590995422431401,0.5473213014858109,0.5526881835290364,0.5472123026847839,0.6374195218086243,0.3060724139213562,0.3202913999557495,0.4676225781440735,0.5034312605857849,1,7,0.125,0.1587784793227911,1.0735428464085233,0.3221719564721667,0.75,0.7142857142857143,neutral,0.625,0.0,0.125,0.25,0.625,4.242640687119285,5.75,0.18856180831641264,1.0,1.0,0.0,0.0,0.0025452054651395883,0.015219327993690968,0.006296960636973379,3.4154154207044485e-06,1.6563490135013126e-05,6.342207302623135e-06,0.0001781177290922642,0.001141598797403276,0.0004135706760280298,0.0005220871712481312,0.003988821525126696,0.001233715633497922,0.0002873785679184948,0.0009902851888909936,0.0007606829516589641,0.00011245538462389959,0.00028573660529218614,0.00016477437020512292,0.0006081099555738472,0.0036070556000898555,0.0014793410792776733
49,Anyone else regret opening an OpenSky Secured Visa? [Story Inside] I opened this card 6 months ago t,11,55,0.3220051445744254,0.09090909090909091,0.0728623026152327,0.05065126623560555,0.04163126704468769,0.5277586357160048,0.5320902878587896,0.5294626712799072,0.5219798684120178,0.6041113138198853,0.2883043885231018,0.2776665687561035,0.5005500316619873,0.483757883310318,1,10,0.09090909090909091,0.13173526711761951,1.4205719259467045,0.4263159483785742,0.8181818181818182,0.7,neutral,0.5454545454545454,0.09090909090909091,0.09090909090909091,0.18181818181818182,0.6363636363636364,12.37165515360291,7.0,0.3888234476846629,1.0,1.0,0.0,0.0,0.001977265746311539,0.015219327993690968,0.002473088912665844,2.887186104255141e-06,1.6563490135013126e-05,1.9616575173131423e-06,0.00013838716288525822,0.001141598797403276,0.00010155862401006743,0.00038606721930343406,0.003988821525126696,5.295596565701999e-05,0.00023865247798808426,0.0009902851888909936,0.0006622819928452373,0.00010179609671467915,0.00028573660529218614,0.00011293341231066734,0.00047417598155120833,0.0036070556000898555,0.0005674634275010249
5,Is the Amex Platinum card still worth it in 2023? The $895 annual fee is brutal but that 175k point ,11,55,0.29711496559056366,0.0,0.08632289834103099,0.060703235327106614,0.05092383273988137,0.5556003857742656,0.5424271821975708,0.548623357035897,0.5425299406051636,0.6541005969047546,0.2856386601924896,0.276775985956192,0.48322534561157227,0.4569455683231354,1,10,0.09090909090909091,0.12704300253906034,1.6726254461503207,0.5019576202609413,0.8181818181818182,1.0,neutral,0.2727272727272727,0.18181818181818182,0.18181818181818182,0.18181818181818182,0.45454545454545453,4.37120555642593,6.5,0.16990551632750966,1.0,1.0,0.0,0.0,0.001971807140348987,0.015219327993690968,0.002473088912665844,2.8574675277261785e-06,1.6563490135013126e-05,1.9616575173131423e-06,0.00013826448114493607,0.001141598797403276,0.00010155862401006743,0.00038497579060441984,0.003988821525126696,5.295596565701999e-05,0.00024049142402046445,0.0009902851888909936,0.0006622819928452373,0.00010055836570576172,0.00028573660529218614,0.00011293341231066734,0.00047315911155871595,0.0036070556000898555,0.0005674634275010249
50,Title: Just got pre-approved for the Capital One Savor Student card. Is it worth applying for? Body:,11,55,0.3162682733752511,0.09090909090909091,0.0705424223713662,0.047794926317075395,0.03952716374842785,0.5254062966866927,0.5234552296725187,0.5234759867191314,0.5250749588012695,0.6008228659629822,0.2038087397813797,0.1784307062625885,0.43961101770401,0.3845314085483551,1,10,0.09090909090909091,0.14348093259402298,1.6417347121875214,0.4926872606931322,0.7272727272727273,0.9,neutral,0.36363636363636365,0.09090909090909091,0.09090909090909091,0.18181818181818182,0.6363636363636364,10.429614542452287,17.0,0.329671724043032,1.0,1.0,0.0,0.0,0.0009715867609801618,0.0037288388703018427,0.002473088912665844,1.704815531411441e-06,3.4083359423675574e-06,1.9616575173131423e-06,5.844435955540658e-05,0.00023613964731339365,0.00010155862401006743,3.381683977336665e-05,0.00011015940981451422,5.295596565701999e-05,0.00021827411546837538,0.0006961360923014581,0.0006622819928452373,8.857480663044208e-05,0.00012766638246830553,0.00011293341231066734,0.00022873361632319396,0.000817058123023647,0.0005674634275010249
51,"Title: Is the Citi Secured Mastercard worth it for building credit? Hey r/personalfinance, I have no",13,78,0.3123805752167335,0.15384615384615385,0.08025512193193979,0.057273063061913924,0.04776563383713282,0.5329812256953655,0.5448167152129687,0.5376654828970249,0.5355692207813263,0.6368582844734192,0.2785091996192932,0.2675952911376953,0.5010589957237244,0.43787282705307007,1,12,0.07692307692307693,0.11765420293578735,1.5247073930301436,0.45756717163496546,0.8461538461538461,0.6666666666666666,neutral,0.46153846153846156,0.07692307692307693,0.15384615384615385,0.15384615384615385,0.6153846153846154,8.70421240604039,11.0,0.36151680919656576,1.0,1.0,0.0,0.0,0.0017474248642639185,0.015219327993690968,0.002084085228852929,2.658896024653446e-06,1.6563490135013126e-05,1.9008404706255534e-06,0.00012160829772675733,0.001141598797403276,8.934258949011568e-05,0.0003300052391680835,0.003988821525126696,4.898721890640447e-05,0.0002203952093483307,0.0009902851888909936,0.0005554462317377333,9.96538717747451e-05,0.00028573660529218614,0.00011145239841425791,0.0004202910630510815,0.0036070556000898555,0.00048075778950078555
52,Thinking about applying for the Delta SkyMiles Gold Amex. Anyone have recent experiences? I mainly f,9,36,0.31100093324979144,0.1111111111111111,0.081652931235703,0.05449297635281528,0.044050682593410356,0.5360307883885171,0.5350589628020922,0.5351682553688685,0.5338362753391266,0.5967900156974792,0.30809468030929565,0.31722790002822876,0.4863904118537903,0.4995236396789551,1,8,0.1111111111111111,0.15311269213755926,1.0027182645175161,0.3009173841088146,0.7777777777777778,0.625,neutral,0.6666666666666666,0.0,0.1111111111111111,0.2222222222222222,0.6666666666666666,10.03081671403766,12.0,0.3259110123694547,1.0,1.0,0.0,0.0,0.002314852941910633,0.015219327993690968,0.005022336728870871,3.192781112678252e-06,1.6563490135013126e-05,4.882024040853142e-06,0.0001619421295294564,0.001141598797403276,0.0003095666586887093,0.00046631888633580983,0.003988821525126696,0.0008401290775509558,0.0002683409863190415,0.0009902851888909936,0.0007278826320543887,0.00010805697416395156,0.00028573660529218614,0.00014749405090697112,0.0005537841165619285,0.0036070556000898555,0.0011753818620187915
53,Unpopular opinion? Opening a Chase savings account actually works for Freedom Rise approval I've bee,9,36,0.3171349929438697,0.1111111111111111,0.07765214635390368,0.04875235744470948,0.038107502448697206,0.5234796520736482,0.5480840123362012,0.5352349678675333,0.5355569422245026,0.5871747136116028,0.30809468030929565,0.31722790002822876,0.4863904118537903,0.4995236396789551,1,8,0.1111111111111111,0.15311269213755926,1.0027182645175161,0.3009173841088146,0.7777777777777778,0.625,neutral,0.6666666666666666,0.0,0.1111111111111111,0.2222222222222222,0.6666666666666666,13.314801936840215,19.0,0.3265210284238745,1.0,1.0,0.0,0.0,0.002314852941910633,0.015219327993690968,0.005022336728870871,3.192781112678252e-06,1.6563490135013126e-05,4.882024040853142e-06,0.0001619421295294564,0.001141598797403276,0.0003095666586887093,0.00046631888633580983,0.003988821525126696,0.0008401290775509558,0.0002683409863190415,0.0009902851888909936,0.0007278826320543887,0.00010805697416395156,0.00028573660529218614,0.00014749405090697112,0.0005537841165619285,0.0036070556000898555,0.0011753818620187915
54,"Is the Citi Strata Premier still worth it in 2024? Seeing the 60,000 bonus points for $4k spend in 3",11,55,0.3158175918188962,0.18181818181818182,0.07423458895144845,0.05054090435287658,0.04141317390944339,0.5258100439201702,0.5429206951098009,0.5326197922229767,0.5302278399467468,0.6148689985275269,0.2237681895494461,0.18739667534828186,0.4621311128139496,0.4243305027484894,1,10,0.09090909090909091,0.13351297657936811,1.540305825226517,0.4622482865391504,0.7272727272727273,0.9,neutral,0.45454545454545453,0.09090909090909091,0.09090909090909091,0.18181818181818182,0.6363636363636364,19.2770149604425,17.0,0.6058490416139072,1.0,1.0,0.0,0.0,0.002016176681288264,0.015219327993690968,0.002473088912665844,2.9007386398337656e-06,1.6563490135013126e-05,1.9616575173131423e-06,0.00014075882774539588,0.001141598797403276,0.00010155862401006743,0.0003864224866199286,0.003988821525126696,5.295596565701999e-05,0.00024501494243106043,0.0009902851888909936,0.0006622819928452373,0.00010294482688715851,0.00028573660529218614,0.00011293341231066734,0.0004823697506019402,0.0036070556000898555,0.0005674634275010249
55,Is Discover It Cash Back still the best for beginners? I keep hearing about the 5% rotating categori,10,45,0.3042974084615707,0.0,0.1043961840939745,0.06952108390782007,0.056741893963496756,0.5545231322447459,0.5558923979600271,0.5547088556819492,0.5533501505851746,0.6552095413208008,0.30144166946411133,0.3185763955116272,0.5005500316619873,0.5010342001914978,1,9,0.1,0.14001049902290105,1.2275294114572126,0.3683835754104631,0.8,0.6666666666666666,neutral,0.6,0.0,0.1,0.2,0.7,5.1778373863998475,5.5,0.24309095710797404,1.0,1.0,0.0,0.0,0.002123324552667327,0.015219327993690968,0.003747712820768352,3.021133147740329e-06,1.6563490135013126e-05,3.4218407790831352e-06,0.00014857312071399066,0.001141598797403276,0.0002055626413493879,0.0004220470125801512,0.003988821525126696,0.00044654252160398615,0.00025126917971647346,0.0009902851888909936,0.0006950823124498128,0.00010436556040076539,0.00028573660529218614,0.00013021373160881916,0.0005087667598710748,0.0036070556000898555,0.0008714226447599069
56,"After reading about the QuicksilverOne's 1.5% cashback + $200 bonus, I'm tempted but wary. My credit",9,36,0.3039380709330241,0.1111111111111111,0.07050501612222537,0.049936723745570476,0.041893558676211404,0.5358148283428616,0.5521194338798523,0.5430635263522466,0.5452426373958588,0.6118266582489014,0.30809468030929565,0.31722790002822876,0.4863904118537903,0.4995236396789551,1,8,0.1111111111111111,0.15311269213755926,1.0027182645175161,0.3009173841088146,0.7777777777777778,0.625,neutral,0.6666666666666666,0.0,0.1111111111111111,0.2222222222222222,0.6666666666666666,9.775252199076787,10.0,0.3054766312211496,1.0,1.0,0.0,0.0,0.002314852941910633,0.015219327993690968,0.005022336728870871,3.192781112678252e-06,1.6563490135013126e-05,4.882024040853142e-06,0.0001619421295294564,0.001141598797403276,0.0003095666586887093,0.00046631888633580983,0.003988821525126696,0.0008401290775509558,0.0002683409863190415,0.0009902851888909936,0.0007278826320543887,0.00010805697416395156,0.00028573660529218614,0.00014749405090697112,0.0005537841165619285,0.0036070556000898555,0.0011753818620187915
57,"PayPal just launched the new Cashback Mastercard. Unlimited 3% cash back when using PayPal checkout,",12,66,0.31844225029150647,0.16666666666666666,0.08556597729501995,0.05762742948145452,0.044981826433964874,0.5195552955071131,0.5551146508166285,0.5354426905061259,0.5337100923061371,0.6121260523796082,0.27838340401649475,0.2766239047050476,0.5005500316619873,0.45776668190956116,1,11,0.08333333333333333,0.125513871666044,1.4735023850806486,0.44220046536194546,0.8333333333333334,0.6363636363636364,neutral,0.5,0.08333333333333333,0.16666666666666666,0.16666666666666666,0.5833333333333334,9.779513734787066,15.25,0.3171734184255265,1.0,1.0,0.0,0.0,0.0018506360283936374,0.015219327993690968,0.0022785870707593865,2.7624038428560502e-06,1.6563490135013126e-05,1.931248993969348e-06,0.00012940525736363875,0.001141598797403276,9.545060675009155e-05,0.00035566034663740237,0.003988821525126696,5.0971592281712225e-05,0.00022808621118504865,0.0009902851888909936,0.0006084007953177209,9.966786819859408e-05,0.00028573660529218614,0.00011219290536246262,0.00044436968593686293,0.0036070556000898555,0.0005241106085009052
58,Just got approved for the Bank of America® Travel Rewards card for students! Thinking of using it to,14,91,0.3119139181716101,0.07142857142857142,0.05984664513144751,0.03758623372310623,0.029731689040129444,0.5364267046634967,0.5504971952228755,0.5422956710988349,0.5443649888038635,0.6293007135391235,0.2789020836353302,0.2681571841239929,0.5268419981002808,0.43520623445510864,1,13,0.07142857142857142,0.11094859867755856,1.468060203499046,0.4405672578067115,0.8571428571428571,0.6923076923076923,neutral,0.5,0.14285714285714285,0.14285714285714285,0.14285714285714285,0.5714285714285714,28.217178875172294,50.75,0.5651509359834221,1.0,1.0,0.0,0.0,0.0016524562982210358,0.015219327993690968,0.0018895833869464682,2.5678849624455324e-06,1.6563490135013126e-05,1.8704319472817586e-06,0.00011524612831895606,0.001141598797403276,8.32345722301397e-05,0.0003077970747783963,0.003988821525126696,4.7002845531096664e-05,0.00021280863126906167,0.0009902851888909936,0.0005020283511839803,9.79067210989472e-05,0.00028573660529218614,0.0001107118914660532,0.00039813045644147377,0.0036070556000898555,0.00043740497050066525
59,Been using the Atmos Rewards Ascent Visa Signature for 6 months. The 2% cash back on *everything* is,9,36,0.3105422755082448,0.0,0.067430637836238,0.04477786199367204,0.036015356662174536,0.5220909987886747,0.5216156956222322,0.521125439968374,0.5246812999248505,0.6038833260536194,0.5133905410766602,0.39567118883132935,0.8730714917182922,1.0,2,7,0.2222222222222222,0.2751206608696116,1.1490596969706204,0.34483468630507436,0.3333333333333333,0.625,neutral,0.5555555555555556,0.0,0.1111111111111111,0.2222222222222222,0.6666666666666666,13.67434292099579,20.0,0.4157739401654125,1.0,1.0,0.0,0.0,0.0008670437544222093,0.002473088912665844,0.002473088912665844,1.5533160851393607e-06,1.9616575173131423e-06,1.9616575173131423e-06,4.5657682979557045e-05,0.00010155862401006743,0.00010155862401006743,2.7265677191381757e-05,5.295596565701999e-05,5.295596565701999e-05,0.00022776773645697782,0.0006622819928452373,0.0006622819928452373,8.589840419719824e-05,0.00011293341231066734,0.00011293341231066734,0.00020919776188874393,0.0005674634275010249,0.0005674634275010249
6,Just got the Capital One Savor Student card – 3% cash back on groceries/dining?! Any hidden catches?,13,78,0.2998702686566573,0.0,0.0631526872119582,0.04782499670299199,0.04169054760780146,0.5264461258283029,0.5477118580005108,0.5355336257280447,0.5377919375896454,0.6650822758674622,0.29818618297576904,0.29376763105392456,0.5436253547668457,0.4993293285369873,1,12,0.07692307692307693,0.11116491745297725,1.7326587201992076,0.5199737035672238,0.8461538461538461,0.75,neutral,0.38461538461538464,0.23076923076923078,0.15384615384615385,0.15384615384615385,0.46153846153846156,15.23465373929493,12.0,0.5983398749572028,1.0,1.0,0.0,0.0,0.0017401186297110354,0.015219327993690968,0.002084085228852929,2.650751989326986e-06,1.6563490135013126e-05,1.9008404706255534e-06,0.00012155512223006763,0.001141598797403276,8.934258949011568e-05,0.00032962054893477424,0.003988821525126696,4.898721890640447e-05,0.00021988589903160644,0.0009902851888909936,0.0005554462317377333,9.945333295036107e-05,0.00028573660529218614,0.00011145239841425791,0.0004188807141411953,0.0036070556000898555,0.00048075778950078555
60,Just got approved for the Citi AAdvantage Platinum Select with the 70k mile offer. $595 annual fee s,8,28,0.33097217604517937,0.375,0.09870826272114298,0.06547854725365722,0.04900361260224982,0.5328450916068894,0.5459395764129502,0.5386650062033108,0.5320424735546112,0.6521618366241455,0.3060724139213562,0.3202913999557495,0.4676225781440735,0.5034312605857849,1,7,0.125,0.1587784793227911,1.0735428464085233,0.3221719564721667,0.75,0.7142857142857143,neutral,0.625,0.0,0.125,0.25,0.625,9.558209821927953,12.5,0.2800940607158374,1.0,1.0,0.0,0.0,0.0025452054651395883,0.015219327993690968,0.006296960636973379,3.4154154207044485e-06,1.6563490135013126e-05,6.342207302623135e-06,0.0001781177290922642,0.001141598797403276,0.0004135706760280298,0.0005220871712481312,0.003988821525126696,0.001233715633497922,0.0002873785679184948,0.0009902851888909936,0.0007606829516589641,0.00011245538462389959,0.00028573660529218614,0.00016477437020512292,0.0006081099555738472,0.0036070556000898555,0.0014793410792776733
61,"After 6 months with the Chase Slate: Should you apply? TL;DR: Free credit score monitoring, 0% APR f",10,45,0.31145398020744325,0.1,0.06977081851003025,0.050344975412365885,0.0426600487477569,0.5039776497417026,0.508692592382431,0.505730253458023,0.5059646964073181,0.5544458627700806,0.30144166946411133,0.3185763955116272,0.5005500316619873,0.5010342001914978,1,9,0.1,0.14001049902290105,1.2275294114572126,0.3683835754104631,0.8,0.6666666666666666,neutral,0.6,0.0,0.1,0.2,0.7,5.048762224545736,4.75,0.1688549238978507,1.0,1.0,0.0,0.0,0.002123324552667327,0.015219327993690968,0.003747712820768352,3.021133147740329e-06,1.6563490135013126e-05,3.4218407790831352e-06,0.00014857312071399066,0.001141598797403276,0.0002055626413493879,0.0004220470125801512,0.003988821525126696,0.00044654252160398615,0.00025126917971647346,0.0009902851888909936,0.0006950823124498128,0.00010436556040076539,0.00028573660529218614,0.00013021373160881916,0.0005087667598710748,0.0036070556000898555,0.0008714226447599069
62,[IHG Premier Card] 140k Points + $99 Fee - Worth It for 2024? Hey r/creditcards fam! Been eyeing the,12,66,0.30589454621076584,0.08333333333333333,0.07633706501577284,0.057767124020543514,0.05024175722343323,0.5346527257651994,0.5574990985068408,0.5441440154205669,0.5450380146503448,0.6391765475273132,0.27838340401649475,0.2766239047050476,0.5005500316619873,0.45776668190956116,1,11,0.08333333333333333,0.125513871666044,1.4735023850806486,0.44220046536194546,0.8333333333333334,0.6363636363636364,neutral,0.5,0.08333333333333333,0.16666666666666666,0.16666666666666666,0.5833333333333334,7.815138443360353,14.25,0.33856195422499724,1.0,1.0,0.0,0.0,0.0018506360283936374,0.015219327993690968,0.0022785870707593865,2.7624038428560502e-06,1.6563490135013126e-05,1.931248993969348e-06,0.00012940525736363875,0.001141598797403276,9.545060675009155e-05,0.00035566034663740237,0.003988821525126696,5.0971592281712225e-05,0.00022808621118504865,0.0009902851888909936,0.0006084007953177209,9.966786819859408e-05,0.00028573660529218614,0.00011219290536246262,0.00044436968593686293,0.0036070556000898555,0.0005241106085009052
63,"Hey everyone, I just got pre-approved for the **Atmos™ Rewards Ascent Visa Signature®** card but I'm",10,45,0.31761566996574403,0.2,0.07882981706201496,0.05388783718881331,0.04365350699010116,0.5212127440505557,0.5274457408322228,0.5231414218743642,0.5198925137519836,0.6057586669921875,0.30144166946411133,0.3185763955116272,0.5005500316619873,0.5010342001914978,1,9,0.1,0.14001049902290105,1.2275294114572126,0.3683835754104631,0.8,0.6666666666666666,neutral,0.6,0.0,0.1,0.2,0.7,15.14727698300919,11.5,0.46464039825181563,1.0,1.0,0.0,0.0,0.002123324552667327,0.015219327993690968,0.003747712820768352,3.021133147740329e-06,1.6563490135013126e-05,3.4218407790831352e-06,0.00014857312071399066,0.001141598797403276,0.0002055626413493879,0.0004220470125801512,0.003988821525126696,0.00044654252160398615,0.00025126917971647346,0.0009902851888909936,0.0006950823124498128,0.00010436556040076539,0.00028573660529218614,0.00013021373160881916,0.0005087667598710748,0.0036070556000898555,0.0008714226447599069
64,Is the Aeroplan Credit Card still worth it in 2023? I'm chasing Air Canada points but keep hearing m,13,78,0.3059330078271719,0.07692307692307693,0.0808805096821463,0.056504925398760154,0.04577072231890806,0.5312725806083435,0.536280231598096,0.5327219630663211,0.5340407490730286,0.6283459663391113,0.6002911925315857,0.4080168902873993,1.0,1.0,1,12,0.07692307692307693,0.1545251663774252,0.7937300551584247,0.23819968214276596,0.3076923076923077,0.5,neutral,0.7692307692307693,0.0,0.07692307692307693,0.15384615384615385,0.7692307692307693,8.061156773113277,9.0,0.29519729028302144,1.0,1.0,0.0,0.0,0.0017011227610055357,0.015219327993690968,0.0020810871385037915,2.6392673012546416e-06,1.6563490135013126e-05,1.877577392406238e-06,0.00012047608106513508,0.001141598797403276,8.934258949011568e-05,0.0003276377430246122,0.003988821525126696,4.6986797315184985e-05,0.000213712369888806,0.0009902851888909936,0.0005545195977902043,9.604702790966257e-05,0.00028573660529218614,0.00010687340400181713,0.00041027254169916777,0.0036070556000898555,0.0004801145174155866
65,Hey everyone! Just got accepted into college and my parents want me to build credit responsibly. I'm,12,66,0.3212469170490901,0.08333333333333333,0.08954079923315941,0.05764656750942624,0.04365011236119035,0.545759506297834,0.551044837995009,0.5474119064482775,0.5412134826183319,0.6395370364189148,0.5239692330360413,0.39567118883132935,1.0,1.0,2,10,0.16666666666666666,0.22964393456156054,0.9830877585747855,0.2950262373071141,0.3333333333333333,0.7272727272727273,neutral,0.6666666666666666,0.0,0.08333333333333333,0.16666666666666666,0.75,11.128978689289807,17.75,0.3450846105206142,1.0,1.0,0.0,0.0,0.0019837669412178607,0.015219327993690968,0.002473088912665844,2.7839778056204523e-06,1.6563490135013126e-05,1.9616575173131423e-06,0.00013417773425317137,0.001141598797403276,0.00010155862401006743,0.00035610246853442124,0.003988821525126696,5.295596565701999e-05,0.0002700307341001462,0.0009902851888909936,0.0006622819928452373,0.0001008486257584688,0.00028573660529218614,0.00011293341231066734,0.00047461841361161485,0.0036070556000898555,0.0005674634275010249
66,Just got approved for the Discover it Student Chrome card (no credit history) as a college freshman.,22,231,0.3268944268876856,0.18181818181818182,0.06309045185567204,0.038346584471201726,0.0292023192957993,0.5290597469517679,0.5496285131999424,0.5377714679096685,0.5376523733139038,0.6295366883277893,0.25472691655158997,0.22968843579292297,0.5904663801193237,0.4442109167575836,1,21,0.045454545454545456,0.08484648731113835,1.6373563696512181,0.4913733129678549,0.6818181818181818,0.9523809523809523,neutral,0.4090909090909091,0.13636363636363635,0.09090909090909091,0.09090909090909091,0.6818181818181818,30.289375711488933,31.0,0.5400050775143894,1.0,1.0,0.0,0.0,0.04032673068683256,0.8562806248664856,0.003603263874538241,2.0955758621064227e-05,0.0004132146423216909,3.263668099862114e-06,0.013048175187247001,0.28498366475105286,0.00022268154498306084,0.00021639286726647035,0.003988821525126696,0.00010443906539876473,0.02937685159287701,0.6416354179382324,0.0006927506823558359,0.00012925560473707844,0.0008814120665192604,0.0001261930854525417,0.013853060282930195,0.2973984248164925,0.0007920986534713844
67,"Title: U.S. Bank Shield Card - Great security, but are the rewards worth the hassle? Body: Hi everyo",12,66,0.3019678716858228,0.0,0.06026690959365525,0.042317018676954386,0.03614721192329276,0.528198885195183,0.5447933308102868,0.534370328892361,0.5438184142112732,0.6076345443725586,0.27838340401649475,0.2766239047050476,0.5005500316619873,0.45776668190956116,1,11,0.08333333333333333,0.125513871666044,1.4735023850806486,0.44220046536194546,0.8333333333333334,0.6363636363636364,neutral,0.5,0.08333333333333333,0.16666666666666666,0.16666666666666666,0.5833333333333334,15.293426329272616,15.5,0.4880880743384878,1.0,1.0,0.0,0.0,0.0018506360283936374,0.015219327993690968,0.0022785870707593865,2.7624038428560502e-06,1.6563490135013126e-05,1.931248993969348e-06,0.00012940525736363875,0.001141598797403276,9.545060675009155e-05,0.00035566034663740237,0.003988821525126696,5.0971592281712225e-05,0.00022808621118504865,0.0009902851888909936,0.0006084007953177209,9.966786819859408e-05,0.00028573660529218614,0.00011219290536246262,0.00044436968593686293,0.0036070556000898555,0.0005241106085009052
68,Should I bother with the Prime Visa if I already have Prime? Seeing the 5% cash back and $150 Amazon,11,55,0.30939813635566016,0.09090909090909091,0.11869010223913612,0.07974226030741705,0.06012778589203093,0.5515167111700231,0.5735886985605413,0.5611705026843331,0.5639187097549438,0.6853584051132202,0.2883043885231018,0.2776665687561035,0.5005500316619873,0.483757883310318,1,10,0.09090909090909091,0.13173526711761951,1.4205719259467045,0.4263159483785742,0.8181818181818182,0.7,neutral,0.5454545454545454,0.09090909090909091,0.09090909090909091,0.18181818181818182,0.6363636363636364,8.542552698788008,10.0,0.31115258174393406,1.0,1.0,0.0,0.0,0.001977265746311539,0.015219327993690968,0.002473088912665844,2.887186104255141e-06,1.6563490135013126e-05,1.9616575173131423e-06,0.00013838716288525822,0.001141598797403276,0.00010155862401006743,0.00038606721930343406,0.003988821525126696,5.295596565701999e-05,0.00023865247798808426,0.0009902851888909936,0.0006622819928452373,0.00010179609671467915,0.00028573660529218614,0.00011293341231066734,0.00047417598155120833,0.0036070556000898555,0.0005674634275010249
69,"Hey everyone, I'm currently trying to streamline my card portfolio. I've been eyeing the Chase World",12,66,0.3065395653247833,0.0,0.07563951042661614,0.04708455983268285,0.037045814636668346,0.5170387503775683,0.5419406159357592,0.5286504373405919,0.5279618799686432,0.6428143382072449,0.27838340401649475,0.2766239047050476,0.5005500316619873,0.45776668190956116,1,11,0.08333333333333333,0.125513871666044,1.4735023850806486,0.44220046536194546,0.8333333333333334,0.6363636363636364,neutral,0.5,0.08333333333333333,0.16666666666666666,0.16666666666666666,0.5833333333333334,17.471405209656147,22.5,0.42099771589532886,1.0,1.0,0.0,0.0,0.0018506360283936374,0.015219327993690968,0.0022785870707593865,2.7624038428560502e-06,1.6563490135013126e-05,1.931248993969348e-06,0.00012940525736363875,0.001141598797403276,9.545060675009155e-05,0.00035566034663740237,0.003988821525126696,5.0971592281712225e-05,0.00022808621118504865,0.0009902851888909936,0.0006084007953177209,9.966786819859408e-05,0.00028573660529218614,0.00011219290536246262,0.00044436968593686293,0.0036070556000898555,0.0005241106085009052
7,Just saw Citi's Diamond Preferred Card promo again (0% APR for 21 months on balance transfers!). I'v,10,45,0.2974145501852036,0.0,0.075076506602776,0.05128843751222299,0.041508396197410806,0.5178679830498165,0.5557513409190707,0.5353913029034932,0.5382753014564514,0.6145041584968567,0.30144166946411133,0.3185763955116272,0.5005500316619873,0.5010342001914978,1,9,0.1,0.14001049902290105,1.2275294114572126,0.3683835754104631,0.8,0.6666666666666666,neutral,0.6,0.0,0.1,0.2,0.7,14.724469430169632,12.75,0.4124501240943874,1.0,1.0,0.0,0.0,0.002123324552667327,0.015219327993690968,0.003747712820768352,3.021133147740329e-06,1.6563490135013126e-05,3.4218407790831352e-06,0.00014857312071399066,0.001141598797403276,0.0002055626413493879,0.0004220470125801512,0.003988821525126696,0.00044654252160398615,0.00025126917971647346,0.0009902851888909936,0.0006950823124498128,0.00010436556040076539,0.00028573660529218614,0.00013021373160881916,0.0005087667598710748,0.0036070556000898555,0.0008714226447599069
70,Honestly considering the Citi Simplicity® Card because of the 'no late fees ever' policy. I've been ,11,55,0.3137140761722218,0.09090909090909091,0.05904816899608761,0.03750283852256209,0.02997868020102579,0.5088337248021906,0.509225111657923,0.5060976781628349,0.508456289768219,0.6061081290245056,0.2883043885231018,0.2776665687561035,0.5005500316619873,0.483757883310318,1,10,0.09090909090909091,0.13173526711761951,1.4205719259467045,0.4263159483785742,0.8181818181818182,0.7,neutral,0.5454545454545454,0.09090909090909091,0.09090909090909091,0.18181818181818182,0.6363636363636364,22.39465697788258,28.0,0.567606513264305,1.0,1.0,0.0,0.0,0.001977265746311539,0.015219327993690968,0.002473088912665844,2.887186104255141e-06,1.6563490135013126e-05,1.9616575173131423e-06,0.00013838716288525822,0.001141598797403276,0.00010155862401006743,0.00038606721930343406,0.003988821525126696,5.295596565701999e-05,0.00023865247798808426,0.0009902851888909936,0.0006622819928452373,0.00010179609671467915,0.00028573660529218614,0.00011293341231066734,0.00047417598155120833,0.0036070556000898555,0.0005674634275010249
71,Been using a no-frills credit card for years and finally want to dip into travel rewards. The PenFed,10,45,0.3086164236068726,0.0,0.0820200673401128,0.054741627964683987,0.042438833094435933,0.54985431432724,0.5444459570778741,0.5461043218771616,0.554711103439331,0.6349557042121887,0.30144166946411133,0.3185763955116272,0.5005500316619873,0.5010342001914978,1,9,0.1,0.14001049902290105,1.2275294114572126,0.3683835754104631,0.8,0.6666666666666666,neutral,0.6,0.0,0.1,0.2,0.7,10.919706955774958,11.25,0.3844967237948929,1.0,1.0,0.0,0.0,0.002123324552667327,0.015219327993690968,0.003747712820768352,3.021133147740329e-06,1.6563490135013126e-05,3.4218407790831352e-06,0.00014857312071399066,0.001141598797403276,0.0002055626413493879,0.0004220470125801512,0.003988821525126696,0.00044654252160398615,0.00025126917971647346,0.0009902851888909936,0.0006950823124498128,0.00010436556040076539,0.00028573660529218614,0.00013021373160881916,0.0005087667598710748,0.0036070556000898555,0.0008714226447599069
72,Is the AA MileUp card still worth it for the signup bonus? (IYKYK) I'm looking at the AAdvantage Mil,9,36,0.32198985748820835,0.1111111111111111,0.07769856621689013,0.04327433067329428,0.03062127136374121,0.5396690972977214,0.5375943614376916,0.5377106542388598,0.5346514880657196,0.595107913017273,0.30809468030929565,0.31722790002822876,0.4863904118537903,0.4995236396789551,1,8,0.1111111111111111,0.15311269213755926,1.0027182645175161,0.3009173841088146,0.7777777777777778,0.625,neutral,0.6666666666666666,0.0,0.1111111111111111,0.2222222222222222,0.6666666666666666,24.72066162365221,36.0,0.39447864293062035,1.0,1.0,0.0,0.0,0.002314852941910633,0.015219327993690968,0.005022336728870871,3.192781112678252e-06,1.6563490135013126e-05,4.882024040853142e-06,0.0001619421295294564,0.001141598797403276,0.0003095666586887093,0.00046631888633580983,0.003988821525126696,0.0008401290775509558,0.0002683409863190415,0.0009902851888909936,0.0007278826320543887,0.00010805697416395156,0.00028573660529218614,0.00014749405090697112,0.0005537841165619285,0.0036070556000898555,0.0011753818620187915
73,"Title: Is the World of Hyatt Credit Card still worth it in 2024? Body: Hey everyone, I'm a frequent ",11,55,0.30902792377905414,0.09090909090909091,0.08568846346854495,0.053754507756149254,0.041202861024826495,0.5289119942621752,0.5522023618221283,0.539278428662907,0.5301377773284912,0.6372286081314087,0.2883043885231018,0.2776665687561035,0.5005500316619873,0.483757883310318,1,10,0.09090909090909091,0.13173526711761951,1.4205719259467045,0.4263159483785742,0.8181818181818182,0.7,neutral,0.5454545454545454,0.09090909090909091,0.09090909090909091,0.18181818181818182,0.6363636363636364,15.807206223588068,23.5,0.39161997400781245,1.0,1.0,0.0,0.0,0.001977265746311539,0.015219327993690968,0.002473088912665844,2.887186104255141e-06,1.6563490135013126e-05,1.9616575173131423e-06,0.00013838716288525822,0.001141598797403276,0.00010155862401006743,0.00038606721930343406,0.003988821525126696,5.295596565701999e-05,0.00023865247798808426,0.0009902851888909936,0.0006622819928452373,0.00010179609671467915,0.00028573660529218614,0.00011293341231066734,0.00047417598155120833,0.0036070556000898555,0.0005674634275010249
74,"Title: Wells Fargo Autograph Journey 60k Bonus - Legit or Trap? Body: Hey everyone, I got hit with a",13,78,0.3094368577003479,0.15384615384615385,0.07137480018469852,0.04831411173905315,0.039952391404429854,0.52663753926754,0.5173544004941598,0.5202209013394821,0.5197069644927979,0.602043867111206,0.2785091996192932,0.2675952911376953,0.5010589957237244,0.43787282705307007,1,12,0.07692307692307693,0.11765420293578735,1.5247073930301436,0.45756717163496546,0.8461538461538461,0.6666666666666666,neutral,0.46153846153846156,0.07692307692307693,0.15384615384615385,0.15384615384615385,0.6153846153846154,11.919850680133806,10.0,0.37702690715751697,1.0,1.0,0.0,0.0,0.0017474248642639185,0.015219327993690968,0.002084085228852929,2.658896024653446e-06,1.6563490135013126e-05,1.9008404706255534e-06,0.00012160829772675733,0.001141598797403276,8.934258949011568e-05,0.0003300052391680835,0.003988821525126696,4.898721890640447e-05,0.0002203952093483307,0.0009902851888909936,0.0005554462317377333,9.96538717747451e-05,0.00028573660529218614,0.00011145239841425791,0.0004202910630510815,0.0036070556000898555,0.00048075778950078555
75,Just saw the United Explorer Card promo (80k miles + $0 first-year fee) but the fine print says the ,11,55,0.3069855706258254,0.09090909090909091,0.0810724225401315,0.0510521010772605,0.04031142456142946,0.5264586865901947,0.5351094440980391,0.5297731778838418,0.5321080684661865,0.6025009155273438,0.2883043885231018,0.2776665687561035,0.5005500316619873,0.483757883310318,1,10,0.09090909090909091,0.13173526711761951,1.4205719259467045,0.4263159483785742,0.8181818181818182,0.7,neutral,0.5454545454545454,0.09090909090909091,0.09090909090909091,0.18181818181818182,0.6363636363636364,8.999540851465149,9.5,0.25646359939408453,1.0,1.0,0.0,0.0,0.001977265746311539,0.015219327993690968,0.002473088912665844,2.887186104255141e-06,1.6563490135013126e-05,1.9616575173131423e-06,0.00013838716288525822,0.001141598797403276,0.00010155862401006743,0.00038606721930343406,0.003988821525126696,5.295596565701999e-05,0.00023865247798808426,0.0009902851888909936,0.0006622819928452373,0.00010179609671467915,0.00028573660529218614,0.00011293341231066734,0.00047417598155120833,0.0036070556000898555,0.0005674634275010249
76,"Just got hit with an email for the Prime Visa. $150 Amazon Gift Card* on approval? Honestly, I wasn'",11,55,0.30692730708555743,0.0,0.08326498846500023,0.05483043245122961,0.04403792913254969,0.5373236385258762,0.5577459774234078,0.5464909759434786,0.5418217778205872,0.5955135822296143,0.2883043885231018,0.2776665687561035,0.5005500316619873,0.483757883310318,1,10,0.09090909090909091,0.13173526711761951,1.4205719259467045,0.4263159483785742,0.8181818181818182,0.7,neutral,0.5454545454545454,0.09090909090909091,0.09090909090909091,0.18181818181818182,0.6363636363636364,8.984835709531518,13.5,0.28077611592285995,1.0,1.0,0.0,0.0,0.001977265746311539,0.015219327993690968,0.002473088912665844,2.887186104255141e-06,1.6563490135013126e-05,1.9616575173131423e-06,0.00013838716288525822,0.001141598797403276,0.00010155862401006743,0.00038606721930343406,0.003988821525126696,5.295596565701999e-05,0.00023865247798808426,0.0009902851888909936,0.0006622819928452373,0.00010179609671467915,0.00028573660529218614,0.00011293341231066734,0.00047417598155120833,0.0036070556000898555,0.0005674634275010249
77,Title: Considering the Discover it Cash Back for the 18-month BT offer. Is it worth it for paying of,10,45,0.3153299570083618,0.2,0.0594673890446153,0.03774658258150157,0.03045321897549379,0.51789108382331,0.5443196303314632,0.529235710700353,0.5297537446022034,0.573021650314331,0.30144166946411133,0.3185763955116272,0.5005500316619873,0.5010342001914978,1,9,0.1,0.14001049902290105,1.2275294114572126,0.3683835754104631,0.8,0.6666666666666666,neutral,0.6,0.0,0.1,0.2,0.7,26.517918470347556,23.75,0.5892870771188345,1.0,1.0,0.0,0.0,0.002123324552667327,0.015219327993690968,0.003747712820768352,3.021133147740329e-06,1.6563490135013126e-05,3.4218407790831352e-06,0.00014857312071399066,0.001141598797403276,0.0002055626413493879,0.0004220470125801512,0.003988821525126696,0.00044654252160398615,0.00025126917971647346,0.0009902851888909936,0.0006950823124498128,0.00010436556040076539,0.00028573660529218614,0.00013021373160881916,0.0005087667598710748,0.0036070556000898555,0.0008714226447599069
78,Just got approved for the Citi Secured Mastercard after months of rebuilding my credit! My score wen,10,45,0.3147288888692856,0.0,0.07733706455369437,0.05237313081407345,0.0425799799504277,0.5572887546486325,0.5556472182273865,0.5557638559076521,0.5553638339042664,0.6464904546737671,0.30144166946411133,0.3185763955116272,0.5005500316619873,0.5010342001914978,1,9,0.1,0.14001049902290105,1.2275294114572126,0.3683835754104631,0.8,0.6666666666666666,neutral,0.6,0.0,0.1,0.2,0.7,10.724271537032246,10.25,0.35393635435749987,1.0,1.0,0.0,0.0,0.002123324552667327,0.015219327993690968,0.003747712820768352,3.021133147740329e-06,1.6563490135013126e-05,3.4218407790831352e-06,0.00014857312071399066,0.001141598797403276,0.0002055626413493879,0.0004220470125801512,0.003988821525126696,0.00044654252160398615,0.00025126917971647346,0.0009902851888909936,0.0006950823124498128,0.00010436556040076539,0.00028573660529218614,0.00013021373160881916,0.0005087667598710748,0.0036070556000898555,0.0008714226447599069
79,Just got approved for the Self Visa® with a $100 deposit! I’ve been trying to rebuild my credit afte,10,45,0.311748206615448,0.1,0.06711083435991119,0.044037340850782,0.03485261239805529,0.5499500473340352,0.5632010751300388,0.5553656525082058,0.5554965138435364,0.620574414730072,0.30144166946411133,0.3185763955116272,0.5005500316619873,0.5010342001914978,1,9,0.1,0.14001049902290105,1.2275294114572126,0.3683835754104631,0.8,0.6666666666666666,neutral,0.6,0.0,0.1,0.2,0.7,16.26653005407115,19.75,0.4396359474073284,1.0,1.0,0.0,0.0,0.002123324552667327,0.015219327993690968,0.003747712820768352,3.021133147740329e-06,1.6563490135013126e-05,3.4218407790831352e-06,0.00014857312071399066,0.001141598797403276,0.0002055626413493879,0.0004220470125801512,0.003988821525126696,0.00044654252160398615,0.00025126917971647346,0.0009902851888909936,0.0006950823124498128,0.00010436556040076539,0.00028573660529218614,0.00013021373160881916,0.0005087667598710748,0.0036070556000898555,0.0008714226447599069
8,Has anyone actually used the U.S. Bank Shield Visa? I keep hearing about its fraud protection featur,18,153,0.3140810430049896,0.1111111111111111,0.04949598504231332,0.030077696514164885,0.0226950672419093,0.5269275262854458,0.517847323339749,0.5201863262778014,0.5180345177650452,0.6074642539024353,0.2943875789642334,0.3010370433330536,0.5633586645126343,0.45818278193473816,1,17,0.05555555555555555,0.09222658423499928,1.690408472534179,0.507294335438403,0.8888888888888888,0.7647058823529411,neutral,0.3888888888888889,0.2222222222222222,0.16666666666666666,0.1111111111111111,0.5,41.26042703979411,59.0,0.5955795402696825,1.0,1.0,0.0,0.0,0.0013955217372212145,0.015219327993690968,0.0012412212032359106,2.330221270262377e-06,1.6563490135013126e-05,1.9056930455008115e-06,9.725071999532197e-05,0.001141598797403276,5.886385297344536e-05,0.0002461159606860343,0.003988821525126696,5.676177206623834e-05,0.0001912631936041483,0.0009902851888909936,0.00028952166758244895,9.26936934572748e-05,0.00028573660529218614,0.00010774986367323436,0.00033752925437237607,0.0036070556000898555,0.00029262330918792667
80,Considering Firstcard for building credit from scratch. My FICO is 520 (thanks student loans!). They,8,28,0.2914709486067295,0.0,0.08413503326423269,0.05643063713758898,0.045377294410880356,0.550978167780808,0.5520385141883578,0.550950539963586,0.5631064772605896,0.6016172766685486,0.3060724139213562,0.3202913999557495,0.4676225781440735,0.5034312605857849,1,7,0.125,0.1587784793227911,1.0735428464085233,0.3221719564721667,0.75,0.7142857142857143,neutral,0.625,0.0,0.125,0.25,0.625,8.85914075968996,10.25,0.29904272606548393,1.0,1.0,0.0,0.0,0.0025452054651395883,0.015219327993690968,0.006296960636973379,3.4154154207044485e-06,1.6563490135013126e-05,6.342207302623135e-06,0.0001781177290922642,0.001141598797403276,0.0004135706760280298,0.0005220871712481312,0.003988821525126696,0.001233715633497922,0.0002873785679184948,0.0009902851888909936,0.0007606829516589641,0.00011245538462389959,0.00028573660529218614,0.00016477437020512292,0.0006081099555738472,0.0036070556000898555,0.0014793410792776733
81,Is the Capital One Venture X Business 150k bonus realistic for small biz? 🤔 I'm evaluating the Ventu,9,36,0.3171466655201382,0.1111111111111111,0.08730094954967021,0.048436275487763886,0.03422542695839386,0.5525002727905909,0.5590851257244746,0.5541470332278146,0.5493689775466919,0.617725670337677,0.30809468030929565,0.31722790002822876,0.4863904118537903,0.4995236396789551,1,8,0.1111111111111111,0.15311269213755926,1.0027182645175161,0.3009173841088146,0.7777777777777778,0.625,neutral,0.6666666666666666,0.0,0.1111111111111111,0.2222222222222222,0.6666666666666666,18.254037266950288,24.0,0.3312224504083721,1.0,1.0,0.0,0.0,0.002314852941910633,0.015219327993690968,0.005022336728870871,3.192781112678252e-06,1.6563490135013126e-05,4.882024040853142e-06,0.0001619421295294564,0.001141598797403276,0.0003095666586887093,0.00046631888633580983,0.003988821525126696,0.0008401290775509558,0.0002683409863190415,0.0009902851888909936,0.0007278826320543887,0.00010805697416395156,0.00028573660529218614,0.00014749405090697112,0.0005537841165619285,0.0036070556000898555,0.0011753818620187915
82,Chase Slate card gone for new applicants? Or am I blind? I've been trying to transfer my high-intere,9,36,0.30600082212024265,0.0,0.06869392171903398,0.04170231341916113,0.032001482265351995,0.5211860347125266,0.5296598813600011,0.5240900019804636,0.5365259349346161,0.6035750508308411,0.30809468030929565,0.31722790002822876,0.4863904118537903,0.4995236396789551,1,8,0.1111111111111111,0.15311269213755926,1.0027182645175161,0.3009173841088146,0.7777777777777778,0.625,neutral,0.6666666666666666,0.0,0.1111111111111111,0.2222222222222222,0.6666666666666666,23.70185177950824,18.0,0.5306384726755576,1.0,1.0,0.0,0.0,0.002314852941910633,0.015219327993690968,0.005022336728870871,3.192781112678252e-06,1.6563490135013126e-05,4.882024040853142e-06,0.0001619421295294564,0.001141598797403276,0.0003095666586887093,0.00046631888633580983,0.003988821525126696,0.0008401290775509558,0.0002683409863190415,0.0009902851888909936,0.0007278826320543887,0.00010805697416395156,0.00028573660529218614,0.00014749405090697112,0.0005537841165619285,0.0036070556000898555,0.0011753818620187915
83,Title: Citi Secured Mastercard for credit building – worth the deposit?\n\nI just got approved for t,11,55,0.3086628128181804,0.0,0.08041025082526541,0.05338997181195399,0.04278677487000584,0.548524634404616,0.5526841987263073,0.5496660248799757,0.5518938899040222,0.6728940010070801,0.2883043885231018,0.2776665687561035,0.5005500316619873,0.483757883310318,1,10,0.09090909090909091,0.13173526711761951,1.4205719259467045,0.4263159483785742,0.8181818181818182,0.7,neutral,0.5454545454545454,0.09090909090909091,0.09090909090909091,0.18181818181818182,0.6363636363636364,10.320484324595183,16.5,0.3662107340985387,1.0,1.0,0.0,0.0,0.001977265746311539,0.015219327993690968,0.002473088912665844,2.887186104255141e-06,1.6563490135013126e-05,1.9616575173131423e-06,0.00013838716288525822,0.001141598797403276,0.00010155862401006743,0.00038606721930343406,0.003988821525126696,5.295596565701999e-05,0.00023865247798808426,0.0009902851888909936,0.0006622819928452373,0.00010179609671467915,0.00028573660529218614,0.00011293341231066734,0.00047417598155120833,0.0036070556000898555,0.0005674634275010249
84,"Thinking about applying for the Discover it Chrome for my road trip budget, is 2% gas/dining still c",11,55,0.3013087402690541,0.09090909090909091,0.0756570200531372,0.04993342191881963,0.04004390890835843,0.5521166649731722,0.5522306588563052,0.5512351214885711,0.5452938675880432,0.6847900152206421,0.2883043885231018,0.2776665687561035,0.5005500316619873,0.483757883310318,1,10,0.09090909090909091,0.13173526711761951,1.4205719259467045,0.4263159483785742,0.8181818181818182,0.7,neutral,0.5454545454545454,0.09090909090909091,0.09090909090909091,0.18181818181818182,0.6363636363636364,13.289528593894289,17.0,0.3846968803495715,1.0,1.0,0.0,0.0,0.001977265746311539,0.015219327993690968,0.002473088912665844,2.887186104255141e-06,1.6563490135013126e-05,1.9616575173131423e-06,0.00013838716288525822,0.001141598797403276,0.00010155862401006743,0.00038606721930343406,0.003988821525126696,5.295596565701999e-05,0.00023865247798808426,0.0009902851888909936,0.0006622819928452373,0.00010179609671467915,0.00028573660529218614,0.00011293341231066734,0.00047417598155120833,0.0036070556000898555,0.0005674634275010249
85,"Title: Considering the Citi Simplicity® Card for a kitchen renovation. Is the ""No Late Fees"" actuall",10,45,0.30187530219554903,0.0,0.0626699774020198,0.039408289852918325,0.030408971379340066,0.517127866215176,0.5370280385017395,0.525144139263365,0.5237678289413452,0.5905292630195618,0.30144166946411133,0.3185763955116272,0.5005500316619873,0.5010342001914978,1,9,0.1,0.14001049902290105,1.2275294114572126,0.3683835754104631,0.8,0.6666666666666666,neutral,0.6,0.0,0.1,0.2,0.7,24.47529366524537,43.75,0.4837014558348887,1.0,1.0,0.0,0.0,0.002123324552667327,0.015219327993690968,0.003747712820768352,3.021133147740329e-06,1.6563490135013126e-05,3.4218407790831352e-06,0.00014857312071399066,0.001141598797403276,0.0002055626413493879,0.0004220470125801512,0.003988821525126696,0.00044654252160398615,0.00025126917971647346,0.0009902851888909936,0.0006950823124498128,0.00010436556040076539,0.00028573660529218614,0.00013021373160881916,0.0005087667598710748,0.0036070556000898555,0.0008714226447599069
86,🔍 **Is the Citi AAdvantage Platinum Select actually worth the $595 annual fee?** Hey r/CreditCards! ,12,66,0.3316889430085818,0.25,0.07248864601312027,0.044428065793364675,0.03344436523412068,0.5379066774339387,0.5546857425660798,0.5452696261080828,0.54711052775383,0.6253417730331421,0.27838340401649475,0.2766239047050476,0.5005500316619873,0.45776668190956116,1,11,0.08333333333333333,0.125513871666044,1.4735023850806486,0.44220046536194546,0.8333333333333334,0.6363636363636364,neutral,0.5,0.08333333333333333,0.16666666666666666,0.16666666666666666,0.5833333333333334,18.766659265836314,15.25,0.44418128439849264,1.0,1.0,0.0,0.0,0.0018506360283936374,0.015219327993690968,0.0022785870707593865,2.7624038428560502e-06,1.6563490135013126e-05,1.931248993969348e-06,0.00012940525736363875,0.001141598797403276,9.545060675009155e-05,0.00035566034663740237,0.003988821525126696,5.0971592281712225e-05,0.00022808621118504865,0.0009902851888909936,0.0006084007953177209,9.966786819859408e-05,0.00028573660529218614,0.00011219290536246262,0.00044436968593686293,0.0036070556000898555,0.0005241106085009052
87,Should I use the Citi Diamond Preferred for a balance transfer? I have $8k on a card at 22% APR. The,9,36,0.31014762653244865,0.1111111111111111,0.08169315566222014,0.05894587428681895,0.04773233913270426,0.5372851002547476,0.5579068702128198,0.5465019096930822,0.5417091846466064,0.6311403512954712,0.30809468030929565,0.31722790002822876,0.4863904118537903,0.4995236396789551,1,8,0.1111111111111111,0.15311269213755926,1.0027182645175161,0.3009173841088146,0.7777777777777778,0.625,neutral,0.6666666666666666,0.0,0.1111111111111111,0.2222222222222222,0.6666666666666666,8.916623398995057,14.0,0.3598637246231189,1.0,1.0,0.0,0.0,0.002314852941910633,0.015219327993690968,0.005022336728870871,3.192781112678252e-06,1.6563490135013126e-05,4.882024040853142e-06,0.0001619421295294564,0.001141598797403276,0.0003095666586887093,0.00046631888633580983,0.003988821525126696,0.0008401290775509558,0.0002683409863190415,0.0009902851888909936,0.0007278826320543887,0.00010805697416395156,0.00028573660529218614,0.00014749405090697112,0.0005537841165619285,0.0036070556000898555,0.0011753818620187915
88,Thinking about applying for the Capital One Venture X - is it worth the $395 annual fee? I've been h,15,105,0.3136162221431732,0.13333333333333333,0.08337148858211477,0.0484225675274366,0.03438797672219795,0.5293163784912654,0.5445972360315777,0.5360031590575264,0.5347996354103088,0.6078870892524719,0.2891070246696472,0.276775985956192,0.5471892356872559,0.4605010449886322,1,14,0.06666666666666667,0.10496126698950926,1.6151195500604119,0.48470000719598405,0.8666666666666667,0.7142857142857143,neutral,0.4666666666666667,0.2,0.13333333333333333,0.13333333333333333,0.5333333333333333,23.5905819249029,14.0,0.37524785670577254,1.0,1.0,0.0,0.0,0.0015700825043798736,0.015219327993690968,0.0016950815450400107,2.483476957119516e-06,1.6563490135013126e-05,1.8400234239379642e-06,0.0001095176290012508,0.001141598797403276,7.712655497016382e-05,0.000288406248728279,0.003988821525126696,4.501847215578891e-05,0.00020607234958636885,0.0009902851888909936,0.00044861047063022837,9.606872141982118e-05,0.00028573660529218614,0.00010997138451784849,0.00037877182167878553,0.0036070556000898555,0.00039405215150054555
89,Is the Capital One VentureOne still worth it in 2024? I've been using a basic cash back card for yea,11,55,0.31907596642320807,0.09090909090909091,0.06401646601551436,0.03829373931482845,0.02926931749294991,0.5236179817806591,0.5264419626105915,0.523308002948761,0.5204437971115112,0.6414820551872253,0.2883043885231018,0.2776665687561035,0.5005500316619873,0.483757883310318,1,10,0.09090909090909091,0.13173526711761951,1.4205719259467045,0.4263159483785742,0.8181818181818182,0.7,neutral,0.5454545454545454,0.09090909090909091,0.09090909090909091,0.18181818181818182,0.6363636363636364,23.327704948876093,34.0,0.4760756112015529,1.0,1.0,0.0,0.0,0.001977265746311539,0.015219327993690968,0.002473088912665844,2.887186104255141e-06,1.6563490135013126e-05,1.9616575173131423e-06,0.00013838716288525822,0.001141598797403276,0.00010155862401006743,0.00038606721930343406,0.003988821525126696,5.295596565701999e-05,0.00023865247798808426,0.0009902851888909936,0.0006622819928452373,0.00010179609671467915,0.00028573660529218614,0.00011293341231066734,0.00047417598155120833,0.0036070556000898555,0.0005674634275010249
9,"After months of crunching numbers, I think I'm finally pulling the trigger on the Discover it® Cash ",10,45,0.3127835839986801,0.3,0.06147805530896092,0.03990322529885068,0.03244569811346717,0.527852408753501,0.5526310404141744,0.5389241284794277,0.5369868278503418,0.5982181429862976,0.30144166946411133,0.3185763955116272,0.5005500316619873,0.5010342001914978,1,9,0.1,0.14001049902290105,1.2275294114572126,0.3683835754104631,0.8,0.6666666666666666,neutral,0.6,0.0,0.1,0.2,0.7,23.667699507979226,20.75,0.5662129068894552,1.0,1.0,0.0,0.0,0.002123324552667327,0.015219327993690968,0.003747712820768352,3.021133147740329e-06,1.6563490135013126e-05,3.4218407790831352e-06,0.00014857312071399066,0.001141598797403276,0.0002055626413493879,0.0004220470125801512,0.003988821525126696,0.00044654252160398615,0.00025126917971647346,0.0009902851888909936,0.0006950823124498128,0.00010436556040076539,0.00028573660529218614,0.00013021373160881916,0.0005087667598710748,0.0036070556000898555,0.0008714226447599069
90,Hey fellow students! Just got accepted to a random ad for the Capital One Quicksilver Student Cash R,15,105,0.316920804977417,0.13333333333333333,0.07615346557982232,0.046897434855224594,0.035625932915455835,0.5293960293134053,0.5420913744540442,0.5348128906318119,0.5321376323699951,0.6240524649620056,0.2891070246696472,0.276775985956192,0.5471892356872559,0.4605010449886322,1,14,0.06666666666666667,0.10496126698950926,1.6151195500604119,0.48470000719598405,0.8666666666666667,0.7142857142857143,neutral,0.4666666666666667,0.2,0.13333333333333333,0.13333333333333333,0.5333333333333333,22.52958548713718,29.0,0.5223242384962252,1.0,1.0,0.0,0.0,0.0015700825043798736,0.015219327993690968,0.0016950815450400107,2.483476957119516e-06,1.6563490135013126e-05,1.8400234239379642e-06,0.0001095176290012508,0.001141598797403276,7.712655497016382e-05,0.000288406248728279,0.003988821525126696,4.501847215578891e-05,0.00020607234958636885,0.0009902851888909936,0.00044861047063022837,9.606872141982118e-05,0.00028573660529218614,0.00010997138451784849,0.00037877182167878553,0.0036070556000898555,0.00039405215150054555
91,Is the Wyndham Earner Plus card still worth it in 2024? The $75 annual fee stings but the 75k bonus ,10,45,0.31612188518047335,0.1,0.07607393285706807,0.05109908531446512,0.04240737030243565,0.5276170571645101,0.5427997039424048,0.5344148814678192,0.5344820618629456,0.5959950089454651,0.30144166946411133,0.3185763955116272,0.5005500316619873,0.5010342001914978,1,9,0.1,0.14001049902290105,1.2275294114572126,0.3683835754104631,0.8,0.6666666666666666,neutral,0.6,0.0,0.1,0.2,0.7,5.39351462406472,7.25,0.18662680360085535,1.0,1.0,0.0,0.0,0.002123324552667327,0.015219327993690968,0.003747712820768352,3.021133147740329e-06,1.6563490135013126e-05,3.4218407790831352e-06,0.00014857312071399066,0.001141598797403276,0.0002055626413493879,0.0004220470125801512,0.003988821525126696,0.00044654252160398615,0.00025126917971647346,0.0009902851888909936,0.0006950823124498128,0.00010436556040076539,0.00028573660529218614,0.00013021373160881916,0.0005087667598710748,0.0036070556000898555,0.0008714226447599069
92,Is the Discover it® Cash Back worth using the 18-month balance transfer offer? I’m drowning in 22% i,11,55,0.29749126867814496,0.0,0.0821727767148417,0.05148564179406581,0.03875604777061943,0.540612603859468,0.5505213970487768,0.5438205090436068,0.5472710728645325,0.6245518922805786,0.2883043885231018,0.2776665687561035,0.5005500316619873,0.483757883310318,1,10,0.09090909090909091,0.13173526711761951,1.4205719259467045,0.4263159483785742,0.8181818181818182,0.7,neutral,0.5454545454545454,0.09090909090909091,0.09090909090909091,0.18181818181818182,0.6363636363636364,13.073852524589327,10.0,0.38146519302515275,1.0,1.0,0.0,0.0,0.001977265746311539,0.015219327993690968,0.002473088912665844,2.887186104255141e-06,1.6563490135013126e-05,1.9616575173131423e-06,0.00013838716288525822,0.001141598797403276,0.00010155862401006743,0.00038606721930343406,0.003988821525126696,5.295596565701999e-05,0.00023865247798808426,0.0009902851888909936,0.0006622819928452373,0.00010179609671467915,0.00028573660529218614,0.00011293341231066734,0.00047417598155120833,0.0036070556000898555,0.0005674634275010249
93,"Hey folks, I'm considering the BankAmericard since it has no annual fee. My credit is average (aroun",10,45,0.3128354400396347,0.1,0.06608935778076509,0.04656286143384477,0.0394574016148621,0.5291433990001678,0.5626295182440016,0.5437258879343668,0.5460481643676758,0.6082540154457092,0.30144166946411133,0.3185763955116272,0.5005500316619873,0.5010342001914978,1,9,0.1,0.14001049902290105,1.2275294114572126,0.3683835754104631,0.8,0.6666666666666666,neutral,0.6,0.0,0.1,0.2,0.7,10.753604047016053,17.0,0.38962333503681346,1.0,1.0,0.0,0.0,0.002123324552667327,0.015219327993690968,0.003747712820768352,3.021133147740329e-06,1.6563490135013126e-05,3.4218407790831352e-06,0.00014857312071399066,0.001141598797403276,0.0002055626413493879,0.0004220470125801512,0.003988821525126696,0.00044654252160398615,0.00025126917971647346,0.0009902851888909936,0.0006950823124498128,0.00010436556040076539,0.00028573660529218614,0.00013021373160881916,0.0005087667598710748,0.0036070556000898555,0.0008714226447599069
94,Just applied for the Citi Diamond Preferred Card to transfer my $8k CC debt. The 21-month 0% APR sou,9,36,0.30052129096455044,0.0,0.09433305337675765,0.06311405481217627,0.04744840634637927,0.5547663105858697,0.566386815574434,0.5596734368138843,0.5515365302562714,0.6277822852134705,0.30809468030929565,0.31722790002822876,0.4863904118537903,0.4995236396789551,1,8,0.1111111111111111,0.15311269213755926,1.0027182645175161,0.3009173841088146,0.7777777777777778,0.625,neutral,0.6666666666666666,0.0,0.1111111111111111,0.2222222222222222,0.6666666666666666,15.441646429200626,13.0,0.3828507379140651,1.0,1.0,0.0,0.0,0.002314852941910633,0.015219327993690968,0.005022336728870871,3.192781112678252e-06,1.6563490135013126e-05,4.882024040853142e-06,0.0001619421295294564,0.001141598797403276,0.0003095666586887093,0.00046631888633580983,0.003988821525126696,0.0008401290775509558,0.0002683409863190415,0.0009902851888909936,0.0007278826320543887,0.00010805697416395156,0.00028573660529218614,0.00014749405090697112,0.0005537841165619285,0.0036070556000898555,0.0011753818620187915
95,"Just got approved for the Hilton Aspire Card. $450 annual fee stings, but the benefits sound insane—",10,45,0.3201573431491852,0.2,0.13862087901810202,0.08682581567549924,0.06253975162096796,0.5532188713550568,0.5660537931654188,0.5592109190093146,0.5564351677894592,0.6081157326698303,0.30144166946411133,0.3185763955116272,0.5005500316619873,0.5010342001914978,1,9,0.1,0.14001049902290105,1.2275294114572126,0.3683835754104631,0.8,0.6666666666666666,neutral,0.6,0.0,0.1,0.2,0.7,7.351190379795643,10.0,0.2076607451919673,1.0,1.0,0.0,0.0,0.002123324552667327,0.015219327993690968,0.003747712820768352,3.021133147740329e-06,1.6563490135013126e-05,3.4218407790831352e-06,0.00014857312071399066,0.001141598797403276,0.0002055626413493879,0.0004220470125801512,0.003988821525126696,0.00044654252160398615,0.00025126917971647346,0.0009902851888909936,0.0006950823124498128,0.00010436556040076539,0.00028573660529218614,0.00013021373160881916,0.0005087667598710748,0.0036070556000898555,0.0008714226447599069
96,Just want to share my experience with the OpenSky Secured Visa Credit Card after having it for a mon,11,55,0.2983445172960108,0.09090909090909091,0.07379749935567573,0.048872328385461225,0.03957120051659984,0.5331969759681008,0.5476343041116541,0.5396165679801594,0.5397164821624756,0.6149200201034546,0.2883043885231018,0.2776665687561035,0.5005500316619873,0.483757883310318,1,10,0.09090909090909091,0.13173526711761951,1.4205719259467045,0.4263159483785742,0.8181818181818182,0.7,neutral,0.5454545454545454,0.09090909090909091,0.09090909090909091,0.18181818181818182,0.6363636363636364,14.279384666234082,16.5,0.38687988011964264,1.0,1.0,0.0,0.0,0.001977265746311539,0.015219327993690968,0.002473088912665844,2.887186104255141e-06,1.6563490135013126e-05,1.9616575173131423e-06,0.00013838716288525822,0.001141598797403276,0.00010155862401006743,0.00038606721930343406,0.003988821525126696,5.295596565701999e-05,0.00023865247798808426,0.0009902851888909936,0.0006622819928452373,0.00010179609671467915,0.00028573660529218614,0.00011293341231066734,0.00047417598155120833,0.0036070556000898555,0.0005674634275010249
97,"Has anyone looked closely at the new Capital One Venture X Business card? They're offering 150,000 m",13,78,0.3056491177815657,0.0,0.0807002953610516,0.048952426267275084,0.037912633152888967,0.5138824990926645,0.5193018966760391,0.5159258861572315,0.5110379457473755,0.6170703172683716,0.23839259147644043,0.23087944090366364,0.5028850436210632,0.41617369651794434,2,11,0.15384615384615385,0.18120372338363758,1.4105135571148384,0.42329741551207345,0.6153846153846154,0.8333333333333334,neutral,0.5384615384615384,0.07692307692307693,0.15384615384615385,0.3076923076923077,0.46153846153846156,12.022661048961867,23.0,0.27565184062875536,1.0,1.0,0.0,0.0,0.0018925826745824171,0.015219327993690968,0.0023070322349667558,2.641580461106339e-06,1.6563490135013126e-05,1.8862568822441976e-06,0.0001232693039827819,0.001141598797403276,9.091485699173066e-05,0.0003317297085651752,0.003988821525126696,5.0418796308804314e-05,0.0002498510030608696,0.0009902851888909936,0.0006016440864186736,0.00010286722401640593,0.00028573660529218614,0.00013235289661679418,0.00045049024911145933,0.0036070556000898555,0.000527970427898102
98,Thinking about applying for the Citi Strata Premier® Card. I usually stick to no-annual-fee cards li,11,55,0.31432394547895953,0.09090909090909091,0.08233517850556842,0.05507206570595655,0.044361396969160784,0.5261523257602345,0.5271673094142567,0.5254065752029419,0.5174564719200134,0.6020428538322449,0.2502381205558777,0.23909719288349152,0.4739355146884918,0.4030786156654358,1,10,0.09090909090909091,0.12648091719231822,1.540305825226517,0.4622482865391504,0.6363636363636364,0.9,neutral,0.45454545454545453,0.09090909090909091,0.2727272727272727,0.2727272727272727,0.36363636363636365,14.209181061774144,10.5,0.4317706952472807,1.0,1.0,0.0,0.0,0.0008184080043892292,0.002473088912665844,0.0016428055241703987,1.4975682605919163e-06,1.9616575173131423e-06,1.5846543419684167e-06,3.990219308682506e-05,0.00010155862401006743,4.833978891838342e-05,2.7590615983089347e-05,5.295596565701999e-05,4.0270118915941566e-05,0.00019635710288474166,0.0006622819928452373,0.00035909246071241796,8.966565259139647e-05,0.00013720776769332588,0.00011293341231066734,0.00019557018953264557,0.0005674634275010249,0.00036999842948641043
99,First credit card as a college student - should I get Discover it Student Chrome? I'm looking to bui,10,45,0.3202192634344101,0.1,0.08949434673444812,0.06192512024249673,0.05117325508438424,0.5407980302969615,0.5600491669442919,0.549760533703698,0.5488576292991638,0.6196555495262146,0.30144166946411133,0.3185763955116272,0.5005500316619873,0.5010342001914978,1,9,0.1,0.14001049902290105,1.2275294114572126,0.3683835754104631,0.8,0.6666666666666666,neutral,0.6,0.0,0.1,0.2,0.7,9.148223871331528,12.75,0.30392770336649594,1.0,1.0,0.0,0.0,0.002123324552667327,0.015219327993690968,0.003747712820768352,3.021133147740329e-06,1.6563490135013126e-05,3.4218407790831352e-06,0.00014857312071399066,0.001141598797403276,0.0002055626413493879,0.0004220470125801512,0.003988821525126696,0.00044654252160398615,0.00025126917971647346,0.0009902851888909936,0.0006950823124498128,0.00010436556040076539,0.00028573660529218614,0.00013021373160881916,0.0005087667598710748,0.0036070556000898555,0.0008714226447599069
__summary_mean__,__summary_mean__,10.545,53.275,0.31149134598437345,0.1137978373750432,0.07766494967269683,0.05098820263416059,0.04040539856594328,0.5334278194220169,0.5445277868331028,0.5376187750866075,0.5372358033061028,0.6179941201210022,0.30231753312051296,0.29645271122455596,0.5107671745121479,0.4987220843136311,1.045,9.5,0.10374139953184064,0.14354797367061378,1.294420180061464,0.38845760400024226,0.764420224383459,0.7248359672663075,,0.5517922171782464,0.058413925535249114,0.1253609882764294,0.20554939913028136,0.6106756870580408,15.285472697871295,18.3525,0.4053704719472803,1.01,1.00375,0.005,0.006666666666666666,0.0021766706642295836,0.018132910928979982,0.0035553694541740686,2.9482262684794435e-06,1.7090150328158417e-05,3.382215467638619e-06,0.00020195347894752012,0.002456711817849282,0.0001994908878896241,0.00037779996697842697,0.0035954007880354766,0.00043592242469549144,0.000392441161909776,0.004158930898047402,0.0006346851093039735,0.0001028344949527017,0.00027163370315975044,0.00012997291270949062,0.0005424413322144147,0.0047679786601149046,0.0008271073279862641
