product,thread_id,comment_count,pair_count,mean_disagree_probability,hard_disagree_rate,self_bleu_2,self_bleu_3,self_bleu_4,self_bertscore_mean_precision,self_bertscore_mean_recall,self_bertscore_mean_f1,self_bertscore_median_f1,self_bertscore_top_k_mean_f1,semantic_mean_cosine,semantic_median_cosine,semantic_top_k_mean_cosine,semantic_p90_cosine,story_count,not_story_count,story_rate,mean_story_probability,emotion_entropy,emotion_entropy_normalized,avg_labels_per_comment,emotion_shift_rate,dominant_emotion_share,polite_rate,somewhat_polite_rate,neutral_rate,impolite_rate,length_std,length_iqr,length_cv,max_depth,avg_depth,avg_branching_factor,structural_virality,toxicity_mean,toxicity_max,toxicity_p90,severe_toxicity_mean,severe_toxicity_max,severe_toxicity_p90,obscene_mean,obscene_max,obscene_p90,threat_mean,threat_max,threat_p90,insult_mean,insult_max,insult_p90,identity_attack_mean,identity_attack_max,identity_attack_p90,aggression_score_mean,aggression_score_max,aggression_score_p90,dominant_emotion,thread_title
ricoh_gr_iiix_hdf_digital_camera,4aktw0,18,153,0.313111063092947,0.1875,0.050528350461163274,0.033678235403595894,0.027571648583007625,0.4962418157290789,0.4978654744967916,0.49277136294670354,0.4900742471218109,0.6198044419288635,0.32550516724586487,0.34498313069343567,0.6759548187255859,0.5983842015266418,3,15,0.16666666666666666,0.22631359338346455,1.6290407622471201,0.48887778564391504,0.8333333333333334,0.8235294117647058,0.4444444444444444,0.3888888888888889,0.16666666666666666,0.05555555555555555,0.3888888888888889,48.25757152899992,40.0,0.9001412305927445,5.0,1.6111111111111112,1.0,1.9090909090909092,0.11731482891061912,0.9937528967857361,0.3739060088992124,0.004222038347355313,0.07326351851224899,0.0008578016640967707,0.1131135586547316,0.970740020275116,0.4006057560443883,0.0020740679266155995,0.03495001047849655,0.0006349223782308403,0.055952085857926354,0.8589316010475159,0.04792549470439562,0.001911439609102672,0.028566014021635056,0.0013895951095037168,0.0490980032177251,0.4877185268172373,0.13742717964972467,neutral,"Headed to Japan for a month soon, need some camera help."
ricoh_gr_iv_hdf_digital_camera,4aktw0,18,153,0.313111063092947,0.1875,0.050528350461163274,0.033678235403595894,0.027571648583007625,0.49624181494993325,0.4978654801455978,0.492771365478927,0.49007418751716614,0.6198044419288635,0.32550516724586487,0.3449831008911133,0.6759548783302307,0.5983840823173523,3,15,0.16666666666666666,0.22631359338346455,1.6290407622471201,0.48887778564391504,0.8333333333333334,0.8235294117647058,0.4444444444444444,0.3888888888888889,0.16666666666666666,0.05555555555555555,0.3888888888888889,48.25757152899992,40.0,0.9001412305927445,5.0,1.6111111111111112,1.0,1.9090909090909092,0.11731482228788082,0.9937528967857361,0.37390597313642554,0.004222038347355313,0.07326351851224899,0.0008578016640967707,0.1131135586547316,0.970740020275116,0.4006057560443883,0.0020740678684079386,0.03495001047849655,0.0006349216448143129,0.05595209082498008,0.8589316010475159,0.04792552152648576,0.001911439609102672,0.028566014021635056,0.0013895951095037168,0.0490980029320764,0.4877185268172373,0.13742717810722163,neutral,"Headed to Japan for a month soon, need some camera help."
ricoh_gr_iv_monochrome_digital_camera,4aktw0,18,153,0.313111063092947,0.1875,0.050528350461163274,0.033678235403595894,0.027571648583007625,0.49624181358642827,0.4978654817038891,0.49277136567371344,0.49007418751716614,0.6198044419288635,0.32550516724586487,0.34498313069343567,0.6759548783302307,0.5983842015266418,3,15,0.16666666666666666,0.2263135735152496,1.6290407622471201,0.48887778564391504,0.8333333333333334,0.8235294117647058,0.4444444444444444,0.3888888888888889,0.16666666666666666,0.05555555555555555,0.3888888888888889,48.25757152899992,40.0,0.9001412305927445,5.0,1.6111111111111112,1.0,1.9090909090909092,0.11731482228788082,0.9937528967857361,0.37390597313642554,0.004222038347355313,0.07326351851224899,0.0008578016640967707,0.1131135586547316,0.970740020275116,0.4006057560443883,0.0020740678684079386,0.03495001047849655,0.0006349216448143129,0.05595209082498008,0.8589316010475159,0.04792552152648576,0.001911439609102672,0.028566014021635056,0.0013895951095037168,0.0490980029320764,0.4877185268172373,0.13742717810722163,neutral,"Headed to Japan for a month soon, need some camera help."
sony_a7_iv_mirrorless_camera_with_28_70mm_lens,1sfkm26,1,0,0.30869224667549133,0.0,0.0,0.0,0.0,0.0,0.0,0.0,0.0,0.0,0.0,0.0,0.0,0.0,0,1,0.0,0.033023588359355927,-0.0,0.0,0.0,0.0,1.0,0.0,0.0,0.0,1.0,0.0,0.0,0.0,1.0,1.0,0.0,0.0,0.0004925908870063722,0.0004925908870063722,0.0004925908870063722,1.5518598956987262e-06,1.5518598956987262e-06,1.5518598956987262e-06,3.7393136153696105e-05,3.7393136153696105e-05,3.7393136153696105e-05,2.1472409571288154e-05,2.1472409571288154e-05,2.1472409571288154e-05,0.00010959267819998786,0.00010959267819998786,0.00010959267819998786,7.52215928514488e-05,7.52215928514488e-05,7.52215928514488e-05,0.00012297042727974863,0.00012297042727974863,0.00012297042727974863,curiosity,Upgrade Options from Sony A6400
sony_a9_ii_mirrorless_camera,4ddcou,19,171,0.324736754099528,0.16666666666666666,0.05130516793107126,0.035751881410575045,0.03003784023302171,0.5102064703640184,0.4827500712453273,0.4940891501150633,0.49558740854263306,0.7864323854446411,0.32431018352508545,0.3203037679195404,0.6776820421218872,0.5571538805961609,3,16,0.15789473684210525,0.12256527290140327,1.5388340843440496,0.4618066147035913,0.6842105263157895,0.7777777777777778,0.47368421052631576,0.15789473684210525,0.15789473684210525,0.0,0.6842105263157895,66.9433133495502,30.5,1.1438156057926743,4.0,1.631578947368421,1.3333333333333333,1.6,0.11451788279718082,0.8813948631286621,0.39689286947250324,0.00025167065886259817,0.0026793782599270344,0.0005253561539575446,0.08550342601866807,0.836064338684082,0.180216452479362,0.003121494314032852,0.030115069821476936,0.005969161144457738,0.01942723127285717,0.1537681519985199,0.07833307683467859,0.0005551486599295842,0.00297176418825984,0.0017670427449047559,0.037229475620255185,0.3110508413471204,0.10680960407674607,neutral,"""Why Sony's full frame mirrorless was a mistake."""
sony_a7_iv_mirrorless_camera_with_28_70mm_lens,1pa3qnv,1,0,0.06493060290813446,0.0,0.0,0.0,0.0,0.0,0.0,0.0,0.0,0.0,0.0,0.0,0.0,0.0,0,1,0.0,0.019124062731862068,-0.0,0.0,1.0,0.0,1.0,0.0,0.0,1.0,0.0,0.0,0.0,0.0,1.0,1.0,0.0,0.0,0.0004303964087739587,0.0004303964087739587,0.0004303964087739587,1.2961926358912024e-06,1.2961926358912024e-06,1.2961926358912024e-06,2.964293526019901e-05,2.964293526019901e-05,2.964293526019901e-05,1.7580396161065437e-05,1.7580396161065437e-05,1.7580396161065437e-05,0.00011208929208805785,0.00011208929208805785,0.00011208929208805785,6.325403955997899e-05,6.325403955997899e-05,6.325403955997899e-05,0.00010904321074652519,0.00010904321074652519,0.00010904321074652519,neutral,"Help me indentify the lens on that Sony A7 (s 3 or sIV), picture 3 seems like a 16-35 right ?"
sony_a7_iv_mirrorless_camera_with_basic_bundle,1s6xlpw,1,0,0.3116776943206787,0.0,0.0,0.0,0.0,0.0,0.0,0.0,0.0,0.0,0.0,0.0,0.0,0.0,0,1,0.0,0.07774306833744049,-0.0,0.0,1.0,0.0,1.0,0.0,0.0,1.0,0.0,0.0,0.0,0.0,1.0,1.0,0.0,0.0,0.0004941941588185728,0.0004941941588185728,0.0004941941588185728,1.0871439144466422e-06,1.0871439144466422e-06,1.0871439144466422e-06,1.957109270733781e-05,1.957109270733781e-05,1.957109270733781e-05,2.255686376884114e-05,2.255686376884114e-05,2.255686376884114e-05,0.00012908056669402868,0.00012908056669402868,0.00012908056669402868,9.397905523655936e-05,9.397905523655936e-05,9.397905523655936e-05,0.00012674481352329772,0.00012674481352329772,0.00012674481352329772,neutral,Nikon ZR Red vs Sony A7 IV — which is better for video?
sony_rx100_vii_digital_camera_with_basic_bundle,1chyk4e,4,6,0.31879162043333054,0.0,0.03262643224253075,0.0313445413785289,0.032213381792512784,0.47027020156383514,0.4401407986879349,0.4411342591047287,0.43589845299720764,0.5575686097145081,0.17559456825256348,0.12815965712070465,0.17559456825256348,0.4397469162940979,0,4,0.0,0.05328895803540945,0.5623351446188083,0.16875769266311968,1.0,0.3333333333333333,0.75,0.0,0.25,0.25,0.5,45.880278987817846,34.0,1.3108651139376528,3.0,2.25,1.5,1.5,0.06970048712537391,0.27014368772506714,0.1914122454822064,5.401626339107679e-05,0.0001886741811176762,0.00013944957590865674,0.043333968768365594,0.17205476760864258,0.12080568429082635,9.45625533859129e-05,0.0002365589898545295,0.00019455737565294843,0.009845379481703276,0.038791097700595856,0.02726847023004667,0.0004537601962510962,0.0008786235703155398,0.0008446586318314076,0.020580362398078478,0.08038223496259889,0.05677751093107874,neutral,Compact camera dupe of the Sony rx100 vii??
hasselblad_x2d_ii_100c_medium_format_mirrorless_camera,4ejrd9,1,0,0.29780879616737366,0.0,0.0,0.0,0.0,0.0,0.0,0.0,0.0,0.0,0.0,0.0,0.0,0.0,0,1,0.0,0.027334120124578476,-0.0,0.0,0.0,0.0,1.0,0.0,1.0,0.0,0.0,0.0,0.0,0.0,1.0,1.0,0.0,0.0,0.0006241908995434642,0.0006241908995434642,0.0006241908995434642,1.3676728940481553e-06,1.3676728940481553e-06,1.3676728940481553e-06,3.8079531805124134e-05,3.8079531805124134e-05,3.8079531805124134e-05,2.592593591543846e-05,2.592593591543846e-05,2.592593591543846e-05,0.00015468783385585994,0.00015468783385585994,0.00015468783385585994,7.329508662223816e-05,7.329508662223816e-05,7.329508662223816e-05,0.00015292449343936218,0.00015292449343936218,0.00015292449343936218,approval,Medium Format Camera Advantages - Hasselblad with Karl Taylor
sony_a9_ii_mirrorless_camera,6mtf7r,25,300,0.324931321144104,0.28,0.03997791176552156,0.024855349375909618,0.02016173005559771,0.4741176548103491,0.5100828735530376,0.4845844593644142,0.4920456260442734,0.606473982334137,0.24843165278434753,0.2276875525712967,0.6910697817802429,0.5459333658218384,2,23,0.08,0.15400930143892766,2.0397125559135922,0.6121210597024089,0.76,0.75,0.36,0.2,0.08,0.12,0.6,64.71517905406738,91.0,0.9094319709677822,8.0,2.88,1.3571428571428572,2.65625,0.05380836386117153,0.9538952112197876,0.046740189939737324,4.8248531993522195e-06,3.04997265629936e-05,9.633529589336832e-06,0.0004375855139369378,0.006207013502717018,0.0008540390059351925,0.0003827127747354098,0.0072133829817175865,0.0002509201527573169,0.047337461858114695,0.9371228218078613,0.021735311299562455,0.0002442961787164677,0.0011495687067508698,0.0006912811659276488,0.0170358741733124,0.315512832485183,0.012198290263434806,neutral,Huge review of the Sony a9 by Jared Polin
sony_a7r_v_mirrorless_camera,1shhomh,4,6,0.3044305369257927,0.0,0.061856844099954705,0.029821188293067555,0.01871756163376038,0.4950675467650096,0.5432483851909637,0.5140861769517263,0.5163953006267548,0.5712159276008606,0.5389445424079895,0.5119799375534058,0.5389445424079895,0.7132354974746704,0,4,0.0,0.022708671633154154,0.5623351446188083,0.16875769266311968,0.5,0.3333333333333333,0.75,0.5,0.25,0.25,0.0,57.28165063962455,98.75,0.709370286558818,1.0,1.0,0.0,0.0,0.0006557198212249205,0.0012559269089251757,0.001032189081888646,1.5902811867363198e-06,2.2193576114659663e-06,1.9922387650694873e-06,3.5830629258271074e-05,5.587452324107289e-05,4.821665770577966e-05,4.1162501020153286e-05,9.621537901693955e-05,7.583285350847292e-05,0.000135723650600994,0.00020158417464699596,0.00017724257122608833,8.524450822733343e-05,0.00013604243576992303,0.0001168717004475184,0.00015921189858640142,0.0002913104632019288,0.00024205751725692913,neutral,An iPhone or Mirrorless camera ?
ricoh_gr_iv_digital_camera,10g5n4n,5,10,0.30176839232444763,0.2,0.03965033674442089,0.02905575118766493,0.025616955208765425,0.5153317004442215,0.4569424897432327,0.481546351313591,0.47504112124443054,0.6521334052085876,0.27916330099105835,0.29068028926849365,0.27916330099105835,0.5053231716156006,1,4,0.2,0.2420813452452421,1.3321790402101223,0.399789099421175,0.8,0.75,0.4,0.4,0.2,0.2,0.2,41.02974530752049,25.0,1.015587755136646,3.0,1.6,1.0,1.3333333333333333,0.03309221283416264,0.16051463782787323,0.09772694259881974,3.0081156501182706e-05,0.00014085943985264748,8.642647353553914e-05,0.022859060799964935,0.11378829926252365,0.06843323620269076,7.335979462368414e-05,0.00024887133622542024,0.00016701780550647529,0.0029362088680500165,0.013776155188679695,0.00850232040975243,0.00019843533809762448,0.0005995772662572563,0.0004181651514954866,0.009864893131900013,0.048178066720235314,0.02922235144030007,optimism,Advice needed for travel cam
sony_a7_iv_mirrorless_camera,memhve,175,15225,0.3152346665689931,0.14792899408284024,0.04736725304337321,0.03530861700279767,0.03097819685916382,0.49426320022354375,0.49376664337951365,0.4904404324694416,0.49179959297180176,0.7659018635749817,0.2312866598367691,0.21856313943862915,0.8339912295341492,0.4586377441883087,57,118,0.32571428571428573,0.3394770799524018,2.0307724464488217,0.6094381182930594,0.8114285714285714,0.7701149425287356,0.4742857142857143,0.14285714285714285,0.08571428571428572,0.22285714285714286,0.5485714285714286,46.0829435000918,35.0,1.1026134963790082,10.0,3.2057142857142855,1.5542168674698795,4.7034649476228845,0.060830674259424476,0.9551229476928711,0.021491234004497525,0.00024054345884516286,0.009568030945956707,9.911040615406814e-06,0.03715914846933239,0.9425385594367981,0.0007887165644206099,0.0002953013579618918,0.028176650404930115,0.00017678138101473443,0.027054389059901172,0.8790538907051086,0.0019494866952300045,0.0009681855894658448,0.11696403473615646,0.00045023444690741595,0.021091373699155154,0.3658975904788046,0.005355430231467527,neutral,Sony Sued: Class-Action Lawsuit Says a7 III Shutter is Bricking Cameras
ricoh_gr_iv_digital_camera,4gxwk2,3,3,0.30643230676651,0.0,0.04186965507171214,0.01682589048930323,0.008299392075981217,0.5582738916079203,0.48617398738861084,0.5172890424728394,0.5163962244987488,0.5609045624732971,0.5624107718467712,0.540183424949646,0.5624107718467712,0.619312047958374,0,3,0.0,0.01643625150124232,0.6365141682948128,0.1910189384688593,0.6666666666666666,0.5,0.6666666666666666,0.6666666666666666,0.0,0.0,0.3333333333333333,195.28839073420508,239.0,0.6958018672240086,1.0,1.0,0.0,0.0,0.0032820458873175085,0.008590808138251305,0.007043128879740834,8.712616325586472e-06,2.1557190848398022e-05,1.78764498741657e-05,0.00012670973834853308,0.0002617292630020529,0.00022764927707612513,0.00015370782602985855,0.0003999694308731705,0.00032824964364408515,0.00036643528437707573,0.0008713979623280466,0.0007230170100228861,0.0012195339707735304,0.0034737722016870975,0.002800680075597484,0.0008595242205286822,0.002269872364498345,0.0018567668893259303,neutral,Help setting up my Ricoh GR
ricoh_gr_iv_hdf_digital_camera,4gxwk2,3,3,0.30643230676651,0.0,0.04186965507171214,0.01682589048930323,0.008299392075981217,0.5582738717397054,0.48617398738861084,0.5172890226046244,0.5163962244987488,0.5609045028686523,0.5624107718467712,0.540183424949646,0.5624107718467712,0.619312047958374,0,3,0.0,0.01643625150124232,0.6365141682948128,0.1910189384688593,0.6666666666666666,0.5,0.6666666666666666,0.6666666666666666,0.0,0.0,0.3333333333333333,195.28839073420508,239.0,0.6958018672240086,1.0,1.0,0.0,0.0,0.0032820458873175085,0.008590808138251305,0.007043128879740834,8.712616325586472e-06,2.1557190848398022e-05,1.78764498741657e-05,0.00012670973834853308,0.0002617292630020529,0.00022764927707612513,0.00015370782602985855,0.0003999694308731705,0.00032824964364408515,0.00036643528437707573,0.0008713979623280466,0.0007230170100228861,0.0012195339707735304,0.0034737722016870975,0.002800680075597484,0.0008595242205286822,0.002269872364498345,0.0018567668893259303,neutral,Help setting up my Ricoh GR
sony_a7r_v_mirrorless_camera,1pz9egx,9,36,0.3081734908951653,0.0,0.05291544897332639,0.03344434023280818,0.025817849608508543,0.5327499442630343,0.5084298418627845,0.5135840119587051,0.5192143023014069,0.6272146701812744,0.3758390545845032,0.4244793653488159,0.6095105409622192,0.6211836338043213,1,8,0.1111111111111111,0.09133578826569849,1.2730283365896258,0.38203787693771873,0.6666666666666666,1.0,0.4444444444444444,0.7777777777777778,0.1111111111111111,0.0,0.1111111111111111,69.04909686431661,64.0,1.020430002920935,3.0,1.6666666666666667,1.0,1.1666666666666667,0.0005473902436076767,0.0009196411701850593,0.0008104090928100049,2.100598572320046e-06,4.864783932134742e-06,3.316976744827116e-06,5.2574597753442097e-05,0.00012972393597010523,9.115116845350715e-05,2.461943444763569e-05,3.337081216159277e-05,3.032962486031465e-05,0.00010913158540562209,0.00012311649334151298,0.00012119612947572022,8.454211638309062e-05,0.00014013440522830933,0.0001220420905156061,0.0001367264293616312,0.00021240388021700105,0.00020356205139554127,gratitude,New to Cameras and I am looking for a good video and photo setup. Which System Should I Choose?
ricoh_gr_iiix_hdf_digital_camera,21i4tl,55,1485,0.30651638771478945,0.11538461538461539,0.05928168580951438,0.03563633720426717,0.027114612298968294,0.52110596728646,0.5147786813954311,0.5142140713805703,0.5173772573471069,0.6734340190887451,0.4493219256401062,0.4968647062778473,0.8063007593154907,0.6892914175987244,8,47,0.14545454545454545,0.19248796254396439,1.6891388162314969,0.5069133095143322,0.9090909090909091,0.7037037037037037,0.5636363636363636,0.34545454545454546,0.07272727272727272,0.12727272727272726,0.45454545454545453,54.05285445173238,51.0,0.8700342390533453,4.0,1.3818181818181818,1.5,1.9210526315789473,0.028325115010904317,0.5152959227561951,0.061823469400405916,1.352243756917398e-05,0.00012310298916418105,3.1974811281543236e-05,0.0005020254318382782,0.003958335146307945,0.0011262889951467517,0.0061472855933971,0.17654697597026825,0.009122716262936596,0.009980392027566929,0.4586489796638489,0.002565180324018002,0.0017909510246351022,0.023492757230997086,0.002513841260224582,0.007793215254318483,0.16253481279295556,0.016693154389819647,neutral,Straps or No Straps?
ricoh_gr_iv_digital_camera,21i4tl,55,1485,0.30651638771478945,0.11538461538461539,0.05928168580951438,0.03563633720426717,0.027114612298968294,0.5211059670255642,0.5147786813352244,0.5142140708587788,0.5173772573471069,0.6734340190887451,0.4493219256401062,0.4968647062778473,0.8063007593154907,0.6892914175987244,8,47,0.14545454545454545,0.19248795289207588,1.6891388162314969,0.5069133095143322,0.9090909090909091,0.7037037037037037,0.5636363636363636,0.34545454545454546,0.07272727272727272,0.12727272727272726,0.45454545454545453,54.05285445173238,51.0,0.8700342390533453,4.0,1.3818181818181818,1.5,1.9210526315789473,0.02832511557816443,0.5152959823608398,0.061823469400405916,1.3522437147499162e-05,0.00012310298916418105,3.1974811281543236e-05,0.0005020254096135348,0.003958335146307945,0.0011262889951467517,0.006147285226821127,0.17654697597026825,0.009122716262936596,0.00998039256387115,0.45864900946617126,0.002565180324018002,0.001790950992885469,0.023492757230997086,0.002513841260224582,0.007793215368083867,0.16253482765546323,0.016693150826176874,neutral,Straps or No Straps?
ricoh_gr_iv_hdf_digital_camera,21i4tl,55,1485,0.30651638771478945,0.11538461538461539,0.05928168580951438,0.03563633720426717,0.027114612298968294,0.5211059817160019,0.5147786923530527,0.5142140846862536,0.5173772573471069,0.6734340190887451,0.4493219256401062,0.4968647062778473,0.8063008189201355,0.6892915368080139,8,47,0.14545454545454545,0.19248795295980844,1.6891388162314969,0.5069133095143322,0.9090909090909091,0.7037037037037037,0.5636363636363636,0.34545454545454546,0.07272727272727272,0.12727272727272726,0.45454545454545453,54.05285445173238,51.0,0.8700342390533453,4.0,1.3818181818181818,1.5,1.9210526315789473,0.02832511557816443,0.5152959823608398,0.061823469400405916,1.3522437147499162e-05,0.00012310298916418105,3.1974811281543236e-05,0.0005020254096135348,0.003958335146307945,0.0011262889951467517,0.006147285226821127,0.17654697597026825,0.009122716262936596,0.00998039256387115,0.45864900946617126,0.002565180324018002,0.001790950992885469,0.023492757230997086,0.002513841260224582,0.007793215368083867,0.16253482765546323,0.016693150826176874,neutral,Straps or No Straps?
ricoh_gr_iv_monochrome_digital_camera,21i4tl,55,1485,0.30651638771478945,0.11538461538461539,0.05928168580951438,0.03563633720426717,0.027114612298968294,0.5211059803713853,0.5147786907876782,0.5142140837831529,0.5173772573471069,0.6734340190887451,0.4493219256401062,0.49686476588249207,0.8063007593154907,0.6892914175987244,8,47,0.14545454545454545,0.1924879528582096,1.6891388162314969,0.5069133095143322,0.9090909090909091,0.7037037037037037,0.5636363636363636,0.34545454545454546,0.07272727272727272,0.12727272727272726,0.45454545454545453,54.05285445173238,51.0,0.8700342390533453,4.0,1.3818181818181818,1.5,1.9210526315789473,0.02832511639095504,0.5152959823608398,0.061823469400405916,1.3522438007385062e-05,0.00012310298916418105,3.1974811281543236e-05,0.0005020254096135348,0.003958335146307945,0.0011262889951467517,0.0061472852299960905,0.17654697597026825,0.009122716262936596,0.009980392970266455,0.45864900946617126,0.002565180324018002,0.001790950992885469,0.023492757230997086,0.002513841260224582,0.0077932155719539955,0.16253482765546323,0.01669315755389108,neutral,Straps or No Straps?
hasselblad_x2d_ii_100c_medium_format_mirrorless_camera,1r6th4t,3,3,0.3257587055365245,0.3333333333333333,0.02482716414148257,0.018757718727523427,0.01648568414883162,0.5500893394152323,0.4295486807823181,0.4759718378384908,0.44257277250289917,0.586459755897522,0.45750531554222107,0.4999953806400299,0.45750531554222107,0.5066021084785461,0,3,0.0,0.0730471753825744,1.0986122886681096,0.32969533691986563,1.0,1.0,0.3333333333333333,0.6666666666666666,0.3333333333333333,0.0,0.0,13.490737563232042,16.5,0.38544964466377263,2.0,1.3333333333333333,1.0,1.0,0.0007022934926984211,0.0009316102368757129,0.0008680573082529008,2.2675972862392277e-06,2.4760795440670336e-06,2.463369901306578e-06,5.994875027681701e-05,7.068063860060647e-05,6.76485949952621e-05,3.082567551852359e-05,4.136919596930966e-05,3.880384210788179e-05,0.00012236570910317823,0.0001432448480045423,0.0001395983766997233,9.760753406832616e-05,0.00011295634612906724,0.00010965456021949649,0.00016921812649191756,0.0002170562241872176,0.00020343607761030095,approval,Saving for a big camera
sony_a7_iv_mirrorless_camera_with_28_70mm_lens,158saoq,5,10,0.301019050180912,0.0,0.06531217882447474,0.03535123180981072,0.02576406155408273,0.5457711517810822,0.49664835929870604,0.5188847690820694,0.5154367089271545,0.5606951117515564,0.21785783767700195,0.24228839576244354,0.21785783767700195,0.32870805263519287,0,5,0.0,0.024342470988631248,1.3321790402101223,0.399789099421175,1.2,1.0,0.4,0.2,0.4,0.0,0.4,31.230754073509015,38.0,0.4606305910547053,2.0,1.4,1.0,1.0,0.0005978854547720403,0.0007886802777647972,0.0007450863718986511,1.8029149487119866e-06,2.18195737033966e-06,2.071308472295641e-06,5.176695776754059e-05,9.502854663878679e-05,7.654816727153957e-05,3.3631215410423464e-05,4.3088974052807316e-05,4.187744125374593e-05,0.00012405684246914462,0.00015320582315325737,0.00014602445298805833,7.702640868956223e-05,8.546548633603379e-05,8.276315202238038e-05,0.00014769496567623716,0.00019259147840481697,0.00018064348795026794,neutral,Looking at getting a Sony Alpha 7 IV with the Sigma 24-70 F2.8 lens for personal use and side freelance jobs. Is it too much?
kodak_pixpro_fz55_digital_camera_black,1hizgwb,5,10,0.2935788482427597,0.0,0.07067865419673654,0.06200700074680789,0.053636218093763996,0.4468147188425064,0.5487242847681045,0.48399286568164823,0.42469941079616547,0.7656079530715942,0.2320379763841629,0.03473411872982979,0.2320379763841629,0.5872117877006531,2,3,0.4,0.42600473016500473,0.6730116670092565,0.20197189726925563,0.8,0.25,0.6,0.4,0.2,0.2,0.2,35.37569787297489,26.0,1.1194841099042685,5.0,3.0,1.0,2.0,0.0013832516502588986,0.0042801508679986,0.0029100776184350255,3.314124114695005e-06,9.76167393673677e-06,6.6944965510629124e-06,5.882678160560317e-05,0.00012338563101366162,9.89095395198092e-05,4.0579542837804186e-05,7.485671812901273e-05,6.386053719324991e-05,0.00022237239318201318,0.0005813725292682648,0.0004103459534235299,0.00041294173861388116,0.0017180852591991425,0.001072425930760801,0.00035354770510214926,0.0011312687799242365,0.0007597315998282285,neutral,help me how to fix my kodak pixpro fz55 digital camera please :( 
sony_a9_ii_mirrorless_camera,xjhm6h,3,3,0.31071268518765766,0.0,0.06674502769746408,0.03894134844017555,0.02993689764827347,0.5314662456512451,0.5317498246828715,0.5312855045000712,0.5305376052856445,0.5430378913879395,0.36917170882225037,0.36907270550727844,0.36917170882225037,0.3815694749355316,0,3,0.0,0.017216670016447704,0.6365141682948128,0.1910189384688593,0.6666666666666666,0.5,0.6666666666666666,0.3333333333333333,0.0,0.0,0.6666666666666666,0.4714045207910317,0.5,0.007443229275647868,1.0,1.0,0.0,0.0,0.0012133548055620242,0.0026488802395761013,0.0022310820175334813,3.3436926211531195e-06,7.049169198580785e-06,5.946511782894959e-06,0.00010856864537345245,0.00025062603526748717,0.00020877064380329103,0.0001573163657061135,0.0004276676627341658,0.0003466356316494057,0.0001408004512389501,0.00017958154785446823,0.0001711266319034621,0.00011727317420688148,0.00021047003974672407,0.00018327834986848758,0.00029010952245142916,0.0006207124490629212,0.0005241900599685323,approval,Gear Advice
canon_eos_r5_mirrorless_camera,1s4uedh,5,10,0.31154942512512207,0.2,0.044360860021356516,0.03348301693143727,0.028091150125848195,0.4907387614250183,0.5073091149330139,0.4966006278991699,0.5292780995368958,0.5554608106613159,0.2733159065246582,0.23928874731063843,0.2733159065246582,0.4585990309715271,0,5,0.0,0.030169274657964706,1.0549201679861442,0.3165832603505712,1.0,0.75,0.4,0.0,0.0,0.8,0.2,19.026297590440446,24.0,0.594571799701264,1.0,1.0,0.0,0.0,0.0006454810849390924,0.0010052381549030542,0.000880226236768067,2.2155601072881837e-06,3.4205399970232975e-06,3.0215422157198193e-06,4.645052213163581e-05,6.432818918256089e-05,6.173147266963497e-05,3.092941733484622e-05,4.1136219806503505e-05,3.8676410622429105e-05,0.00010121421510120854,0.0001206297311000526,0.00011887424043379725,9.568367822794243e-05,0.00011499990796437487,0.0001141470842412673,0.00015366241297366893,0.00022261853863862294,0.0001998373369209124,neutral,Canon Camera Connect compressing image quality
sony_a7_iv_mirrorless_camera,1o48fvb,2,1,0.3212098926305771,0.5,0.07508834869777789,0.05458256759252625,0.04413217098936628,0.5215041637420654,0.47342783212661743,0.496304452419281,0.496304452419281,0.496304452419281,0.6989076733589172,0.6989076733589172,0.6989076733589172,0.6989076733589172,0,2,0.0,0.020008363761007786,-0.0,0.0,1.5,0.0,1.0,0.0,0.0,1.0,0.0,43.5,43.5,0.514792899408284,2.0,1.5,1.0,1.0,0.0003744130808627233,0.00041002038051374257,0.0004028989205835387,1.4132637602415343e-06,1.4684128473163582e-06,1.4573830299013934e-06,2.8990085411351174e-05,3.1359864806290716e-05,3.088590892730281e-05,1.5964731574058533e-05,1.6584446711931378e-05,1.6460503684356808e-05,9.720623711473309e-05,9.921240416588262e-05,9.88111707556527e-05,7.494350575143471e-05,8.210803935071453e-05,8.067513263085858e-05,9.882181741242371e-05,0.0001067922580659797,0.0001051981699352685,neutral,Per-frame metadata in videos
sony_a7_iv_mirrorless_camera,1t94qp,49,1176,0.3140808687261913,0.08695652173913043,0.0513785768813093,0.03619868199439683,0.03075468190020207,0.5033432624119074,0.5107478276401961,0.5008873741338853,0.5075821280479431,0.6603301167488098,0.24739816784858704,0.2409462332725525,0.7160102128982544,0.4720371961593628,7,42,0.14285714285714285,0.18803508625346788,2.036431375814499,0.6111363722112679,0.8571428571428571,0.8333333333333334,0.32653061224489793,0.24489795918367346,0.1836734693877551,0.20408163265306123,0.3673469387755102,44.36561023955788,26.0,1.037668210853621,9.0,3.36734693877551,1.3928571428571428,3.1403508771929824,0.06213351919218347,0.9562873244285583,0.019452627748251204,0.0004308958440750924,0.011732994578778744,1.4202452803147156e-05,0.05963758332268763,0.9498650431632996,0.0006067440845072315,0.0010296009034818224,0.046765148639678955,9.724611300043797e-05,0.009639490422809363,0.23587925732135773,0.0005628855200484418,0.00028141996955703376,0.0038588058669120073,0.00028421755996532803,0.022192084942465735,0.35969759861472994,0.005067563960619801,neutral,"I just ordered my Sony A7, any Sony A7/A7r owners here with advice for me?"
sony_a7r_v_mirrorless_camera,1t94qp,49,1176,0.3140808687261913,0.08695652173913043,0.0513785768813093,0.03619868199439683,0.03075468190020207,0.5033432141098441,0.5107477956584522,0.500887339541904,0.5075819492340088,0.6603301763534546,0.24739816784858704,0.2409462332725525,0.7160102725028992,0.472037136554718,7,42,0.14285714285714285,0.18803508625346788,2.036431375814499,0.6111363722112679,0.8571428571428571,0.8333333333333334,0.32653061224489793,0.24489795918367346,0.1836734693877551,0.20408163265306123,0.3673469387755102,44.36561023955788,26.0,1.037668210853621,9.0,3.36734693877551,1.3928571428571428,3.1403508771929824,0.06213351922247521,0.9562873244285583,0.019452627748251204,0.0004308958440565313,0.011732994578778744,1.4202452803147156e-05,0.05963758332246489,0.9498650431632996,0.0006067440845072315,0.0010296009038159224,0.046765148639678955,9.724611300043797e-05,0.009639490421175985,0.23587925732135773,0.0005628855200484418,0.0002814199707449452,0.0038588058669120073,0.00028421755996532803,0.022192084947455587,0.35969759861472994,0.005067563960619801,neutral,"I just ordered my Sony A7, any Sony A7/A7r owners here with advice for me?"
nikon_d850_dslr_camera,2czbqr,31,465,0.3080009904599959,0.0967741935483871,0.0595304352419004,0.043805327957368294,0.03770914557927269,0.5057386248342453,0.520455285041563,0.5099202601499455,0.5101191401481628,0.70806485414505,0.36802035570144653,0.3525358736515045,0.6764022707939148,0.5388916730880737,2,29,0.06451612903225806,0.10562417998669608,1.8072180062889978,0.542349066742598,0.6451612903225806,0.7666666666666667,0.5161290322580645,0.2903225806451613,0.0967741935483871,0.12903225806451613,0.4838709677419355,41.750734476706306,34.5,0.9986672598594873,5.0,2.2903225806451615,1.5,2.1142857142857143,0.06660113725416933,0.8909451961517334,0.36095988750457764,0.00016896592654985955,0.004335048608481884,0.0001337270950898528,0.05779100053581304,0.9115760326385498,0.0034036394208669662,0.0061872390856038805,0.18482407927513123,0.0004060310311615467,0.005281431034335026,0.10243424773216248,0.010578691028058529,0.0003580571654076207,0.0037696536164730787,0.0007247821777127683,0.022731305166979795,0.3185844126467903,0.09407097700750455,neutral,Another full frame Nikon DSLR camera coming for Phiotokina
ricoh_gr_iv_digital_camera,1hw8llh,6,15,0.3212841033935547,0.2,0.06796816101284403,0.06367357967863554,0.0621691641617459,0.5085035403569539,0.41457604567209877,0.44248896837234497,0.42866602540016174,0.9433309435844421,0.27927571535110474,0.27488693594932556,0.384416401386261,0.4663356840610504,0,6,0.0,0.05788589082658291,1.0114042647073518,0.30352406691093914,0.8333333333333334,0.6,0.5,0.8333333333333334,0.0,0.0,0.16666666666666666,71.54019849007969,103.5,0.9055721327858188,3.0,1.6666666666666667,1.0,1.25,0.0058743025923225405,0.029836982488632202,0.016665039001964033,7.0560619557606214e-06,2.621327803353779e-05,1.6806600342533784e-05,0.0012773102413727126,0.007264432031661272,0.0037260012613842264,0.00034642159729022143,0.0015360158868134022,0.000994744579656981,0.0003745846818977346,0.0016172003233805299,0.0009220145220751874,0.00014925620659293296,0.00038558896631002426,0.00029800342599628493,0.0013381552302386506,0.006597315060086355,0.0037704348985698743,approval,"Looking for the closest digital equivalent to a disposable camera in terms of pocketability + can be turned on very very quickly, and ideally under $200. Megapixels and focus speed do not matter, nor does zoom. Locked 28mm or 35mm focal length is fine."
sony_a7r_v_mirrorless_camera,1orm0mv,16,120,0.30391974933445454,0.0,0.04626440151899284,0.030941954584577665,0.02525489464006219,0.4821230222781499,0.5159248515963555,0.49339753985404966,0.4909811168909073,0.6171295046806335,0.2667132616043091,0.2546059489250183,0.5945551991462708,0.49633291363716125,0,16,0.0,0.03850562102161348,1.7214023220140038,0.5165956401407951,0.9375,1.0,0.375,0.3125,0.1875,0.125,0.375,41.91043277037354,81.25,0.7058599203431333,7.0,2.9375,1.2,2.813953488372093,0.004037052282001241,0.0500631183385849,0.00390444730874151,5.393472108039532e-06,5.20054018124938e-05,5.361924195312895e-06,0.00017136908036263776,0.0014524359721690416,0.0003655953041743487,0.0018010508913448575,0.028289230540394783,8.386290573980659e-05,0.00018849331854653428,0.0008447477011941373,0.00038726104685338214,0.00015106158684830007,0.0009362538112327456,0.00021280571672832593,0.0010590701052019351,0.013565847320326915,0.0008451456794015637,neutral,What full-frame mirrorless camera for live music photography should I buy?
ricoh_gr_iiix_hdf_digital_camera,1cvs8jf,4,6,0.2895071879029274,0.0,0.05016296616033108,0.03249690753058004,0.026905329544134344,0.5225794762372971,0.5572865506013235,0.5367282678683599,0.5387642681598663,0.5896053910255432,0.38842496275901794,0.3622066080570221,0.38842490315437317,0.5315128564834595,1,3,0.25,0.24640107061713934,1.3862943611198906,0.4160291953530189,0.5,1.0,0.25,0.75,0.0,0.0,0.25,25.321680433968044,48.75,0.5854723799761398,2.0,1.25,1.0,1.0,0.004916647027130239,0.015732988715171814,0.011897470895200971,2.7225178484968637e-06,3.4951431189256255e-06,3.487334606688819e-06,0.00015248466570483288,0.00042036574450321496,0.0003218131889298093,8.024003045647987e-05,0.0001977355423150584,0.00016047689787228593,0.001610364675798337,0.00595195172354579,0.004252881705178881,0.00019299943414807785,0.000329559319652617,0.0003155153797706589,0.0011592430585144105,0.003744181262315275,0.002813873659298831,love,Finding joy in photography again with a new camera
ricoh_gr_iv_digital_camera,1cvs8jf,4,6,0.2895071879029274,0.0,0.05016296616033108,0.03249690753058004,0.026905329544134344,0.5225794762372971,0.5572865506013235,0.5367282678683599,0.5387642681598663,0.5896053910255432,0.3884248435497284,0.3622065782546997,0.3884248733520508,0.5315127968788147,1,3,0.25,0.24640104733407497,1.3862943611198906,0.4160291953530189,0.5,1.0,0.25,0.75,0.0,0.0,0.25,25.321680433968044,48.75,0.5854723799761398,2.0,1.25,1.0,1.0,0.004916647027130239,0.015732988715171814,0.011897470895200971,2.7225178484968637e-06,3.4951431189256255e-06,3.487334606688819e-06,0.00015248466570483288,0.00042036574450321496,0.0003218131889298093,8.024003045647987e-05,0.0001977355423150584,0.00016047689787228593,0.001610364675798337,0.00595195172354579,0.004252881705178881,0.00019299943414807785,0.000329559319652617,0.0003155153797706589,0.0011592430585144105,0.003744181262315275,0.002813873659298831,love,Finding joy in photography again with a new camera
ricoh_gr_iv_hdf_digital_camera,1cvs8jf,4,6,0.2895071879029274,0.0,0.05016296616033108,0.03249690753058004,0.026905329544134344,0.5225791037082672,0.5572876433531443,0.536728615562121,0.5387648940086365,0.5896053314208984,0.3884248733520508,0.3622065782546997,0.3884248733520508,0.5315127968788147,1,3,0.25,0.24640107713639736,1.3862943611198906,0.4160291953530189,0.5,1.0,0.25,0.75,0.0,0.0,0.25,25.321680433968044,48.75,0.5854723799761398,2.0,1.25,1.0,1.0,0.004916647027130239,0.015732988715171814,0.011897470895200971,2.7225178484968637e-06,3.4951431189256255e-06,3.487334606688819e-06,0.00015248466570483288,0.00042036574450321496,0.0003218131889298093,8.024003045647987e-05,0.0001977355423150584,0.00016047689787228593,0.001610364675798337,0.00595195172354579,0.004252881705178881,0.00019299943414807785,0.000329559319652617,0.0003155153797706589,0.0011592430585144105,0.003744181262315275,0.002813873659298831,love,Finding joy in photography again with a new camera
ricoh_gr_iv_monochrome_digital_camera,1cvs8jf,4,6,0.2895071879029274,0.0,0.05016296616033108,0.03249690753058004,0.026905329544134344,0.5225785225629807,0.5572894612948099,0.5367291371027628,0.5387658178806305,0.5896053314208984,0.3884248435497284,0.3622065782546997,0.3884248733520508,0.5315127968788147,1,3,0.25,0.24640107061713934,1.3862943611198906,0.4160291953530189,0.5,1.0,0.25,0.75,0.0,0.0,0.25,25.321680433968044,48.75,0.5854723799761398,2.0,1.25,1.0,1.0,0.004916647027130239,0.015732988715171814,0.011897470895200971,2.7225178484968637e-06,3.4951431189256255e-06,3.487334606688819e-06,0.00015248466570483288,0.00042036574450321496,0.0003218131889298093,8.024003045647987e-05,0.0001977355423150584,0.00016047689787228593,0.001610364675798337,0.00595195172354579,0.004252881705178881,0.00019299943414807785,0.000329559319652617,0.0003155153797706589,0.0011592430585144105,0.003744181262315275,0.002813873659298831,love,Finding joy in photography again with a new camera
ricoh_gr_iv_monochrome_digital_camera,34pvfn,13,78,0.2935766279697418,0.0,0.06887417494713463,0.043097787623010024,0.03141254698801459,0.5078625946472852,0.48941714412126786,0.49430081706780654,0.4965365380048752,0.6420938968658447,0.30644500255584717,0.32907551527023315,0.5831369161605835,0.5293864607810974,2,11,0.15384615384615385,0.17173389703608477,1.1786549963416462,0.35371628384227644,0.7692307692307693,0.75,0.6153846153846154,0.3076923076923077,0.07692307692307693,0.15384615384615385,0.46153846153846156,31.955220147490085,51.0,0.588410569288061,3.0,1.2307692307692308,1.0,1.3333333333333333,0.01986747712138682,0.07579211890697479,0.05265638902783395,2.4618247878676742e-05,8.601901936344802e-05,6.286767747951672e-05,0.000301033133207686,0.0009297671495005488,0.000605237192939967,0.0012190249810653487,0.009062168188393116,0.004001455532852563,0.0013473481779398683,0.00371544249355793,0.0032645401544868944,0.012425217741670517,0.045863740146160126,0.03532582595944404,0.005864119900524819,0.019977386628549237,0.01685611109278398,neutral,"in term of look, is there a difference between choosing a B&W setting on the camera or using B&W in post production?"
ricoh_gr_iv_digital_camera,1pprgif,30,435,0.3162293702363968,0.13333333333333333,0.0475928533093607,0.03131399696572053,0.025402312049654208,0.5154634679871044,0.47982029257149533,0.4903516645404114,0.49603578448295593,0.7482343316078186,0.3741326332092285,0.36986297369003296,0.739095151424408,0.5635775327682495,2,28,0.06666666666666667,0.10425590618203083,1.6613293620977414,0.49856764704108464,0.8,0.7586206896551724,0.4666666666666667,0.5,0.1,0.2,0.2,55.53977553669682,75.5,0.9256629256116137,8.0,2.3,1.1538461538461537,2.558139534883721,0.012307435084949248,0.22686196863651276,0.001958586752880372,1.2759681510488008e-05,0.00024249672424048185,4.891291132480568e-06,0.006363626323885304,0.14183609187602997,0.0007862938800826761,6.088830371785055e-05,0.0007246060995385051,7.519622668041851e-05,0.0007106594396949125,0.011342106387019157,0.0004098684206837797,0.0001299450250371592,0.0009137879242189229,0.00015400116972159598,0.003264218976465827,0.06349319933845739,0.0005308538184976927,neutral,Sony RX100 VII or Ricoh GR IV?
ricoh_gr_iv_hdf_digital_camera,1pprgif,30,435,0.3162293702363968,0.13333333333333333,0.0475928533093607,0.03131399696572053,0.025402312049654208,0.5154634057790384,0.4798202803422665,0.4903516313810458,0.49603578448295593,0.7482344508171082,0.3741326332092285,0.36986297369003296,0.739095151424408,0.5635775327682495,2,28,0.06666666666666667,0.10425590878973405,1.6613293620977414,0.49856764704108464,0.8,0.7586206896551724,0.4666666666666667,0.5,0.1,0.2,0.2,55.53977553669682,75.5,0.9256629256116137,8.0,2.3,1.1538461538461537,2.558139534883721,0.012307433594833129,0.22686192393302917,0.001958586752880372,1.2759681510488008e-05,0.00024249672424048185,4.891291132480568e-06,0.006363626820590677,0.14183610677719116,0.0007862938800826761,6.0888310508744324e-05,0.0007246060995385051,7.519622668041851e-05,0.0007106594396949125,0.011342106387019157,0.0004098684206837797,0.0001299450250371592,0.0009137879242189229,0.00015400116972159598,0.0032642188120291854,0.06349319440535812,0.0005308538184976927,neutral,Sony RX100 VII or Ricoh GR IV?
ricoh_gr_iv_monochrome_digital_camera,1pprgif,30,435,0.3162293702363968,0.13333333333333333,0.0475928533093607,0.03131399696572053,0.025402312049654208,0.5154634081084153,0.4798202805820553,0.490351632340201,0.49603578448295593,0.7482344508171082,0.3741326332092285,0.36986297369003296,0.739095151424408,0.5635775327682495,2,28,0.06666666666666667,0.10425590618203083,1.6613293620977414,0.49856764704108464,0.8,0.7586206896551724,0.4666666666666667,0.5,0.1,0.2,0.2,55.53977553669682,75.5,0.9256629256116137,8.0,2.3,1.1538461538461537,2.558139534883721,0.012307435084949248,0.22686196863651276,0.001958586752880372,1.2759681510488008e-05,0.00024249672424048185,4.891291132480568e-06,0.006363626323885304,0.14183609187602997,0.0007862938800826761,6.088830371785055e-05,0.0007246060995385051,7.519622668041851e-05,0.0007106594396949125,0.011342106387019157,0.0004098684206837797,0.0001299450250371592,0.0009137879242189229,0.00015400116972159598,0.003264218976465827,0.06349319933845739,0.0005308538184976927,neutral,Sony RX100 VII or Ricoh GR IV?
sony_rx100_vii_digital_camera_with_basic_bundle,1pprgif,30,435,0.316229377190272,0.13333333333333333,0.0475928533093607,0.03131399696572053,0.025402312049654208,0.5154634697683926,0.47982029346213945,0.4903516661161664,0.49603578448295593,0.7482343316078186,0.3741326332092285,0.36986297369003296,0.739095151424408,0.5635774731636047,2,28,0.06666666666666667,0.10425590618203083,1.6613293620977414,0.49856764704108464,0.8,0.7586206896551724,0.4666666666666667,0.5,0.1,0.2,0.2,55.53977553669682,75.5,0.9256629256116137,8.0,2.3,1.1538461538461537,2.558139534883721,0.012307433594833129,0.22686192393302917,0.001958586752880372,1.2759681510488008e-05,0.00024249672424048185,4.891291132480568e-06,0.006363626820590677,0.14183610677719116,0.0007862938800826761,6.0888310508744324e-05,0.0007246060995385051,7.519622668041851e-05,0.0007106594396949125,0.011342106387019157,0.0004098684206837797,0.0001299450250371592,0.0009137879242189229,0.00015400116972159598,0.0032642188120291854,0.06349319440535812,0.0005308538184976927,neutral,Sony RX100 VII or Ricoh GR IV?
hasselblad_x2d_ii_100c_medium_format_mirrorless_camera,1n2btro,35,595,0.3287219362599509,0.22857142857142856,0.05715708424364661,0.051060043603515556,0.049829968738552895,0.49234290493636573,0.48585354805994435,0.4846055432528007,0.48416998982429504,0.7246285676956177,0.15394504368305206,0.1293795257806778,0.5422759056091309,0.3305306136608124,2,33,0.05714285714285714,0.10330286616725581,2.25963968018291,0.6781215478470439,1.0,0.8235294117647058,0.2,0.45714285714285713,0.11428571428571428,0.17142857142857143,0.2571428571428571,18.726255713869353,17.5,0.9052747927975515,6.0,1.9714285714285715,1.2666666666666666,1.9523809523809523,0.05470187088108754,0.9888572096824646,0.06551271975040442,2.3799058161395286e-05,0.0003534256247803569,3.618946284404959e-05,0.002156103990689319,0.055293384939432144,0.002412453386932612,0.0008042301569470769,0.019458303228020668,0.00041481804219074565,0.03329675092557279,0.9815853834152222,0.00531602064147592,0.0008268644395034893,0.01809184066951275,0.001112312194891274,0.015301603241993608,0.3289893470234044,0.015462452244416168,neutral,X2D II 100C - Sexiest camera ever
nikon_d850_dslr_camera,1pvyyu4,142,10011,0.3123219351113682,0.1056338028169014,0.04374596971638247,0.03322841550404975,0.029970704574194616,0.4899339895319979,0.48796078501262335,0.48461507292801703,0.4894613027572632,0.8132598400115967,0.17698881030082703,0.15433984994888306,0.7724827527999878,0.3971167504787445,9,133,0.06338028169014084,0.10592745788211763,2.108483328010528,0.6327592804019302,0.8098591549295775,0.723404255319149,0.3591549295774648,0.4507042253521127,0.04225352112676056,0.09154929577464789,0.4154929577464789,42.95419518915869,40.5,1.0091819518300023,6.0,1.908450704225352,1.6111111111111112,3.10250569476082,0.12336572403154618,0.9946521520614624,0.7904223382473001,0.0014004831552778291,0.06544839590787888,0.0003255158226238572,0.06953097630376363,0.9800962805747986,0.10691922120749996,0.006232417665339365,0.7516719102859497,0.0015493964776396767,0.06416009840710027,0.9861873388290405,0.08669857904315,0.001041175604102687,0.022283019497990608,0.0020662741851992916,0.04428847919452169,0.4855877005223495,0.23943851417667875,neutral,"inherited my granddad's collection, always wanted to get into photography but im lost on where or how to start"
sony_a7_iii_mirrorless_camera,1s2a7ag,10,45,0.3049166023731232,0.1,0.035694033594837825,0.024274647052158694,0.02013702941668285,0.5139057000478109,0.49060489667786494,0.49800825119018555,0.49853143095970154,0.5648323893547058,0.3890560269355774,0.38920319080352783,0.6347982287406921,0.6368779540061951,0,10,0.0,0.03536375034600496,1.2275294114572126,0.3683835754104631,0.8,0.6666666666666666,0.6,0.2,0.6,0.0,0.2,192.18639389925605,32.25,1.6190934616618031,5.0,2.6,1.0,1.875,0.0230409763607895,0.22594904899597168,0.023271369328722275,2.0220976568907646e-05,0.00018481504230294377,2.267001736981904e-05,0.02119614147086395,0.21154016256332397,0.02126403841393759,7.416736334562302e-05,0.0005392775638028979,8.108562524284917e-05,0.0011286342341918498,0.010312003083527088,0.0011399175935366622,0.00013926949504821095,0.0006026989431120455,0.00018756268837023509,0.0075999016501346744,0.07485466769867344,0.007660755635743017,neutral,Nikon Z6 II or Sony a7 III?
ricoh_gr_iv_hdf_digital_camera,1hc4luo,4,6,0.25508842058479786,0.25,0.04147697588179187,0.034419615483357716,0.031053400621291586,0.46461636821428937,0.5389170547326406,0.4963391224543254,0.49514834582805634,0.6059109568595886,0.3164173662662506,0.22690710425376892,0.3164173662662506,0.5056436061859131,1,3,0.25,0.17570435721427202,1.0397207708399179,0.3120218965147642,1.0,0.6666666666666666,0.5,0.25,0.0,0.75,0.0,89.88186691430035,73.5,1.2749200980751823,2.0,1.5,2.0,1.3333333333333333,0.0005162608431419358,0.0007051531574688852,0.0006653995893429965,1.3314149782672757e-06,1.4122424545348622e-06,1.3861906836609707e-06,3.229451795050409e-05,3.882959208567627e-05,3.752282718778588e-05,2.024892137342249e-05,2.3674016119912267e-05,2.2762054140912368e-05,0.00013376978495216463,0.00018316351633984596,0.00017173330707009884,6.808426223869901e-05,7.533623283961788e-05,7.335262052947656e-05,0.00012866495743916553,0.0001695224480613433,0.00016113939216779726,neutral,Can someone ID the camera? At first it looked like a LE Ricoh GR but the lens doesn’t make sense. Thank you!
sony_a7_iv_mirrorless_camera_with_basic_bundle,1pvt1mz,44,946,0.3160405680537224,0.09090909090909091,0.05141233410251332,0.03889143784521844,0.03391497157852822,0.5082442308392131,0.49838840114011823,0.49563295959670245,0.508680671453476,0.8755595684051514,0.230126291513443,0.21159592270851135,0.723479151725769,0.4499198794364929,4,40,0.09090909090909091,0.12746572390791366,1.8350332258470126,0.5506964594290548,0.8181818181818182,0.8372093023255814,0.4090909090909091,0.25,0.22727272727272727,0.25,0.2727272727272727,29.79156239747497,23.25,0.9582081472872066,10.0,4.5227272727272725,1.2758620689655173,3.7466666666666666,0.0007442805363098159,0.004653327167034149,0.0010779699485283355,2.139140411310853e-06,9.860053978627548e-06,3.004338441314758e-06,6.703271872703971e-05,0.0005952059291303158,7.595863935421221e-05,5.396315989194343e-05,0.0006580025656148791,4.8271120977005925e-05,0.00012925984033658594,0.0006009219796396792,0.0001656460764934309,9.392899730962448e-05,0.00025283097056671977,0.00011767623582272793,0.00018176739883105344,0.001074316939896865,0.0002533737770685702,neutral,"Difficulties deciding between APS-C and FF, Canon and Sony!"
nikon_d850_dslr_camera,1cxmgab,194,18721,0.3279043098396443,0.24468085106382978,0.046685051776985884,0.0329678697587561,0.02830108626953273,0.5020256045083257,0.495478394803319,0.4945269170713746,0.5002986788749695,0.9999998807907104,0.23738227784633636,0.23362503945827484,0.8442932367324829,0.4506469666957855,42,152,0.21649484536082475,0.24042816845143272,2.2706342491027285,0.6814210358845415,0.8247422680412371,0.7979274611398963,0.36082474226804123,0.29381443298969073,0.030927835051546393,0.08762886597938144,0.5876288659793815,40.575594789844885,41.5,0.8994133214385177,8.0,3.577319587628866,1.945054945054945,4.5595631191262385,0.0703705789570243,0.9820000529289246,0.19835638254880897,0.0003929831314551557,0.031862031668424606,2.7807164042314932e-05,0.03312506358527093,0.9657374620437622,0.0027008993783965663,0.0013942973132777964,0.1235237717628479,0.0004586240655044091,0.03407739210723373,0.9743701815605164,0.027075445838272517,0.0016726601996609686,0.23789791762828827,0.001099411689210682,0.023505495882320503,0.3973845919632974,0.05518645374540938,neutral,Am I the only one who went back to DSLRs?
sony_rx100_vii_digital_camera_with_basic_bundle,1rmra8u,18,153,0.3078683664401372,0.05555555555555555,0.043691239620570956,0.02834000781813216,0.02316332165836265,0.5059081619861079,0.5078743540383632,0.5003809071833791,0.501276969909668,0.6700179576873779,0.3529965281486511,0.33538809418678284,0.6446510553359985,0.5511001348495483,2,16,0.1111111111111111,0.13480150347782505,1.4249913134082715,0.4276422137527648,0.8333333333333334,0.6470588235294118,0.6111111111111112,0.3333333333333333,0.05555555555555555,0.05555555555555555,0.5555555555555556,46.23370583844167,60.75,0.8111176462884504,5.0,2.2222222222222223,1.2222222222222223,1.8846153846153846,0.008369512922298681,0.11551197618246078,0.008768731681630034,4.009195448715117e-06,3.678125358419493e-05,4.632239119928277e-06,0.002215383738075616,0.03817649558186531,0.0003829809982562444,3.540382870899824e-05,0.00018043287855107337,4.948280911776242e-05,0.003399498540804618,0.05675484240055084,0.0009265794942621158,0.0001485984008064002,0.0012541565811261535,0.00012267401398275985,0.0023620677710238383,0.029130065954783884,0.0035589320898111593,neutral,"Fujifilm , sony or ricoh…maybe something better?🥸"
sony_a7_iv_mirrorless_camera_with_28_70mm_lens,1m87lzz,15,105,0.31951691309611,0.06666666666666667,0.052533828206168115,0.03703207783256363,0.03141311094025958,0.5050621864341555,0.5229798441841489,0.5095875447704679,0.5257668495178223,0.6820191740989685,0.22320149838924408,0.22013568878173828,0.4746236801147461,0.41051948070526123,3,12,0.2,0.2235198225826025,1.4141754640569788,0.4243963597488267,0.5333333333333333,0.6428571428571429,0.5333333333333333,0.4666666666666667,0.13333333333333333,0.2,0.2,19.042642206958106,30.0,0.5493069867391762,10.0,4.133333333333334,1.1,3.9464285714285716,0.061472594631292544,0.8711473345756531,0.02368701649829744,0.0003199548938331039,0.004738230258226395,1.9138278184982474e-05,0.04586264535597972,0.6866748929023743,0.0004078913567354901,0.0023736452458251733,0.0324658639729023,0.000980478897690773,0.00333124828854731,0.04746447876095772,0.0004759566450957207,0.00036438116900778064,0.00293047190643847,0.0005565760191529988,0.01895407826408094,0.26895678384850424,0.0075086372784729325,neutral,How to shoot artwork?
sony_a7_iv_mirrorless_camera_with_basic_bundle,1m87lzz,15,105,0.31951691309611,0.06666666666666667,0.052533828206168115,0.03703207783256363,0.03141311094025958,0.5050621864341555,0.5229798399266743,0.5095875416483198,0.5257668495178223,0.6820191740989685,0.22320148348808289,0.22013568878173828,0.4746236801147461,0.41051948070526123,3,12,0.2,0.2235198225826025,1.4141754640569788,0.4243963597488267,0.5333333333333333,0.6428571428571429,0.5333333333333333,0.4666666666666667,0.13333333333333333,0.2,0.2,19.042642206958106,30.0,0.5493069867391762,10.0,4.133333333333334,1.1,3.9464285714285716,0.061472594631292544,0.8711473345756531,0.02368701649829744,0.0003199548938331039,0.004738230258226395,1.9138278184982474e-05,0.04586264535597972,0.6866748929023743,0.0004078913567354901,0.0023736452458251733,0.0324658639729023,0.000980478897690773,0.00333124828854731,0.04746447876095772,0.0004759566450957207,0.00036438116900778064,0.00293047190643847,0.0005565760191529988,0.01895407826408094,0.26895678384850424,0.0075086372784729325,neutral,How to shoot artwork?
leica_d_lux_8_digital_camera,1mz4hpx,174,15051,0.3136257705528562,0.10365853658536585,0.05237381424808742,0.04336539696409845,0.04101705675318465,0.49762938353149816,0.4869029978580407,0.4874267260637499,0.4946556091308594,0.8969029784202576,0.2269749641418457,0.222659632563591,0.8033044934272766,0.4373203217983246,17,157,0.09770114942528736,0.14825137918707967,1.7995877704883287,0.5400592205529751,0.9310344827586207,0.6936416184971098,0.5229885057471264,0.20689655172413793,0.14367816091954022,0.22988505747126436,0.41954022988505746,25.51531265362807,23.75,0.9668258714571611,8.0,2.4597701149425286,1.381578947368421,3.8850574712643677,0.028311527682228773,0.9443443417549133,0.005081410985440002,0.00013842758681576747,0.01873157173395157,6.720148894601148e-06,0.016447538214755506,0.8461824655532837,0.0003203338419552889,0.00012505877751617186,0.005354875233024359,0.00010526821642997653,0.007474345789448527,0.2677082121372223,0.0006959104212000938,0.0009894312344798913,0.13551494479179382,0.0003145576280076052,0.008914388214207439,0.32149001174063113,0.001233826979432705,neutral,Compact Point & Shoot under $2k
sony_a7_iv_mirrorless_camera_with_basic_bundle,r4w1km,3,3,0.30689873298009235,0.0,0.03013160304837319,0.013141270876133135,0.007580318105183638,0.525865246852239,0.5522892673810323,0.5371317466100057,0.537942111492157,0.5600115656852722,0.5399462580680847,0.5209621787071228,0.5399462580680847,0.6574814915657043,0,3,0.0,0.020552637055516243,-0.0,0.0,0.6666666666666666,0.0,1.0,1.0,0.0,0.0,0.0,312.72600716210917,358.5,0.9344402604445493,1.0,1.0,0.0,0.0,0.0004644763054481397,0.000592870987020433,0.0005544874293264002,2.566644525359152e-06,4.7538460421492346e-06,4.124036081520899e-06,5.180639103249026e-05,8.599252760177478e-05,7.625358193763532e-05,2.1318064076088678e-05,2.3986583983059973e-05,2.358089877816383e-05,0.00010149908969954898,0.00011178176646353677,0.00010937143670162187,9.791474440135062e-05,0.00016019608301576227,0.00014213455142453313,0.0001232635398638296,0.00016013090210738787,0.0001491524715106607,neutral,Does Sony OSS stack with IBIS? Please help me decide on lens for A7 IV.
sony_a7_iii_mirrorless_camera,1qc41ry,4,6,0.29835493862628937,0.0,0.050051777812794906,0.02419951542289392,0.017159008712251244,0.5035468091567358,0.5084658761819204,0.5030084848403931,0.4924760013818741,0.5570082664489746,0.3519464433193207,0.3403230905532837,0.3519464433193207,0.6186508536338806,2,2,0.5,0.3978577386587858,1.0397207708399179,0.3120218965147642,0.5,1.0,0.5,0.25,0.25,0.25,0.25,42.52866680252274,32.25,0.5266707963160712,2.0,1.5,1.0,1.0,0.0004993403344997205,0.0005598296411335468,0.0005481479747686535,1.6309401473790786e-06,1.7161311234303867e-06,1.7144267758339993e-06,3.9156416278274264e-05,4.625915244105272e-05,4.606463444360998e-05,2.409242870271555e-05,2.90738189505646e-05,2.797720353555633e-05,0.00012257623893674463,0.0001532750902697444,0.0001441638174583204,8.573552076995838e-05,9.779445099411532e-05,9.5193264860427e-05,0.0001287553132224654,0.0001396756673367842,0.00013949267035210747,neutral,Sony ZV-E1 / FX30 / A7 IV / A7S III?
sony_a7_iv_mirrorless_camera_with_28_70mm_lens,40ygne,6,15,0.3239831477403641,0.0,0.043800912571348286,0.03652526328425931,0.03387899549265579,0.4514189104239146,0.4680039425690969,0.45004113713900246,0.44500502943992615,0.5868455171585083,0.14027833938598633,0.04403773322701454,0.21458038687705994,0.48841720819473267,0,6,0.0,0.06544050481170416,1.0114042647073518,0.30352406691093914,1.0,1.0,0.5,0.5,0.0,0.0,0.5,32.15414263961782,23.5,1.205780348985668,4.0,2.1666666666666665,1.0,1.5714285714285714,0.002729881705211786,0.013818887993693352,0.007211187825305387,1.991626675135194e-06,4.5567044253402855e-06,3.1363441621579113e-06,9.560550400541008e-05,0.00039981695590540767,0.00022048832215659786,4.787740514681597e-05,0.00016618211520835757,9.999820940720383e-05,0.0005568615706579294,0.002769567770883441,0.0014557418980984949,0.0001311059095314704,0.0003902088210452348,0.00024458853295072913,0.0005938872868714245,0.002924870060193522,0.0015365979402398957,neutral,Using the Sony A7 for video with Manual lens
ricoh_gr_iv_digital_camera,1nfrsfc,18,153,0.30233996278709835,0.05555555555555555,0.05031748576735901,0.030625371296193343,0.023481220079102506,0.5027308167974933,0.5260061796973733,0.5111370575583838,0.5084801316261292,0.6177009344100952,0.37271949648857117,0.35841888189315796,0.6964081525802612,0.6140865087509155,1,17,0.05555555555555555,0.10151871195476916,1.8310204811135158,0.549492228199776,0.7222222222222222,0.8235294117647058,0.3333333333333333,0.4444444444444444,0.0,0.2222222222222222,0.3333333333333333,61.241099126503464,44.75,0.852544303385199,8.0,2.888888888888889,1.0,2.676470588235294,0.0007515825531704144,0.0021747127175331116,0.002001015492714942,2.2435233972828428e-06,6.075837063690415e-06,4.447620540304342e-06,5.316944124287046e-05,0.00020006993145216256,9.159311593975872e-05,6.289942747470277e-05,0.0006636561593040824,5.86060737987282e-05,0.0001335228775537366,0.0004235214146319777,0.00019498267065500843,0.00012399756532330584,0.000655708194244653,0.00014887640572851525,0.0001879025646937188,0.0005498619003295365,0.0004672019215225495,neutral,Cameras recommendations (are they good)
canon_eos_r5_mirrorless_camera,1o099pl,12,66,0.30067353695631027,0.0,0.047398384199806236,0.037684178391919954,0.03361363406304934,0.4665052985603159,0.4778878799442089,0.45477013154463336,0.441875159740448,0.80128014087677,0.20833827555179596,0.1701677143573761,0.5826489329338074,0.48595765233039856,1,11,0.08333333333333333,0.1435162244985501,1.0114042647073516,0.3035240669109391,0.9166666666666666,1.0,0.5,0.5833333333333334,0.25,0.08333333333333333,0.08333333333333333,45.03601953498506,45.25,1.0744179610732023,4.0,1.8333333333333333,1.0,1.4,0.0004369027932019283,0.0008256566361524165,0.00045359736541286113,1.5120249940991926e-06,2.2700432964484207e-06,1.7481238614891483e-06,3.698534389210787e-05,0.00010449723049532622,4.1533180046826606e-05,2.012750625605501e-05,2.450175816193223e-05,2.3115657859307246e-05,0.00010644369952691098,0.0001864921214291826,0.0001116220184485428,7.227039623103337e-05,9.175917512038723e-05,8.24854949314613e-05,0.00011237362735035579,0.00020563598642790262,0.00011592983997275042,gratitude,Sony a7 iv or Canon r5
canon_eos_rebel_t7_dslr_with_18_55mm_and_75_300mm_lenses,1j5rhdd,35,595,0.3052284930433546,0.05714285714285714,0.04937541318087539,0.03202341893771928,0.02546960232286542,0.5075786974249767,0.5027924613291476,0.49800018998755124,0.49923694133758545,0.7624982595443726,0.32535964250564575,0.33489832282066345,0.7444952726364136,0.5619256496429443,1,34,0.02857142857142857,0.10114335361868143,1.308400336358651,0.3926530716717194,0.9142857142857143,0.5882352941176471,0.5714285714285714,0.42857142857142855,0.08571428571428572,0.11428571428571428,0.37142857142857144,41.04665339710463,51.5,0.7605256055577883,5.0,2.057142857142857,1.2666666666666666,1.8775510204081634,0.0013477743220781642,0.016862010583281517,0.0011160943657159807,2.865856150232763e-06,2.1447340259328485e-05,3.728064530150733e-06,7.287097448300171e-05,0.000696156348567456,9.958157461369412e-05,0.00047723410394350397,0.009702343493700027,0.00022291506174951806,0.0001376926202543213,0.0005504914443008602,0.00016338741697836668,0.00011914817150682211,0.0005613987450487912,0.00012639971391763542,0.0003595976747360077,0.004730108528747223,0.0002844798272387077,neutral,Is f/3.5 low enough for astrophotography?
hasselblad_x2d_ii_100c_medium_format_mirrorless_camera,1sgdybt,11,55,0.3058472384106029,0.0,0.0487522985028777,0.033850632341639174,0.028259818073700725,0.471039386770942,0.5218505133282054,0.48882536454634234,0.4932546019554138,0.623011589050293,0.25756630301475525,0.19869717955589294,0.5381261706352234,0.5094437599182129,0,11,0.0,0.03410318959504366,1.8462202193216335,0.554053694388812,0.8181818181818182,0.9,0.2727272727272727,0.36363636363636365,0.18181818181818182,0.2727272727272727,0.18181818181818182,62.15523089228072,99.0,0.9865909665441384,5.0,2.272727272727273,1.0,1.7857142857142858,0.005712149971672757,0.05616291984915733,0.002154744230210781,3.975510666846689e-06,2.2955968233873136e-05,6.837916771473829e-06,7.79014014617794e-05,0.00046284086420200765,8.707449160283431e-05,0.0029279064520696093,0.031881608068943024,0.00010436020966153592,0.00022217022474664688,0.0010170474415645003,0.00042711521382443607,0.00023820128593466836,0.0010764816543087363,0.000827167765237391,0.001530384141092051,0.015103975641068246,0.0005912318091153187,neutral,Q3 43 VS Hasselblad X2D II
nikon_d850_dslr_camera,1nla11p,23,253,0.2961663137311521,0.0,0.04401645479769097,0.027519450046760863,0.021968117982099036,0.5178902099726228,0.5031537132065287,0.5077545859596946,0.5138537883758545,0.6857578754425049,0.32982832193374634,0.33009660243988037,0.6824408769607544,0.5745534896850586,4,19,0.17391304347826086,0.1650524511123481,1.658200177632816,0.4976285736872823,0.782608695652174,0.6363636363636364,0.5217391304347826,0.391304347826087,0.043478260869565216,0.17391304347826086,0.391304347826087,60.9525211116626,59.5,0.895215827310498,4.0,1.391304347826087,1.25,1.7272727272727273,0.0006868743246583188,0.002351961564272642,0.001199509215075523,1.8833004412005285e-06,4.700017598224804e-06,2.5401206130482023e-06,5.109377272437205e-05,0.0001475031895097345,0.00010239706898573789,3.227106880449751e-05,9.515694546280429e-05,6.297575309872627e-05,0.0001472004074932319,0.0004073592717759311,0.0002369527326663956,9.642650294826244e-05,0.0002443418197799474,0.00014881858078297233,0.00016929156284498052,0.0005054648190707667,0.00030393074991176647,neutral,"I knew DSLR's have been on the way out, but..."
sony_a7_iv_mirrorless_camera,1z6yxm,37,666,0.3122006058692932,0.13513513513513514,0.05898812950457375,0.039255824616801174,0.03182500746055958,0.5097568570314585,0.5145382767951524,0.5100971520305038,0.510142058134079,0.6913040280342102,0.27996760606765747,0.2644863426685333,0.7566520571708679,0.5421554446220398,7,30,0.1891891891891892,0.2005011511815561,1.8281947047428126,0.5486442081091499,0.8918918918918919,0.75,0.43243243243243246,0.1891891891891892,0.08108108108108109,0.05405405405405406,0.6756756756756757,29.89047452775753,33.0,0.67518165905191,10.0,3.891891891891892,1.5,4.614705882352941,0.023617805603174242,0.8134716153144836,0.005756918527185913,7.153611631651615e-05,0.0025524559896439314,4.592830919136756e-06,0.014752962071331756,0.5424922108650208,0.00021569444797933098,0.00011125652231016461,0.0013799471780657768,0.00026245301705785063,0.00199566971914956,0.06595075130462646,0.0005801273742690683,0.000222891458425029,0.00266351574100554,0.0003333111759275194,0.006795353581784545,0.23793884245484756,0.0012009208305850424,neutral,Sony a7 question
sony_a7r_v_mirrorless_camera,1ro5e17,3,3,0.3047500054041545,0.0,0.017669519723768453,0.013463461753365083,0.011866374612226246,0.45013566811879474,0.5046469966570536,0.46946032842000324,0.4613316059112549,0.48872363567352295,0.12215184420347214,0.02723115310072899,0.12215184420347214,0.27571526169776917,0,3,0.0,0.06273322055737178,1.0986122886681096,0.32969533691986563,0.6666666666666666,1.0,0.3333333333333333,1.0,0.0,0.0,0.0,43.8203402796261,52.0,0.8373313429227918,2.0,1.3333333333333333,1.0,1.0,0.0006044182130911698,0.000977187417447567,0.0008672429248690606,1.8658627141121542e-06,2.374138830418815e-06,2.237967760265747e-06,5.721615768076541e-05,0.00010281494178343564,8.963617801782675e-05,2.3139110150320146e-05,3.144755100947805e-05,2.9158806864870715e-05,0.00011953378998441622,0.00016195065109059215,0.00014993756631156432,8.395260859591265e-05,9.824356675380841e-05,9.55503826844506e-05,0.0001483542903694494,0.00022900304448588335,0.00020522302274533408,neutral,"Nikon Z7 II vs Z6 III vs Sony A7R IVA for landscapes, long exposure, and occasional portraits?"
ricoh_gr_iv_digital_camera,49rs4z,41,820,0.3186446966194525,0.1951219512195122,0.041619074257557405,0.028955670247961255,0.025006787228130968,0.4956848628637267,0.49847840521393755,0.4891092027469379,0.49553734064102173,0.7297791838645935,0.26109492778778076,0.2333495169878006,0.725190281867981,0.5069706439971924,10,31,0.24390243902439024,0.2637528062502785,2.0238426051109357,0.6073584616223102,0.8048780487804879,0.875,0.24390243902439024,0.6341463414634146,0.07317073170731707,0.024390243902439025,0.2682926829268293,79.14914873445986,51.0,1.1913051020972298,5.0,1.951219512195122,1.0952380952380953,1.6744186046511629,0.08914100562957707,0.8927080631256104,0.21565869450569153,0.00020119819772728033,0.004811421036720276,8.103977597784251e-05,0.027345282391518306,0.7332267165184021,0.004761420655995607,0.04655142171364654,0.7658847570419312,0.07084272056818008,0.006518821826697293,0.11780794709920883,0.0066066705621778965,0.0019022371547535153,0.03575257211923599,0.0017001086380332708,0.028609994485653337,0.3039247287282099,0.06391336189456827,neutral,"Hey photographers of Reddit, I need some advice."
ricoh_gr_iv_hdf_digital_camera,49rs4z,41,820,0.3186446966194525,0.1951219512195122,0.041619074257557405,0.028955670247961255,0.025006787228130968,0.49568488921334103,0.4984784425395291,0.48910923687423147,0.4955374002456665,0.7297792434692383,0.26109492778778076,0.2333495020866394,0.725190281867981,0.5069707036018372,10,31,0.24390243902439024,0.2637528120653658,2.0238426051109357,0.6073584616223102,0.8048780487804879,0.875,0.24390243902439024,0.6341463414634146,0.07317073170731707,0.024390243902439025,0.2682926829268293,79.14914873445986,51.0,1.1913051020972298,5.0,1.951219512195122,1.0952380952380953,1.6744186046511629,0.0891410061747415,0.8927080631256104,0.21565869450569153,0.00020119819900001835,0.004811421036720276,8.103977597784251e-05,0.027345282334730343,0.7332267165184021,0.004761420655995607,0.046551421761428284,0.7658847570419312,0.07084272056818008,0.006518821917558032,0.11780794709920883,0.006606674287468195,0.0019022371510268052,0.03575257211923599,0.0017001086380332708,0.028609994589747497,0.3039247287282099,0.06391336189456827,neutral,"Hey photographers of Reddit, I need some advice."
nikon_d850_dslr_camera,1nazg6n,2,1,0.305455818772316,0.0,0.009254753949610338,0.0046830226711385824,0.0033332489832062127,0.5328244566917419,0.345309853553772,0.41904646158218384,0.41904646158218384,0.41904646158218384,0.4506452977657318,0.4506452977657318,0.4506452977657318,0.4506452977657318,0,2,0.0,0.022061333060264587,0.6931471805599453,0.20801459767650946,1.0,1.0,0.5,0.5,0.0,0.5,0.0,172.5,172.5,0.8646616541353384,1.0,1.0,0.0,0.0,0.0009729073790367693,0.0014042911352589726,0.001318014384014532,5.061805381956219e-06,8.040414286369924e-06,7.444692505487183e-06,0.0001523523715150077,0.0002593149256426841,0.00023792241481714881,3.472060507192509e-05,3.938965892302804e-05,3.845584815280745e-05,0.00012339943714323454,0.00015531640383414924,0.0001489330104959663,0.00017000814113998786,0.00024323747493326664,0.0002285916081746109,0.00024307495654814679,0.0003515983354797451,0.0003298936596934255,neutral,What camera system should I buy into
nikon_d850_dslr_camera,1mjfrxh,17,136,0.29599231306244345,0.0,0.059366090170848713,0.034633979342951815,0.026014554072091935,0.528054036638316,0.5368499135708108,0.5307532498503432,0.5285464227199554,0.633549153804779,0.4325324296951294,0.40420061349868774,0.7538991570472717,0.6410151720046997,3,14,0.17647058823529413,0.18131833298898795,1.593443285659087,0.47819492494934096,0.8823529411764706,0.875,0.4117647058823529,0.7058823529411765,0.0,0.058823529411764705,0.23529411764705882,30.577713122344313,32.0,0.4936572868754543,3.0,1.7058823529411764,1.0,1.3333333333333333,0.05402620929731604,0.7127615809440613,0.07990340003743773,0.00010847170300193658,0.00169934902805835,4.966019441781103e-05,0.03383675933818107,0.5350314974784851,0.01585680883144961,0.00023366506513197878,0.0029231244698166847,0.00026219721767120065,0.013075305448129418,0.1332339495420456,0.03494871396687816,0.0003764619562870768,0.0025214781053364277,0.0010807087121065713,0.016942812134674586,0.2309191926033236,0.02226701527779371,neutral,Garage Sale D850 Made Me Ditch My iPhone – Need Advice on First Serious Mirrorless Setup (Wildlife/Landscape/Astro)
leica_d_lux_8_digital_camera,1fmwv74,17,136,0.3223113814989726,0.06666666666666667,0.06467957237418662,0.058552066645624436,0.05918714908965928,0.44042643356849165,0.45443399929824996,0.4446349540615783,0.45225730538368225,0.7329906225204468,0.09868208318948746,0.06034768000245094,0.48014020919799805,0.2402581125497818,3,14,0.17647058823529413,0.21294918020858483,0.9976148641399869,0.2993858453446284,0.9411764705882353,0.5,0.7058823529411765,0.058823529411764705,0.11764705882352941,0.17647058823529413,0.6470588235294118,11.37562500659447,16.0,0.727013628241,4.0,1.8823529411764706,1.0,1.5333333333333334,0.04489113400204053,0.6765398979187012,0.02458013836294414,5.3663612728836166e-05,0.0007769427029415965,4.043016815558077e-05,0.025366792834093384,0.4271220862865448,0.00122766862041317,8.267520195873017e-05,0.0002458476519677788,0.000194939854554832,0.012232762581655099,0.1958932876586914,0.002704718406312169,0.0005454871994408998,0.0033994673285633326,0.0015826609451323748,0.01386208590531958,0.21701634990070792,0.005117809456351099,neutral,"Just got my first camera! Heard Leica is good, so I got one. Not sure why it also says Lumix though, maybe the manufacturer couldn't decide on a name? Anyways, I don't know why people say Leica is expensive, this only cost me 10$!"
sony_a7_iv_mirrorless_camera_with_basic_bundle,tg1c2x,144,10296,0.3181265646660769,0.17777777777777778,0.04451254368646686,0.027486320228227657,0.021461058040595636,0.4920678853166594,0.48865937122318204,0.4855989484172879,0.4908435195684433,0.6792047619819641,0.20428712666034698,0.17636103928089142,0.7822995185852051,0.4294005036354065,19,125,0.13194444444444445,0.15248351460064036,2.0534890247296795,0.6162554004291019,0.8472222222222222,0.7762237762237763,0.3958333333333333,0.3333333333333333,0.0763888888888889,0.13194444444444445,0.4583333333333333,92.46322988719807,75.25,1.136648890537521,8.0,3.1666666666666665,1.2413793103448276,3.8608964451313756,0.05533897697164826,0.9694390892982483,0.0956035815179346,0.00010909289312937492,0.003569213207811117,9.405192176927798e-05,0.03708367644454332,0.8633084893226624,0.040781835466623215,0.0016019522052298878,0.16284623742103577,0.0003279096737969666,0.013759912365862369,0.9020544290542603,0.011835345346480607,0.0002830098389697216,0.0037815303076058626,0.0005625505931675433,0.018029436786563813,0.3241065108741168,0.03386295358868659,neutral,Nikon Z6ii vs Sony a7iv - first day / impressions
kodak_pixpro_fz55_digital_camera_black,17lrm17,4,6,0.2960323542356491,0.0,0.03546870556603613,0.03505734924752463,0.03563322779973783,0.39301520586013794,0.47255189220110577,0.4219329406817754,0.4255204349756241,0.5280517935752869,0.11804921180009842,0.0739436224102974,0.11804922670125961,0.30681389570236206,0,4,0.0,0.07512914203107357,0.5623351446188083,0.16875769266311968,0.5,0.6666666666666666,0.75,0.0,0.5,0.25,0.25,3.5619517121937516,3.25,0.331344345320349,2.0,1.25,1.0,1.0,0.2553532439560513,0.9079297184944153,0.6691011406481268,3.1284647064921955e-05,0.00010528860002523288,7.860358455218376e-05,0.008267990232525335,0.03209225460886955,0.022718769672792412,0.0008263423542302917,0.0031526286620646715,0.0022390827565686782,0.21755201971609495,0.8656896352767944,0.6072293591685595,0.0004077115936524933,0.000837493222206831,0.0007672823849134147,0.08040643208326988,0.29590466100125923,0.21473043617879742,neutral,Point and Shoot Camera
sony_a7_iv_mirrorless_camera_with_28_70mm_lens,curggt,15,105,0.31116201082865397,0.2,0.04305681121442837,0.030872966409051593,0.027120089828035883,0.45146362071945556,0.5139948441868737,0.47439453034173873,0.48146429657936096,0.6483635306358337,0.36746349930763245,0.37127915024757385,0.6246353983879089,0.536975622177124,1,14,0.06666666666666667,0.09319875718404849,1.2868726303980165,0.386192572055055,0.9333333333333333,0.5,0.5333333333333333,0.4,0.0,0.2,0.4,225.17710560554082,65.0,2.04830599398612,6.0,2.6666666666666665,1.125,2.2222222222222223,0.03671769976111439,0.5348244905471802,0.00503491051495075,3.351366013551645e-05,0.0004725072649307549,4.092979543202091e-06,0.03440544914349933,0.5149433612823486,0.00030058488191571077,4.5422411858453415e-05,0.0001304805773543194,8.242282347055152e-05,0.00950692331728836,0.1390579640865326,0.0012648302537854755,0.00020270223952441788,0.001655034371651709,0.00023261149181053037,0.013485285088903407,0.19851397302166637,0.0011449891091615421,neutral,Upgrade from Panasonic G7 to G9 or Sony A7 with lens.
sony_a7_iv_mirrorless_camera,1okpojb,72,2556,0.31296378788020873,0.16666666666666666,0.06640290886639388,0.03932863917877572,0.029411590162237024,0.5176846604438642,0.5098590101924301,0.5112481016158498,0.5128388702869415,0.6901792883872986,0.39697858691215515,0.4257764220237732,0.7621127367019653,0.5835655927658081,8,64,0.1111111111111111,0.15398035053577688,1.2340160061671248,0.37033021304632996,0.8194444444444444,0.5774647887323944,0.6666666666666666,0.16666666666666666,0.09722222222222222,0.1527777777777778,0.5833333333333334,45.42813310909637,65.5,0.7356782689732206,6.0,2.0416666666666665,1.1923076923076923,2.2045454545454546,0.01944102726297893,0.7560775876045227,0.0060450834687799165,2.536383296103395e-05,0.0013167489087209105,7.351730846494315e-06,0.012969324515501689,0.5369957089424133,0.00011709479731507596,0.00018227127593996152,0.003716943319886923,0.0003217107179807497,0.003615386928282128,0.1882486641407013,0.00028826655907323575,0.0001529801899980359,0.0015509348595514894,0.0002611078438349068,0.006064392334276963,0.24742135052899053,0.0014129313511981904,neutral,Ever damaged your lens mount with a heavy lens?
sony_a7_iv_mirrorless_camera_with_basic_bundle,1okpojb,72,2556,0.3129637899498145,0.16666666666666666,0.06640290886639388,0.03932863917877572,0.029411590162237024,0.5176846594527853,0.5098590049455424,0.5112480990390449,0.5128388702869415,0.6901792883872986,0.39697858691215515,0.4257764220237732,0.7621127367019653,0.5835655927658081,8,64,0.1111111111111111,0.15398035053577688,1.2340160061671248,0.37033021304632996,0.8194444444444444,0.5774647887323944,0.6666666666666666,0.16666666666666666,0.09722222222222222,0.1527777777777778,0.5833333333333334,45.42813310909637,65.5,0.7356782689732206,6.0,2.0416666666666665,1.1923076923076923,2.2045454545454546,0.01944102726297893,0.7560775876045227,0.0060450834687799165,2.536383296103395e-05,0.0013167489087209105,7.351730846494315e-06,0.012969324515501689,0.5369957089424133,0.00011709479731507596,0.00018227127593996152,0.003716943319886923,0.0003217107179807497,0.003615386928282128,0.1882486641407013,0.00028826655907323575,0.0001529801899980359,0.0015509348595514894,0.0002611078438349068,0.006064392334276963,0.24742135052899053,0.0014129313511981904,neutral,Ever damaged your lens mount with a heavy lens?
canon_eos_rebel_t7_dslr_camera_with_18_55mm_lens,1os1n56,11,55,0.3101238256151026,0.09090909090909091,0.039026470519878904,0.03079460793818531,0.02772538656368708,0.504189856485887,0.49983371929688886,0.4970528548414057,0.5027279257774353,0.631246030330658,0.2350059151649475,0.21075524389743805,0.4735566973686218,0.45683053135871887,0,11,0.0,0.056676140393723144,1.4142790651247086,0.4244274505979668,1.0,0.7,0.45454545454545453,0.36363636363636365,0.18181818181818182,0.36363636363636365,0.09090909090909091,34.64435603325133,33.0,0.9030519345160298,5.0,2.1818181818181817,1.0,1.8461538461538463,0.0016002787451725453,0.011205327697098255,0.0014008944854140282,2.7086669185585133e-06,1.089344277716009e-05,3.070449110964546e-06,8.644939308314034e-05,0.0002902291889768094,0.00018883471784647554,0.0005506047589072048,0.005767935421317816,4.00921271648258e-05,0.00016326412415682253,0.00046727925655432045,0.00028125589597038925,0.00011151918905935335,0.0003933683328796178,0.00010722270235419273,0.00041913747954960416,0.003022505556600663,0.0003318641699934233,neutral,Getting Faces in Focus with Basic Kit Lens
hasselblad_x2d_ii_100c_medium_format_mirrorless_camera,1mlhcy5,54,1431,0.3075171365187718,0.07692307692307693,0.0574785710760808,0.04912902207246341,0.04672005822176011,0.49208863013945287,0.48790592440435887,0.4858055759109374,0.48827868700027466,0.8146094679832458,0.1584295928478241,0.12372273206710815,0.7136904001235962,0.3838697671890259,17,37,0.3148148148148148,0.35080883334632273,1.938450731776665,0.5817322213739946,0.8148148148148148,0.8301886792452831,0.46296296296296297,0.2222222222222222,0.09259259259259259,0.37037037037037035,0.3148148148148148,16.359012315864835,16.25,0.7873321435442968,5.0,2.3703703703703702,1.4642857142857142,2.569620253164557,0.011534872728925958,0.5714817643165588,0.0018896356225013746,2.334948110021489e-06,1.73450680449605e-05,4.15592851368274e-06,0.0001624468648649916,0.004732641391456127,0.00016215192154049878,3.378474037971399e-05,0.00022274485672824085,6.105527318140959e-05,0.009097748832842896,0.4808214008808136,0.0003180159197654579,0.00012469478557856442,0.0007723416201770306,0.00023865708935773,0.003492647150117023,0.17626164037331668,0.00045182600916101993,neutral,Hasselblad X2D Mark II release date is 26 August 2025
sony_a7_iv_mirrorless_camera_with_28_70mm_lens,1gu09yt,103,5253,0.30267810260895456,0.04950495049504951,0.04868405681405636,0.033461889652920525,0.02843146721539946,0.5060947496034793,0.5149366557853416,0.5052311697982956,0.5111247301101685,0.824838399887085,0.3598032593727112,0.36775854229927063,0.7916310429573059,0.5888543128967285,14,89,0.13592233009708737,0.17550451319339205,1.8931802744398774,0.5681464834042662,0.8252427184466019,0.7254901960784313,0.47572815533980584,0.5048543689320388,0.019417475728155338,0.2621359223300971,0.21359223300970873,55.214272540413205,51.5,1.0773006386934192,4.0,1.3300970873786409,1.0476190476190477,1.4285714285714286,0.03742540968006739,0.9942432045936584,0.0016584775177761913,7.328332507649004e-05,0.005248307716101408,4.859644286625552e-06,0.01619827073308734,0.829681396484375,0.00018881022406276314,5.233450713259444e-05,0.00033402658300474286,0.00014635277620982378,0.025129320350864414,0.9906384944915771,0.0003122286463622002,0.0003216229448404651,0.0077484725043177605,0.0001881349191535264,0.013200040256844788,0.38348531192362617,0.00038085737767990695,neutral,Does anyone use two cameras brands? Why?
sony_a7_iv_mirrorless_camera_with_basic_bundle,1gu09yt,103,5253,0.30267810201880957,0.04950495049504951,0.04868405681405636,0.033461889652920525,0.02843146721539946,0.5060947503665504,0.5149366545428691,0.505231169645114,0.5111247301101685,0.824838399887085,0.35980328917503357,0.36775854229927063,0.7916310429573059,0.5888543128967285,14,89,0.13592233009708737,0.1755045198663635,1.8931802744398774,0.5681464834042662,0.8252427184466019,0.7254901960784313,0.47572815533980584,0.5048543689320388,0.019417475728155338,0.2621359223300971,0.21359223300970873,55.214272540413205,51.5,1.0773006386934192,4.0,1.3300970873786409,1.0476190476190477,1.4285714285714286,0.03742540968006739,0.9942432045936584,0.0016584775177761913,7.328332505662243e-05,0.005248307716101408,4.859644286625552e-06,0.016198270733581824,0.829681396484375,0.00018881022406276314,5.233450688535316e-05,0.00033402658300474286,0.00014635277620982378,0.025129320349451607,0.9906384944915771,0.0003122286463622002,0.00032162294399278073,0.0077484725043177605,0.0001881349191535264,0.013200040256505936,0.38348531192362617,0.00038085737767990695,neutral,Does anyone use two cameras brands? Why?
canon_eos_r5_mirrorless_camera,evazc5,190,17955,0.3191797499393308,0.1511627906976744,0.04580812297853587,0.03695568605954128,0.034183317928741346,0.4828721070316169,0.4902358043396317,0.48133264839715595,0.4858447313308716,0.89515221118927,0.19232861697673798,0.17884761095046997,0.7842645645141602,0.39373984932899475,15,175,0.07894736842105263,0.1119141496521862,2.043832925309561,0.6133575892681624,0.8052631578947368,0.7301587301587301,0.47368421052631576,0.21052631578947367,0.1,0.12631578947368421,0.5631578947368421,43.899346280760454,34.0,1.219604590341349,10.0,2.8105263157894735,1.402061855670103,4.4354679802955665,0.04203865094857879,0.9828946590423584,0.021428532525897007,0.0005513971640781571,0.052951253950595856,1.4263943648984418e-05,0.026250981578241888,0.9753605723381042,0.0014344934956170585,0.0033639414851581693,0.5984925627708435,0.00035206736647523917,0.009179878118294781,0.4299674332141876,0.0032361043617129305,0.0003947494075730088,0.01044133584946394,0.0007573618728201835,0.013629933116987457,0.40374527336098254,0.005330476433027797,neutral,Canon EOS R5 Specifications
hasselblad_x2d_ii_100c_medium_format_mirrorless_camera,1qwtu23,26,325,0.31555557012557983,0.28,0.05067316581265506,0.035963465919648836,0.030049792483992515,0.5050909804380858,0.4858630822255061,0.49255759385915904,0.4947981536388397,0.6726689338684082,0.24604849517345428,0.22176621854305267,0.6911231279373169,0.4621269404888153,2,24,0.07692307692307693,0.08772567648870441,2.075360096334817,0.6228189446348528,0.9615384615384616,0.92,0.3076923076923077,0.15384615384615385,0.23076923076923078,0.11538461538461539,0.5,45.56483124245986,30.0,1.012551805387997,6.0,2.1538461538461537,1.2727272727272727,2.210526315789474,0.06802443579810923,0.6560845375061035,0.20751234143972397,4.50394683272092e-05,0.0008915058569982648,3.5378448956180364e-05,0.021411599943069,0.547275185585022,0.0016381401801481843,0.009459884661247578,0.1762060821056366,0.001104763156035915,0.024402238727746477,0.5659562945365906,0.01941093895584345,0.0003850410265351037,0.003002131124958396,0.0012247875856701285,0.02062137327083909,0.20376870835847663,0.05602469232841637,neutral,XT5 Buyers remorse
sony_a7_iv_mirrorless_camera,qcslmy,181,16290,0.316137959209966,0.176056338028169,0.0432998775918001,0.029677715681247895,0.02495949570826422,0.487840132207648,0.48994195901538934,0.4835327239655658,0.4892353266477585,0.9011951684951782,0.255504310131073,0.23608392477035522,0.8621580004692078,0.4959861934185028,11,170,0.06077348066298342,0.09090585292970442,2.0413931432017955,0.6126254066844359,0.850828729281768,0.7,0.4861878453038674,0.19889502762430938,0.10497237569060773,0.12154696132596685,0.574585635359116,49.81287103565084,44.0,0.9355743133187508,10.0,3.1270718232044197,1.3203883495145632,4.005037783375315,0.03973320590763723,0.9453486800193787,0.033922940492630005,9.906420963694945e-05,0.009362468495965004,1.6638292436255142e-05,0.01996960125813545,0.9379484057426453,0.0017438424983993173,0.0012302510326888858,0.15951980650424957,0.000275917089311406,0.015362852097370596,0.898566484451294,0.005451872479170561,0.00022388343186019945,0.0037378768902271986,0.00048672445700503886,0.012769809656221548,0.3612385684585509,0.008607760997620062,neutral,"Sony a7 IV initial review | 33MP BSI CMOS, 10fps, 10-bit 4K60p in Super35, 3.69m OLED EVF, twin card slots (CFe, UHS-II SD) | DPReview"
sony_a7_iv_mirrorless_camera_with_28_70mm_lens,qcslmy,181,16290,0.316137959209966,0.176056338028169,0.0432998775918001,0.029677715681247895,0.02495949570826422,0.48784011463086396,0.48994195416267844,0.48353271254774544,0.4892353266477585,0.9011951684951782,0.255504310131073,0.23608389496803284,0.8621580004692078,0.4959861934185028,11,170,0.06077348066298342,0.09090585572881758,2.0413931432017955,0.6126254066844359,0.850828729281768,0.7,0.4861878453038674,0.19889502762430938,0.10497237569060773,0.12154696132596685,0.574585635359116,49.81287103565084,44.0,0.9355743133187508,10.0,3.1270718232044197,1.3203883495145632,4.005037783375315,0.03973320590442134,0.9453486800193787,0.033922940492630005,9.906420958858543e-05,0.009362468495965004,1.6638292436255142e-05,0.019969601260728262,0.9379484057426453,0.0017438424983993173,0.0012302510315030254,0.15951980650424957,0.000275917089311406,0.015362852097370596,0.898566484451294,0.005451872479170561,0.00022388343145821285,0.0037378768902271986,0.00048672445700503886,0.012769809655845,0.3612385684585509,0.008607760997620062,neutral,"Sony a7 IV initial review | 33MP BSI CMOS, 10fps, 10-bit 4K60p in Super35, 3.69m OLED EVF, twin card slots (CFe, UHS-II SD) | DPReview"
sony_a7_iv_mirrorless_camera_with_basic_bundle,qcslmy,181,16290,0.31613796130872107,0.176056338028169,0.0432998775918001,0.029677715681247895,0.02495949570826422,0.4878401285806926,0.4899419579478844,0.48353272052613266,0.4892353266477585,0.9011951684951782,0.255504310131073,0.23608389496803284,0.8621580004692078,0.4959861934185028,11,170,0.06077348066298342,0.09090585572881758,2.0413931432017955,0.6126254066844359,0.850828729281768,0.7,0.4861878453038674,0.19889502762430938,0.10497237569060773,0.12154696132596685,0.574585635359116,49.81287103565084,44.0,0.9355743133187508,10.0,3.1270718232044197,1.3203883495145632,4.005037783375315,0.03973320590442134,0.9453486800193787,0.033922940492630005,9.906420958858543e-05,0.009362468495965004,1.6638292436255142e-05,0.019969601260728262,0.9379484057426453,0.0017438424983993173,0.0012302510315030254,0.15951980650424957,0.000275917089311406,0.015362852097370596,0.898566484451294,0.005451872479170561,0.00022388343145821285,0.0037378768902271986,0.00048672445700503886,0.012769809655845,0.3612385684585509,0.008607760997620062,neutral,"Sony a7 IV initial review | 33MP BSI CMOS, 10fps, 10-bit 4K60p in Super35, 3.69m OLED EVF, twin card slots (CFe, UHS-II SD) | DPReview"
nikon_d850_dslr_camera,14ovc0k,1,0,0.28277939558029175,0.0,0.0,0.0,0.0,0.0,0.0,0.0,0.0,0.0,0.0,0.0,0.0,0.0,1,0,1.0,0.895368754863739,-0.0,0.0,1.0,0.0,1.0,0.0,0.0,0.0,1.0,0.0,0.0,0.0,1.0,1.0,0.0,0.0,0.00038262552698142827,0.00038262552698142827,0.00038262552698142827,1.4159619468046003e-06,1.4159619468046003e-06,1.4159619468046003e-06,2.4634649889776483e-05,2.4634649889776483e-05,2.4634649889776483e-05,2.179083639930468e-05,2.179083639930468e-05,2.179083639930468e-05,9.717311331769451e-05,9.717311331769451e-05,9.717311331769451e-05,7.76770175434649e-05,7.76770175434649e-05,7.76770175434649e-05,0.00010088618434641224,0.00010088618434641224,0.00010088618434641224,disappointment,Switching from Nikon to Sony..? A7R V / A7 IV / D850
sony_a7_iv_mirrorless_camera,14ovc0k,1,0,0.28277939558029175,0.0,0.0,0.0,0.0,0.0,0.0,0.0,0.0,0.0,0.0,0.0,0.0,0.0,1,0,1.0,0.895368754863739,-0.0,0.0,1.0,0.0,1.0,0.0,0.0,0.0,1.0,0.0,0.0,0.0,1.0,1.0,0.0,0.0,0.00038262552698142827,0.00038262552698142827,0.00038262552698142827,1.4159619468046003e-06,1.4159619468046003e-06,1.4159619468046003e-06,2.4634649889776483e-05,2.4634649889776483e-05,2.4634649889776483e-05,2.179083639930468e-05,2.179083639930468e-05,2.179083639930468e-05,9.717311331769451e-05,9.717311331769451e-05,9.717311331769451e-05,7.76770175434649e-05,7.76770175434649e-05,7.76770175434649e-05,0.00010088618434641224,0.00010088618434641224,0.00010088618434641224,disappointment,Switching from Nikon to Sony..? A7R V / A7 IV / D850
sony_a7_iv_mirrorless_camera,1rnp30p,7,21,0.30241136040006367,0.0,0.06094747591156789,0.030821882068382857,0.020928454740049986,0.5251497526963552,0.5040384914193835,0.5104481265658424,0.5367914438247681,0.5703288912773132,0.47292360663414,0.45453745126724243,0.5632954835891724,0.6141926646232605,1,6,0.14285714285714285,0.15587787276932172,1.15374194270109,0.3462398358738274,0.8571428571428571,0.6666666666666666,0.5714285714285714,0.8571428571428571,0.14285714285714285,0.0,0.0,59.66265710694776,68.5,0.6725259255211503,3.0,1.7142857142857142,1.5,1.5,0.0005890842585358769,0.0007258228142745793,0.0007045685430057346,1.9980176700430874e-06,3.887572347593959e-06,2.622105512273266e-06,6.1614338587138e-05,0.0001868028484750539,0.00010505209065740932,3.7817334357116905e-05,5.864856211701408e-05,5.13288840011228e-05,0.00013152787869330496,0.00014947836461942643,0.00014913403429090978,7.891941329164962e-05,9.822510764934123e-05,8.819874929031358e-05,0.00015016020685585489,0.0001967907984787113,0.00017966724791828407,neutral,Best Way to Carry Sony A7IV + 100-400mm GM While Backpacking?
leica_d_lux_8_digital_camera,1qpcmlc,7,21,0.3223214404923575,0.14285714285714285,0.05351560422258815,0.03603625561629477,0.030422606668847635,0.542139341433843,0.49678491268839153,0.5165465757960365,0.5451935529708862,0.608474850654602,0.28148844838142395,0.3120516836643219,0.4241841435432434,0.5479134917259216,0,7,0.0,0.0759347163672958,1.277034259466139,0.3832400609166074,1.2857142857142858,0.8333333333333334,0.42857142857142855,0.0,0.2857142857142857,0.42857142857142855,0.2857142857142857,20.886476437139503,36.5,0.6864100237557583,3.0,1.8571428571428572,1.0,1.3333333333333333,0.0005845780209970794,0.001613825443200767,0.0009222292865160857,1.6078589299338221e-06,2.520779617043445e-06,1.939059370670293e-06,4.312410523458051e-05,0.00012080989108653739,7.224677465274001e-05,2.225154353904405e-05,2.8932814529980533e-05,2.730869964580052e-05,0.00013877313904231414,0.0003599012561608106,0.00021139079181011776,8.090902286182557e-05,0.00012181024067103863,9.865360043477268e-05,0.0001452072817674629,0.0003746334042110296,0.00022033927322884976,neutral,Amateur looking for (almost) phone level convenience.
canon_eos_rebel_t7_dslr_with_18_55mm_and_75_300mm_lenses,ivaz74,57,1596,0.33108206337148494,0.12727272727272726,0.051817679518596414,0.04089004518912187,0.037527642242697695,0.5061738446989753,0.5273240681056092,0.5100946869878542,0.5103316903114319,0.7588480710983276,0.2635153830051422,0.2366010993719101,0.7745155692100525,0.5379273891448975,8,49,0.14035087719298245,0.17171776797949223,2.2731935795719327,0.6821890951262204,0.9122807017543859,0.9464285714285714,0.24561403508771928,0.7543859649122807,0.05263157894736842,0.017543859649122806,0.17543859649122806,37.45784539444757,39.0,1.0843561135010213,4.0,1.3333333333333333,1.25,1.6071428571428572,0.06100240415023444,0.9414970874786377,0.08977443873882293,9.32487298781014e-05,0.0036780457012355328,4.050432980875484e-05,0.0324069181205184,0.8810520768165588,0.004331469116732474,0.0030494803312761,0.11117201298475266,0.0010709839873015875,0.022461616482280334,0.8847082257270813,0.014774550497531881,0.00036969704269084326,0.0035564859863370657,0.0009381132433190936,0.019897227476146376,0.3209340810814562,0.024275344840316383,admiration,I’ve had a DSLR for a week and it’s been 100% therapeutic in dealing with the suicide of a friend
kodak_pixpro_fz55_digital_camera_red,1qxh42l,2,1,0.3056930750608444,0.0,0.03284182794068951,0.021967561567125492,0.018082730951896903,0.6063647866249084,0.4693980813026428,0.5291620492935181,0.5291620492935181,0.5291620492935181,-0.014687206596136093,-0.014687206596136093,-0.014687206596136093,-0.014687206596136093,0,2,0.0,0.06317406892776489,0.6931471805599453,0.20801459767650946,0.5,1.0,0.5,0.0,0.0,0.5,0.5,20.0,20.0,0.625,1.0,1.0,0.0,0.0,0.0008118433615891263,0.0011561033315956593,0.0010872513375943527,1.427709150902956e-06,1.4773380598853691e-06,1.4674122780888866e-06,3.919741357094608e-05,4.6966400987003e-05,4.541260350379162e-05,2.517302618798567e-05,2.9376458769547753e-05,2.8535772253235335e-05,0.0001833885835367255,0.0002491999766789377,0.00023603769805049526,9.796453377930447e-05,0.00012701468949671835,0.00012120465835323558,0.0001931657713024985,0.0002683563659312919,0.00025331824700553326,neutral,Best Digital camera for vids and pics?
ricoh_gr_iv_hdf_digital_camera,398i6s,7,21,0.3259697769369398,0.14285714285714285,0.062207966014607784,0.045141525874240286,0.03917244118160325,0.5679945406459627,0.5368118626730782,0.5506176536991483,0.5567342638969421,0.6285827159881592,0.3144151568412781,0.2821723520755768,0.43485599756240845,0.48600494861602783,1,6,0.14285714285714285,0.1953523105808667,1.277034259466139,0.3832400609166074,1.0,0.5,0.42857142857142855,0.5714285714285714,0.2857142857142857,0.14285714285714285,0.0,23.286152493685677,19.5,0.7616965768962605,3.0,1.4285714285714286,1.0,1.3333333333333333,0.055718147744690735,0.19741693139076233,0.1932017058134079,5.4472200369153665e-05,0.00019621782121248543,0.00018434034136589618,0.03115799777931118,0.21586169302463531,0.08757724179886289,0.002225169636533662,0.014549513347446918,0.006374302215408539,0.0022466456617361735,0.01020937692373991,0.007109479792416097,0.015720639890267712,0.1091746836900711,0.043962980562355404,0.017853845485484767,0.06967528677826824,0.06071356493824473,love,Sony RX100i still a good option?
sony_a7r_v_mirrorless_camera,1oav04c,5,10,0.31749576330184937,0.2,0.05531628697519288,0.02718100784439962,0.018255735116961033,0.4732610434293747,0.4789745956659317,0.47229508459568026,0.47925813496112823,0.5526891946792603,0.4856976866722107,0.4721994996070862,0.4856976568698883,0.6233285665512085,0,5,0.0,0.026562007516622542,0.9502705392332347,0.28517773633985943,1.0,0.5,0.6,0.6,0.0,0.0,0.4,33.3970058538187,53.0,0.5122240161628634,2.0,1.2,1.0,1.0,0.018188175978139043,0.08341812342405319,0.05213707592338324,1.633922106520913e-05,6.057261998648755e-05,4.1099481313722216e-05,0.011778840386250522,0.05842019245028496,0.03513118322007359,0.00011457470391178504,0.000288342940621078,0.0002423739933874458,0.0024366157420445235,0.01125948317348957,0.006954687554389239,0.0004134864691877738,0.001268212217837572,0.0009427749901078642,0.00549133875009981,0.02563106856481075,0.01587724867919557,neutral,Camera Recommendation Primarily for Photography
ricoh_gr_iiix_hdf_digital_camera,1j61625,70,2415,0.32391251156579204,0.31343283582089554,0.04339838069555543,0.02880746088261329,0.023832420993832048,0.48751780351249824,0.4931855987934839,0.4861173475257605,0.48974964022636414,0.9999999403953552,0.31684720516204834,0.31647005677223206,0.8457359075546265,0.5869204998016357,2,68,0.02857142857142857,0.06625288152801138,1.501671277383123,0.45065399581497073,0.8285714285714286,0.5942028985507246,0.6428571428571429,0.2,0.02857142857142857,0.2,0.5714285714285714,49.42980180136725,54.0,0.8484762447512769,9.0,2.4714285714285715,1.1818181818181819,2.551470588235294,0.01420298218643958,0.8925248384475708,0.0018159150262363262,4.5719529310060484e-05,0.003065230092033744,2.6274104357071343e-06,0.012242011182986191,0.8529472947120667,0.00010174280978390016,0.0002086118852405759,0.011524846777319908,6.14418589975685e-05,0.002388151717085358,0.1370733231306076,0.00036792018217965964,0.00014667112341807556,0.002547991229221225,0.00018667027616174893,0.004872357937413306,0.3147756004958258,0.00042356377691514074,neutral,Why are there so few compact cameras?
ricoh_gr_iv_digital_camera,1j61625,70,2415,0.3239125124554136,0.31343283582089554,0.04339838069555543,0.02880746088261329,0.023832420993832048,0.48751780317930454,0.4931855987441219,0.4861173473529934,0.48974964022636414,0.9999999403953552,0.31684720516204834,0.31647005677223206,0.8457359075546265,0.5869205594062805,2,68,0.02857142857142857,0.06625288152801138,1.501671277383123,0.45065399581497073,0.8285714285714286,0.5942028985507246,0.6428571428571429,0.2,0.02857142857142857,0.2,0.5714285714285714,49.42980180136725,54.0,0.8484762447512769,9.0,2.4714285714285715,1.1818181818181819,2.551470588235294,0.014202982445047902,0.8925248384475708,0.0018159150262363262,4.5719529706340315e-05,0.003065230092033744,2.6274104357071343e-06,0.012242011183298018,0.8529472947120667,0.00010174280978390016,0.00020861195030842542,0.011524851433932781,6.14418589975685e-05,0.002388151722906124,0.1370733231306076,0.00036792018217965964,0.0001466711089701026,0.002547991229221225,0.00018667027616174893,0.004872357990039484,0.3147756004958258,0.00042356377691514074,neutral,Why are there so few compact cameras?
ricoh_gr_iv_hdf_digital_camera,1j61625,70,2415,0.32391251156579204,0.31343283582089554,0.04339838069555543,0.02880746088261329,0.023832420993832048,0.4875178119965962,0.4931856074071572,0.486117357583273,0.48974961042404175,0.9999999403953552,0.31684720516204834,0.31647005677223206,0.8457359075546265,0.5869205594062805,2,68,0.02857142857142857,0.06625288152801138,1.501671277383123,0.45065399581497073,0.8285714285714286,0.5942028985507246,0.6428571428571429,0.2,0.02857142857142857,0.2,0.5714285714285714,49.42980180136725,54.0,0.8484762447512769,9.0,2.4714285714285715,1.1818181818181819,2.551470588235294,0.014202982445047902,0.8925248384475708,0.0018159150262363262,4.5719529706340315e-05,0.003065230092033744,2.6274104357071343e-06,0.012242011183298018,0.8529472947120667,0.00010174280978390016,0.00020861195030842542,0.011524851433932781,6.14418589975685e-05,0.002388151722906124,0.1370733231306076,0.00036792018217965964,0.0001466711089701026,0.002547991229221225,0.00018667027616174893,0.004872357990039484,0.3147756004958258,0.00042356377691514074,neutral,Why are there so few compact cameras?
ricoh_gr_iv_monochrome_digital_camera,1j61625,70,2415,0.32391251156579204,0.31343283582089554,0.04339838069555543,0.02880746088261329,0.023832420993832048,0.48751781173127534,0.49318560724673066,0.4861173578177426,0.48974961042404175,0.9999999403953552,0.31684720516204834,0.31647005677223206,0.8457359075546265,0.5869204998016357,2,68,0.02857142857142857,0.06625288152801138,1.501671277383123,0.45065399581497073,0.8285714285714286,0.5942028985507246,0.6428571428571429,0.2,0.02857142857142857,0.2,0.5714285714285714,49.42980180136725,54.0,0.8484762447512769,9.0,2.4714285714285715,1.1818181818181819,2.551470588235294,0.014202982445047902,0.8925248384475708,0.0018159150262363262,4.5719529706340315e-05,0.003065230092033744,2.6274104357071343e-06,0.012242011183298018,0.8529472947120667,0.00010174280978390016,0.00020861195030842542,0.011524851433932781,6.14418589975685e-05,0.002388151722906124,0.1370733231306076,0.00036792018217965964,0.0001466711089701026,0.002547991229221225,0.00018667027616174893,0.004872357990039484,0.3147756004958258,0.00042356377691514074,neutral,Why are there so few compact cameras?
canon_eos_rebel_t7_dslr_with_18_55mm_and_75_300mm_lenses,1l7nkj1,2,1,0.3020531088113785,0.0,0.19728488212141948,0.15709163106619445,0.12807308629844888,0.49911925196647644,0.5769128203392029,0.5352039337158203,0.5352039337158203,0.5352039337158203,0.2848501205444336,0.2848501205444336,0.2848501205444336,0.2848501205444336,0,2,0.0,0.0871785581111908,0.6931471805599453,0.20801459767650946,0.5,1.0,0.5,1.0,0.0,0.0,0.0,0.5,0.5,0.09090909090909091,1.0,1.0,0.0,0.0,0.0003571587585611269,0.00037301777047105134,0.0003698459680890665,1.2949516303706332e-06,1.3176422726246528e-06,1.3131041441738488e-06,2.6932701985060703e-05,2.8776901672245003e-05,2.8408061734808143e-05,1.7539465261506848e-05,1.8765324057312682e-05,1.8520152298151516e-05,9.971049075829796e-05,0.00010185938299400732,0.00010142960454686546,6.304090311459731e-05,6.586602830793709e-05,6.530100326926914e-05,9.42795452184934e-05,9.732546656474976e-05,9.671628229549849e-05,neutral,Settings to take photo of the moon
ricoh_gr_iv_hdf_digital_camera,4ktqdo,4,6,0.30090923607349396,0.0,0.04983758631690605,0.027388830408471898,0.019758669347697235,0.5070504695177078,0.4904233266909917,0.48963603874047595,0.5046551823616028,0.5659942626953125,0.35092511773109436,0.2943190038204193,0.35092511773109436,0.6816713809967041,0,4,0.0,0.04776203026995063,1.0397207708399179,0.3120218965147642,1.25,0.6666666666666666,0.5,1.0,0.0,0.0,0.0,31.799174517587716,31.25,0.6204716979041506,2.0,1.25,1.0,1.0,0.04686452182068024,0.185790553689003,0.13029867669683884,3.529804192226038e-05,0.00013686004967894405,9.632000777628495e-05,0.032530733225485164,0.13000337779521942,0.09102240705178703,7.009927230683388e-05,0.00020684605988208205,0.00015430287530762148,0.0031637096453778213,0.012232796289026737,0.008622824914345985,0.00024501900406903587,0.0007433386635966599,0.0005505056054971648,0.013818230168306892,0.05485229542440114,0.03845750619192549,admiration,Suggest a camera: Getting married & backpacking in east asia and europe
ricoh_gr_iv_monochrome_digital_camera,4ktqdo,4,6,0.30090923607349396,0.0,0.04983758631690605,0.027388830408471898,0.019758669347697235,0.5070504695177078,0.4904233266909917,0.48963603874047595,0.5046551823616028,0.5659942626953125,0.350925087928772,0.29431894421577454,0.350925087928772,0.6816713809967041,0,4,0.0,0.04776203026995063,1.0397207708399179,0.3120218965147642,1.25,0.6666666666666666,0.5,1.0,0.0,0.0,0.0,31.799174517587716,31.25,0.6204716979041506,2.0,1.25,1.0,1.0,0.04686452182068024,0.185790553689003,0.13029867669683884,3.529804192226038e-05,0.00013686004967894405,9.632000777628495e-05,0.032530733225485164,0.13000337779521942,0.09102240705178703,7.009927230683388e-05,0.00020684605988208205,0.00015430287530762148,0.0031637096453778213,0.012232796289026737,0.008622824914345985,0.00024501900406903587,0.0007433386635966599,0.0005505056054971648,0.013818230168306892,0.05485229542440114,0.03845750619192549,admiration,Suggest a camera: Getting married & backpacking in east asia and europe
sony_rx100_vii_digital_camera_with_basic_bundle,1smoprs,1,0,0.2787395417690277,0.0,0.0,0.0,0.0,0.0,0.0,0.0,0.0,0.0,0.0,0.0,0.0,0.0,0,1,0.0,0.03268461674451828,-0.0,0.0,1.0,0.0,1.0,1.0,0.0,0.0,0.0,0.0,0.0,0.0,1.0,1.0,0.0,0.0,0.0005670872633345425,0.0005670872633345425,0.0005670872633345425,2.007129296544008e-06,2.007129296544008e-06,2.007129296544008e-06,6.362579733831808e-05,6.362579733831808e-05,6.362579733831808e-05,2.5599789296393283e-05,2.5599789296393283e-05,2.5599789296393283e-05,0.00014612024824600667,0.00014612024824600667,0.00014612024824600667,8.891466859495267e-05,8.891466859495267e-05,8.891466859495267e-05,0.00014889248268445954,0.00014889248268445954,0.00014889248268445954,neutral,best compact camera
canon_eos_rebel_t7_dslr_with_18_55mm_and_75_300mm_lenses,1fatgls,23,253,0.3167420119047165,0.1,0.045223716195484834,0.02961509170055588,0.02423744852342842,0.5051966922085276,0.4889211037413405,0.49391942933614075,0.498814195394516,0.6262520551681519,0.24898651242256165,0.23662252724170685,0.6351587772369385,0.4991036355495453,3,20,0.13043478260869565,0.1605837829006107,2.015571510717175,0.6048762927252621,0.782608695652174,0.9090909090909091,0.30434782608695654,0.391304347826087,0.13043478260869565,0.08695652173913043,0.391304347826087,44.0725471692828,60.0,0.8019529943777725,3.0,1.5217391304347827,1.25,1.5294117647058822,0.0015990877885918092,0.014673282392323017,0.0008374253287911417,2.3447258953361283e-06,1.1713437743310351e-05,2.4902662062231683e-06,0.00025330244486964227,0.0042190863750875,6.796556117478759e-05,4.3774895817952476e-05,0.00040952861309051514,6.901378583279442e-05,0.0003386539980926065,0.003869295120239258,0.00017651731905061753,9.60930875684742e-05,0.0002767137484624982,0.00011098682589363306,0.0003888761568059701,0.0038546101382053166,0.00020324282850954967,approval,Can a lense change outcome?
canon_eos_rebel_t7_dslr_camera_with_18_55mm_lens,j0rmv6,185,17020,0.3263536239432734,0.27906976744186046,0.04109598694088869,0.02725322625978547,0.022578917243122238,0.5040035015889186,0.4897538238648242,0.491728878098285,0.496846079826355,0.8990620374679565,0.2691497802734375,0.25644659996032715,0.8643642663955688,0.5321853160858154,29,156,0.15675675675675677,0.16950587775256182,2.0859171626915503,0.6259871374406953,0.7621621621621621,0.7934782608695652,0.43783783783783786,0.2918918918918919,0.07567567567567568,0.06486486486486487,0.5675675675675675,119.5748218805175,67.0,1.4719104430032428,7.0,2.9891891891891893,2.375,3.523024926066751,0.061951330938294684,0.9852346777915955,0.14335830509662578,0.0005872927973160659,0.06570234894752502,7.481194770662096e-05,0.03963679632090773,0.9559560418128967,0.01786444149911397,0.006792085317362295,0.7710474729537964,0.0016028996091335995,0.01405410326158351,0.5478978753089905,0.008678746037185176,0.0008565017502995624,0.046461544930934906,0.0012992857722565526,0.02064635173096065,0.42137067212024704,0.03367385521123643,neutral,"Due to the limit on weddings, my sister has asked me to be her wedding photographer. I am not a photographer - I just invested in a DSLR to start the hobby. HELP ME!"
sony_a7_iv_mirrorless_camera_with_basic_bundle,5abtnz,3,3,0.3375813663005829,0.5,0.14562550637212587,0.1341350720502861,0.12822131868970482,0.5161736210187277,0.5284392138322195,0.5132819513479868,0.45411932468414307,0.6351677179336548,0.24107062816619873,0.0909668505191803,0.24107062816619873,0.5185027122497559,1,2,0.3333333333333333,0.25997162113587063,0.6365141682948128,0.1910189384688593,1.3333333333333333,1.0,0.6666666666666666,0.3333333333333333,0.3333333333333333,0.0,0.3333333333333333,40.65300316909769,46.0,0.6159545934711771,2.0,1.6666666666666667,2.0,1.3333333333333333,0.0006822122862407317,0.0012046300107613206,0.001059652492403984,1.7119062173757509e-06,1.8689529497351032e-06,1.8687683677853784e-06,5.631830329851558e-05,9.20553138712421e-05,8.293194478028455e-05,1.9584164571521494e-05,2.279086402268149e-05,2.2111545331426895e-05,0.00015294449258362874,0.00025920814368873835,0.0002275549457408488,8.173197905610625e-05,0.00010361255408497527,9.76624884060584e-05,0.0001657505219946466,0.0002806943065631155,0.00024863036417173135,admiration,Currently have Sony a300 DSLR. Will the kit lenses work with an a7 Mirrorless?
sony_a7_iv_mirrorless_camera_with_28_70mm_lens,1ezwcyn,7,21,0.30310759374073576,0.0,0.05093157815279854,0.037488590117445646,0.03298951451865452,0.5313053116911933,0.5082537219637916,0.5123409018630073,0.526335597038269,0.5907893180847168,0.4168696701526642,0.38355711102485657,0.5997770428657532,0.655928373336792,0,7,0.0,0.02862624983702387,1.15374194270109,0.3462398358738274,0.8571428571428571,0.6666666666666666,0.5714285714285714,0.2857142857142857,0.14285714285714285,0.14285714285714285,0.42857142857142855,22.996006751838728,35.5,0.7776427404003434,3.0,1.5714285714285714,1.0,1.25,0.0007753113708791456,0.0019179562805220485,0.0014634306076914076,2.4862020252060446e-06,6.375362318067346e-06,4.297524128560327e-06,7.134743438135567e-05,0.00023249522200785577,0.00014635737170465296,3.761946832777799e-05,9.140025213127956e-05,6.885042021167467e-05,0.00011104003767416413,0.00017508422024548054,0.00013699079281650486,0.00010289031654662852,0.0001853285648394376,0.00015940127777867022,0.000183449138305713,0.00042206109128528624,0.0003311520133365776,neutral,Sony A7 mirrorless - Good camera? 
sony_a7_iv_mirrorless_camera_with_basic_bundle,1ezwcyn,7,21,0.30310759374073576,0.0,0.05093157815279854,0.037488590117445646,0.03298951451865452,0.5313053173678262,0.5082537248021081,0.5123409103779566,0.526335597038269,0.5907893180847168,0.4168696701526642,0.38355711102485657,0.5997769832611084,0.655928373336792,0,7,0.0,0.02862624903874738,1.15374194270109,0.3462398358738274,0.8571428571428571,0.6666666666666666,0.5714285714285714,0.2857142857142857,0.14285714285714285,0.14285714285714285,0.42857142857142855,22.996006751838728,35.5,0.7776427404003434,3.0,1.5714285714285714,1.0,1.25,0.0007753113708791456,0.0019179562805220485,0.0014634306076914076,2.4862020252060446e-06,6.375362318067346e-06,4.297524128560327e-06,7.134743438135567e-05,0.00023249522200785577,0.00014635737170465296,3.761946832777799e-05,9.140025213127956e-05,6.885042021167467e-05,0.00011104003767416413,0.00017508422024548054,0.00013699079281650486,0.00010289031654662852,0.0001853285648394376,0.00015940127777867022,0.000183449138305713,0.00042206109128528624,0.0003311520133365776,neutral,Sony A7 mirrorless - Good camera? 
ricoh_gr_iv_hdf_digital_camera,1bq83v,11,55,0.3116163042458621,0.18181818181818182,0.05288428023727792,0.037258713320519436,0.03162111234891936,0.5151503855531866,0.5249554005536166,0.5164413170381026,0.5206926465034485,0.6123634576797485,0.2591690421104431,0.24418801069259644,0.5047472715377808,0.5094954371452332,2,9,0.18181818181818182,0.20721163363619285,1.515707952085713,0.4548664247519486,0.9090909090909091,0.9,0.36363636363636365,0.45454545454545453,0.09090909090909091,0.18181818181818182,0.2727272727272727,18.238094724327805,31.5,0.568325897925229,3.0,1.4545454545454546,1.0,1.2,0.0009614171947098591,0.0036150580272078514,0.002921478124335408,2.149487675689505e-06,5.837067419633968e-06,4.210246970615117e-06,5.353991847104308e-05,0.00017282167391385883,0.00010126561392098665,0.00012722306796190836,0.001158210914582014,4.994695700588636e-05,0.00015992438751378688,0.000584008579608053,0.00022173264005687088,0.00016289703456674363,0.0007650924962945282,0.00034955170121975243,0.00024452518181650515,0.0009086093274011849,0.0007495930130213916,admiration,Need help choosing a camera for street photography/travel/walk-around
ricoh_gr_iv_monochrome_digital_camera,1bq83v,11,55,0.31161630153656006,0.18181818181818182,0.05288428023727792,0.037258713320519436,0.03162111234891936,0.5151503996415572,0.5249554189768705,0.5164413305846127,0.5206927061080933,0.6123636364936829,0.2591690123081207,0.2441880702972412,0.5047472715377808,0.5094952583312988,2,9,0.18181818181818182,0.20721163363619285,1.515707952085713,0.4548664247519486,0.9090909090909091,0.9,0.36363636363636365,0.45454545454545453,0.09090909090909091,0.18181818181818182,0.2727272727272727,18.238094724327805,31.5,0.568325897925229,3.0,1.4545454545454546,1.0,1.2,0.0009614171947098591,0.0036150580272078514,0.002921478124335408,2.149487675689505e-06,5.837067419633968e-06,4.210246970615117e-06,5.353991847104308e-05,0.00017282167391385883,0.00010126561392098665,0.00012722306796190836,0.001158210914582014,4.994695700588636e-05,0.00015992438751378688,0.000584008579608053,0.00022173264005687088,0.00016289703456674363,0.0007650924962945282,0.00034955170121975243,0.00024452518181650515,0.0009086093274011849,0.0007495930130213916,admiration,Need help choosing a camera for street photography/travel/walk-around
sony_a7r_v_mirrorless_camera,3h4zda,39,741,0.3240181979460594,0.28205128205128205,0.04798145910071119,0.02948132443299032,0.02312314255853718,0.5118614909780814,0.49529160199216826,0.49863210714619494,0.4977775514125824,0.7333093285560608,0.36336469650268555,0.3457462191581726,0.7819631099700928,0.5760518312454224,2,37,0.05128205128205128,0.1130279249105698,1.6911973873826087,0.5075310900691649,0.8461538461538461,0.7105263157894737,0.48717948717948717,0.3333333333333333,0.1282051282051282,0.1282051282051282,0.41025641025641024,85.73582960835265,84.5,0.9892595724040689,10.0,3.3076923076923075,1.2916666666666667,3.5588235294117645,0.012289353505296346,0.29419565200805664,0.00839787963777781,1.0848312212939885e-05,0.000163012053235434,1.256532268598676e-05,0.009244700319472124,0.21612238883972168,0.0014907322824001326,7.970806440519086e-05,0.0011227395152673125,0.0001548527536215263,0.0017139682705209663,0.032929982990026474,0.0010265589924529216,0.00015300559234441235,0.0010099433129653335,0.0002677697455510499,0.003915264010708664,0.09079979214341923,0.002048875190788143,neutral,Let's talk mirrorless: I've had an NEX-7 for years and love it; what's the next big thing? Is the X-T1 the start of real competition? Will Sony ever make a true successor to the NEX?
ricoh_gr_iv_digital_camera,1n1ebyq,28,378,0.30346271502120153,0.07142857142857142,0.05497843203791651,0.04517078970987715,0.04204081248248203,0.49327608777417076,0.48056278586703005,0.47958808317386287,0.47771595418453217,0.8872547745704651,0.19161160290241241,0.1682974100112915,0.6890382766723633,0.43954765796661377,3,25,0.10714285714285714,0.14591905401487434,2.006225766741261,0.6020716197385423,0.8214285714285714,0.7407407407407407,0.39285714285714285,0.17857142857142858,0.21428571428571427,0.07142857142857142,0.5357142857142857,25.254015643506065,20.75,0.9065544077156024,5.0,1.9285714285714286,1.1818181818181819,1.903225806451613,0.000954725345114379,0.003540396224707365,0.0017509105964563791,1.8427453442525023e-06,3.4583956676215166e-06,2.8432503540898326e-06,6.089057192834194e-05,0.00022464414360001683,0.00013674627989530564,3.328484379900536e-05,7.101174560375512e-05,5.92065593082225e-05,0.00018886790063074192,0.0007562044193036854,0.00030001253762748095,0.00010791198967906115,0.0003972693521063775,0.00015523993788519875,0.00022458723274929696,0.0007821985041497707,0.00039243035486909633,neutral,Is it still worth it to buy Ricoh Gr 3 right now?
sony_a7_iv_mirrorless_camera_with_28_70mm_lens,1rssp4k,8,28,0.3004017286002636,0.0,0.03746906075559433,0.033860081163637666,0.03351800887195207,0.3970969612044947,0.4580349379352161,0.41862962607826504,0.4191715866327286,0.675378143787384,0.2852824330329895,0.300027459859848,0.5073042511940002,0.5122780799865723,2,6,0.25,0.22306675533764064,0.9002560512685369,0.2701683070530393,1.0,0.42857142857142855,0.625,0.375,0.25,0.125,0.25,18.37755084335233,16.0,0.9867141392403936,5.0,2.375,1.0,1.9090909090909092,0.00046064916386967525,0.0005933704087510705,0.0005562066042330116,1.5766799492666905e-06,2.100444362440612e-06,1.9956461756009956e-06,3.869952342938632e-05,7.786977221257985e-05,5.904188255954068e-05,2.1535580799536547e-05,2.7446760213933885e-05,2.71496437562746e-05,0.00010758753614936722,0.00013355557166505605,0.00013258644321467727,7.964877704580431e-05,9.125081123784184e-05,9.015640098368748e-05,0.00011828287687383938,0.0001453649829841197,0.00014254035237968308,neutral,"Need to buy a Lens, Sony A7 IV, $800 max budget"
canon_eos_rebel_t7_dslr_camera_with_18_55mm_lens,ecixq2,4,6,0.3040362298488617,0.0,0.06425337629927659,0.03587506092954502,0.02541039104352458,0.4427046130100886,0.5229260673125585,0.476998637119929,0.44700342416763306,0.6644634008407593,0.2429075837135315,0.20369786024093628,0.2429075986146927,0.5899178981781006,1,3,0.25,0.2839027219451964,1.0397207708399179,0.3120218965147642,1.0,1.0,0.5,1.0,0.0,0.0,0.0,32.797675222491,31.75,0.38928991362007126,2.0,1.25,1.0,1.0,0.0005590191576629877,0.0008755410672165453,0.00077456520521082,2.2122958966974693e-06,4.008999894722365e-06,3.3222299066437704e-06,4.208748578093946e-05,6.304158887360245e-05,5.68264786124928e-05,2.0894553927064408e-05,2.3937223886605352e-05,2.2817131502961273e-05,0.00011113201071566436,0.00013965937250759453,0.00013045148079982027,0.00018165374240197707,0.0004919135826639831,0.0003694460712722503,0.0001528332077308884,0.0002657280322940399,0.0002259891901322438,gratitude,Buying first camera
canon_eos_r5_mirrorless_camera,f348rq,180,16110,0.31892867708528366,0.19594594594594594,0.04889499420128484,0.037220902867388175,0.033096569429648566,0.48037622316349077,0.4820755580311825,0.47714059909702755,0.4829428493976593,0.7800041437149048,0.1715700626373291,0.15484681725502014,0.7878211736679077,0.3735988438129425,27,153,0.15,0.15959570684159796,2.2756383707055483,0.6829227809267618,0.8722222222222222,0.7988826815642458,0.3888888888888889,0.2,0.12222222222222222,0.15555555555555556,0.5222222222222223,33.78107211639876,30.25,0.9891968408901541,9.0,2.9611111111111112,1.6179775280898876,4.186895011169025,0.07020506791595835,0.9602778553962708,0.082126347720623,0.0003209135233008611,0.016483265906572342,1.5642220932932045e-05,0.04623987361921738,0.9551606774330139,0.0014061013003811174,0.00027609917286907954,0.0260654054582119,0.00036078813427593544,0.022878532342939354,0.8016988635063171,0.009031140152364968,0.00047925466864803134,0.028785808011889458,0.0006242001312784825,0.023399956873822163,0.34904257881377515,0.01976146130297514,neutral,Canon Officially Announces EOS R5
ricoh_gr_iv_hdf_digital_camera,1rkt0xc,16,120,0.3053085029125214,0.06666666666666667,0.05314529658606689,0.031188518989729838,0.02408565487045999,0.49954114370048047,0.48023367635905745,0.4815169903139273,0.4856456369161606,0.6913372874259949,0.35460010170936584,0.3679828643798828,0.7004474401473999,0.6326006650924683,0,16,0.0,0.045829172362573445,1.6674619334292948,0.5004080416845788,0.8125,0.8666666666666667,0.375,0.4375,0.0625,0.25,0.25,47.31807265728392,67.25,0.775706109135802,3.0,1.375,1.25,1.2857142857142858,0.05301703082477616,0.838415265083313,0.001350150560028851,0.00015763451796857453,0.002496893983334303,2.8980874731132644e-06,0.05509429103119601,0.8808807730674744,7.996972999535501e-05,5.630872954043298e-05,0.00028495609876699746,0.00014490265311906114,0.005223146016305691,0.0814792588353157,0.00023119073739508167,0.00016814811215226655,0.0014204536564648151,0.0001246411629836075,0.01895275987198986,0.3008296001207782,0.00031573445522781185,admiration,"Newborn coming. Looking for a camera to capture everything, and am stuck between three options: Ricoh GR IIIx, Fujifilm X100VI, Sony RX100 VII"
sony_rx100_vii_digital_camera_with_basic_bundle,1rkt0xc,16,120,0.3053085029125214,0.06666666666666667,0.05314529658606689,0.031188518989729838,0.02408565487045999,0.49954070523381233,0.48023362904787065,0.4815168268978596,0.4856456071138382,0.6913405060768127,0.35460013151168823,0.3679829239845276,0.7004474401473999,0.6326006650924683,0,16,0.0,0.045829172944650054,1.6674619334292948,0.5004080416845788,0.8125,0.8666666666666667,0.375,0.4375,0.0625,0.25,0.25,47.31807265728392,67.25,0.775706109135802,3.0,1.375,1.25,1.2857142857142858,0.05301703082477616,0.838415265083313,0.001350150560028851,0.00015763451796857453,0.002496893983334303,2.8980874731132644e-06,0.05509429103119601,0.8808807730674744,7.996972999535501e-05,5.630872954043298e-05,0.00028495609876699746,0.00014490265311906114,0.005223146016305691,0.0814792588353157,0.00023119073739508167,0.00016814811215226655,0.0014204536564648151,0.0001246411629836075,0.01895275987198986,0.3008296001207782,0.00031573445522781185,admiration,"Newborn coming. Looking for a camera to capture everything, and am stuck between three options: Ricoh GR IIIx, Fujifilm X100VI, Sony RX100 VII"
canon_eos_r5_mirrorless_camera,1pxmulm,196,19110,0.32314127653073044,0.15897435897435896,0.051673283021420394,0.03709610003652823,0.03197881484869936,0.49796243097334864,0.5046567163780558,0.49680912526005666,0.5045405626296997,0.8002805709838867,0.2929409146308899,0.29160410165786743,0.8333218693733215,0.5356450080871582,21,175,0.10714285714285714,0.146704788286505,2.3516588833721426,0.705736660577443,0.7091836734693877,0.9025641025641026,0.22448979591836735,0.3469387755102041,0.12755102040816327,0.05612244897959184,0.46938775510204084,38.81512309289214,43.75,0.9440084534317978,7.0,1.4081632653061225,1.75,2.814070351758794,0.036861718074556404,0.8663845658302307,0.017415952868759632,4.821360223721578e-05,0.0029865792021155357,9.44579551287461e-06,0.01771530566584632,0.7497801780700684,0.0005686153017450124,0.0016778640996869157,0.21487578749656677,0.00018766862922348082,0.011726107118991013,0.5852441191673279,0.003422543639317155,0.00029866069120061537,0.004119339399039745,0.000662789330817759,0.011387978208753088,0.28542584608658217,0.00410339193162675,neutral,Are you a good photographer?
sony_a7_iv_mirrorless_camera_with_28_70mm_lens,1dhstxp,3,3,0.3009691337744395,0.0,0.04271768755550811,0.034402551025353605,0.0311968012965777,0.4885888695716858,0.47719935576121014,0.48228097955385846,0.4518970847129822,0.5506545305252075,0.34371933341026306,0.4175885021686554,0.34371933341026306,0.4228949546813965,0,3,0.0,0.02993276963631312,-0.0,0.0,1.0,0.0,1.0,0.0,0.0,0.6666666666666666,0.3333333333333333,8.055363982396381,9.0,0.24166091947189142,2.0,1.3333333333333333,1.0,1.0,0.005643871486730252,0.01588304527103901,0.01282113252673298,5.413959987284518e-06,1.1912427908100653e-05,1.0075262889586156e-05,0.00012381098592110598,0.0002604549808893353,0.00022377436835085973,0.0026229513872143193,0.007818866521120071,0.006260684922381188,0.00024058132597322887,0.0005278717144392431,0.0004423156889970415,0.0002858432296003836,0.0007045821403153241,0.0005790678987978027,0.0014870787292377624,0.0042011221759518476,0.003389298080992376,neutral,Sony a7 IV Mirrorless to Canon…?
sony_a7_iv_mirrorless_camera_with_basic_bundle,1dhstxp,3,3,0.3009691337744395,0.0,0.04271768755550811,0.034402551025353605,0.0311968012965777,0.4885888695716858,0.47719935576121014,0.48228097955385846,0.4518970847129822,0.5506545305252075,0.34371933341026306,0.4175885021686554,0.34371933341026306,0.4228949546813965,0,3,0.0,0.02993276963631312,-0.0,0.0,1.0,0.0,1.0,0.0,0.0,0.6666666666666666,0.3333333333333333,8.055363982396381,9.0,0.24166091947189142,2.0,1.3333333333333333,1.0,1.0,0.005643871486730252,0.01588304527103901,0.01282113252673298,5.413959987284518e-06,1.1912427908100653e-05,1.0075262889586156e-05,0.00012381098592110598,0.0002604549808893353,0.00022377436835085973,0.0026229513872143193,0.007818866521120071,0.006260684922381188,0.00024058132597322887,0.0005278717144392431,0.0004423156889970415,0.0002858432296003836,0.0007045821403153241,0.0005790678987978027,0.0014870787292377624,0.0042011221759518476,0.003389298080992376,neutral,Sony a7 IV Mirrorless to Canon…?
hasselblad_x2d_ii_100c_medium_format_mirrorless_camera,1ouax78,17,136,0.3276757247307721,0.058823529411764705,0.04533783574466823,0.0313029279179571,0.025221195544893042,0.479997674770215,0.4691141527146101,0.4697955943205777,0.483381062746048,0.6141709089279175,0.2575616240501404,0.2687831521034241,0.5441185832023621,0.43310973048210144,2,15,0.11764705882352941,0.11517466659493306,1.2816340498925647,0.38462046551433837,0.7647058823529411,0.625,0.6470588235294118,0.23529411764705882,0.0,0.11764705882352941,0.6470588235294118,35.44633840856337,49.0,0.7430181910549659,6.0,2.4705882352941178,1.1,2.7142857142857144,0.0425524199672509,0.703780472278595,0.004263714887201786,5.1106380778144416e-05,0.000835054786875844,4.857158728555078e-06,0.03368128172823002,0.5710859298706055,0.0003763310844078661,8.070326144019525e-05,0.0008130178903229535,7.219314720714466e-05,0.00706135875396499,0.11572982370853424,0.0009177657077088955,0.0001984946378369761,0.0016161190578714013,0.000237645985907875,0.013937560788250203,0.23231006959880082,0.0009770458923412664,neutral,Hasselblad X2D II 100C
canon_eos_rebel_t7_dslr_camera_with_18_55mm_lens,1rlrsau,3,3,0.3216594010591507,0.0,0.0605275134487356,0.06391046353486081,0.06964004882706885,0.4590284029642741,0.5452577869097391,0.49747992555300397,0.5046289563179016,0.5074024796485901,0.15906088054180145,0.18417324125766754,0.15906088054180145,0.22929851710796356,0,3,0.0,0.10788336644570033,1.0986122886681096,0.32969533691986563,1.0,1.0,0.3333333333333333,0.0,0.3333333333333333,0.0,0.6666666666666666,8.339997335464536,9.5,0.8070965163352777,2.0,1.3333333333333333,1.0,1.0,0.0007678345524861167,0.0014086919836699963,0.001226180396042764,1.633807945230122e-06,2.1983369151712395e-06,2.055308277704171e-06,3.771973448844316e-05,5.80521700612735e-05,5.290254775900394e-05,5.235884236753918e-05,0.0001108229553210549,9.403311269124971e-05,0.00013737127786347023,0.00020439988293219358,0.00018490673537598922,9.135232054783653e-05,0.00012494706606958061,0.0001153421515482478,0.00018137842261643932,0.00031818539916154503,0.0002790788722374297,neutral,Can someone help me with my Canon EOS Rebel?
canon_eos_rebel_t7_dslr_with_18_55mm_and_75_300mm_lenses,1bax8bc,4,6,0.3080190196633339,0.25,0.04395578361575522,0.03374265034374561,0.029987375390376974,0.5400934964418411,0.42045144240061444,0.47024522225062054,0.46676674485206604,0.5804499983787537,0.28901270031929016,0.3204084038734436,0.28901270031929016,0.3954266905784607,0,4,0.0,0.0411649807356298,1.0397207708399179,0.3120218965147642,1.0,1.0,0.5,0.25,0.0,0.25,0.5,15.610493265749165,13.25,0.6182373570593729,3.0,1.75,1.0,1.3333333333333333,0.0019207400109735318,0.006319380830973387,0.004585146135650576,5.368809326000701e-06,1.6968891941360198e-05,1.2346917662853231e-05,0.00021621689029416302,0.0007673220243304968,0.0005470834050356645,7.093278054526309e-05,0.0002153459208784625,0.00015784863207954917,0.00014316588021756615,0.00024733776808716357,0.0002108890490490012,0.00014795223978580907,0.000358867779141292,0.000278754629107425,0.00041739610185705567,0.001320870535892027,0.0009653415044056148,neutral,Help me choose?
ricoh_gr_iiix_hdf_digital_camera,21dgq1,22,231,0.3088694342545101,0.09523809523809523,0.05798061979340768,0.04082634881013858,0.03443649367174233,0.49050259499838855,0.5234069019169002,0.5023205894412417,0.5109547972679138,0.6558854579925537,0.22157375514507294,0.21842065453529358,0.6021401286125183,0.44949305057525635,5,17,0.22727272727272727,0.24073972121219744,1.286933939716667,0.3862109710814242,0.9090909090909091,0.6666666666666666,0.36363636363636365,0.4090909090909091,0.09090909090909091,0.045454545454545456,0.45454545454545453,19.665225002022357,35.0,0.6390471935664577,4.0,1.4090909090909092,1.0,1.4444444444444444,0.005513964427254078,0.07098138332366943,0.0035919502377510047,4.272469259996631e-06,3.185245077474974e-05,5.621520404019975e-06,0.0002378838163084848,0.0030109344515949488,0.00023304300120798865,0.001130310641945636,0.02349773608148098,0.00023752120177960006,0.0016696903433264445,0.03340105339884758,0.00042223640484735355,0.00018124827097794466,0.0014716567238792777,0.00034357825497863785,0.0014562283281787643,0.018234288273561106,0.0007871341369612607,neutral,Any Love for Ricoh GR here?
ricoh_gr_iv_digital_camera,21dgq1,22,231,0.30886944844609215,0.09523809523809523,0.05798061979340768,0.04082634881013858,0.03443649367174233,0.49050259461134543,0.5234069003687276,0.5023205878930691,0.5109547972679138,0.6558854579925537,0.22157375514507294,0.21842065453529358,0.6021402478218079,0.4494931101799011,5,17,0.22727272727272727,0.24073972231285137,1.286933939716667,0.3862109710814242,0.9090909090909091,0.6666666666666666,0.36363636363636365,0.4090909090909091,0.09090909090909091,0.045454545454545456,0.45454545454545453,19.665225002022357,35.0,0.6390471935664577,4.0,1.4090909090909092,1.0,1.4444444444444444,0.005513964427254078,0.07098138332366943,0.0035919502377510047,4.272469259996631e-06,3.185245077474974e-05,5.621520404019975e-06,0.0002378838163084848,0.0030109344515949488,0.00023304300120798865,0.001130310641945636,0.02349773608148098,0.00023752120177960006,0.0016696903433264445,0.03340105339884758,0.00042223640484735355,0.00018124827097794466,0.0014716567238792777,0.00034357825497863785,0.0014562283281787643,0.018234288273561106,0.0007871341369612607,neutral,Any Love for Ricoh GR here?
ricoh_gr_iv_hdf_digital_camera,21dgq1,22,231,0.30886944986525033,0.09523809523809523,0.05798061979340768,0.04082634881013858,0.03443649367174233,0.4905026202207004,0.5234069932590831,0.5023206494329295,0.510954737663269,0.6558857560157776,0.22157374024391174,0.21842065453529358,0.6021402478218079,0.4494931101799011,5,17,0.22727272727272727,0.24073972121219744,1.286933939716667,0.3862109710814242,0.9090909090909091,0.6666666666666666,0.36363636363636365,0.4090909090909091,0.09090909090909091,0.045454545454545456,0.45454545454545453,19.665225002022357,35.0,0.6390471935664577,4.0,1.4090909090909092,1.0,1.4444444444444444,0.005513964414025064,0.07098138332366943,0.0035919502377510047,4.272469337510384e-06,3.185245077474974e-05,5.621520404019975e-06,0.0002378838163084848,0.0030109344515949488,0.00023304300120798865,0.001130310638969108,0.02349773608148098,0.00023752120177960006,0.0016696903433264445,0.03340105339884758,0.00042223640484735355,0.00018124826436343773,0.0014716567238792777,0.00034357825497863785,0.0014562283243883417,0.018234288273561106,0.0007871341369612607,neutral,Any Love for Ricoh GR here?
ricoh_gr_iv_monochrome_digital_camera,21dgq1,22,231,0.30886943567366826,0.09523809523809523,0.05798061979340768,0.04082634881013858,0.03443649367174233,0.49050261254434463,0.5234069584251998,0.502320625952312,0.510954737663269,0.6558855772018433,0.22157375514507294,0.21842065453529358,0.6021402478218079,0.4494931101799011,5,17,0.22727272727272727,0.24073972121219744,1.286933939716667,0.3862109710814242,0.9090909090909091,0.6666666666666666,0.36363636363636365,0.4090909090909091,0.09090909090909091,0.045454545454545456,0.45454545454545453,19.665225002022357,35.0,0.6390471935664577,4.0,1.4090909090909092,1.0,1.4444444444444444,0.005513964414025064,0.07098138332366943,0.0035919502377510047,4.272469337510384e-06,3.185245077474974e-05,5.621520404019975e-06,0.0002378838163084848,0.0030109344515949488,0.00023304300120798865,0.001130310638969108,0.02349773608148098,0.00023752120177960006,0.0016696903433264445,0.03340105339884758,0.00042223640484735355,0.00018124826436343773,0.0014716567238792777,0.00034357825497863785,0.0014562283243883417,0.018234288273561106,0.0007871341369612607,neutral,Any Love for Ricoh GR here?
sony_a7_iv_mirrorless_camera,1e6uzqb,18,153,0.3124668747186661,0.0625,0.06538717385433197,0.05126572465372685,0.046033011751407824,0.504834400867325,0.5217010951509663,0.5086682851797615,0.5075812935829163,0.7235126495361328,0.32882651686668396,0.3325974643230438,0.6002305150032043,0.5332046151161194,2,16,0.1111111111111111,0.11094970473398764,0.9608919796672832,0.28836524791113755,1.0,0.47058823529411764,0.7222222222222222,0.0,0.0,0.2777777777777778,0.7222222222222222,17.997599291208637,17.0,0.7676701119472878,3.0,1.3888888888888888,1.0,1.2857142857142858,0.043604983130030125,0.4340744614601135,0.09740643370896596,1.7576269158325886e-05,0.00014844926772639155,3.978777494921819e-05,0.0003486975558391552,0.0014938752865418792,0.0011414903099648656,0.031251988864015506,0.344503790140152,0.06588567427825197,0.000691208017896214,0.004200608003884554,0.0016801477991975856,0.0009821248622756684,0.007534842938184738,0.0023153262678533813,0.012816096449869165,0.13199267118276717,0.027703254467057133,neutral,Can I add a color profile to Sony A7 IV?
sony_a7r_v_mirrorless_camera,1nyxack,4,6,0.3108653351664543,0.0,0.03781516478497211,0.031597612894572226,0.02918607402312004,0.5603609482447306,0.4846830765406291,0.5154104083776474,0.5143929272890091,0.5841055512428284,0.19461333751678467,0.10309465229511261,0.19461333751678467,0.4667791724205017,0,4,0.0,0.03019880410283804,0.5623351446188083,0.16875769266311968,1.5,0.6666666666666666,0.75,0.0,0.0,1.0,0.0,52.5190441649503,38.0,1.1542647069219847,2.0,1.25,1.0,1.0,0.0005282225756673142,0.0007631664047949016,0.0006832257669884712,1.422902329295539e-06,1.6669615661157877e-06,1.6125786828524724e-06,3.141634761050227e-05,3.694869883474894e-05,3.512584335112479e-05,2.381092508585425e-05,2.7953516109846532e-05,2.738133553066291e-05,0.0001244721806870075,0.00017579134146217257,0.00015733838299638594,8.46682560222689e-05,0.00010383529297541827,0.00010120251754415221,0.00013233553123370712,0.00018303570760735965,0.00016629876625415821,neutral,Help me choose a camera!
ricoh_gr_iiix_hdf_digital_camera,1nrtkqu,17,136,0.31825291759827556,0.11764705882352941,0.051098899161314416,0.039582181429590385,0.035404981878845346,0.4782707877457142,0.502642305677428,0.48632902652025223,0.4840215593576431,0.6389243006706238,0.2697773575782776,0.26807069778442383,0.5931564569473267,0.4742531180381775,0,17,0.0,0.05583651626811308,1.28487876782417,0.3855942106496376,0.8823529411764706,0.6875,0.5882352941176471,0.11764705882352941,0.11764705882352941,0.17647058823529413,0.5882352941176471,19.656214844341736,24.0,0.7140078041748066,4.0,1.5294117647058822,1.2,1.5,0.05803768159924349,0.9023360013961792,0.03257725574076177,0.00034096764382491744,0.005715873558074236,2.278156080137707e-05,0.05398632239816566,0.9092581868171692,0.00325131143908948,8.626339727283373e-05,0.000650624861009419,0.00017817139741964643,0.005649744541562327,0.08139316737651825,0.006010907515883446,0.0003293851250953808,0.0024001169949769974,0.0008512894040904943,0.01973839411752744,0.31695899516732123,0.007147285706590389,neutral,What cameras are similar to the Ricoh GR with a viewfinder?
ricoh_gr_iv_hdf_digital_camera,1nrtkqu,17,136,0.31825291759827556,0.11764705882352941,0.051098899161314416,0.039582181429590385,0.035404981878845346,0.47827088153537584,0.5026422031223774,0.4863290517207454,0.4840215742588043,0.6389238834381104,0.2697773575782776,0.26807069778442383,0.5931564569473267,0.4742531180381775,0,17,0.0,0.05583651703508461,1.28487876782417,0.3855942106496376,0.8823529411764706,0.6875,0.5882352941176471,0.11764705882352941,0.11764705882352941,0.17647058823529413,0.5882352941176471,19.656214844341736,24.0,0.7140078041748066,4.0,1.5294117647058822,1.2,1.5,0.05803768159924349,0.9023360013961792,0.03257725574076177,0.00034096764382491744,0.005715873558074236,2.278156080137707e-05,0.05398632239816566,0.9092581868171692,0.00325131143908948,8.626339727283373e-05,0.000650624861009419,0.00017817139741964643,0.005649744541562327,0.08139316737651825,0.006010907515883446,0.0003293851250953808,0.0024001169949769974,0.0008512894040904943,0.01973839411752744,0.31695899516732123,0.007147285706590389,neutral,What cameras are similar to the Ricoh GR with a viewfinder?
ricoh_gr_iv_monochrome_digital_camera,1nrtkqu,17,136,0.3182529000674977,0.11764705882352941,0.051098899161314416,0.039582181429590385,0.035404981878845346,0.4782706814653733,0.5026424318990287,0.48632901819313273,0.4840215593576431,0.6389238834381104,0.2697772979736328,0.26807069778442383,0.5931564569473267,0.4742531180381775,0,17,0.0,0.05583651758292142,1.28487876782417,0.3855942106496376,0.8823529411764706,0.6875,0.5882352941176471,0.11764705882352941,0.11764705882352941,0.17647058823529413,0.5882352941176471,19.656214844341736,24.0,0.7140078041748066,4.0,1.5294117647058822,1.2,1.5,0.05803768159924349,0.9023360013961792,0.03257725574076177,0.00034096764382491744,0.005715873558074236,2.278156080137707e-05,0.05398632239816566,0.9092581868171692,0.00325131143908948,8.626339727283373e-05,0.000650624861009419,0.00017817139741964643,0.005649744541562327,0.08139316737651825,0.006010907515883446,0.0003293851250953808,0.0024001169949769974,0.0008512894040904943,0.01973839411752744,0.31695899516732123,0.007147285706590389,neutral,What cameras are similar to the Ricoh GR with a viewfinder?
sony_a7_iv_mirrorless_camera_with_basic_bundle,1lo8t4l,7,21,0.30300179549625944,0.0,0.05588110697535838,0.028465918409224883,0.019721119905330823,0.5136482233092898,0.5189832491534097,0.515073455515362,0.5142428874969482,0.5779245495796204,0.25815337896347046,0.2657315135002136,0.4135994017124176,0.47984763979911804,0,7,0.0,0.03685156083000558,1.7478680974667573,0.5245380624536926,0.5714285714285714,1.0,0.2857142857142857,0.7142857142857143,0.0,0.0,0.2857142857142857,42.994541656411435,49.5,0.4807696351355911,3.0,1.8571428571428572,1.0,1.3333333333333333,0.029649890880266736,0.20497871935367584,0.08237173641100534,3.138787568397155e-06,1.3951232176623307e-05,6.412720563275802e-06,0.0007648879777012293,0.0051741329953074455,0.002090543190570317,2.47891873316673e-05,5.867826985195279e-05,4.043812332383824e-05,0.019820398486834683,0.13806991279125214,0.0553201729577268,9.921887301191288e-05,0.0002919255930464715,0.0001645885407924653,0.008393720698785773,0.05809788670588508,0.023332314825275587,approval,Book/art scanning on copy stand- equipment
canon_eos_r5_mirrorless_camera,1lrzagh,138,9453,0.3233473079607767,0.17647058823529413,0.043132834055732476,0.027412121017970956,0.02214000044432537,0.49476683688525686,0.48888104873763866,0.4872374511024857,0.4910892844200134,0.8378420472145081,0.2268047332763672,0.19900797307491302,0.8012343645095825,0.48818302154541016,40,98,0.2898550724637681,0.29572522146897257,2.6203734800028724,0.7863783486281567,0.717391304347826,0.8832116788321168,0.2391304347826087,0.42028985507246375,0.07246376811594203,0.057971014492753624,0.4492753623188406,74.81900726373685,79.5,1.0393620900337917,8.0,2.3115942028985508,1.4363636363636363,3.2020460358056266,0.1161684102992075,0.9871736764907837,0.49461066424846634,0.00045726762378232405,0.036444664001464844,0.0002759674040134996,0.06966734573450305,0.9440965056419373,0.25597272962331763,0.0048624080553159674,0.4036155343055725,0.0013242929941043248,0.033627034636795186,0.6968727111816406,0.1254082292318344,0.000587691931339551,0.010981937870383263,0.0014277825830504298,0.03756169304682394,0.40437188278883696,0.14938257397285873,neutral,"Camera stolen in Ecuador, life feels meaningless."
sony_a7_iv_mirrorless_camera,9ders2,26,325,0.3139751599385188,0.15384615384615385,0.052384462093017406,0.033923912660378946,0.02736542680570041,0.5187909655387585,0.5131908977948703,0.5080949831925906,0.5067477226257324,0.8822692632675171,0.36959847807884216,0.39486145973205566,0.7417556047439575,0.652099072933197,1,25,0.038461538461538464,0.09479262665487252,1.4090398854869763,0.4228551642566772,0.8846153846153846,0.6,0.5769230769230769,0.38461538461538464,0.038461538461538464,0.11538461538461539,0.46153846153846156,55.056399270127685,47.0,0.9152598344138874,7.0,2.9615384615384617,1.1333333333333333,2.4464285714285716,0.03101496340465159,0.7650359272956848,0.002143691584933549,4.1946179980921166e-05,0.0010070796124637127,4.960373416906805e-06,0.021837156905908508,0.5628451108932495,0.0003317225055070594,0.0002738451696411805,0.006114898715168238,7.112647290341556e-05,0.0067856697071245154,0.17219488322734833,0.0003706497373059392,0.00021779093003715388,0.003100333269685507,0.00013224801659816876,0.010028562049557313,0.2507434803167901,0.00048993007902709,neutral,Sony mirrorless choice ( help )
canon_eos_rebel_t7_dslr_camera_with_18_55mm_lens,12jtccm,3,3,0.2842884659767151,0.0,0.03926593261502404,0.021124498679877608,0.01555387691657459,0.47984832525253296,0.49373288949330646,0.48239540060361225,0.4343967139720917,0.5929300785064697,0.27891218662261963,0.05838713049888611,0.27891218662261963,0.603644847869873,0,3,0.0,0.02103598105410735,1.0986122886681096,0.32969533691986563,0.6666666666666666,1.0,0.3333333333333333,0.0,0.6666666666666666,0.3333333333333333,0.0,36.72419729097788,42.5,0.4270255498950916,1.0,1.0,0.0,0.0,0.0013791505092134078,0.002864660695195198,0.002420416660606861,3.33285591599027e-06,4.8407696340291295e-06,4.41069719272491e-06,0.00015898321726126596,0.0003372312639839947,0.0002845328403054737,3.838536940747872e-05,4.426654413691722e-05,4.2959556594723836e-05,0.00021295993307527775,0.00041937752394005656,0.0003583148529287428,0.00011337826678451772,0.00015980172611307353,0.0001470290299039334,0.0003176983586096564,0.0006383630871672116,0.0005422452857677248,admiration,Good camera for photography and a bit of video recording under 400$?
canon_eos_rebel_t7_dslr_camera_with_18_55mm_lens,1jxpivg,10,45,0.30581400692462923,0.0,0.07751406363881942,0.06074933193718282,0.05236291237985684,0.55785204966863,0.5389476398626963,0.5447283771302965,0.5400792956352234,0.6895697116851807,0.3343742787837982,0.3069647550582886,0.5723122954368591,0.5243627429008484,0,10,0.0,0.036429044976830485,1.1935496040981333,0.3581861798858731,0.9,0.8888888888888888,0.4,0.2,0.2,0.3,0.3,16.40396293582743,24.75,0.716330259206438,7.0,3.4,1.0,2.5,0.0954623253637692,0.9509127736091614,0.09551732690597385,0.0008000823519068945,0.007987703196704388,0.0008003281633932574,0.09346971823088097,0.9344335198402405,0.0934733016274546,9.666470341471723e-05,0.0007866023224778473,0.00010037824758910546,0.024107998705585488,0.24016466736793518,0.024120142477477118,0.00044881011854158714,0.003762656357139349,0.00045839881131541784,0.03573093324568315,0.3563413204489431,0.035742291681678154,curiosity,Is this camera any good?
canon_eos_rebel_t7_dslr_with_18_55mm_and_75_300mm_lenses,1jxpivg,10,45,0.30581400692462923,0.0,0.07751406363881942,0.06074933193718282,0.05236291237985684,0.5578518867492676,0.5389474352200826,0.5447281963295407,0.5400792956352234,0.6895697116851807,0.3343742787837982,0.3069647550582886,0.5723122954368591,0.5243627429008484,0,10,0.0,0.036429044976830485,1.1935496040981333,0.3581861798858731,0.9,0.8888888888888888,0.4,0.2,0.2,0.3,0.3,16.40396293582743,24.75,0.716330259206438,7.0,3.4,1.0,2.5,0.0954623253637692,0.9509127736091614,0.09551732690597385,0.0008000823519068945,0.007987703196704388,0.0008003281633932574,0.09346971823088097,0.9344335198402405,0.0934733016274546,9.666470341471723e-05,0.0007866023224778473,0.00010037824758910546,0.024107998705585488,0.24016466736793518,0.024120142477477118,0.00044881011854158714,0.003762656357139349,0.00045839881131541784,0.03573093324568315,0.3563413204489431,0.035742291681678154,curiosity,Is this camera any good?
sony_a7_iv_mirrorless_camera_with_28_70mm_lens,1sjp2r0,19,171,0.30399331764171,0.0,0.04950071321370364,0.0324769416589619,0.026203813905976266,0.48248289063660027,0.5131345338988722,0.4927478211316449,0.5043763518333435,0.6516357064247131,0.28024721145629883,0.3116959035396576,0.6765615344047546,0.5560441017150879,2,17,0.10526315789473684,0.10875670660875346,1.9826232826520047,0.5949884758267014,0.7368421052631579,0.8333333333333334,0.2631578947368421,0.42105263157894735,0.10526315789473684,0.10526315789473684,0.3684210526315789,41.52768325411729,66.0,0.8043078306098151,3.0,1.4736842105263157,1.0,1.3333333333333333,0.04258170262236442,0.7976385354995728,0.0013615626376122236,1.6315697800899598e-05,0.0002768586273305118,3.6163274671707756e-06,0.005611565151794869,0.10569240897893906,0.000110445643076673,4.3557037650699436e-05,0.00023595464881509542,8.246411453001197e-05,0.017551687327795662,0.33085304498672485,0.0003462132008280605,0.00018219308128065772,0.0018525964114814997,0.00013990286388434466,0.010997836819781202,0.2060915665254773,0.00035990251543201646,neutral,Cop or drop?
ricoh_gr_iv_digital_camera,1bvrh7d,4,6,0.2971298396587372,0.0,0.08732192194542905,0.050784473566719814,0.030487845270142783,0.4871636281410853,0.5352623164653778,0.5097127159436544,0.5072341859340668,0.5232462286949158,0.5828999876976013,0.5860321521759033,0.5828999876976013,0.6780610084533691,0,4,0.0,0.0916211660951376,1.0397207708399179,0.3120218965147642,0.75,0.6666666666666666,0.5,0.5,0.0,0.0,0.5,93.71332616015718,68.25,0.6237159810992159,3.0,1.75,1.0,1.3333333333333333,0.002197182533564046,0.0063831014558672905,0.004778448783326895,5.87576272437218e-06,1.7370644854963757e-05,1.3135234598848913e-05,0.0009639919680921594,0.0036883801221847534,0.002608232263446553,5.0199370434711454e-05,8.416827040491626e-05,8.04737108410336e-05,0.00023040015003061853,0.00044158511445857584,0.00038039411738282074,0.00011390041981940158,0.00019616488134488463,0.00016868656675796955,0.0005935917007775514,0.0017997425484281848,0.0013316358834913448,neutral,Modifying a digital camera to create a normal camera with an 'aerochrome' mode
sony_a7_iii_mirrorless_camera,1sd1zsd,2,1,0.30097387731075287,0.0,0.03412784412735021,0.031215321661949173,0.03029516261560511,0.4233517646789551,0.5323315262794495,0.47162798047065735,0.47162798047065735,0.47162798047065735,0.3843333125114441,0.3843333125114441,0.3843333125114441,0.3843333125114441,0,2,0.0,0.05381440743803978,0.6931471805599453,0.20801459767650946,1.0,1.0,0.5,0.5,0.5,0.0,0.0,5.5,5.5,0.3333333333333333,2.0,1.5,1.0,1.0,0.0004010250704595819,0.00042365348781459033,0.0004191278043435887,1.6297103684337344e-06,1.683920686446072e-06,1.6730786228436047e-06,3.1285019758797716e-05,3.398544868105091e-05,3.344536289660027e-05,2.5084236767725088e-05,2.8584212486748584e-05,2.7884217342943887e-05,9.519959348835982e-05,9.874180977931246e-05,9.803336652112194e-05,7.184737842180766e-05,7.229596667457372e-05,7.220624902402051e-05,0.00010434516821078432,0.00010890592794036517,0.000107993775994449,admiration,What's a good starter Full frame mirrorless camera?
ricoh_gr_iiix_hdf_digital_camera,173v7n0,1,0,0.2954521179199219,0.0,0.0,0.0,0.0,0.0,0.0,0.0,0.0,0.0,0.0,0.0,0.0,0.0,0,1,0.0,0.022458385676145554,-0.0,0.0,1.0,0.0,1.0,0.0,0.0,1.0,0.0,0.0,0.0,0.0,1.0,1.0,0.0,0.0,0.00048784477985464036,0.00048784477985464036,0.00048784477985464036,1.8605821878736606e-06,1.8605821878736606e-06,1.8605821878736606e-06,4.310869917389937e-05,4.310869917389937e-05,4.310869917389937e-05,2.1776335415779613e-05,2.1776335415779613e-05,2.1776335415779613e-05,9.103717457037419e-05,9.103717457037419e-05,9.103717457037419e-05,7.812846160959452e-05,7.812846160959452e-05,7.812846160959452e-05,0.00012062600546869362,0.00012062600546869362,0.00012062600546869362,neutral,Beginner Photographer needs help!
leica_d_lux_8_digital_camera,1pv5g8m,7,21,0.33031779527664185,0.2857142857142857,0.07697802396788611,0.05559967686131632,0.04648221937860376,0.5267162252040136,0.5483204566297077,0.5366507257734027,0.5393975973129272,0.6122511625289917,0.4067944586277008,0.3562244474887848,0.49647778272628784,0.5413902997970581,1,6,0.14285714285714285,0.11377173635576453,1.7478680974667573,0.5245380624536926,1.0,1.0,0.2857142857142857,0.14285714285714285,0.0,0.0,0.8571428571428571,14.179605935631495,17.5,0.45322941346767337,4.0,2.2857142857142856,1.0,1.5555555555555556,0.13330078615607427,0.9223531484603882,0.37338036280125414,0.0002541330895512926,0.0017539337277412415,0.0007096705154253874,0.1067161662270207,0.7456446290016174,0.2988878234988081,7.585001938943086e-05,0.000313557538902387,0.00016441183106508114,0.06541961275485976,0.45650172233581543,0.18310356900328786,0.0005951683311390557,0.0023160811979323626,0.0017551775090396409,0.05106028609633908,0.3548138453770662,0.1430001691931467,neutral,Best Camera Shutter Button Actions? And Does Anyone Modify Them? (Better Two Stage Feel)
sony_a7r_v_mirrorless_camera,1p90eqa,3,3,0.2960962653160095,0.0,0.13353472907930783,0.06482405828373337,0.035055549531562015,0.5181022882461548,0.5401817957560221,0.5288549661636353,0.5282134413719177,0.5362985134124756,0.7783222794532776,0.7800838351249695,0.7783222794532776,0.824435293674469,0,3,0.0,0.028728046764930088,1.0986122886681096,0.32969533691986563,0.0,1.0,0.3333333333333333,1.0,0.0,0.0,0.0,29.87752778706208,33.5,0.18329771648504342,3.0,2.0,1.0,1.3333333333333333,0.0017710381750172626,0.004286365583539009,0.0035434761201031508,4.450744275648806e-06,9.903262252919376e-06,8.294580425172171e-06,0.00018123927535877252,0.00046460036537609994,0.0003807302935456392,0.0002471182160661556,0.0006786520825698972,0.0005503565465915018,0.00018846408299092823,0.00032762959017418325,0.00028678809176199135,0.00017985787417273968,0.0003756866790354252,0.0003171592950820923,0.00042869472798025125,0.0010238062604912557,0.0008478008212515913,admiration,Returning to photography after 5 years: need help choosing between Fuji and Sony upgrades
sony_a7r_v_mirrorless_camera,1ltu7de,2,1,0.29390595853328705,0.0,0.03191682601348676,0.02127096680159238,0.017439741906152415,0.5405591726303101,0.49338483810424805,0.5158958435058594,0.5158958435058594,0.5158958435058594,0.5272424221038818,0.5272424221038818,0.5272424221038818,0.5272424221038818,0,2,0.0,0.020178083330392838,0.6931471805599453,0.20801459767650946,1.0,1.0,0.5,0.5,0.0,0.0,0.5,23.5,23.5,0.42342342342342343,1.0,1.0,0.0,0.0,0.00043213604658376426,0.0004681653808802366,0.0004609595140209422,1.547140300317551e-06,1.5924381386867026e-06,1.5833785710128722e-06,3.471177660685498e-05,3.510139504214749e-05,3.5023471355088986e-05,2.2367157725966536e-05,2.429266351100523e-05,2.3907562353997492e-05,0.0001051428698701784,0.0001143234403571114,0.00011248732625972478,6.760502583347261e-05,7.041926437523216e-05,6.985641666688026e-05,0.00011058500282009238,0.00011883745829284938,0.00011718696719829797,admiration,Looking for a camera with great stabilization
sony_rx100_vii_digital_camera_with_basic_bundle,1903gbc,8,28,0.3231746554374695,0.125,0.08154371706039562,0.07219030176557246,0.06834391489577638,0.5078978144696781,0.4934258759021759,0.49860124928610666,0.4922632873058319,0.6708362102508545,0.21029677987098694,0.1728232502937317,0.3742525279521942,0.4316060245037079,0,8,0.0,0.11249432456679642,1.2130075659799042,0.3640255459338915,1.0,0.8571428571428571,0.5,0.25,0.125,0.5,0.125,12.579124572083703,8.25,0.8750695354493011,2.0,1.375,1.5,1.25,0.028928573439770844,0.22722826898097992,0.06896131259854879,1.0138022688011006e-05,6.852642400190234e-05,2.2523843836097498e-05,0.00017920821755978977,0.001088674645870924,0.00041268275817856175,0.02147883836755682,0.1716189980506897,0.051520357145636776,0.00041957290795835434,0.0025516306050121784,0.0008770574509981084,0.00043120486679981695,0.002892101649194956,0.0009401230498042419,0.008574589303722272,0.0675747000592916,0.020451769198219446,neutral,I pretty much I want a Sony rx100 VII with Fuji colours/ picture style
sony_a7_iv_mirrorless_camera_with_28_70mm_lens,1k34k97,15,105,0.31653844912846885,0.2,0.04300973041360964,0.032172641254460274,0.028167106769875105,0.5010595750241053,0.4829912307716551,0.4863317202954065,0.48411259055137634,0.6136568784713745,0.24440599977970123,0.23707513511180878,0.5411232709884644,0.4497758448123932,1,14,0.06666666666666667,0.12542150753239792,1.297295830625819,0.3893205914176044,1.0,0.7142857142857143,0.6,0.06666666666666667,0.13333333333333333,0.06666666666666667,0.7333333333333333,26.090781684129144,39.0,0.730152472503614,4.0,1.4666666666666666,1.0,1.5714285714285714,0.029591550319067513,0.3932834267616272,0.021926671639084815,1.7172573188872774e-05,0.00019161154341418296,2.2564967002836054e-05,0.0004918355407426134,0.004106380511075258,0.0014007089892402289,0.016688706765004706,0.24941079318523407,0.00027259886846877637,0.0006479636101479021,0.004806322976946831,0.0019234753330238156,0.0006462698875111528,0.005079349968582392,0.001996410335414111,0.008013916449277125,0.10947964749114665,0.004588324996499674,neutral,Which lens can I use to take photos like this? I have a Sony Alpha 7III with a 50mm and a 28-70mm lens. I just got the camera and I'm a beginner.
sony_a7_iv_mirrorless_camera_with_28_70mm_lens,1o420i7,15,105,0.30074855089187624,0.06666666666666667,0.061095754107871,0.044097727651197044,0.037236844426532925,0.506613089924767,0.49740618297031947,0.4967730964933123,0.5030668377876282,0.6665676236152649,0.3368072509765625,0.33507874608039856,0.6363080739974976,0.5664776563644409,0,15,0.0,0.0677151778091987,1.1710598699903711,0.35143697405559243,1.0666666666666667,0.8571428571428571,0.4666666666666667,0.4,0.06666666666666667,0.3333333333333333,0.2,19.651858832068672,27.0,0.6839394025081904,6.0,2.2,1.0,2.111111111111111,0.05384863409756993,0.7015916705131531,0.054210340976715066,3.930278224591651e-05,0.0005026918952353299,3.073151092394255e-05,0.0003996410125788922,0.003691548015922308,0.0008848777739331125,0.04224751060185857,0.577423632144928,0.030495389923453322,0.0006875266364659183,0.007563032675534487,0.000822768814396113,0.0012178720979136414,0.014985115267336369,0.00126499799080193,0.016406747871438813,0.21762628175201826,0.0146040316902751,neutral,Macro photography focus
sony_a9_ii_mirrorless_camera,1e3kmaf,184,16836,0.3219062470825466,0.16568047337278108,0.049974353671154874,0.04256710739241283,0.040619410576163,0.4703501195439493,0.4744560727997853,0.4674576843008275,0.4743104726076126,1.0000001192092896,0.1327076256275177,0.10221099853515625,0.8557745218276978,0.33010250329971313,39,145,0.21195652173913043,0.24099825886989254,1.6112383727735575,0.4835352595717003,0.9239130434782609,0.6120218579234973,0.5978260869565217,0.1793478260869565,0.11956521739130435,0.2717391304347826,0.42934782608695654,46.00494619530483,24.0,1.4703682647101075,9.0,3.6684782608695654,1.8314606741573034,4.756592292089249,0.059799076282259826,0.9949636459350586,0.10713915899395894,0.0011188703673342536,0.15592026710510254,2.2512393479701103e-05,0.01892125471028086,0.9826419353485107,0.0009099742281250636,0.012186959977676135,0.8964704275131226,0.007696638349443664,0.02577576341655399,0.9676443934440613,0.007113830372691134,0.001193192312138822,0.05009997636079788,0.0011186218820512274,0.01983251951104065,0.5187771305015,0.0334423922110695,neutral,Photo showing apparent bullet that hit Trump (Sony Camera)
ricoh_gr_iiix_hdf_digital_camera,pkkwz0,21,210,0.3273642834495096,0.17647058823529413,0.05828871158277718,0.042467864774813624,0.03648859028083823,0.49714665100688027,0.5142420618307023,0.5026916572025844,0.5072861909866333,0.6169134974479675,0.18472939729690552,0.14921462535858154,0.5681033730506897,0.4058648645877838,3,18,0.14285714285714285,0.16738913979913508,1.7727846757412598,0.5320155681705289,0.7619047619047619,0.7,0.42857142857142855,0.38095238095238093,0.14285714285714285,0.0,0.47619047619047616,16.631391240758383,16.0,0.5606086935087096,6.0,2.0,1.1111111111111112,2.0,0.0629813057423148,0.9247894883155823,0.09054933488368988,0.00027765908301565406,0.005631169769912958,1.782319668564014e-05,0.043029174291794856,0.8969736695289612,0.0015855318633839488,0.008043157948122825,0.1577511578798294,0.0008398406789638102,0.00954696963093565,0.12429910898208618,0.00217396579682827,0.00033258756524273415,0.002637589117512107,0.0004829903191421181,0.020701809043571086,0.3258618110655031,0.02684939585412849,neutral,New Ricoh GR IIIx
sony_a7_iv_mirrorless_camera_with_basic_bundle,1gzqdnc,66,2145,0.3096410754274149,0.09836065573770492,0.045157327112741195,0.036791833800030746,0.03415187538843178,0.4822906034740257,0.46253444137689953,0.4660720145507848,0.4685198962688446,0.8943563103675842,0.16741733253002167,0.13604260981082916,0.6981483697891235,0.41931578516960144,7,59,0.10606060606060606,0.13579515288725044,1.7452975647602604,0.5237666414023593,0.8333333333333334,0.6461538461538462,0.5454545454545454,0.21212121212121213,0.12121212121212122,0.15151515151515152,0.5151515151515151,36.381072208769325,38.75,0.9885346915515749,8.0,2.712121212121212,1.4827586206896552,3.388679245283019,0.04482261041773723,0.6978142857551575,0.07723395712673664,2.4303825868669676e-05,0.0008722495404072106,5.990138333800132e-06,0.020233457940142245,0.6848839521408081,0.000601576641201973,5.4644733857210007e-05,0.00047961753443814814,0.00013496472092811018,0.020857689086727933,0.5043086409568787,0.010744741302914917,0.0002739857595632643,0.00683914078399539,0.0003591602580854669,0.014377781960649432,0.24200824293560194,0.01957311262458461,neutral,Why Do People Pair Expensive Lenses with Average Cameras?
sony_a9_ii_mirrorless_camera,l67cwv,5,10,0.29651106595993043,0.0,0.12751917797921375,0.11803062441149362,0.11506581609621966,0.47167776226997377,0.5843516647815704,0.512345626950264,0.4728899300098419,1.0,0.30996060371398926,0.07476210594177246,0.30996057391166687,0.7241023778915405,0,5,0.0,0.06701783277094364,1.0549201679861442,0.3165832603505712,0.8,0.75,0.4,0.4,0.2,0.0,0.4,42.448085940357785,37.0,1.1289384558605793,2.0,1.6,1.5,1.25,0.0006216481619048863,0.0011110694613307714,0.000904846377670765,1.7632505432629842e-06,3.028886112588225e-06,2.4336204660357907e-06,5.1083139624097385e-05,0.00011296313459752128,8.393859461648391e-05,2.3563126887893304e-05,3.748228482436389e-05,3.142296918667853e-05,0.00012508880317909643,0.00015334963973145932,0.00014479867822956294,8.480068645440042e-05,0.00014062954869586974,0.0001148955401731655,0.0001513245280989395,0.00025975382588209567,0.00021372263005711527,confusion,Will Sony drop other prices after release of a1?
canon_eos_r5_mirrorless_camera,1d8e0mw,3,3,0.28215306997299194,0.0,0.06086933731532351,0.029224933912425227,0.02039918075422154,0.5145386358102163,0.5521125594774882,0.5323144396146139,0.5210638046264648,0.573582649230957,0.5034499168395996,0.5012437701225281,0.5034499168395996,0.5684131383895874,0,3,0.0,0.02995272104938825,1.0986122886681096,0.32969533691986563,1.0,1.0,0.3333333333333333,0.6666666666666666,0.0,0.3333333333333333,0.0,39.617616732402716,48.5,0.49316535351538654,3.0,2.0,1.0,1.3333333333333333,0.000662687971877555,0.001021685660816729,0.0009144386684056372,2.327976327857565e-06,3.4164454518759158e-06,3.091936150667607e-06,6.630184604243065e-05,0.00010726217442424968,9.62212790909689e-05,2.680791537083375e-05,3.866829501930624e-05,3.516192300594412e-05,0.00011528607865329832,0.00013243540888652205,0.00012793887726729735,9.395132898741092e-05,0.00012997814337722957,0.00012038651475450024,0.0001612271862098977,0.0002389076879959854,0.00021562210285613523,approval,Seeking Advice on a Second Camera for Marine Life Photography (Canon vs. Sony
ricoh_gr_iiix_hdf_digital_camera,4a8v0p,68,2278,0.3092826439274682,0.05555555555555555,0.04452580109119338,0.03225380478510144,0.0281047623961748,0.504560003438155,0.4969951842990855,0.49458923617981315,0.4966658800840378,0.7512050867080688,0.31100699305534363,0.3128703534603119,0.7990343570709229,0.5575562119483948,3,65,0.04411764705882353,0.12733432387604432,1.9993313602811362,0.6000025971323151,0.8676470588235294,0.746268656716418,0.3382352941176471,0.4264705882352941,0.17647058823529413,0.22058823529411764,0.17647058823529413,57.08066592240606,43.75,1.096464769130964,10.0,2.264705882352941,1.1724137931034482,3.4645669291338583,0.011934643942153985,0.38625290989875793,0.005813919706270095,1.2448025402403908e-05,0.0005042508710175753,7.83530986154801e-06,0.008004927055962445,0.5112968683242798,0.0003297616756753985,0.002189510028101187,0.12311683595180511,0.00015888588677626092,0.0011706193064823951,0.03287491202354431,0.0005762229324318468,0.00023388404647181125,0.005388552788645029,0.0003536999196512619,0.003924338734095705,0.15202753795892932,0.0015845824413342276,neutral,"Suggestions for a small, every-day-carry camera?"
ricoh_gr_iv_digital_camera,4a8v0p,68,2278,0.3092826439274682,0.05555555555555555,0.04452580109119338,0.03225380478510144,0.0281047623961748,0.5045600044324379,0.49699518524103775,0.4945892369909387,0.4966658800840378,0.7512050867080688,0.31100699305534363,0.3128703832626343,0.7990343570709229,0.55755615234375,3,65,0.04411764705882353,0.1273343242595301,1.9993313602811362,0.6000025971323151,0.8676470588235294,0.746268656716418,0.3382352941176471,0.4264705882352941,0.17647058823529413,0.22058823529411764,0.17647058823529413,57.08066592240606,43.75,1.096464769130964,10.0,2.264705882352941,1.1724137931034482,3.4645669291338583,0.011934645701651736,0.3862530291080475,0.005813919706270095,1.2448035674344069e-05,0.0005042515695095062,7.83530986154801e-06,0.008004929685097629,0.5112970471382141,0.0003297616756753985,0.002189510027780189,0.12311683595180511,0.00015888588677626092,0.0011706193902629072,0.03287491202354431,0.0005762229324318468,0.0002338840430478312,0.005388552788645029,0.0003536999196512619,0.003924339480585772,0.1520275886383994,0.0015845824413342276,neutral,"Suggestions for a small, every-day-carry camera?"
ricoh_gr_iv_hdf_digital_camera,4a8v0p,68,2278,0.3092826439274682,0.05555555555555555,0.04452580109119338,0.03225380478510144,0.0281047623961748,0.5045600510917807,0.49699519343078924,0.49458927087505417,0.4966658353805542,0.7512051463127136,0.31100699305534363,0.3128703832626343,0.7990343570709229,0.55755615234375,3,65,0.04411764705882353,0.1273343236569096,1.9993313602811362,0.6000025971323151,0.8676470588235294,0.746268656716418,0.3382352941176471,0.4264705882352941,0.17647058823529413,0.22058823529411764,0.17647058823529413,57.08066592240606,43.75,1.096464769130964,10.0,2.264705882352941,1.1724137931034482,3.4645669291338583,0.01193464393445003,0.38625290989875793,0.005813919706270095,1.2448025402403908e-05,0.0005042508710175753,7.83530986154801e-06,0.00800492705526695,0.5112968683242798,0.0003297616756753985,0.002189510027780189,0.12311683595180511,0.00015888588677626092,0.001170619308408384,0.03287491202354431,0.0005762229324318468,0.00023388404433182373,0.005388552788645029,0.0003536999196512619,0.00392433873260663,0.15202753795892932,0.0015845824413342276,neutral,"Suggestions for a small, every-day-carry camera?"
ricoh_gr_iv_monochrome_digital_camera,4a8v0p,68,2278,0.3092826439274682,0.05555555555555555,0.04452580109119338,0.03225380478510144,0.0281047623961748,0.5045600590591267,0.49699519240379963,0.4945892739887296,0.4966658353805542,0.7512052059173584,0.31100699305534363,0.3128703534603119,0.7990343570709229,0.55755615234375,3,65,0.04411764705882353,0.12733432387604432,1.9993313602811362,0.6000025971323151,0.8676470588235294,0.746268656716418,0.3382352941176471,0.4264705882352941,0.17647058823529413,0.22058823529411764,0.17647058823529413,57.08066592240606,43.75,1.096464769130964,10.0,2.264705882352941,1.1724137931034482,3.4645669291338583,0.011934645701651736,0.3862530291080475,0.005813919706270095,1.2448035674344069e-05,0.0005042515695095062,7.83530986154801e-06,0.008004929685097629,0.5112970471382141,0.0003297616756753985,0.002189510027780189,0.12311683595180511,0.00015888588677626092,0.0011706193902629072,0.03287491202354431,0.0005762229324318468,0.0002338840430478312,0.005388552788645029,0.0003536999196512619,0.003924339480585772,0.1520275886383994,0.0015845824413342276,neutral,"Suggestions for a small, every-day-carry camera?"
sony_a7_iv_mirrorless_camera,4mj3fp,18,153,0.29475382529199123,0.0,0.04554300899102197,0.03268293728318328,0.028812268488670592,0.486698623381409,0.4962856323500864,0.48573413588642295,0.5060790777206421,0.8904085159301758,0.3382570743560791,0.32904931902885437,0.6978735327720642,0.579646110534668,0,18,0.0,0.07933120056986809,1.637726762436956,0.49148446844603966,0.7777777777777778,0.5882352941176471,0.5,0.3888888888888889,0.1111111111111111,0.2222222222222222,0.2777777777777778,50.38717380396143,54.5,0.9379205051409574,4.0,1.8333333333333333,1.125,2.4583333333333335,0.014182462588198379,0.24295906722545624,0.0018700894666835687,1.5867864823980603e-05,0.0002399193763267249,6.650170826105759e-06,0.018123763266986417,0.3244795799255371,0.0003666585325845524,3.925949800355334e-05,0.00018472326337359846,7.690576894674453e-05,0.0009258142062107152,0.01465198677033186,0.0002407918014796451,0.0001257976922109568,0.0006046912167221308,0.00016928099721553747,0.005568827519405666,0.09718666129629128,0.00044715727146543385,neutral,Sony A7 series autofocus
leica_d_lux_8_digital_camera,1rj6935,2,1,0.28281770646572113,0.0,0.14213948451848923,0.048824813764502234,0.028675414559674928,0.5304897427558899,0.5502526164054871,0.5401905179023743,0.5401905179023743,0.5401905179023743,0.8081845045089722,0.8081845045089722,0.8081845045089722,0.8081845045089722,0,2,0.0,0.018147511407732964,-0.0,0.0,1.0,0.0,1.0,0.0,1.0,0.0,0.0,25.5,25.5,0.2350230414746544,1.0,1.0,0.0,0.0,0.0004296736005926505,0.0004543104732874781,0.00044938309874851254,1.3703384524887952e-06,1.4207909089236637e-06,1.41070041763669e-06,3.3420602449041326e-05,3.691080564749427e-05,3.6212765007803685e-05,1.7767507415555883e-05,1.8079230358125642e-05,1.8016885769611692e-05,0.00011156932669109665,0.00011568678019102663,0.00011486328949104062,7.021370402071625e-05,7.15408896212466e-05,7.127545250114053e-05,0.0001106691799369249,0.00011622092068819256,0.00011511057253793904,neutral,Used Fujifilm X100VI or New Leica D Lux 8
nikon_d850_dslr_camera,1jzi3g,55,1485,0.3167392060441791,0.1509433962264151,0.05029599871633658,0.03722838580095832,0.03253294175384382,0.5201230871155608,0.4973145751037983,0.5056444298940074,0.5092925429344177,0.755677342414856,0.2971454858779907,0.2901226580142975,0.769524872303009,0.5026061534881592,12,43,0.21818181818181817,0.2129707835953344,1.749612785213209,0.5250616460876275,0.8,0.7407407407407407,0.5272727272727272,0.18181818181818182,0.2,0.12727272727272726,0.4909090909090909,28.98489774901166,27.0,0.801896064484729,10.0,3.4363636363636365,1.4333333333333333,5.232323232323233,0.07140964338958095,0.9324936866760254,0.11399810910224914,0.0001486314922493131,0.004206560086458921,4.373856645543129e-05,0.044759757721311126,0.8630890846252441,0.015108271315693877,0.001583008574280856,0.07975903153419495,0.0002678614459000528,0.025846927321452478,0.4325098991394043,0.008308898843824866,0.0003570344885123301,0.003777460427954793,0.0007629332598298793,0.02401750049789784,0.3408790691367661,0.034546750514952394,neutral,Nikon cuts full-year profit target as mirrorless cameras lose their shine
sony_a7_iii_mirrorless_camera,cvatjs,8,28,0.30430418252944946,0.0,0.04544545313236619,0.02427899155282894,0.017032334689868794,0.5252169360007558,0.5268974623509816,0.5210100635886192,0.5226225554943085,0.6143236756324768,0.5268292427062988,0.5114951133728027,0.6451579332351685,0.6695400476455688,0,8,0.0,0.06318732327781618,1.2130075659799042,0.3640255459338915,0.625,0.8571428571428571,0.5,0.625,0.0,0.125,0.25,112.07691276529702,120.5,0.8939335016175236,3.0,1.5,1.0,1.25,0.010507788636459736,0.06943067163228989,0.025306499795988188,7.793339875661331e-06,3.271811510785483e-05,1.7054356248991095e-05,0.0001926376908159,0.0007833786075934768,0.00043790185591205947,0.006064511394015426,0.04238681122660637,0.015225046803243452,0.0002924719319707947,0.001066297059878707,0.0005596700153546407,0.0002869786476367153,0.00133605080191046,0.0005740177264669907,0.002892030273462372,0.01917265457389779,0.0070144781998957685,neutral,Nikon Z6 vs Sony A7 III for hybrid use
sony_a7_iv_mirrorless_camera,1l5dpmb,59,1711,0.3103748484183166,0.1016949152542373,0.0529977637236403,0.03757581306183443,0.03186118323409417,0.517798125743866,0.5146319447449952,0.5113057545895189,0.5164217948913574,0.8640408515930176,0.23739971220493317,0.20795464515686035,0.7512422204017639,0.49485769867897034,10,49,0.1694915254237288,0.21567232057578484,2.054894590626736,0.6166772130437732,0.8813559322033898,0.9137931034482759,0.3728813559322034,0.4745762711864407,0.0847457627118644,0.0847457627118644,0.3559322033898305,39.78783144592331,40.0,0.9326507967061881,4.0,1.5593220338983051,1.173913043478261,1.5869565217391304,0.005849169663417989,0.19826506078243256,0.0038827675394713943,4.9581883539588995e-06,8.547396282665431e-05,7.1841371209302475e-06,0.0003522827581160157,0.011672170832753181,0.0002236351952888082,0.002591385733297611,0.12597398459911346,0.000168628786923364,0.0005294546548827646,0.013033995404839516,0.0004243545001372697,0.00017807948448935967,0.002785505261272192,0.00027900536078959707,0.00158422174709295,0.055168025423578605,0.0009052396118022462,neutral,Does anyone ride a motorcycle with their mirrorless camera?
sony_a7r_v_mirrorless_camera,1l5dpmb,59,1711,0.3103748484183166,0.1016949152542373,0.0529977637236403,0.03757581306183443,0.03186118323409417,0.5177981227131213,0.5146319399376071,0.5113057503917634,0.5164216756820679,0.8640408515930176,0.23739971220493317,0.20795464515686035,0.7512422204017639,0.49485769867897034,10,49,0.1694915254237288,0.21567231830272635,2.054894590626736,0.6166772130437732,0.8813559322033898,0.9137931034482759,0.3728813559322034,0.4745762711864407,0.0847457627118644,0.0847457627118644,0.3559322033898305,39.78783144592331,40.0,0.9326507967061881,4.0,1.5593220338983051,1.173913043478261,1.5869565217391304,0.005849169663417989,0.19826506078243256,0.0038827675394713943,4.9581883539588995e-06,8.547396282665431e-05,7.1841371209302475e-06,0.0003522827581160157,0.011672170832753181,0.0002236351952888082,0.002591385733297611,0.12597398459911346,0.000168628786923364,0.0005294546548827646,0.013033995404839516,0.0004243545001372697,0.00017807948448935967,0.002785505261272192,0.00027900536078959707,0.00158422174709295,0.055168025423578605,0.0009052396118022462,neutral,Does anyone ride a motorcycle with their mirrorless camera?
leica_d_lux_8_digital_camera,1qc57yi,32,496,0.32160007022321224,0.125,0.045803889846711854,0.0319062358493954,0.027435464765263807,0.48421245296635934,0.4694961922904176,0.4726410809784166,0.48604196310043335,0.6172499060630798,0.27188000082969666,0.26099950075149536,0.7883195281028748,0.6247119903564453,0,32,0.0,0.038375664997147396,1.767040445579959,0.5302917153446413,0.71875,0.7419354838709677,0.4375,0.34375,0.03125,0.03125,0.59375,54.81886899998485,56.25,1.0300668279503906,5.0,2.21875,1.1176470588235294,2.021276595744681,0.018390799345979758,0.3168773651123047,0.019632564950734357,1.1132930438861877e-05,0.00021031798678450286,1.2597217119036937e-05,0.0034326617508781965,0.09923174232244492,0.0017147953039966504,0.0006553592226055116,0.014981672167778015,0.0005372144165448844,0.005136086221000369,0.14469248056411743,0.002823116077342999,0.00021973965863253397,0.0010316534899175167,0.00046474330592900505,0.004640963188255871,0.08028427036272963,0.004194821147560406,neutral,Are Fuji cameras better than Leicas?
ricoh_gr_iiix_hdf_digital_camera,2nmeg8,17,136,0.326729916036129,0.3125,0.05230680398400247,0.033580414840441886,0.026303968192899922,0.5167721547186375,0.48082979045370045,0.49497422510210204,0.49641361832618713,0.6575610637664795,0.336127907037735,0.32843613624572754,0.6876750588417053,0.5528859496116638,0,17,0.0,0.03972874258590095,2.180839527058621,0.6544734935683628,0.9411764705882353,0.9375,0.23529411764705882,0.17647058823529413,0.11764705882352941,0.11764705882352941,0.5882352941176471,71.2698949338038,108.0,0.9487769881555712,4.0,2.0588235294117645,1.5714285714285714,1.9285714285714286,0.07205372485880028,0.6858698725700378,0.24528271555900577,1.6993759733368814e-05,0.00021944641775917262,1.3083979683869988e-05,0.004711271769124056,0.07602580636739731,0.001390187162905932,0.00019967184251821462,0.0018256640760228038,0.0003397053515072913,0.053518981763130906,0.597370982170105,0.12943202555179606,0.0004589440076789983,0.005445748567581177,0.0003337719070259482,0.02182659800016431,0.21412964508893614,0.07082998163429391,neutral,On finding gear that gets out of the way
ricoh_gr_iv_hdf_digital_camera,2nmeg8,17,136,0.326729916036129,0.3125,0.05230680398400247,0.033580414840441886,0.026303968192899922,0.5167721549377722,0.48082978870062265,0.4949742246638326,0.49641358852386475,0.6575611233711243,0.336127907037735,0.32843607664108276,0.6876750588417053,0.5528859496116638,0,17,0.0,0.03972874258590095,2.180839527058621,0.6544734935683628,0.9411764705882353,0.9375,0.23529411764705882,0.17647058823529413,0.11764705882352941,0.11764705882352941,0.5882352941176471,71.2698949338038,108.0,0.9487769881555712,4.0,2.0588235294117645,1.5714285714285714,1.9285714285714286,0.07205372485880028,0.6858698725700378,0.24528271555900577,1.6993759733368814e-05,0.00021944641775917262,1.3083979683869988e-05,0.004711271769124056,0.07602580636739731,0.001390187162905932,0.00019967184251821462,0.0018256640760228038,0.0003397053515072913,0.053518981763130906,0.597370982170105,0.12943202555179606,0.0004589440076789983,0.005445748567581177,0.0003337719070259482,0.02182659800016431,0.21412964508893614,0.07082998163429391,neutral,On finding gear that gets out of the way
ricoh_gr_iv_monochrome_digital_camera,2nmeg8,17,136,0.326729916036129,0.3125,0.05230680398400247,0.033580414840441886,0.026303968192899922,0.5167721558143111,0.4808297880432185,0.4949742246638326,0.49641358852386475,0.6575611233711243,0.3361279368400574,0.32843613624572754,0.6876751184463501,0.5528859496116638,0,17,0.0,0.0397287430241704,2.180839527058621,0.6544734935683628,0.9411764705882353,0.9375,0.23529411764705882,0.17647058823529413,0.11764705882352941,0.11764705882352941,0.5882352941176471,71.2698949338038,108.0,0.9487769881555712,4.0,2.0588235294117645,1.5714285714285714,1.9285714285714286,0.07205372485880028,0.6858698725700378,0.24528271555900577,1.6993759733368814e-05,0.00021944641775917262,1.3083979683869988e-05,0.004711271769124056,0.07602580636739731,0.001390187162905932,0.00019967184251821462,0.0018256640760228038,0.0003397053515072913,0.053518981763130906,0.597370982170105,0.12943202555179606,0.0004589440076789983,0.005445748567581177,0.0003337719070259482,0.02182659800016431,0.21412964508893614,0.07082998163429391,neutral,On finding gear that gets out of the way
ricoh_gr_iiix_hdf_digital_camera,1l5nl2f,38,703,0.30767583219628586,0.05263157894736842,0.0492401635618917,0.03663521192765813,0.03234132617576089,0.4860168001051478,0.5126705887392269,0.49513452003046254,0.5013459920883179,0.6881864666938782,0.2928834855556488,0.27872005105018616,0.7804203629493713,0.5485758185386658,2,36,0.05263157894736842,0.09275885048861567,1.4765717090869765,0.44312157449463985,0.8421052631578947,0.5945945945945946,0.5789473684210527,0.18421052631578946,0.05263157894736842,0.3157894736842105,0.4473684210526316,37.32704343696608,43.0,0.9374934901551295,9.0,3.0526315789473686,1.368421052631579,3.7423312883435584,0.006905132088209747,0.11154457181692123,0.018704300746321664,4.038182064385565e-06,3.0297205739771016e-05,7.786848300384003e-06,0.00022880961803725528,0.001875140005722642,0.0007025474274996654,0.0006137661605527299,0.01855115219950676,0.00016108850104501468,0.0030882521932653617,0.08654208481311798,0.0014024720992892952,0.00016419017993030138,0.0006352811469696462,0.0004167317150859161,0.0018340314036766308,0.033231831266978894,0.003933029170472459,neutral,Canon g7x mark iii or Ricoh gr iiix?
ricoh_gr_iv_digital_camera,1l5nl2f,38,703,0.30767583219628586,0.05263157894736842,0.0492401635618917,0.03663521192765813,0.03234132617576089,0.48601680141933273,0.5126705914947759,0.4951345225740463,0.5013459920883179,0.688186526298523,0.2928834855556488,0.27872005105018616,0.7804203629493713,0.5485758185386658,2,36,0.05263157894736842,0.09275885063566659,1.4765717090869765,0.44312157449463985,0.8421052631578947,0.5945945945945946,0.5789473684210527,0.18421052631578946,0.05263157894736842,0.3157894736842105,0.4473684210526316,37.32704343696608,43.0,0.9374934901551295,9.0,3.0526315789473686,1.368421052631579,3.7423312883435584,0.006905132114250017,0.11154457181692123,0.018704300746321664,4.038182127212502e-06,3.0297205739771016e-05,7.786848300384003e-06,0.00022880962291980578,0.001875140005722642,0.0007025474274996654,0.000613766161222884,0.01855115219950676,0.00016108850104501468,0.0030882521942227244,0.08654208481311798,0.0014024720992892952,0.00016419017571790487,0.0006352811469696462,0.0004167317150859161,0.0018340314084100918,0.033231831266978894,0.003933029170472459,neutral,Canon g7x mark iii or Ricoh gr iiix?
sony_a9_ii_mirrorless_camera,66mm2g,37,666,0.3113051678453173,0.11428571428571428,0.05082259321124333,0.03808729638553095,0.03335344442454504,0.5114461374175441,0.5150804254296306,0.5086494430049404,0.5081277787685394,0.7335158586502075,0.1919218897819519,0.1768587827682495,0.6081417798995972,0.3817136883735657,5,32,0.13513513513513514,0.22002326334650452,1.8289785976276,0.5488794556404446,1.054054054054054,0.8055555555555556,0.43243243243243246,0.3783783783783784,0.05405405405405406,0.24324324324324326,0.32432432432432434,51.21191595724268,26.0,1.2598676133098268,5.0,2.108108108108108,1.3888888888888888,2.085714285714286,0.03682726065272692,0.933463990688324,0.0070566876791417574,0.000199376688663727,0.00699640391394496,8.638298641017171e-06,0.024305393051346637,0.893388569355011,0.00035948215518146734,0.0016196612308999033,0.056739743798971176,9.408835612703114e-05,0.0029436230234332963,0.08954824507236481,0.000993122498039156,0.005373952867238266,0.18518005311489105,0.0010834911023266597,0.011878211252384792,0.32147622587702546,0.0017530169359209432,neutral,I mounted an antique pre WWI Zeiss lens on a modern Sony camera.
ricoh_gr_iv_digital_camera,4t4dur,95,4465,0.3243263240190262,0.14893617021276595,0.043363630191970724,0.030525710560795234,0.026087484078310727,0.503251774564035,0.5165277402752058,0.5025178398824353,0.5048774480819702,0.819242000579834,0.1706211268901825,0.1477443277835846,0.7138882875442505,0.3802590072154999,17,78,0.17894736842105263,0.21077404686887014,2.063389203528467,0.6192264602090632,1.0315789473684212,0.776595744680851,0.2631578947368421,0.6947368421052632,0.06315789473684211,0.06315789473684211,0.17894736842105263,66.33412444950183,56.0,1.1303572776148294,8.0,2.136842105263158,1.1090909090909091,1.943089430894309,0.010177841896228002,0.17837758362293243,0.006329375505447384,8.395802921624731e-06,0.00019144077668897808,1.0353470315749278e-05,0.0023055969636947052,0.19089946150779724,0.0004305870679672802,0.0018073919360559606,0.10398834198713303,0.0002350932074477896,0.0027516624244622347,0.14149872958660126,0.0009055868373252442,0.0002843956604345677,0.0038240128196775913,0.0004958042292855678,0.002889214113966182,0.06455331850641717,0.0016348486028922096,gratitude,"About a month ago, I had an assignment in the Gobi desert that covered a week-long 250km ultramarathon. Here are some of my experiences..."
ricoh_gr_iv_digital_camera,1s4nr5l,19,171,0.317585090273305,0.05263157894736842,0.05428395054643607,0.04189842513784843,0.037109164716583314,0.5045914674362941,0.4804899589708674,0.48642076246919685,0.5030298233032227,0.6505590081214905,0.19537164270877838,0.14791235327720642,0.5902212858200073,0.4520900249481201,1,18,0.05263157894736842,0.15063243202472987,1.9826232826520047,0.5949884758267014,1.0526315789473684,1.0,0.2631578947368421,0.5263157894736842,0.15789473684210525,0.05263157894736842,0.2631578947368421,26.718808671834626,32.0,0.8906269557278209,7.0,2.473684210526316,1.0,2.2857142857142856,0.0005334687777672355,0.0009949682280421257,0.0008299952838569878,1.6591103710532862e-06,3.65325672646577e-06,1.9882500509993404e-06,3.8901034043335946e-05,9.492702520219609e-05,5.68175564694684e-05,2.6739807014420973e-05,6.109804235165939e-05,4.301960434531792e-05,0.0001156464300277692,0.00023202442389447242,0.0001355387910734862,8.027141034529593e-05,0.00011901937978109345,9.776597871677949e-05,0.00013278109492818516,0.00023342461963693495,0.00019275502928242834,neutral,Please tell me whether to buy the Sony RX100 VII or the Ricoh GR IIIX
sony_rx100_vii_digital_camera_with_basic_bundle,1s4nr5l,19,171,0.317585090273305,0.05263157894736842,0.05428395054643607,0.04189842513784843,0.037109164716583314,0.5045914693534026,0.4804899584480196,0.4864207629920446,0.5030298233032227,0.6505590081214905,0.195371612906456,0.14791230857372284,0.5902213454246521,0.45208996534347534,1,18,0.05263157894736842,0.15063243202472987,1.9826232826520047,0.5949884758267014,1.0526315789473684,1.0,0.2631578947368421,0.5263157894736842,0.15789473684210525,0.05263157894736842,0.2631578947368421,26.718808671834626,32.0,0.8906269557278209,7.0,2.473684210526316,1.0,2.2857142857142856,0.0005334687777672355,0.0009949682280421257,0.0008299952838569878,1.6591103710532862e-06,3.65325672646577e-06,1.9882500509993404e-06,3.8901034043335946e-05,9.492702520219609e-05,5.68175564694684e-05,2.6739807014420973e-05,6.109804235165939e-05,4.301960434531792e-05,0.0001156464300277692,0.00023202442389447242,0.0001355387910734862,8.027141034529593e-05,0.00011901937978109345,9.776597871677949e-05,0.00013278109492818516,0.00023342461963693495,0.00019275502928242834,neutral,Please tell me whether to buy the Sony RX100 VII or the Ricoh GR IIIX
sony_a9_ii_mirrorless_camera,1hql8vv,14,91,0.3174196758440563,0.14285714285714285,0.041790559494397125,0.025533526418270714,0.01981821873620405,0.4873225482610556,0.4916874592775827,0.48377475142478943,0.4892543852329254,0.6014179587364197,0.3166779577732086,0.3533819019794464,0.622094988822937,0.579502284526825,1,13,0.07142857142857142,0.11945009597444109,2.007556307437838,0.6024709171683712,0.8571428571428571,0.9230769230769231,0.2857142857142857,0.5714285714285714,0.07142857142857142,0.14285714285714285,0.21428571428571427,53.781872372746264,84.25,0.7651892410756581,5.0,2.357142857142857,1.0,1.7894736842105263,0.01436738959039628,0.19380506873130798,0.0010056630708277225,1.2525303264153211e-05,0.0001519310026196763,2.24781006181729e-06,0.004740360707598613,0.06576856970787048,7.153822225518525e-05,3.783952057087195e-05,0.00021663821826223284,3.3349016666761594e-05,0.0009946843503192732,0.012451599352061749,0.00016021561459638177,0.00011717720423933185,0.0005957658286206424,9.545451903250068e-05,0.003378329446064754,0.04549826214012379,0.0002253617747063193,approval,Planning to switch to Sony
leica_d_lux_8_digital_camera,1ege40m,5,10,0.29324265122413634,0.0,0.05356843984022712,0.045332815813571806,0.043052722182478693,0.5298828393220901,0.41653965413570404,0.4572179913520813,0.4359659105539322,0.5808573961257935,0.45308977365493774,0.4430139660835266,0.45308980345726013,0.6532036066055298,0,5,0.0,0.0414572149515152,0.5004024235381879,0.15017158220936364,0.8,0.25,0.8,0.2,0.0,0.6,0.2,32.98120676991671,5.0,1.2125443665410556,3.0,2.0,1.5,1.5,0.0010338533204048872,0.0035032620653510094,0.0023157835239544515,2.6956103965858348e-06,7.836756594770122e-06,5.296116160025122e-06,7.339780204347335e-05,0.00023861676163505763,0.00015960155869834127,0.0002432202651107218,0.0011396299814805388,0.0006917595004779288,0.00013044794322922826,0.0002250649849884212,0.0001892432221211493,0.0001004608886432834,0.0002216949942521751,0.00016273611981887373,0.00026401263830469663,0.0008893509240503287,0.000586899590499949,neutral,What should be my first leica digital camera?
hasselblad_x2d_ii_100c_medium_format_mirrorless_camera,1otvzmj,47,1081,0.30994404981965606,0.08695652173913043,0.04764529668487252,0.034907032002670244,0.03065095241606584,0.5152756043681384,0.5010179727028963,0.5018336829986978,0.509721040725708,0.8510956168174744,0.26039156317710876,0.23973968625068665,0.7744644284248352,0.526343822479248,18,29,0.3829787234042553,0.4103305851842495,1.419880166428617,0.4261083502206655,1.0425531914893618,0.5652173913043478,0.574468085106383,0.44680851063829785,0.02127659574468085,0.3191489361702128,0.2127659574468085,47.83030778849007,60.5,0.9855433871367967,5.0,1.6808510638297873,1.2352941176470589,1.6153846153846154,0.001402323219078058,0.021321536973118782,0.0020190787967294442,2.316956651389154e-06,1.2906018127978314e-05,2.7157300337421467e-06,8.97215596775455e-05,0.0017137323739007115,0.00010535835172049697,9.152360774912286e-05,0.002584766363725066,8.820408402243629e-05,0.00026858485170065406,0.0051482440903782845,0.00023267139913514252,0.0001493140474888199,0.0019372532842680812,0.00022304353769868595,0.00033396404039093156,0.00477954180390346,0.00045404893590633315,neutral,Still waiting for my Hasselblad X2D II 100C from B&H — Need it for my Iceland trip on Nov 23 😭 Any advice?
canon_eos_rebel_t7_dslr_with_18_55mm_and_75_300mm_lenses,1mdi40y,2,1,0.3252769410610199,0.0,0.010768593289424006,0.0074948651219867825,0.0062647384460512625,0.42692601680755615,0.5690118074417114,0.48783355951309204,0.48783355951309204,0.48783355951309204,0.0245420653373003,0.0245420653373003,0.0245420653373003,0.0245420653373003,0,2,0.0,0.023696482181549072,-0.0,0.0,1.0,0.0,1.0,0.5,0.0,0.0,0.5,53.0,53.0,0.7794117647058824,2.0,1.5,1.0,1.0,0.000491337530547753,0.0005070515908300877,0.0005039087787736207,1.3687525779459975e-06,1.414613620909222e-06,1.405441412316577e-06,3.1543073419015855e-05,3.276335701229982e-05,3.2519300293643025e-05,1.921315833897097e-05,2.0481344108702615e-05,2.0227706954756286e-05,0.00012472640810301527,0.0001273628877243027,0.00012683559180004522,7.593430564156733e-05,7.602152618346736e-05,7.600408207508735e-05,0.0001240205381047114,0.0001270647648539125,0.00012645591950407228,neutral,Refurbished Canon EOS Rebel T7+18–55mm+75–300mm Lenses at $330 USD a good deal?
sony_rx100_vii_digital_camera_with_basic_bundle,1qxvhe0,4,6,0.3010500594973564,0.0,0.033631094072681986,0.026732242225281134,0.023000965625529547,0.47761160631974536,0.5099101016918818,0.48275433977444965,0.4684194028377533,0.5842068791389465,0.16372117400169373,0.07856952399015427,0.16372117400169373,0.3752777576446533,0,4,0.0,0.0433344473131001,1.3862943611198906,0.4160291953530189,0.5,1.0,0.25,0.75,0.0,0.0,0.25,44.81838350498599,51.75,0.9193514565125331,2.0,1.25,1.0,1.0,0.008406664535868913,0.03217966854572296,0.022734196035889914,1.9335778347340238e-06,3.445060656304122e-06,2.8674853183474626e-06,0.00014355787379827234,0.00047141764662228525,0.0003420166183786933,3.768477881749277e-05,8.83296161191538e-05,6.90503035002621e-05,0.004078964044310851,0.015946412459015846,0.01121562588377856,0.00012063312442478491,0.00028942260541953146,0.00022429584641940896,0.0021315729891758415,0.008163115988926014,0.005763804698451246,neutral,Has anyone shot with the sony rx100 vii at wembly not in standing GA but in a seat?
hasselblad_x2d_ii_100c_medium_format_mirrorless_camera,1r5hkrv,28,378,0.30744672152731156,0.1111111111111111,0.05572748080071624,0.04393492419269606,0.039674120772290926,0.5148872027479151,0.5170282321001487,0.5121729276956074,0.5111286044120789,0.6836962699890137,0.22642283141613007,0.19768835604190826,0.6092254519462585,0.4657815992832184,4,24,0.14285714285714285,0.18391200041930592,1.5381850273304047,0.4616118316368069,1.0,0.6666666666666666,0.4642857142857143,0.35714285714285715,0.0,0.32142857142857145,0.32142857142857145,21.63669761478099,26.25,0.7960939989669746,5.0,2.0714285714285716,1.125,1.59375,0.000717933698199756,0.004053762182593346,0.0010174337541684509,1.7426571170225152e-06,4.858691681874916e-06,2.1245878087938763e-06,6.677726397746093e-05,0.0004969966830685735,8.552112485631371e-05,2.6102347874257248e-05,6.503455369966105e-05,3.9402082256856376e-05,0.00015779660757938733,0.0009694350883364677,0.00018564641650300475,9.6051085295455e-05,0.00025700865080580115,0.00012645885581150652,0.00017773394334055654,0.0009588804853895757,0.00023668285870523202,neutral,X2D II 100C + XCD 38mm f/2.5 V Lens
sony_rx100_vii_digital_camera_with_basic_bundle,1r2r24d,2,1,0.29545220732688904,0.0,0.13917424697998768,0.08350754875774165,0.06533456390880596,0.610787034034729,0.6175236701965332,0.6141368746757507,0.6141368746757507,0.6141368746757507,0.36483263969421387,0.36483263969421387,0.36483263969421387,0.36483263969421387,0,2,0.0,0.034616630524396896,0.6931471805599453,0.20801459767650946,0.5,1.0,0.5,0.5,0.0,0.5,0.0,4.0,4.0,0.16,1.0,1.0,0.0,0.0,0.0003967240045312792,0.0004163150442764163,0.0004123968363273889,1.4726575159329514e-06,1.5349245359175256e-06,1.5224711319206107e-06,2.7385925022826996e-05,2.844563641701825e-05,2.823369413818e-05,2.2463656023319345e-05,2.507405588403344e-05,2.4551975911890622e-05,0.00010025136725744233,0.00010158855002373457,0.00010132111347047611,7.43122618587222e-05,7.97870525275357e-05,7.8692094393773e-05,0.0001037683120349205,0.00010834514968867855,0.00010742978215792693,neutral,Is the Sony RX100 VII a good travel camera?
canon_eos_rebel_t7_dslr_with_18_55mm_and_75_300mm_lenses,htyt8t,197,19306,0.3233154987165441,0.16753926701570682,0.051053400387604746,0.030083231442457822,0.022704031167504652,0.5163024471512943,0.5134390412103225,0.5103295933585285,0.5167727768421173,0.9999998807907104,0.33694562315940857,0.34517621994018555,0.8887012600898743,0.6000034809112549,34,163,0.17258883248730963,0.19187284297390184,2.416837363171672,0.7252968285084631,0.817258883248731,0.9132653061224489,0.17766497461928935,0.6192893401015228,0.02030456852791878,0.03553299492385787,0.3248730964467005,61.876494815746376,71.0,0.834565896118173,6.0,1.8477157360406091,1.2133333333333334,2.42560553633218,0.025172702888934518,0.7599989771842957,0.03801504299044612,1.96435019364254e-05,0.0007897692266851664,2.8567945264512683e-05,0.0051694760291903195,0.656108558177948,0.0009899830445647244,0.012773898639481678,0.6307679414749146,0.01035251095891001,0.0017963671484098741,0.14021959900856018,0.00100227352231741,0.0009442833514296424,0.07647682726383209,0.0007697787950746715,0.007646061926563742,0.25981230961042456,0.010665186512839389,approval,Struggling to find my niche in photography
canon_eos_rebel_t7_dslr_camera_with_18_55mm_lens,15t8fv9,9,36,0.3090967469745212,0.1111111111111111,0.05563175370428778,0.03936734460226174,0.032783085542088135,0.5144641598065695,0.5642400251494514,0.5333561350901922,0.5277757942676544,0.6697287559509277,0.3171912729740143,0.35641226172447205,0.5744921565055847,0.5775824785232544,2,7,0.2222222222222222,0.23046745484073958,1.6769877743224173,0.5032667620494407,1.0,1.0,0.3333333333333333,0.3333333333333333,0.4444444444444444,0.1111111111111111,0.1111111111111111,25.45341908683147,55.0,0.6858705741960576,6.0,4.0,1.3333333333333333,2.7222222222222223,0.09030026155717981,0.8067166805267334,0.16309619266539827,3.304562072672626e-05,0.00028023740742355585,5.920930379943461e-05,0.025001841090367332,0.22453640401363373,0.04505276734707881,5.090406476584677e-05,0.00013516252511180937,0.00012069345684722066,0.06009089016960287,0.5395084023475647,0.10835633962415168,0.000249710258988974,0.0014105290174484253,0.00046267993748188045,0.02928777546027193,0.2620979026396526,0.052857980389126216,admiration,Best beginner camera
canon_eos_rebel_t7_dslr_with_18_55mm_and_75_300mm_lenses,15t8fv9,9,36,0.3090967535972595,0.1111111111111111,0.05563175370428778,0.03936734460226174,0.032783085542088135,0.51446416725715,0.5642400276329782,0.533356137573719,0.5277757346630096,0.6697287559509277,0.3171912431716919,0.35641226172447205,0.5744921565055847,0.5775824785232544,2,7,0.2222222222222222,0.2304674523572127,1.6769877743224173,0.5032667620494407,1.0,1.0,0.3333333333333333,0.3333333333333333,0.4444444444444444,0.1111111111111111,0.1111111111111111,25.45341908683147,55.0,0.6858705741960576,6.0,4.0,1.3333333333333333,2.7222222222222223,0.09030026155717981,0.8067166805267334,0.16309619266539827,3.304562072672626e-05,0.00028023740742355585,5.920930379943461e-05,0.025001841090367332,0.22453640401363373,0.04505276734707881,5.090406476584677e-05,0.00013516252511180937,0.00012069345684722066,0.06009089016960287,0.5395084023475647,0.10835633962415168,0.000249710258988974,0.0014105290174484253,0.00046267993748188045,0.02928777546027193,0.2620979026396526,0.052857980389126216,admiration,Best beginner camera
ricoh_gr_iiix_hdf_digital_camera,2n8bbu,11,55,0.2987419204278426,0.0,0.07082771899390364,0.05264874344386754,0.04510739620177951,0.5362618565559387,0.5462234117768028,0.5390614574605769,0.5375435948371887,1.0000001192092896,0.3423740267753601,0.3478708267211914,0.5881472826004028,0.5079821348190308,2,9,0.18181818181818182,0.22671814245933836,1.294545165844896,0.38849511243739066,0.9090909090909091,0.6,0.5454545454545454,0.18181818181818182,0.0,0.18181818181818182,0.6363636363636364,31.99250945388662,35.0,0.6217625512239449,3.0,1.6363636363636365,1.2,1.25,0.07850498019781132,0.6115087270736694,0.22582750022411346,7.501697141585531e-05,0.0004933063173666596,0.00029106243164278567,0.049261456855674624,0.44376519322395325,0.0882800742983818,0.00016390089910022323,0.0006437472766265273,0.0004856203740928322,0.012608079729861029,0.10518617928028107,0.03035283274948597,0.0009299408087496307,0.007909887470304966,0.0013730799546465278,0.023590562577102122,0.1937776372554557,0.05885782959133697,neutral,Bought a new camera (Ricoh GR) and dropped it on the pavement the first time I used it. Need some help.
ricoh_gr_iv_digital_camera,2n8bbu,11,55,0.2987419204278426,0.0,0.07082771899390364,0.05264874344386754,0.04510739620177951,0.5362618554722179,0.5462234117768028,0.539061456376856,0.5375435948371887,1.0000001192092896,0.34237411618232727,0.3478708267211914,0.5881472826004028,0.5079821348190308,2,9,0.18181818181818182,0.22671822272241116,1.294545165844896,0.38849511243739066,0.9090909090909091,0.6,0.5454545454545454,0.18181818181818182,0.0,0.18181818181818182,0.6363636363636364,31.99250945388662,35.0,0.6217625512239449,3.0,1.6363636363636365,1.2,1.25,0.07850501125424424,0.6115089058876038,0.2258276641368866,7.501710651715918e-05,0.0004933072486892343,0.00029106298461556435,0.04926148870055675,0.44376543164253235,0.08828018605709076,0.00016390090736835688,0.0006437472766265273,0.00048562008305452764,0.012608091765617824,0.10518627613782883,0.030352868139743805,0.0009299417447023602,0.007909895852208138,0.0013730817008763552,0.023590575246501114,0.1937777234367483,0.0588578828755999,neutral,Bought a new camera (Ricoh GR) and dropped it on the pavement the first time I used it. Need some help.
ricoh_gr_iv_hdf_digital_camera,2n8bbu,11,55,0.2987419204278426,0.0,0.07082771899390364,0.05264874344386754,0.04510739620177951,0.536261936751279,0.546223480051214,0.5390615273605693,0.5375436544418335,1.000000238418579,0.3423740267753601,0.3478708267211914,0.5881472826004028,0.507982075214386,2,9,0.18181818181818182,0.22671822272241116,1.294545165844896,0.38849511243739066,0.9090909090909091,0.6,0.5454545454545454,0.18181818181818182,0.0,0.18181818181818182,0.6363636363636364,31.99250945388662,35.0,0.6217625512239449,3.0,1.6363636363636365,1.2,1.25,0.07850499635308304,0.6115089058876038,0.22582750022411346,7.501705624690658e-05,0.0004933072486892343,0.00029106243164278567,0.049261478540674114,0.44376543164253235,0.0882800742983818,0.00016390093382638455,0.0006437472766265273,0.0004856203740928322,0.012608088548321657,0.10518627613782883,0.03035283274948597,0.0009299409827111627,0.007909887470304966,0.0013730817008763552,0.02359057040247721,0.1937777234367483,0.05885782959133697,neutral,Bought a new camera (Ricoh GR) and dropped it on the pavement the first time I used it. Need some help.
ricoh_gr_iv_monochrome_digital_camera,2n8bbu,11,55,0.2987419204278426,0.0,0.07082771899390364,0.05264874344386754,0.04510739620177951,0.5362619291652333,0.5462234708395871,0.5390615181489424,0.5375435948371887,1.000000238418579,0.34237411618232727,0.3478708267211914,0.5881472826004028,0.507982075214386,2,9,0.18181818181818182,0.22671822272241116,1.294545165844896,0.38849511243739066,0.9090909090909091,0.6,0.5454545454545454,0.18181818181818182,0.0,0.18181818181818182,0.6363636363636364,31.99250945388662,35.0,0.6217625512239449,3.0,1.6363636363636365,1.2,1.25,0.07850499635308304,0.6115089058876038,0.22582750022411346,7.501705624690658e-05,0.0004933072486892343,0.00029106243164278567,0.049261478540674114,0.44376543164253235,0.0882800742983818,0.00016390093382638455,0.0006437472766265273,0.0004856203740928322,0.012608088548321657,0.10518627613782883,0.03035283274948597,0.0009299409827111627,0.007909887470304966,0.0013730817008763552,0.02359057040247721,0.1937777234367483,0.05885782959133697,neutral,Bought a new camera (Ricoh GR) and dropped it on the pavement the first time I used it. Need some help.
sony_a7r_v_mirrorless_camera,1r2d16d,3,3,0.323585311571757,0.0,0.06106557321024297,0.03238071192387681,0.019673901735610753,0.49725836515426636,0.5666017929712931,0.5291595260302225,0.5351054072380066,0.5437526106834412,0.6054203510284424,0.5981400609016418,0.6054203510284424,0.6535634398460388,1,2,0.3333333333333333,0.21354524542888006,0.6365141682948128,0.1910189384688593,1.0,1.0,0.6666666666666666,0.3333333333333333,0.6666666666666666,0.0,0.0,109.02293336725076,123.0,0.6729810701682145,3.0,2.0,1.0,1.3333333333333333,0.0004404495023967077,0.0005028009181842208,0.00048460602411068974,1.6735865907927898e-06,1.9236513253417797e-06,1.8776956494548358e-06,4.170807733316906e-05,5.1892940973630175e-05,4.9885676708072425e-05,1.98897062849331e-05,2.1272973754093982e-05,2.089929002977442e-05,0.0001036587394385909,0.00011074868962168694,0.00010919724591076375,7.1764651996394e-05,7.61759583838284e-05,7.491117721656338e-05,0.00011319071067343127,0.00012708895807615286,0.00012312910060548649,neutral,Thoughts about upgrade paths?
sony_a7_iii_mirrorless_camera,1q4bnre,1,0,0.2982834577560425,0.0,0.0,0.0,0.0,0.0,0.0,0.0,0.0,0.0,0.0,0.0,0.0,0.0,0,1,0.0,0.0716632753610611,-0.0,0.0,1.0,0.0,1.0,0.0,0.0,1.0,0.0,0.0,0.0,0.0,1.0,1.0,0.0,0.0,0.7349527478218079,0.7349527478218079,0.7349527478218079,0.0008897925727069378,0.0008897925727069378,0.0008897925727069378,0.6806010603904724,0.6806010603904724,0.6806010603904724,0.00031591299921274185,0.00031591299921274185,0.00031591299921274185,0.11961434781551361,0.11961434781551361,0.11961434781551361,0.001826360821723938,0.001826360821723938,0.001826360821723938,0.25636670373690623,0.25636670373690623,0.25636670373690623,admiration,Best Sony camera for videoing detail?
sony_rx100_vii_digital_camera_with_basic_bundle,1o8z9da,3,3,0.313488890727361,0.0,0.04645855814406613,0.02703470663353068,0.019856386324976924,0.4859698216120402,0.5347141722838084,0.5081586142381033,0.5052927732467651,0.5208445191383362,0.5436027646064758,0.5276976823806763,0.5436027646064758,0.6314833760261536,1,2,0.3333333333333333,0.2923619293918212,0.6365141682948128,0.1910189384688593,0.6666666666666666,1.0,0.6666666666666666,0.3333333333333333,0.0,0.3333333333333333,0.3333333333333333,60.34530268012214,64.5,0.672995940670507,2.0,1.3333333333333333,1.0,1.0,0.00039272183009112876,0.0004591915931086987,0.00044457346084527674,1.451059574719693e-06,1.4923352864570916e-06,1.4837777143839047e-06,3.087189361394849e-05,3.5504614061210304e-05,3.445154579821974e-05,2.035828159326532e-05,2.370612128288485e-05,2.31109959713649e-05,0.00010238767814977716,0.00011825058027170599,0.00011389594583306461,6.696044632311289e-05,7.096929766703397e-05,7.036432798486203e-05,0.00010245853155765872,0.00011767448423446088,0.00011433991206407275,neutral,Need recommendations for compact camera with high zoom to replace old EOS1100D. Sony RX100 VII vs Lumix TZ99 vs …?
canon_eos_rebel_t7_dslr_with_18_55mm_and_75_300mm_lenses,1i05u69,3,3,0.30995556712150574,0.0,0.06730843035103772,0.0430509541328511,0.030352922434057655,0.503395269314448,0.5706600745519003,0.5341718196868896,0.5315577983856201,0.564493715763092,0.52299565076828,0.4567737281322479,0.52299565076828,0.6619890928268433,0,3,0.0,0.02318837121129036,0.6365141682948128,0.1910189384688593,1.0,1.0,0.6666666666666666,0.6666666666666666,0.0,0.3333333333333333,0.0,37.11543554312081,41.0,0.6018719277262834,3.0,2.0,1.0,1.3333333333333333,0.0004778009412499766,0.0005399428773671389,0.0005215278011746705,1.514680017559537e-06,1.5521441127930302e-06,1.5474100791834644e-06,3.6322360150127984e-05,4.0644390537636355e-05,3.979187604272738e-05,2.1959815664255682e-05,2.3600487111252733e-05,2.3329558462137354e-05,0.00011492505533775936,0.0001254725211765617,0.0001231227128300816,7.34718802656668e-05,7.911736611276865e-05,7.838938472559676e-05,0.00012099912211422433,0.00013410397476339617,0.00013027122787813523,neutral,Canon EOS 630 35mm and Cannon Rebel T7 Lenses 
leica_d_lux_8_digital_camera,1qevpv1,18,153,0.30080649422274697,0.0,0.0503621813675537,0.02894180446991405,0.02176171525730421,0.5246764853888867,0.5309998313196345,0.5253767100424548,0.5289100408554077,0.6047818064689636,0.285226970911026,0.2578466832637787,0.6131165623664856,0.5181611776351929,2,16,0.1111111111111111,0.14924706435865825,1.937106175829318,0.5813287179445858,0.9444444444444444,0.8823529411764706,0.2222222222222222,0.7777777777777778,0.05555555555555555,0.1111111111111111,0.05555555555555555,59.418608092535464,56.75,0.7881613453689303,5.0,2.0555555555555554,1.4285714285714286,2.1,0.0016960944808993696,0.02013983204960823,0.001257646310841666,2.7697586738718705e-06,1.5736286513856612e-05,4.382107385936255e-06,7.487960869588683e-05,0.000587485556025058,8.234267334046314e-05,0.0005806079456710399,0.0100053446367383,6.0476285580080005e-05,0.0001678156267088424,0.0007806653156876564,0.0002421207493171098,0.00012580406069496853,0.000634593132417649,0.0002049948634521573,0.00044132858022399645,0.0053351428005044,0.00031054758415507457,gratitude,Advice wanted - Foray into digital Leica System
sony_a9_ii_mirrorless_camera,4cdcxa,28,378,0.31750948407820295,0.07142857142857142,0.049314981671583186,0.031071112534071778,0.024377912854182594,0.49555759758703294,0.5102565935049107,0.49731105006245707,0.49974775314331055,0.6074758768081665,0.2638697326183319,0.2701911926269531,0.6885316371917725,0.4992622137069702,2,26,0.07142857142857142,0.09876395436003804,1.5640374948506572,0.4693701992403887,0.6785714285714286,0.7777777777777778,0.42857142857142855,0.25,0.14285714285714285,0.07142857142857142,0.5357142857142857,42.27237965424532,41.25,0.7577635277329507,6.0,2.2142857142857144,1.1176470588235294,2.391304347826087,0.03137517758503756,0.34610599279403687,0.053356862813234374,1.283884068113496e-05,0.00011137958063045517,1.8579226889414713e-05,0.00045330075675207936,0.002994820009917021,0.001104003342334181,0.011170037312435202,0.2330426275730133,0.003568356181494894,0.0024425468408091028,0.030864130705595016,0.004832152207382028,0.0008439081518320433,0.010440340265631676,0.0013833148695994182,0.007716301581257856,0.0922990613192572,0.01282832548550536,neutral,I switched from Canon and L-series lenses to Sony A7r ii with Sony G lenses (e-mount) for my video productions. What I do and don't love about the Sony system.
leica_d_lux_8_digital_camera,1hgdxjr,75,2775,0.3215407137241628,0.1388888888888889,0.04638824552086813,0.034914903325706285,0.031073015900718225,0.4838263926527522,0.4894818111690315,0.48211093416085116,0.492063045501709,0.6396191716194153,0.20437759160995483,0.17142868041992188,0.7161948084831238,0.4601857364177704,8,67,0.10666666666666667,0.14618083706746499,2.3246059044925795,0.6976180175598988,0.9333333333333333,0.7972972972972973,0.3333333333333333,0.5066666666666667,0.05333333333333334,0.08,0.36,36.47807499794302,38.0,0.9555905081542879,6.0,2.3733333333333335,1.4,2.2413793103448274,0.014146887892857195,0.8961811661720276,0.005370994750410309,3.7586951884804875e-06,4.843950955546461e-05,6.215548455656971e-06,0.00023133802955271676,0.006450619548559189,0.00030285593238659077,0.0002650079148588702,0.013171211816370487,0.00016235631483141333,0.011564336342271418,0.8392170667648315,0.0005266019259579479,0.00021109080999546373,0.005028766579926014,0.00032584503642283334,0.00440373661412069,0.28944604436765076,0.0011943501903260755,neutral,My take on the D-Lux 8 as a professional full time photographer.
sony_a7_iv_mirrorless_camera,779ijl,44,946,0.31317993714695885,0.11904761904761904,0.043908062469427196,0.03396541944947177,0.030783887041301097,0.48299750077674053,0.4662769603174786,0.47062636899267646,0.47867025434970856,0.6084797978401184,0.20716185867786407,0.18153242766857147,0.6968286633491516,0.4395062327384949,1,43,0.022727272727272728,0.06460521387105639,1.7344751448479265,0.5205188155623527,0.8636363636363636,0.7209302325581395,0.4772727272727273,0.13636363636363635,0.20454545454545456,0.20454545454545456,0.45454545454545453,44.880114639811744,45.25,1.0773186274695672,6.0,2.840909090909091,1.2307692307692308,2.717948717948718,0.049725237983776344,0.9673106670379639,0.04600729122757914,0.00026416239419352843,0.011295185424387455,1.7536479481350433e-05,0.022437938364419097,0.9471449255943298,0.000670918065588922,0.003068041802717661,0.10070110112428665,0.00019206526631023748,0.022264608731843924,0.48886045813560486,0.006782682193443185,0.0006391893305342157,0.014893989078700542,0.0007067958940751859,0.01639986310124746,0.38766774749577354,0.013039997778772286,neutral,What features would you like to see for the Sony a7s III ?
nikon_d850_dslr_camera,1obmgs5,48,1128,0.30529418277243775,0.020833333333333332,0.05623775236449583,0.03800609813621831,0.03132178016200285,0.5149207105397755,0.5055019985488121,0.5068947553951689,0.5091572105884552,0.642078161239624,0.28897973895072937,0.2834274470806122,0.724819004535675,0.5396081209182739,10,38,0.20833333333333334,0.22826380368011692,1.7848843852609937,0.5356467107017829,0.8541666666666666,0.6595744680851063,0.5416666666666666,0.2916666666666667,0.0625,0.14583333333333334,0.5,37.4171074584281,38.25,0.8171160864442897,8.0,1.9166666666666667,1.0,2.4545454545454546,0.052869625767925754,0.8791678547859192,0.01827057329937811,5.727229185718367e-05,0.0014183787861838937,9.762448371475313e-06,0.011554485368719725,0.5405840277671814,0.0005750965676270421,0.03253729825447257,0.776903510093689,0.0002752048007096159,0.0031364909223157156,0.10038349032402039,0.002166894939728075,0.0012609727661280583,0.02713799849152565,0.0004545590782072384,0.016902690895236498,0.2850097257372302,0.004396538952505568,neutral,Dilemma traveling with personal item only on plane. What to do with camera?
sony_a7_iv_mirrorless_camera,1obmgs5,48,1128,0.3052941846350829,0.020833333333333332,0.05623775236449583,0.03800609813621831,0.03132178016200285,0.514920701556806,0.5055018928932383,0.50689469927803,0.5091572105884552,0.642078161239624,0.28897973895072937,0.2834274470806122,0.724819004535675,0.5396081209182739,10,38,0.20833333333333334,0.2282638004204879,1.7848843852609937,0.5356467107017829,0.8541666666666666,0.6595744680851063,0.5416666666666666,0.2916666666666667,0.0625,0.14583333333333334,0.5,37.4171074584281,38.25,0.8171160864442897,8.0,1.9166666666666667,1.0,2.4545454545454546,0.05286962576307511,0.8791678547859192,0.01827057329937811,5.7272291914027086e-05,0.0014183787861838937,9.762448371475313e-06,0.011554485367961812,0.5405840277671814,0.0005750965676270421,0.032537298255419955,0.776903510093689,0.0002752048007096159,0.0031364909223157156,0.10038349032402039,0.002166894939728075,0.0012609727709786966,0.02713799849152565,0.0004545590782072384,0.01690269089527755,0.2850097257372302,0.004396538952505568,neutral,Dilemma traveling with personal item only on plane. What to do with camera?
sony_a9_ii_mirrorless_camera,1obmgs5,48,1128,0.3052941784262657,0.020833333333333332,0.05623775236449583,0.03800609813621831,0.03132178016200285,0.5149207381227761,0.5055019610052836,0.5068947475747014,0.5091572403907776,0.6420782804489136,0.28897973895072937,0.2834274470806122,0.724819004535675,0.5396081209182739,10,38,0.20833333333333334,0.22826380441741398,1.7848843852609937,0.5356467107017829,0.8541666666666666,0.6595744680851063,0.5416666666666666,0.2916666666666667,0.0625,0.14583333333333334,0.5,37.4171074584281,38.25,0.8171160864442897,8.0,1.9166666666666667,1.0,2.4545454545454546,0.05286962580491187,0.8791678547859192,0.01827057329937811,5.727229194955422e-05,0.0014183787861838937,9.762448371475313e-06,0.011554485369477637,0.5405840277671814,0.0005750965676270421,0.03253729825397992,0.776903510093689,0.0002752048007096159,0.0031364909256505293,0.10038349032402039,0.002166894939728075,0.0012609727715850265,0.02713799849152565,0.0004545590782072384,0.016902690902925756,0.2850097257372302,0.004396538952505568,neutral,Dilemma traveling with personal item only on plane. What to do with camera?
sony_a9_ii_mirrorless_camera,6r0mkt,49,1176,0.3181679040886635,0.09302325581395349,0.03898210078923351,0.028631210166742485,0.025135442780025604,0.49511923101179456,0.47111289375493315,0.4776114066239117,0.482909619808197,0.7561901807785034,0.2428399622440338,0.22944095730781555,0.7585223913192749,0.47609037160873413,3,46,0.061224489795918366,0.09592960398568183,1.586294903699915,0.47604968388225044,0.8979591836734694,0.6458333333333334,0.5306122448979592,0.22448979591836735,0.08163265306122448,0.1836734693877551,0.5102040816326531,62.70132422824107,59.0,1.143843963955254,7.0,3.4285714285714284,1.2580645161290323,3.5761904761904764,0.044123570049271865,0.932290256023407,0.027896935492754057,0.00013432664526385915,0.005829168483614922,2.4113995459629337e-05,0.023216627654471026,0.9065017104148865,0.0010768296895548725,0.012897658963584963,0.3934478759765625,0.00018391594931017614,0.0038820454661914966,0.1376924365758896,0.00229206206277013,0.001167609893576698,0.04344524070620537,0.0004952360293827961,0.014236973112059981,0.3311673671317597,0.0071468931985388725,neutral,Sony a9 - The Game Changer // VLOG 11
sony_a7_iv_mirrorless_camera,38jlgz,44,946,0.30541126362302085,0.045454545454545456,0.05126606538683161,0.033613890645050215,0.02700310452162938,0.5185128278384501,0.5142699729249542,0.5119711382444515,0.5144401788711548,0.752483606338501,0.30509868264198303,0.2722211182117462,0.7995878458023071,0.5785601139068604,3,41,0.06818181818181818,0.10785440046509559,1.8182668930102048,0.5456648556407488,0.8863636363636364,0.8372093023255814,0.36363636363636365,0.4318181818181818,0.022727272727272728,0.11363636363636363,0.4318181818181818,62.684389162119935,66.0,1.0519119462750866,6.0,2.1818181818181817,1.2272727272727273,2.2205882352941178,0.025856455354104666,0.7090010046958923,0.002519488730467856,3.1093625068479014e-05,0.00079735042527318,7.065839963615876e-06,0.02390322546638014,0.6835936903953552,0.00019748127524508164,0.00014457454277693284,0.0024055680260062218,0.0003448375500738624,0.002587879179290295,0.07471343874931335,0.00022859706950839614,0.00015423006284849677,0.0010889724362641573,0.0002415893861325458,0.008779576371744832,0.24491022496658843,0.0006303316862386055,neutral,Fujifilm XT-1 or Sony a7?
sony_a7r_v_mirrorless_camera,382jsa,91,4095,0.31084664203226564,0.1125,0.049674514850395285,0.0371923363274432,0.032683342432654944,0.49779670574726204,0.511452008174307,0.5004251298595843,0.5013359785079956,1.0,0.24681341648101807,0.22992457449436188,0.8603960275650024,0.48837870359420776,25,66,0.27472527472527475,0.298322171197979,1.7719808367397678,0.531774334777129,0.8791208791208791,0.6777777777777778,0.5604395604395604,0.06593406593406594,0.10989010989010989,0.15384615384615385,0.6703296703296703,35.06806396154296,35.5,0.8994345604567108,8.0,3.076923076923077,1.5,5.24896265560166,0.0195733517987889,0.9739258289337158,0.0019359942525625229,0.00012948338418367373,0.011309199035167694,1.956594132934697e-06,0.011853751707678963,0.9066087603569031,8.699215686647221e-05,0.00013736091365829523,0.006566992029547691,4.681284917751327e-05,0.0070866525079959055,0.5022896528244019,0.00043509143870323896,0.00021775855878201713,0.0049018943682312965,0.0001588356972206384,0.006499726478514625,0.3999741352260268,0.00044186998750698575,neutral,Sony A7R for $200 did Sony send you any emails yet about your orders?
sony_a7_iii_mirrorless_camera,1nzr8vd,23,253,0.2941280072150023,0.0,0.04394189726702995,0.026187310619038902,0.020323962823589694,0.5126667368435577,0.514577394123134,0.5047909719906306,0.5132104158401489,0.6506648659706116,0.3326091468334198,0.3553987443447113,0.6546421051025391,0.5481618642807007,0,23,0.0,0.0704548351223702,1.5149029225891497,0.4546248340890391,0.9130434782608695,0.7727272727272727,0.5217391304347826,0.34782608695652173,0.08695652173913043,0.13043478260869565,0.43478260869565216,51.30099473198832,55.0,0.7505870730507197,3.0,1.173913043478261,1.0,1.25,0.029394376630712624,0.49954766035079956,0.021090489020571132,3.893517281955175e-05,0.0007244203588925302,2.6492173992664924e-05,0.018246020870482545,0.31041327118873596,0.006204782231361611,5.919798668005767e-05,0.0003465304907876998,0.0001692251542408486,0.0020608759912884916,0.0230844896286726,0.002293620636919515,0.00016268783498241606,0.0009741125395521522,0.00033939034619834285,0.008327015747827614,0.13917289699990457,0.005017659283824594,neutral,Should I switch from full-frame DSLR (D600) to full-frame mirrorless (A7R III) ?
sony_a7r_v_mirrorless_camera,1nzr8vd,23,253,0.2941280072150023,0.0,0.04394189726702995,0.026187310619038902,0.020323962823589694,0.5126667446769745,0.5145773925328915,0.5047909776448262,0.5132105350494385,0.6506648659706116,0.3326091170310974,0.3553987145423889,0.6546421051025391,0.5481619238853455,0,23,0.0,0.0704548405483365,1.5149029225891497,0.4546248340890391,0.9130434782608695,0.7727272727272727,0.5217391304347826,0.34782608695652173,0.08695652173913043,0.13043478260869565,0.43478260869565216,51.30099473198832,55.0,0.7505870730507197,3.0,1.173913043478261,1.0,1.25,0.029394367580686736,0.49954742193222046,0.021090489020571132,3.893518786081467e-05,0.0007244207081384957,2.6492173992664924e-05,0.018246019574729398,0.3104131519794464,0.006204782231361611,5.919798668005767e-05,0.0003465304907876998,0.0001692251542408486,0.00206087477145838,0.023084472864866257,0.002293620636919515,0.00016268780461320168,0.0009741120738908648,0.00033939034619834285,0.00832701381767143,0.13917283458188953,0.005017659283824594,neutral,Should I switch from full-frame DSLR (D600) to full-frame mirrorless (A7R III) ?
fujifilm_x_t30_iii_mirrorless_camera_charcoal_silver,1rz9737,5,10,0.31436851620674133,0.0,0.035177873726684274,0.024878535069272033,0.021140119181572877,0.5120322138071061,0.48229352831840516,0.4887915223836899,0.4792937636375427,0.5786234736442566,0.27954018115997314,0.24360233545303345,0.27954018115997314,0.45607736706733704,1,4,0.2,0.22394823096692562,1.3321790402101223,0.399789099421175,1.0,1.0,0.4,0.4,0.0,0.4,0.2,43.19537012227121,73.0,0.8887936239150453,1.0,1.0,0.0,0.0,0.0016056257474701852,0.004037519451230764,0.0035436274483799934,2.8220731792316655e-06,6.727405889250804e-06,5.306424736772897e-06,0.00010404974382254295,0.00023247284116223454,0.0002209767058957368,0.0001514780833531404,0.000594951503444463,0.00039815649215597666,0.0002439574192976579,0.0006719648954458535,0.0005024520447477699,0.00012256039044586942,0.0002414598857285455,0.00020510484173428268,0.0003717489095947713,0.0008664447319688406,0.0007930564065721531,admiration,Thoughts on X-t30 with 23mm lens?
canon_eos_r5_mirrorless_camera,m42ply,177,15576,0.3146758648635304,0.12994350282485875,0.04196163303249251,0.02656829290462154,0.021401224887869837,0.49262352331776343,0.48915501220919994,0.48623304119554617,0.4909602850675583,0.6634466648101807,0.21958696842193604,0.20914790034294128,0.7978115081787109,0.44368237257003784,42,135,0.23728813559322035,0.23905120833150748,1.9887959870771306,0.5968409144769334,0.7966101694915254,0.7443181818181818,0.4689265536723164,0.3615819209039548,0.0903954802259887,0.13559322033898305,0.4124293785310734,88.90837436847536,78.0,1.141090730419849,9.0,2.9152542372881354,1.620253164556962,4.16331456154465,0.05120093701275771,0.977159321308136,0.029133890196681063,0.000185189056210708,0.007903069257736206,2.207132129115053e-05,0.04168378990745346,0.931766152381897,0.000963833287823947,0.00047682785715022036,0.03549196943640709,0.0002978828852064909,0.01418617049049281,0.8756305575370789,0.003047001827508212,0.0002452039991759979,0.0029835307504981756,0.0004425080493092537,0.017996353053873485,0.4272179053126213,0.0071831636830211225,neutral,Experiences switching to mirrorless
sony_a7_iii_mirrorless_camera,1lpkpws,20,190,0.29669746607542036,0.0,0.05313661924480036,0.041037158216468535,0.03682377590947266,0.497724858553786,0.5044602067847,0.4971989674003501,0.4959358274936676,0.7012125849723816,0.352982759475708,0.32984915375709534,0.6691152453422546,0.5509899258613586,1,19,0.05,0.07702843770384789,1.2706817223249798,0.38133365417543613,0.9,0.5789473684210527,0.6,0.3,0.1,0.4,0.2,59.91777699481181,19.25,1.4472892993915896,4.0,1.4,1.0,1.5,0.06381310156139079,0.5328693389892578,0.29069029986858386,4.644473542612104e-05,0.0007066610269248486,4.483722259465151e-05,0.026583282227602468,0.5135617852210999,0.0075078576803207404,0.011246607459543156,0.2064434438943863,0.002063881463254826,0.013724417577032,0.24033264815807343,0.007966872304677988,0.0005230820781434887,0.004117909818887711,0.0013266294961795223,0.019322822606523,0.17869201911283503,0.08479461866803228,neutral,Canon R8 vs Sony A7 III — Which One Would You Pick and Why?
sony_a7_iii_mirrorless_camera,1sn15b3,12,66,0.30262224872907,0.0,0.06773138948830733,0.04913345302892515,0.040224785278740516,0.5069120296023109,0.4982997020988753,0.4949506765062159,0.4979996681213379,0.7254645228385925,0.34378933906555176,0.30970627069473267,0.6673959493637085,0.6196327805519104,0,12,0.0,0.03315505152568221,1.0281838593329258,0.3085596505836507,0.8333333333333334,0.45454545454545453,0.4166666666666667,0.25,0.16666666666666666,0.25,0.3333333333333333,26.978772519643414,47.75,0.6620557673532126,3.0,2.0,1.3333333333333333,1.9473684210526316,0.0004415564496108952,0.0006581947673112154,0.000499781867256388,1.6446716320691241e-06,2.9731304493907373e-06,1.8359157934355607e-06,3.630462909616957e-05,8.181806333595887e-05,4.696685828093905e-05,2.2100931043193366e-05,3.3685977541608736e-05,2.527313718019286e-05,9.983977664281458e-05,0.00012981847976334393,0.00010726814143708908,7.95619992762416e-05,9.879059507511556e-05,9.155354055110366e-05,0.00011350140955023054,0.00016064016919396332,0.00012500774080876907,approval,Finally i made a decision ( almost)
sony_a7_iv_mirrorless_camera_with_28_70mm_lens,1sn15b3,12,66,0.30262224872907,0.0,0.06773138948830733,0.04913345302892515,0.040224785278740516,0.5069120625654856,0.4982997400291038,0.49495071985504846,0.4979996383190155,0.7254645228385925,0.34378936886787415,0.30970627069473267,0.6673959493637085,0.6196327805519104,0,12,0.0,0.03315505152568221,1.0281838593329258,0.3085596505836507,0.8333333333333334,0.45454545454545453,0.4166666666666667,0.25,0.16666666666666666,0.25,0.3333333333333333,26.978772519643414,47.75,0.6620557673532126,3.0,2.0,1.3333333333333333,1.9473684210526316,0.0004415564496108952,0.0006581947673112154,0.000499781867256388,1.6446716320691241e-06,2.9731304493907373e-06,1.8359157934355607e-06,3.630462909616957e-05,8.181806333595887e-05,4.696685828093905e-05,2.2100931043193366e-05,3.3685977541608736e-05,2.527313718019286e-05,9.983977664281458e-05,0.00012981847976334393,0.00010726814143708908,7.95619992762416e-05,9.879059507511556e-05,9.155354055110366e-05,0.00011350140955023054,0.00016064016919396332,0.00012500774080876907,approval,Finally i made a decision ( almost)
sony_a7_iv_mirrorless_camera_with_basic_bundle,1sn15b3,11,55,0.2977995682846416,0.0,0.07494144799721733,0.053793774630049376,0.04350044434688439,0.5084223140369762,0.4878539816899733,0.4897324421189048,0.49419379234313965,0.7254644632339478,0.35195931792259216,0.329253613948822,0.6673959493637085,0.6420550346374512,0,11,0.0,0.0315677115524357,1.0361987848192837,0.31096494277441616,0.8181818181818182,0.4,0.45454545454545453,0.2727272727272727,0.09090909090909091,0.2727272727272727,0.36363636363636365,27.333266142496196,48.0,0.6397147395052302,3.0,2.0,1.4,2.0,0.0004446496393277564,0.0006581947673112154,0.0005008013104088604,1.6588351999499453e-06,2.9731304493907373e-06,1.8401618717689416e-06,3.660130741164639e-05,8.181806333595887e-05,4.764655386679806e-05,2.2101179969137196e-05,3.3685977541608736e-05,2.53508951573167e-05,9.9742141504645e-05,0.00012981847976334393,0.000107774612843059,8.058482423869215e-05,9.879059507511556e-05,9.17471043067053e-05,0.00011422298794197118,0.00016064016919396332,0.0001252216760955586,neutral,Finally i made a decision ( almost)
sony_a7r_v_mirrorless_camera,1sn15b3,12,66,0.30262224872907,0.0,0.06773138948830733,0.04913345302892515,0.040224785278740516,0.5069120585015325,0.4982997400291038,0.49495071624264575,0.4979996383190155,0.7254645228385925,0.34378936886787415,0.30970627069473267,0.6673959493637085,0.6196327805519104,0,12,0.0,0.03315505152568221,1.0281838593329258,0.3085596505836507,0.8333333333333334,0.45454545454545453,0.4166666666666667,0.25,0.16666666666666666,0.25,0.3333333333333333,26.978772519643414,47.75,0.6620557673532126,3.0,2.0,1.3333333333333333,1.9473684210526316,0.0004415564496108952,0.0006581947673112154,0.000499781867256388,1.6446716320691241e-06,2.9731304493907373e-06,1.8359157934355607e-06,3.630462909616957e-05,8.181806333595887e-05,4.696685828093905e-05,2.2100931043193366e-05,3.3685977541608736e-05,2.527313718019286e-05,9.983977664281458e-05,0.00012981847976334393,0.00010726814143708908,7.95619992762416e-05,9.879059507511556e-05,9.155354055110366e-05,0.00011350140955023054,0.00016064016919396332,0.00012500774080876907,approval,Finally i made a decision ( almost)
sony_a7_iv_mirrorless_camera,2rxh9l,27,351,0.333332705956239,0.19230769230769232,0.04328808086815326,0.02740936632278758,0.022035776132964854,0.4917765256346461,0.4816231274621779,0.4801969909430229,0.48894810676574707,0.6299133896827698,0.21294640004634857,0.1881055384874344,0.6772257685661316,0.46626749634742737,1,26,0.037037037037037035,0.10317300991327674,2.0642383622434313,0.6194812941222794,0.9259259259259259,0.8846153846153846,0.18518518518518517,0.5555555555555556,0.1111111111111111,0.14814814814814814,0.18518518518518517,68.9795102875207,60.0,0.9595295094090979,5.0,2.4444444444444446,1.25,2.3333333333333335,0.01521278653160186,0.1929950714111328,0.04254828654229635,1.2056875915631179e-05,9.699101792648435e-05,3.895200134138576e-05,0.0039579367819694905,0.07068713009357452,0.0019472753861919019,0.0030816862295910985,0.07996048778295517,0.00044194769579917163,0.0023047805438249336,0.04538358747959137,0.0020295105641707774,0.0009822030761925918,0.012095729820430279,0.0012354464677628097,0.004258575006515935,0.04680760780077738,0.01400177122456321,desire,Sony a7 + Birding with manual focus
nikon_d850_dslr_camera,1c293te,192,18336,0.32840121883512197,0.273224043715847,0.0436154749737009,0.03473672408147811,0.03215195216276971,0.4726271300948831,0.46568564071529667,0.4638818925178332,0.4756174087524414,0.8287080526351929,0.2334788292646408,0.22288283705711365,0.8131262063980103,0.47506117820739746,21,171,0.109375,0.15913350841825982,1.94550244480734,0.5838484519382178,0.8020833333333334,0.7643979057591623,0.4375,0.2552083333333333,0.13541666666666666,0.125,0.484375,49.04642340992414,43.0,1.1478441363609746,10.0,3.2291666666666665,1.37,3.9556561085972852,0.07569571943016247,0.9760231971740723,0.17906773090362563,0.00024070512108664843,0.013975040055811405,6.593806247110479e-05,0.03675077063806498,0.9294370412826538,0.007004277268424648,0.008586281289306422,0.5316063165664673,0.00034214818442706045,0.025467356243098038,0.9571788311004639,0.012778467871248748,0.0007030902903200816,0.011703218333423138,0.0016014813096262527,0.02457398716867311,0.375232277874602,0.04657949594729873,neutral,Nikon jokes: why?
sony_a9_ii_mirrorless_camera,67x0ut,37,666,0.31926318909972906,0.15625,0.049512473826728264,0.03659893072732652,0.03187108835988832,0.501553911346573,0.5203872534247848,0.5081554865156924,0.5085425972938538,0.663409411907196,0.23522426187992096,0.22820010781288147,0.6318279504776001,0.4361109733581543,2,35,0.05405405405405406,0.06785218770036826,1.5905192781414634,0.47731742553155465,0.918918918918919,0.7222222222222222,0.5675675675675675,0.05405405405405406,0.24324324324324326,0.1891891891891892,0.5135135135135135,33.234760508582276,22.0,0.8079409584872169,6.0,2.7837837837837838,1.380952380952381,2.745614035087719,0.05000192698758297,0.9774935245513916,0.008099503442645066,0.0004929692683488709,0.017039654776453972,9.226759448210929e-06,0.04507551015268365,0.9525661468505859,0.0005439625761937335,0.00014496866095067016,0.0025374300312250853,0.0003783694759476928,0.018688667767147872,0.5772972702980042,0.0014763263170607364,0.0003954869751248987,0.007481975480914116,0.0005918856360949572,0.019133254968639823,0.4220706941947962,0.0018645947406033259,neutral,"Full Initial Sony a9 Review: Is the HYPE real? vs a7R II, Canon 1DX II, Nikon D5, D500"
canon_eos_r5_mirrorless_camera,a4vtbx,130,8385,0.32455326924248346,0.23015873015873015,0.04282768051137007,0.02772452511877193,0.022554962567908593,0.4787143816728285,0.48951559714710846,0.4802070097405781,0.48367786407470703,0.7366846203804016,0.2811729609966278,0.2555975615978241,0.8647767305374146,0.5515681505203247,7,123,0.05384615384615385,0.07000749045266555,1.5694411196071953,0.47099183582963094,0.8076923076923077,0.5736434108527132,0.5923076923076923,0.25384615384615383,0.08461538461538462,0.1,0.5615384615384615,58.87046255081359,61.25,0.8951064481410254,10.0,4.3538461538461535,1.5753424657534247,5.455573505654281,0.04838436312498883,0.9891799688339233,0.10515939891338334,0.0003519250758542442,0.04202646389603615,1.7585893147042932e-05,0.021411643996949493,0.9688705205917358,0.004044294264167547,0.000602068460753239,0.038603849709033966,0.00045035520743112934,0.02365203491314717,0.7206168174743652,0.04322673976421356,0.0003440438704833818,0.011453642509877682,0.0006869517150335011,0.015791013240362733,0.45550953276688233,0.028349465067215824,neutral,5 axis IBIS coming to next Canon EOS R series camera [CR2]
sony_a7r_v_mirrorless_camera,1n5gbvw,10,45,0.3334289163351059,0.5,0.07333947340394607,0.04576211961051893,0.03602371273461923,0.49777272674772477,0.4711351255575816,0.4737938755088382,0.48175710439682007,0.7039254307746887,0.23873202502727509,0.22876141965389252,0.5684216618537903,0.5379042029380798,1,9,0.1,0.107299530133605,0.5004024235381879,0.15017158220936364,1.0,0.4444444444444444,0.8,0.6,0.0,0.0,0.4,58.10542143380427,24.75,0.526317223132285,3.0,1.9,1.5,2.0625,0.0011187266238266603,0.006583846174180508,0.0014062851783819476,2.14301186360899e-06,4.50140623797779e-06,3.830182777164737e-06,9.943005934474059e-05,0.0005404350813478231,0.0001718510786304249,2.660562877281336e-05,5.6380122259724885e-05,3.49166974046966e-05,0.00030405032666749323,0.0019432498374953866,0.0004011204175185406,9.286918757425155e-05,0.00019895781588274986,0.0001606747959158383,0.00027397080634159463,0.001543373282477963,0.0003678744444035445,neutral,Stay with Nikon or switch?
ricoh_gr_iv_digital_camera,13xvka,8,28,0.3104487918317318,0.125,0.07593609339429387,0.04342071665708535,0.031834541681806876,0.5546789999519076,0.5493764334491321,0.5514341635363442,0.5494799017906189,0.599722146987915,0.507692813873291,0.47991013526916504,0.645781397819519,0.6545693874359131,1,7,0.125,0.13330149371176958,1.9061547465398496,0.572040143610401,0.625,1.0,0.25,0.375,0.25,0.125,0.25,35.4074497810842,12.5,0.504020637453156,4.0,1.875,1.0,1.5714285714285714,0.017109564436395885,0.1325910985469818,0.040615967160556446,1.6269118972900287e-05,0.00011446034477557987,3.740843490049881e-05,0.014582482377591077,0.11616850644350052,0.034999296689056776,5.989531359773537e-05,0.00026170280762016773,0.00012107960574212482,0.0014916072532287217,0.010966189205646515,0.0035195026779547317,0.00012725549549941206,0.00040031922981143,0.0002174694745917804,0.005564512332547622,0.043417046096389335,0.013251787340467057,neutral,Fuji X-100 vs Ricoh GR IV 
ricoh_gr_iv_hdf_digital_camera,13xvka,8,28,0.3104487918317318,0.125,0.07593609339429387,0.04342071665708535,0.031834541681806876,0.5546789765357971,0.5493764494146619,0.5514341571501323,0.5494799017906189,0.599722146987915,0.507692813873291,0.47991013526916504,0.645781397819519,0.6545693278312683,1,7,0.125,0.13330149371176958,1.9061547465398496,0.572040143610401,0.625,1.0,0.25,0.375,0.25,0.125,0.25,35.4074497810842,12.5,0.504020637453156,4.0,1.875,1.0,1.5714285714285714,0.017109564436395885,0.1325910985469818,0.040615967160556446,1.6269118972900287e-05,0.00011446034477557987,3.740843490049881e-05,0.014582482377591077,0.11616850644350052,0.034999296689056776,5.989531359773537e-05,0.00026170280762016773,0.00012107960574212482,0.0014916072532287217,0.010966189205646515,0.0035195026779547317,0.00012725549549941206,0.00040031922981143,0.0002174694745917804,0.005564512332547622,0.043417046096389335,0.013251787340467057,neutral,Fuji X-100 vs Ricoh GR IV 
ricoh_gr_iv_monochrome_digital_camera,13xvka,8,28,0.3104487918317318,0.125,0.07593609339429387,0.04342071665708535,0.031834541681806876,0.5546789744070598,0.5493764408997127,0.551434155021395,0.5494799017906189,0.599722146987915,0.507692813873291,0.47991013526916504,0.645781397819519,0.6545693278312683,1,7,0.125,0.13330149371176958,1.9061547465398496,0.572040143610401,0.625,1.0,0.25,0.375,0.25,0.125,0.25,35.4074497810842,12.5,0.504020637453156,4.0,1.875,1.0,1.5714285714285714,0.017109564436395885,0.1325910985469818,0.040615967160556446,1.6269118972900287e-05,0.00011446034477557987,3.740843490049881e-05,0.014582482377591077,0.11616850644350052,0.034999296689056776,5.989531359773537e-05,0.00026170280762016773,0.00012107960574212482,0.0014916072532287217,0.010966189205646515,0.0035195026779547317,0.00012725549549941206,0.00040031922981143,0.0002174694745917804,0.005564512332547622,0.043417046096389335,0.013251787340467057,neutral,Fuji X-100 vs Ricoh GR IV 
hasselblad_x2d_ii_100c_medium_format_mirrorless_camera,1slmrpr,11,55,0.30134476043961267,0.0,0.06631383131121212,0.06125926277905617,0.06098065296117011,0.4871423753825101,0.5386234619400718,0.5082827280868184,0.5066098570823669,0.643279492855072,0.16305343806743622,0.1499824970960617,0.32338303327560425,0.3022908866405487,1,10,0.09090909090909091,0.17703890055418015,1.6726254461503207,0.5019576202609413,0.8181818181818182,1.0,0.2727272727272727,0.45454545454545453,0.2727272727272727,0.0,0.2727272727272727,10.003305238893759,19.5,0.687727235173946,5.0,2.0,1.0,1.9090909090909092,0.0029143284350125627,0.02434951812028885,0.002303317654877901,1.920097526470437e-06,4.4488574530987535e-06,2.467790864102426e-06,5.6303922313170254e-05,0.00022032088600099087,7.723885209998116e-05,4.798671398020815e-05,0.00020374356245156378,7.194960926426575e-05,0.0007395323819681918,0.006612817291170359,0.0004062381631229073,0.00033663936615498227,0.002559178275987506,0.00041835970478132367,0.0006827851528259309,0.005658337832225395,0.0005365687870645767,optimism,Firmware update for the X2D II available
sony_a7_iii_mirrorless_camera,1mtpfnf,11,55,0.3145936510779641,0.09090909090909091,0.04682530535524131,0.04011365511535537,0.037909761445878175,0.5029034609144384,0.5037215135314248,0.491640629009767,0.48502063751220703,0.6813114285469055,0.36835381388664246,0.35991910099983215,0.6282092332839966,0.6036208868026733,0,11,0.0,0.06943117708645084,1.540305825226517,0.4622482865391504,1.0909090909090908,0.8,0.45454545454545453,0.36363636363636365,0.18181818181818182,0.09090909090909091,0.36363636363636365,42.69302302339379,32.5,1.2489980139822652,3.0,1.6363636363636365,1.25,1.375,0.004097103636013344,0.038356244564056396,0.0012746473075821996,9.677036866212967e-06,8.158807031577453e-05,7.249485406646272e-06,0.001099494304236776,0.01138810720294714,0.00025172188179567456,5.539257736844857e-05,0.0002882835688069463,7.569290028186515e-05,0.0002207865320749327,0.0010957729537039995,0.0002438788505969569,0.00015039321641035548,0.0007464371738024056,0.00012431055074557662,0.0009388078838283448,0.008659405588938776,0.0003044657735244982,neutral,"Choosing between Sony A6700, A7C II, and A7 III for Travel, Street, and Low-Light photography"
leica_d_lux_8_digital_camera,1nweb83,6,15,0.3106737285852432,0.0,0.0337477291718828,0.02773751740723585,0.026237174798050492,0.48578060070673623,0.4624502976735433,0.4574652830759684,0.45641571283340454,0.574083149433136,0.1620049625635147,0.04630010202527046,0.26633381843566895,0.4441392421722412,0,6,0.0,0.07841226396461327,1.7917594692280547,0.5377099345963751,0.6666666666666666,1.0,0.16666666666666666,0.16666666666666666,0.0,0.3333333333333333,0.5,129.78657694675346,27.5,1.6568499184691932,4.0,2.3333333333333335,1.3333333333333333,1.8,0.01569847052451223,0.09068524837493896,0.04614860436413437,7.505072706711265e-06,3.4863402106566355e-05,1.9005783315151348e-05,0.001026874625495111,0.005921967327594757,0.0029975022007420193,0.0003247863651267835,0.0017063494306057692,0.0009319817690993659,0.00315443992682655,0.01826002635061741,0.009262888663215563,0.0002917656844753462,0.0012811102205887437,0.000699508011166472,0.0034173070331904552,0.019648260851075367,0.010007558182527038,disapproval,Leica D LUX 8 image quality?
hasselblad_x2d_ii_100c_medium_format_mirrorless_camera,18cz6py,185,17020,0.32175689099765403,0.21341463414634146,0.04102983951799528,0.03025099896397646,0.026634813468579214,0.47147409829774,0.4604415618128348,0.45906841811996507,0.46435320377349854,0.8843058943748474,0.1457281857728958,0.1105775535106659,0.8248761296272278,0.3857627809047699,17,168,0.0918918918918919,0.1280955892005885,1.535888867838667,0.46092275043403974,0.8918918918918919,0.5869565217391305,0.6108108108108108,0.24864864864864866,0.07027027027027027,0.2,0.4810810810810811,83.45599068551172,60.0,1.392689723689308,10.0,3.3783783783783785,1.4646464646464648,4.260064412238325,0.02746806077335055,0.9780830144882202,0.013938048295676705,0.00011556690549671633,0.01919850893318653,9.221951040672135e-06,0.008514453722946692,0.9622206687927246,0.0005198584403842683,0.005453195478293236,0.6938040256500244,0.00022468031093012537,0.011277735683157713,0.5990588665008545,0.0010705436114221798,0.0004905762099755324,0.03532921522855759,0.0004615041834767908,0.008886598128870072,0.41273575493444997,0.0029996452673306815,neutral,What’s the intended use for medium format digital cameras like Fuji and Hasselblad?
ricoh_gr_iiix_hdf_digital_camera,1rgaf2r,5,10,0.3210916042327881,0.0,0.051739787975732046,0.05260531485855431,0.057948910258665054,0.4086379885673523,0.4664476037025452,0.4340618163347244,0.45908500254154205,0.5809924602508545,0.19054576754570007,0.22042444348335266,0.19054576754570007,0.3283936679363251,1,4,0.2,0.18686073571443557,0.9502705392332347,0.28517773633985943,0.8,0.75,0.6,0.2,0.2,0.2,0.4,22.747307532980688,50.0,0.8616404368553291,2.0,1.4,2.0,1.3333333333333333,0.003578076034318656,0.015780368819832802,0.009795321174897254,6.41297942820529e-06,2.5683175408630632e-05,1.6174091706488982e-05,0.001893061191731249,0.009309027343988419,0.005608368992398028,4.864885049755685e-05,0.0001576931681483984,0.00010499698182684371,0.0005110288911964744,0.0020870384760200977,0.0013181318296119574,0.00013377108698477968,0.00035233647213317454,0.0002488133060978726,0.0010284998390261535,0.004618691242588587,0.002847896350408519,neutral,"Looking for a travel camera . Fujifilm X-S20, Sony a6400, or Ricoh GR III?"
ricoh_gr_iv_hdf_digital_camera,1rgaf2r,5,10,0.3210916042327881,0.0,0.051739787975732046,0.05260531485855431,0.057948910258665054,0.4086380064487457,0.46644756495952605,0.434061798453331,0.4590849280357361,0.5809923410415649,0.19054576754570007,0.22042448818683624,0.19054576754570007,0.3283935785293579,1,4,0.2,0.18686073571443557,0.9502705392332347,0.28517773633985943,0.8,0.75,0.6,0.2,0.2,0.2,0.4,22.747307532980688,50.0,0.8616404368553291,2.0,1.4,2.0,1.3333333333333333,0.003578076034318656,0.015780368819832802,0.009795321174897254,6.41297942820529e-06,2.5683175408630632e-05,1.6174091706488982e-05,0.001893061191731249,0.009309027343988419,0.005608368992398028,4.864885049755685e-05,0.0001576931681483984,0.00010499698182684371,0.0005110288911964744,0.0020870384760200977,0.0013181318296119574,0.00013377108698477968,0.00035233647213317454,0.0002488133060978726,0.0010284998390261535,0.004618691242588587,0.002847896350408519,neutral,"Looking for a travel camera . Fujifilm X-S20, Sony a6400, or Ricoh GR III?"
ricoh_gr_iv_monochrome_digital_camera,1rgaf2r,5,10,0.3210916042327881,0.0,0.051739787975732046,0.05260531485855431,0.057948910258665054,0.4086379915475845,0.466447576880455,0.4340618014335632,0.45908497273921967,0.5809923410415649,0.19054575264453888,0.22042441368103027,0.19054575264453888,0.3283935785293579,1,4,0.2,0.18686073571443557,0.9502705392332347,0.28517773633985943,0.8,0.75,0.6,0.2,0.2,0.2,0.4,22.747307532980688,50.0,0.8616404368553291,2.0,1.4,2.0,1.3333333333333333,0.003578076034318656,0.015780368819832802,0.009795321174897254,6.41297942820529e-06,2.5683175408630632e-05,1.6174091706488982e-05,0.001893061191731249,0.009309027343988419,0.005608368992398028,4.864885049755685e-05,0.0001576931681483984,0.00010499698182684371,0.0005110288911964744,0.0020870384760200977,0.0013181318296119574,0.00013377108698477968,0.00035233647213317454,0.0002488133060978726,0.0010284998390261535,0.004618691242588587,0.002847896350408519,neutral,"Looking for a travel camera . Fujifilm X-S20, Sony a6400, or Ricoh GR III?"
sony_a7_iv_mirrorless_camera_with_28_70mm_lens,1chyeyc,1,0,,,0.0,0.0,0.0,0.0,0.0,0.0,0.0,0.0,0.0,0.0,0.0,0.0,0,1,0.0,0.12881381809711456,-0.0,0.0,1.0,0.0,1.0,1.0,0.0,0.0,0.0,0.0,0.0,0.0,1.0,1.0,0.0,0.0,0.0004466032260097563,0.0004466032260097563,0.0004466032260097563,1.1377121609257301e-06,1.1377121609257301e-06,1.1377121609257301e-06,2.0151532226009294e-05,2.0151532226009294e-05,2.0151532226009294e-05,2.019674502662383e-05,2.019674502662383e-05,2.019674502662383e-05,0.0001168455564766191,0.0001168455564766191,0.0001168455564766191,8.036663348320872e-05,8.036663348320872e-05,8.036663348320872e-05,0.0001142169008971905,0.0001142169008971905,0.0001142169008971905,gratitude,"Sony a7 IV Mirrorless Camera with 28-70mm Lens: 33MP Full-Frame Exmor R CMOS Sensor, 4K 60p Video in 10-Bit, S-Cinetone, 3.68m-Dot EVF with 120 fps Refresh Rate - for $2,286.00 after $412.99 off"
ricoh_gr_iv_digital_camera,1lt0yq3,45,990,0.30444240059171407,0.05714285714285714,0.05172280557261632,0.03331666389121855,0.02677766104583048,0.488707076630207,0.5006262483018817,0.4892393273235571,0.4943133294582367,0.8066832423210144,0.31057003140449524,0.29970377683639526,0.7756387591362,0.589056670665741,10,35,0.2222222222222222,0.23212191083778938,1.968693208504935,0.5908080378900342,0.7555555555555555,0.7045454545454546,0.4,0.4888888888888889,0.15555555555555556,0.13333333333333333,0.2222222222222222,49.665170248399114,57.0,0.8767880192930404,10.0,2.311111111111111,1.0769230769230769,3.6333333333333333,0.011575381082042844,0.34711921215057373,0.005428898520767691,4.343407514776724e-06,7.39825627533719e-05,5.815890108351599e-06,0.0009526129345128235,0.03679429739713669,0.00017048123118001979,0.00015417337943088367,0.001722262124530971,0.0002390939684119079,0.005673885925757026,0.23808088898658752,0.00037680629175156376,0.00014644610055256635,0.0009799270192161202,0.0002327744674403221,0.0030844738049684863,0.09824329463663162,0.00127641098578503,neutral,SONY RX100 VII vs FUJIFILM X100F vs RICOH GR IIIx - Which is best for long-term?
sony_rx100_vii_digital_camera_with_basic_bundle,1lt0yq3,45,990,0.30444240059171407,0.05714285714285714,0.05172280557261632,0.03331666389121855,0.02677766104583048,0.4887070771720674,0.500626247820228,0.48923932726335045,0.4943133294582367,0.8066832423210144,0.31057003140449524,0.29970377683639526,0.7756387591362,0.589056670665741,10,35,0.2222222222222222,0.23212191083778938,1.968693208504935,0.5908080378900342,0.7555555555555555,0.7045454545454546,0.4,0.4888888888888889,0.15555555555555556,0.13333333333333333,0.2222222222222222,49.665170248399114,57.0,0.8767880192930404,10.0,2.311111111111111,1.0769230769230769,3.6333333333333333,0.011575381155125797,0.34711921215057373,0.005428900197148325,4.343407790151509e-06,7.39825627533719e-05,5.815890108351599e-06,0.0009526129345936675,0.03679429739713669,0.00017048123118001979,0.00015417340869640207,0.0017222637543454766,0.0002390939684119079,0.005673885922846643,0.23808088898658752,0.00037680629175156376,0.00014644610734346013,0.0009799270192161202,0.0002327744674403221,0.003084473822732686,0.09824329463663162,0.0012764113857201666,neutral,SONY RX100 VII vs FUJIFILM X100F vs RICOH GR IIIx - Which is best for long-term?
sony_a9_ii_mirrorless_camera,1shuwzy,12,66,0.30487600962320965,0.0,0.048287527233959064,0.03182023199310502,0.02604566189871021,0.49379422199545486,0.4870939597939,0.4811268037918842,0.48705853521823883,0.6022054553031921,0.2007032334804535,0.18440771102905273,0.47083649039268494,0.4404642581939697,4,8,0.3333333333333333,0.31138915646200377,1.6987829895138011,0.5098075416218919,0.9166666666666666,0.9090909090909091,0.4166666666666667,0.5833333333333334,0.16666666666666666,0.08333333333333333,0.16666666666666666,59.26400443964466,20.0,1.2012973872900943,10.0,4.833333333333333,1.0,3.608695652173913,0.0006247813386532167,0.0012683661188930273,0.0009630999178625644,1.9663178818518645e-06,3.914246008207556e-06,3.691801430250053e-06,5.453245482082517e-05,0.00014319444017019123,8.369013376068324e-05,3.7507384149648715e-05,0.00016384014452341944,4.284030765120406e-05,0.00013642525300383568,0.00029959663515910506,0.00016253139765467494,8.906696105744534e-05,0.0001620020775590092,0.00010892568898270839,0.0001573799515944706,0.0003048609843669207,0.0002557992695263541,neutral,A growing family.
sony_a7_iv_mirrorless_camera,1xinda,47,1081,0.3122245392134023,0.11627906976744186,0.050491060410797726,0.0355926525603523,0.030543036726237156,0.49059226502432635,0.5108081798631763,0.495822769144307,0.5049706101417542,0.9999999403953552,0.22888995707035065,0.19573180377483368,0.7750098705291748,0.5013629794120789,6,41,0.1276595744680851,0.17676357663375267,2.033526615287114,0.6102646488465959,0.9574468085106383,0.8478260869565217,0.2765957446808511,0.425531914893617,0.1276595744680851,0.19148936170212766,0.2553191489361702,83.48052851964596,33.0,1.7126079617736187,5.0,2.276595744680851,1.1923076923076923,1.9473684210526316,0.004360668551909955,0.09459517896175385,0.0023725246544927356,4.9842618249811575e-06,7.550280133727938e-05,4.4476369112089725e-06,0.0020585148296881827,0.07023749500513077,0.00014452813775278625,6.236978813521613e-05,0.0004558446235023439,0.00014722764317411923,0.0005884057661998978,0.010597213171422482,0.0003638202033471315,0.00012278530351629363,0.0006944837514311075,0.00019608730799518525,0.0011996214168790878,0.029442619719096303,0.0005177384023227205,neutral,Sony A7 Week 7 update
canon_eos_r5_mirrorless_camera,1nw8706,1,0,0.3329234719276428,0.0,0.0,0.0,0.0,0.0,0.0,0.0,0.0,0.0,0.0,0.0,0.0,0.0,0,1,0.0,0.017636233940720558,-0.0,0.0,1.0,0.0,1.0,0.0,0.0,1.0,0.0,0.0,0.0,0.0,1.0,1.0,0.0,0.0,0.0006681968225166202,0.0006681968225166202,0.0006681968225166202,2.125534138031071e-06,2.125534138031071e-06,2.125534138031071e-06,4.082638770341873e-05,4.082638770341873e-05,4.082638770341873e-05,6.936707359272987e-05,6.936707359272987e-05,6.936707359272987e-05,0.00011585767788346857,0.00011585767788346857,0.00011585767788346857,9.31433605728671e-05,9.31433605728671e-05,9.31433605728671e-05,0.00016491947606785592,0.00016491947606785592,0.00016491947606785592,neutral,Photos not turning out the same when you see them vs when you shoot them
sony_a7_iv_mirrorless_camera_with_28_70mm_lens,t43uor,4,6,0.30393362045288086,0.0,0.04125952141665109,0.028022886870492997,0.022269489070226273,0.47937734921773273,0.5127828071514765,0.49430377781391144,0.4894229918718338,0.5526681542396545,0.5678685307502747,0.5859399437904358,0.5678685307502747,0.7533938884735107,0,4,0.0,0.029028352815657854,0.5623351446188083,0.16875769266311968,0.5,0.6666666666666666,0.75,0.5,0.25,0.0,0.25,27.123559869604136,40.75,0.4696720323740976,1.0,1.0,0.0,0.0,0.001191034447401762,0.0035278794821351767,0.002604133830755018,1.9659978249819687e-06,3.614084334913059e-06,3.0010684440640038e-06,0.00012050422674292349,0.00038890549330972135,0.00028286214546824345,3.0237104965635808e-05,6.252789171412587e-05,5.117784203321208e-05,0.0002473255317454459,0.0006727604195475578,0.0005031452375988011,8.615267142886296e-05,0.0001215060765389353,0.00010921038337983192,0.000279536663351602,0.0007961989079300716,0.0005919924280002913,neutral,Finally I went ahead and bought my first camera A7IV with kit lens (28-70mm) f3.5-5.5.Now i have to save up for good lens please suggest me some for astro photography
sony_a7_iii_mirrorless_camera,ja6mnv,4,6,0.29567793011665344,0.0,0.060691862918895334,0.0382339908857229,0.030307503997631397,0.48903490602970123,0.5876220067342123,0.5323772976795832,0.5407164692878723,0.5631808638572693,0.5200758576393127,0.5011497735977173,0.5200758576393127,0.6448869705200195,1,3,0.25,0.2589936717413366,1.3862943611198906,0.4160291953530189,0.5,1.0,0.25,0.75,0.0,0.0,0.25,42.522788008313846,59.75,0.821696386634084,3.0,1.75,1.0,1.3333333333333333,0.0006080772800487466,0.0010868277167901397,0.0009244712651707233,1.882575816125609e-06,2.867257308025728e-06,2.5021363740052043e-06,4.978606830263743e-05,8.836356573738158e-05,7.434327962982936e-05,3.679605879369774e-05,8.24979433673434e-05,6.463725640060149e-05,0.0001181065908895107,0.0001460724597563967,0.0001431669865269214,8.756801435083617e-05,0.00011649689258774742,0.00010793341862154194,0.0001503694313669257,0.00025385430592450575,0.0002187402260005911,joy,"Sony A7 III, A7 IV or Nikon Z5"
leica_d_lux_8_digital_camera,1drqpj1,2,1,0.3095913827419281,0.0,0.009396232525995606,0.007493356632324915,0.0067078869974133825,0.36165398359298706,0.5875910520553589,0.447733998298645,0.447733998298645,0.447733998298645,0.08282048255205154,0.08282048255205154,0.08282048255205154,0.08282048255205154,1,1,0.5,0.4866305775940418,0.6931471805599453,0.20801459767650946,1.0,1.0,0.5,0.0,0.0,0.5,0.5,42.0,42.0,0.8235294117647058,2.0,1.5,1.0,1.0,0.0005147748306626454,0.0005997032858431339,0.0005827175948070362,1.5139061702029721e-06,1.7704396668705158e-06,1.719132967537007e-06,3.4118269468308426e-05,3.561258199624717e-05,3.5313719490659426e-05,2.3667306777497288e-05,2.4231763745774515e-05,2.411887235211907e-05,0.00011384289609850384,0.00013492314610630274,0.00013070709610474296,7.964569158502854e-05,8.523385622538626e-05,8.411622329731473e-05,0.0001279271501270311,0.0001463288969224171,0.00014264854756333988,confusion,Is it possible to do a manual focus on this camera or would it be digital?
canon_eos_r5_mirrorless_camera,g79lkk,158,12403,0.3163224818377659,0.15862068965517243,0.04477475142631543,0.032077488925989196,0.027643288873279208,0.48850383379402096,0.4899358316555548,0.4848285981395461,0.4897861182689667,0.9999998807907104,0.21550272405147552,0.19437570869922638,0.8299356698989868,0.4328131675720215,7,151,0.04430379746835443,0.0790361743243529,2.0849407476394624,0.6256941136934715,0.8734177215189873,0.7452229299363057,0.46835443037974683,0.21518987341772153,0.13291139240506328,0.10126582278481013,0.5506329113924051,48.20799950372613,55.75,0.983074847907683,10.0,3.7531645569620253,1.736842105263158,5.0079533404029695,0.02732986263389982,0.8450146913528442,0.0022840242832899175,2.8580010642092965e-05,0.002030183095484972,3.950957534470948e-06,0.018618228079952743,0.790814995765686,0.00016521360666956782,0.0011979878267993627,0.0702861025929451,9.988375750253923e-05,0.004858088135756876,0.5208102464675903,0.000310050608823076,0.00018824614270198265,0.0032225484028458595,0.00019567449780879558,0.008703498804958812,0.2889899733030082,0.0005181615239810843,neutral,Canon EOS R5: The long game ends with a big leap
canon_eos_r5_mirrorless_camera,1p8zpgx,6,15,0.3087829500436783,0.0,0.05538826966055653,0.03205262439446059,0.0240037801073842,0.47903262376785277,0.5123412589232127,0.4922190229098002,0.4938013255596161,0.5753125548362732,0.28124627470970154,0.19249959290027618,0.37526071071624756,0.5267722606658936,1,5,0.16666666666666666,0.16566718990604082,1.329661348854758,0.39903353614536874,1.0,1.0,0.3333333333333333,0.5,0.0,0.16666666666666666,0.3333333333333333,28.88867521288499,26.25,0.460989498077952,3.0,1.6666666666666667,1.0,1.25,0.0004644179910731812,0.0006867340416647494,0.0005677514272974804,1.5425279684677662e-06,1.7484738918938092e-06,1.7261431821680162e-06,3.572373104058594e-05,5.066045923740603e-05,4.626588452083524e-05,2.107598569030718e-05,2.8133821615483612e-05,2.4948144528025296e-05,0.00010905141728774954,0.00015081714082043618,0.0001281211916648317,7.121061328992558e-05,7.508348789997399e-05,7.446679956046864e-05,0.0001171703777250362,0.0001653165645052468,0.000139384791585447,neutral,Looking for a way to generate a profile for transparency scans made with the Canon R5
sony_a7_iv_mirrorless_camera,1f4nktr,1,0,0.3045378029346466,0.0,0.0,0.0,0.0,0.0,0.0,0.0,0.0,0.0,0.0,0.0,0.0,0.0,0,1,0.0,0.04280303418636322,-0.0,0.0,0.0,0.0,1.0,0.0,1.0,0.0,0.0,0.0,0.0,0.0,1.0,1.0,0.0,0.0,0.0005544548039324582,0.0005544548039324582,0.0005544548039324582,1.428113023393962e-06,1.428113023393962e-06,1.428113023393962e-06,3.670955993584357e-05,3.670955993584357e-05,3.670955993584357e-05,2.0929775928379968e-05,2.0929775928379968e-05,2.0929775928379968e-05,0.0001367474760627374,0.0001367474760627374,0.0001367474760627374,7.355365960393101e-05,7.355365960393101e-05,7.355365960393101e-05,0.000137303898081124,0.000137303898081124,0.000137303898081124,confusion,"Would you agree that the Sony A7 series, especially the III, have become a spark for the current camera market?"
sony_a7r_v_mirrorless_camera,1f4nktr,1,0,0.3045378029346466,0.0,0.0,0.0,0.0,0.0,0.0,0.0,0.0,0.0,0.0,0.0,0.0,0.0,0,1,0.0,0.04280303418636322,-0.0,0.0,0.0,0.0,1.0,0.0,1.0,0.0,0.0,0.0,0.0,0.0,1.0,1.0,0.0,0.0,0.0005544548039324582,0.0005544548039324582,0.0005544548039324582,1.428113023393962e-06,1.428113023393962e-06,1.428113023393962e-06,3.670955993584357e-05,3.670955993584357e-05,3.670955993584357e-05,2.0929775928379968e-05,2.0929775928379968e-05,2.0929775928379968e-05,0.0001367474760627374,0.0001367474760627374,0.0001367474760627374,7.355365960393101e-05,7.355365960393101e-05,7.355365960393101e-05,0.000137303898081124,0.000137303898081124,0.000137303898081124,confusion,"Would you agree that the Sony A7 series, especially the III, have become a spark for the current camera market?"
sony_a7r_v_mirrorless_camera,1sn7til,2,1,0.30889320373535156,0.0,0.08619069641909696,0.05583281118977909,0.03786678805863356,0.6023149490356445,0.5284610986709595,0.5629762411117554,0.5629762411117554,0.5629762411117554,0.6036369204521179,0.6036369204521179,0.6036369204521179,0.6036369204521179,0,2,0.0,0.02749617025256157,0.6931471805599453,0.20801459767650946,0.5,1.0,0.5,0.5,0.0,0.0,0.5,30.5,30.5,0.2863849765258216,2.0,1.5,1.0,1.0,0.00039568280044477433,0.00041813007555902004,0.0004136406205361709,1.4572029272130749e-06,1.5437296951859025e-06,1.526424341591337e-06,3.523231134749949e-05,3.813920557149686e-05,3.755782672669739e-05,1.8442653527017683e-05,1.9446943042567e-05,1.9246085139457135e-05,0.0001049895363394171,0.00010529613791732118,0.00010523481760174035,6.56661723041907e-05,6.840721471235156e-05,6.785900623071939e-05,0.00010357844614835207,0.00010839168389035574,0.000107429036341955,neutral,Some interesting recent rumours (Mainly 3rd party and Sony)
ricoh_gr_iv_hdf_digital_camera,29m5nl,7,21,0.30259078244368237,0.0,0.028708881478845587,0.022799774096345232,0.02118778494796351,0.4757719863028753,0.4951122814700717,0.4794850931281135,0.4768992066383362,0.6029117107391357,0.313607782125473,0.3222314417362213,0.4379335939884186,0.4619821310043335,0,7,0.0,0.05026370473206043,0.9556998911125343,0.286807093680539,0.5714285714285714,0.8333333333333334,0.5714285714285714,0.2857142857142857,0.0,0.2857142857142857,0.42857142857142855,66.8916272482466,48.0,1.1794493469464138,2.0,1.1428571428571428,1.0,1.0,0.0035717483925899224,0.01993768848478794,0.00924992472864688,6.378483395305271e-06,3.323168130009435e-05,1.5039700156194169e-05,0.00034825926689206554,0.002132176421582699,0.0009135053827776581,4.48782372716648e-05,0.00012345412687864155,9.300854871980847e-05,0.0002963951857444564,0.0010228597093373537,0.0007010609668213876,0.0002656064347580208,0.0010988634312525392,0.0006353524979203942,0.0007555443334419058,0.004058045642523211,0.001913956940552454,neutral,500 bucks to spend on a used camera
leica_d_lux_8_digital_camera,1pvahuu,10,45,0.30504133701324465,0.0,0.06258245138084148,0.05039225882906641,0.04398846756624282,0.51110005180041,0.4842717515097724,0.48758263654179046,0.4741519093513489,0.7443238496780396,0.23971623182296753,0.20282383263111115,0.49228566884994507,0.4913228750228882,0,10,0.0,0.09744814112782478,1.2206072645530175,0.3663062278517951,1.0,1.0,0.5,0.8,0.0,0.2,0.0,108.36055555413141,31.0,1.785182134334949,4.0,1.9,1.0,1.4444444444444444,0.002645514818141237,0.021502196788787842,0.0030301196034997627,4.595971290655143e-06,2.9427461413433775e-05,6.250125011320042e-06,0.0013540845000534318,0.013091222383081913,0.0014427919450099532,4.0350407562073085e-05,0.00018451832875143737,5.0423142238287204e-05,0.00033927457116078585,0.0023478397633880377,0.0003867300169076763,0.00010316720217815601,0.00028516646125353873,0.00014066648436710232,0.0007478312450643898,0.006240061864446034,0.0008212882797920408,gratitude,"Camera recommendation for a total newbie, that wants to start fotography for an upcoming semester abroad in japan"
kodak_pixpro_fz55_digital_camera_red,1az5fy4,2,1,0.29758429527282715,0.0,0.033841092800306644,0.031020039580725474,0.03018610587795633,0.32211971282958984,0.4246833920478821,0.3663586378097534,0.3663586378097534,0.3663586378097534,0.19148044288158417,0.19148044288158417,0.19148044288158417,0.19148044288158417,0,2,0.0,0.06395602412521839,0.6931471805599453,0.20801459767650946,1.0,1.0,0.5,0.5,0.0,0.5,0.0,3.5,3.5,0.30434782608695654,2.0,1.5,1.0,1.0,0.05458983736752998,0.10881730169057846,0.09797180882596877,9.099226474518218e-05,0.0001806368527468294,0.00016270793514649995,0.03153007089167659,0.06303231418132782,0.056731865523397575,9.374046658194857e-05,0.00016980439249891788,0.000154591607315524,0.0032705323246773332,0.006446575280278921,0.0058113666891586035,0.00036111045847064815,0.0006586239323951304,0.000599121237610234,0.014989380628946947,0.029884209388304345,0.026905243636432864,neutral,Username suggestions?
sony_a7r_v_mirrorless_camera,ao1vjh,53,1378,0.3293635942498032,0.3469387755102041,0.045622958248338834,0.030479979392693667,0.025254109327350914,0.4965053705068735,0.5173823591673149,0.5016893731924896,0.5015107989311218,0.7184058427810669,0.237152099609375,0.23080232739448547,0.7379459142684937,0.4453260898590088,7,46,0.1320754716981132,0.14808751786795427,2.3209147329917053,0.6965102909814122,0.8679245283018868,0.8076923076923077,0.32075471698113206,0.3018867924528302,0.18867924528301888,0.018867924528301886,0.49056603773584906,82.51546776690003,57.0,1.271313892920262,10.0,4.433962264150943,1.303030303030303,5.258139534883721,0.10046239261227695,0.9492582082748413,0.35818180739879557,0.00047948961238669755,0.00793803483247757,0.00018549091764725727,0.08270493092167494,0.9040765166282654,0.20967792868614157,0.0003664874710801018,0.01395117025822401,0.00038476632907986593,0.030957536082187632,0.33387166261672974,0.1746581226587291,0.0005483437688661001,0.00565902516245842,0.000785764213651418,0.03591986341141207,0.3485289356322028,0.11207851398503396,neutral,"Real Life Comparison of the Sony a7R III, the Nikon Z 7, and the Canon EOS R"
sony_a9_ii_mirrorless_camera,6dcgyl,21,210,0.3120118021965027,0.2,0.0606814700315762,0.051460884144622576,0.04787445389060781,0.48790338990234194,0.49393964253720785,0.48624611567883264,0.49357420206069946,0.7573594450950623,0.17787958681583405,0.13000334799289703,0.685393214225769,0.4598734974861145,1,20,0.047619047619047616,0.13882766983338765,1.0441868483113734,0.313362173636957,0.9523809523809523,0.5,0.7142857142857143,0.09523809523809523,0.0,0.19047619047619047,0.7142857142857143,12.779838146023163,20.0,0.7137675560278894,4.0,2.3333333333333335,1.4545454545454546,2.0,0.004529510019069892,0.04172413796186447,0.00996874924749136,2.9316945041760585e-06,1.4295328583102673e-05,7.3693513513717335e-06,0.00024225271737945842,0.0025300916749984026,0.00044836796587333083,4.767060982842286e-05,0.0003198274062015116,8.772556611802429e-05,0.001846595227626884,0.021001560613512993,0.0012213523732498288,0.00020911022944520007,0.0011443326948210597,0.0006295443745329976,0.0011463450829756723,0.010902202376504041,0.0021388255626485866,neutral,Sony a9 camera in stock everywhere
canon_eos_rebel_t7_dslr_with_18_55mm_and_75_300mm_lenses,1eww0sd,42,861,0.30075255249227795,0.07142857142857142,0.05643784653210659,0.040358260618629516,0.03439849051550921,0.512766773952009,0.515129770378341,0.5093409821616094,0.5157260894775391,0.7245394587516785,0.37051522731781006,0.37605810165405273,0.7423630952835083,0.5968914031982422,4,38,0.09523809523809523,0.12738393185039362,0.6000679395533746,0.18008136587085516,0.9047619047619048,0.2926829268292683,0.8571428571428571,0.30952380952380953,0.07142857142857142,0.09523809523809523,0.5238095238095238,50.99764344740067,35.5,1.1873065547621,3.0,1.2380952380952381,1.3333333333333333,1.8888888888888888,0.05642833015216248,0.9861363172531128,0.021600998844951366,0.0008973528214824,0.034263428300619125,6.484333425760269e-06,0.04257163424669367,0.9184519052505493,0.0004505551143665794,0.00020081277467570978,0.0029377492610365152,0.0005203188426094127,0.033448506429912025,0.7607461214065552,0.0032877707271836655,0.0011988157691251086,0.03820795938372612,0.0004505447694100438,0.022457575365675234,0.4567905801425998,0.0044063588160497555,neutral,Flying with my DSLR
canon_eos_rebel_t7_dslr_camera_with_18_55mm_lens,1l75geh,5,10,0.3243403434753418,0.2,0.05057437685191981,0.026602867445422833,0.01801478113939222,0.49551678001880645,0.5460861265659332,0.5161965042352676,0.529443085193634,0.5519524812698364,0.43955278396606445,0.4514296352863312,0.43955278396606445,0.5748916864395142,0,5,0.0,0.034152781777083877,0.9502705392332347,0.28517773633985943,1.0,0.75,0.6,0.6,0.0,0.0,0.4,63.834160133896965,118.0,0.701474287185681,3.0,1.6,1.0,1.3333333333333333,0.0017032928008120507,0.0067189522087574005,0.004228115384466947,4.048012579005445e-06,1.3958338058728259e-05,9.216423404723174e-06,6.749438325641677e-05,0.0001908459234982729,0.0001327546255197376,3.766323316085618e-05,9.48068845900707e-05,7.098325731931255e-05,0.0002308489376446232,0.0007062985096126795,0.00047225979797076444,0.0007102743365976494,0.0032566695008426905,0.00199116898002103,0.00045893695067510023,0.0018302552275599737,0.001149168378939673,neutral,Help with first time camera for sports photography
canon_eos_rebel_t7_dslr_with_18_55mm_and_75_300mm_lenses,1l75geh,5,10,0.3243403434753418,0.2,0.05057437685191981,0.026602867445422833,0.01801478113939222,0.4955167889595032,0.5460861265659332,0.5161965072154999,0.5294430553913116,0.5519524812698364,0.43955278396606445,0.45142966508865356,0.43955284357070923,0.5748918056488037,0,5,0.0,0.034152781777083877,0.9502705392332347,0.28517773633985943,1.0,0.75,0.6,0.6,0.0,0.0,0.4,63.834160133896965,118.0,0.701474287185681,3.0,1.6,1.0,1.3333333333333333,0.0017032927193213255,0.0067189522087574005,0.004228115384466947,4.048012579005445e-06,1.3958338058728259e-05,9.216423404723174e-06,6.749438325641677e-05,0.0001908459234982729,0.0001327546255197376,3.766324080061168e-05,9.48068845900707e-05,7.098325731931255e-05,0.00023084891872713343,0.0007062985096126795,0.0004722597601357848,0.0007102743482391815,0.0032566695008426905,0.00199116898002103,0.00045893693715394566,0.0018302552275599737,0.001149168378939673,neutral,Help with first time camera for sports photography
kodak_pixpro_fz55_digital_camera_black,17lro8m,9,36,0.33269205689430237,0.25,0.04024656487277637,0.03418928680569659,0.03280105805401237,0.510570291015837,0.46809013353453743,0.4791514583759838,0.5085881352424622,0.598008930683136,0.2441171556711197,0.25368425250053406,0.4566471576690674,0.44618403911590576,1,8,0.1111111111111111,0.15805288735363218,1.3030924037617193,0.3910601524554098,0.6666666666666666,0.625,0.5555555555555556,0.3333333333333333,0.0,0.1111111111111111,0.5555555555555556,37.65043898224237,40.0,0.8964390233867231,3.0,1.4444444444444444,1.0,1.25,0.11340663277789848,0.983062744140625,0.2218823671340944,0.00038084015115044976,0.0034098592586815357,0.0006854839357401949,0.08093713170637784,0.7276458740234375,0.14585703781340284,0.00012353419576053662,0.0006808835896663368,0.0002533725812099875,0.0976907136541235,0.8669100403785706,0.1822979591786863,0.0005208827885023007,0.0036057354882359505,0.0011009130161255603,0.04884328921230218,0.43088585614653613,0.09201285560987654,neutral,Point and Shoot
sony_rx100_vii_digital_camera_with_basic_bundle,1s2kunm,5,10,0.31682971119880676,0.0,0.04261550850973687,0.03331483169687448,0.029626904063511133,0.43805142045021056,0.5538471341133118,0.4673574507236481,0.46351855993270874,0.6632112860679626,0.20626401901245117,0.12374551594257355,0.20626401901245117,0.370730459690094,1,4,0.2,0.243634495139122,1.3321790402101223,0.399789099421175,1.0,1.0,0.4,1.0,0.0,0.0,0.0,42.56477416831904,78.0,0.9945040693532486,3.0,1.8,1.0,1.25,0.0004629105213098228,0.0005086544551886618,0.0004924697801470757,1.4694347100885353e-06,1.9222118226025486e-06,1.7576064692548243e-06,3.144332804367877e-05,3.6727346014231443e-05,3.594824229367077e-05,2.2430943499784916e-05,2.736448914220091e-05,2.5839461522991768e-05,0.00011110427876701579,0.00012513210822362453,0.00012318726803641766,7.539915677625685e-05,9.328281885245815e-05,8.616214181529358e-05,0.0001174596105177746,0.00012619252633309466,0.00012274415024270032,gratitude,Looking For A Recommendation - Sunrise/Sunset Photography
canon_eos_rebel_t7_dslr_camera_with_18_55mm_lens,1rul6p4,3,3,0.296028991540273,0.0,0.057366462867485986,0.03731682048103407,0.030353105952581606,0.5072293082873026,0.450421671072642,0.4766119023164113,0.49681511521339417,0.5174417495727539,0.4600949287414551,0.46494585275650024,0.4600949287414551,0.49502480030059814,0,3,0.0,0.02459735857943694,0.6365141682948128,0.1910189384688593,0.6666666666666666,1.0,0.6666666666666666,0.6666666666666666,0.0,0.0,0.3333333333333333,23.837412238374835,26.0,0.5767115864122944,3.0,2.0,1.0,1.3333333333333333,0.0010363618688036997,0.0016956812469288707,0.0015604479936882855,2.311593220838404e-06,2.9665570764336735e-06,2.890752148232423e-06,5.65875816391781e-05,8.315309241879731e-05,7.808531881892122e-05,5.750323847072044e-05,8.77638885867782e-05,8.30426622997038e-05,0.00014694111935871965,0.00021703144011553377,0.00019745160097954796,0.00012419632791231075,0.00015185830125119537,0.0001515661715529859,0.0002373169549009112,0.0003730125836227671,0.00034554284745051217,neutral,"What’s better, Canon EOS Rebel T5i or Canon EOS rebel T7"
canon_eos_r5_mirrorless_camera,p0nvnx,63,1953,0.3314096749874583,0.3684210526315789,0.0441640032066607,0.028544176879715402,0.023308186954084896,0.49694458686322723,0.4965371627854617,0.4917432269986568,0.5007485151290894,0.7402758002281189,0.2738458514213562,0.26868197321891785,0.7867836356163025,0.5226231217384338,8,55,0.12698412698412698,0.16071306148336995,2.2509331581225833,0.6755087063981651,0.7936507936507936,0.7580645161290323,0.3492063492063492,0.2222222222222222,0.06349206349206349,0.047619047619047616,0.6666666666666666,64.72418369240764,62.0,0.9799624063017738,8.0,2.9047619047619047,1.53125,4.148681055155875,0.060038652237770815,0.9900948405265808,0.10071579515933976,0.00033917730444868325,0.01026728842407465,2.5614921923988667e-05,0.041651593369857035,0.941755473613739,0.01619831388816232,9.720571479048222e-05,0.002058708341792226,0.00019773974490817632,0.027455670220314504,0.8746851086616516,0.009123620484024278,0.0003029554648073538,0.004120468162000179,0.0004169155785348263,0.021647542385331474,0.45804713196897257,0.02617787280578339,neutral,"My experience with trying the Canon R5, a 24-70mm RF, and an 800mm f/11 RF"
ricoh_gr_iiix_hdf_digital_camera,1mycna1,30,435,0.31547512114048004,0.16666666666666666,0.04513540168479943,0.02780121489725317,0.021739964852961712,0.47112459516388244,0.4873072111058509,0.47634615802216806,0.48838844895362854,0.6159208416938782,0.24378584325313568,0.244108185172081,0.6444190740585327,0.45388591289520264,8,22,0.26666666666666666,0.2825525544273357,2.0537559922569972,0.6163355178188067,0.7666666666666667,0.7931034482758621,0.36666666666666664,0.3333333333333333,0.06666666666666667,0.03333333333333333,0.5666666666666667,107.96194802902652,47.5,1.3747276913713053,6.0,1.8333333333333333,1.0,1.92,0.03708883045959131,0.9440483450889587,0.01625267034396535,0.0003966988287023317,0.011663147248327732,1.3204529295762815e-05,0.032791724063099534,0.8802106976509094,0.0004056824458530176,0.00028812658686850533,0.003926008939743042,0.00023048761213431175,0.018366315406941187,0.5328277349472046,0.0007210491574369388,0.001111811167599323,0.018602369353175163,0.0005417301930719994,0.015007251085467032,0.3966394423187012,0.0037741846277488996,neutral,Help me - is it really not worth changing cameras anymore?
ricoh_gr_iv_hdf_digital_camera,1qyr3n4,3,3,0.29608938097953796,0.0,0.06076128314800694,0.038115705346919944,0.027316516470695065,0.5483910044034322,0.5269455909729004,0.5350549121697744,0.5158289074897766,0.5947211980819702,0.3504020869731903,0.23375071585178375,0.3504020869731903,0.5705976486206055,2,1,0.6666666666666666,0.6407188853869835,0.6365141682948128,0.1910189384688593,1.0,0.5,0.6666666666666666,0.0,0.0,0.0,1.0,22.105806175452337,25.0,0.5024046858057349,1.0,1.0,0.0,0.0,0.0029370698612183332,0.005307560786604881,0.004663379257544875,5.216241561356583e-06,9.389675142301712e-06,8.459871787636076e-06,0.0003091743747063447,0.0007419646135531366,0.0006200268137035892,0.00019978114626913643,0.0004789508238900453,0.0004015119338873774,0.0005959029173633704,0.0012267394922673702,0.0010529161081649363,0.0002860362704571647,0.0006231913575902581,0.0005270200141239912,0.0007221968019292844,0.0013334337165057757,0.001168357025411145,neutral,Concerns about a Ricoh GR IV.
ricoh_gr_iv_monochrome_digital_camera,1qyr3n4,3,3,0.29608938097953796,0.0,0.06076128314800694,0.038115705346919944,0.027316516470695065,0.5483909845352173,0.5269455909729004,0.5350548923015594,0.5158289074897766,0.5947211980819702,0.3504020869731903,0.23375073075294495,0.3504020869731903,0.5705976486206055,2,1,0.6666666666666666,0.6407188853869835,0.6365141682948128,0.1910189384688593,1.0,0.5,0.6666666666666666,0.0,0.0,0.0,1.0,22.105806175452337,25.0,0.5024046858057349,1.0,1.0,0.0,0.0,0.0029370698612183332,0.005307560786604881,0.004663379257544875,5.216241561356583e-06,9.389675142301712e-06,8.459871787636076e-06,0.0003091743747063447,0.0007419646135531366,0.0006200268137035892,0.00019978114626913643,0.0004789508238900453,0.0004015119338873774,0.0005959029173633704,0.0012267394922673702,0.0010529161081649363,0.0002860362704571647,0.0006231913575902581,0.0005270200141239912,0.0007221968019292844,0.0013334337165057757,0.001168357025411145,neutral,Concerns about a Ricoh GR IV.
sony_a7_iv_mirrorless_camera,4263wp,37,666,0.3041877633816487,0.05405405405405406,0.049554861024518594,0.03229196130215991,0.02630532677814836,0.48758275041709076,0.5177085616209127,0.49926549997236636,0.49664726853370667,0.6405010223388672,0.25584089756011963,0.23280015587806702,0.7197768688201904,0.48928195238113403,4,33,0.10810810810810811,0.1311825885865334,1.9856772188085532,0.5959049670406179,0.8108108108108109,0.75,0.43243243243243246,0.35135135135135137,0.02702702702702703,0.16216216216216217,0.4594594594594595,60.02906527564007,66.0,0.9615045087440184,8.0,3.3513513513513513,1.25,4.344827586206897,0.028091272877252382,0.8282083868980408,0.004511609999462957,6.060341491480063e-05,0.001962970709428191,6.996937463554783e-06,0.021338623423936363,0.7774298191070557,0.0002457223716191947,0.0016251609352833396,0.046103764325380325,0.0007547695422545073,0.00233317213329625,0.07906340062618256,0.00044151649344712483,0.00020438543583008436,0.0016651198966428638,0.0003111442812951278,0.008942203036752201,0.28150095290038735,0.0011858654998983774,neutral,Who uses Sony a7? Questions and concerns
nikon_d850_dslr_camera,1m20e1e,9,36,0.30745729472902084,0.0,0.05296420713663911,0.04254985011873638,0.03867204690061555,0.48929691149128807,0.4938781414594915,0.4786413038770358,0.48939020931720734,0.5702996253967285,0.3085611164569855,0.29830360412597656,0.5618564486503601,0.5301417112350464,0,9,0.0,0.04898218003412088,1.5229550675313184,0.45704129589910525,0.8888888888888888,0.875,0.3333333333333333,0.3333333333333333,0.1111111111111111,0.3333333333333333,0.2222222222222222,12.328828005937952,17.0,0.6268895596239636,3.0,1.7777777777777777,1.0,1.2857142857142858,0.0019194222113583237,0.010783534497022629,0.0042035432532429706,2.4699066519436505e-06,8.54562040331075e-06,3.498549085634296e-06,0.0001360253671817999,0.0008344232919625938,0.0002565582224633546,2.881972270390381e-05,6.951607792871073e-05,3.840363206109033e-05,0.00033621389835995313,0.001482048537582159,0.0008641502819955349,0.0002295385824658701,0.0012091260869055986,0.00040951553964987416,0.0004420816147869657,0.0023978656853008338,0.0009624530477897985,neutral,Which Nikon camera should i buy?
sony_a7_iv_mirrorless_camera_with_basic_bundle,5ahrth,1,0,0.30445393919944763,0.0,0.0,0.0,0.0,0.0,0.0,0.0,0.0,0.0,0.0,0.0,0.0,0.0,0,1,0.0,0.01702205277979374,-0.0,0.0,1.0,0.0,1.0,0.0,0.0,0.0,1.0,0.0,0.0,0.0,1.0,1.0,0.0,0.0,0.0005495147779583931,0.0005495147779583931,0.0005495147779583931,1.364788204227807e-06,1.364788204227807e-06,1.364788204227807e-06,3.258459400967695e-05,3.258459400967695e-05,3.258459400967695e-05,2.3218499336508103e-05,2.3218499336508103e-05,2.3218499336508103e-05,0.00013235396181698889,0.00013235396181698889,0.00013235396181698889,7.75106018409133e-05,7.75106018409133e-05,7.75106018409133e-05,0.00013609120386111803,0.00013609120386111803,0.00013609120386111803,neutral,How can I get these few MD lenses to work on a Sony a7 Mirrorless? Will the same adaptor also work with modern A-mount lenses? (X-Post /r/SonyAlpha)
canon_eos_r5_mirrorless_camera,hbhogf,79,3081,0.3133260035837019,0.08108108108108109,0.047176469565639825,0.03168925836486966,0.026045681695534957,0.48735348021817726,0.5015398681221825,0.49088915327430277,0.494464635848999,0.7277307510375977,0.23281455039978027,0.22516629099845886,0.7314118146896362,0.42409390211105347,0,79,0.0,0.047322245126095,1.680411163698704,0.5042941267762553,0.8987341772151899,0.6153846153846154,0.5316455696202531,0.20253164556962025,0.11392405063291139,0.189873417721519,0.4936708860759494,45.74884586449174,51.5,0.8558273320612947,8.0,3.1139240506329116,1.4390243902439024,5.19538188277087,0.04041811585598743,0.9275534749031067,0.003639536816626787,0.00015727892012456566,0.005805148743093014,5.391719150793508e-06,0.03761791716291716,0.929029107093811,0.00017117614042945226,0.00016398164909701393,0.007534447126090527,0.00020042100804857922,0.009685096375793779,0.33559978008270264,0.00039732861332595346,0.00023401021379741688,0.003487803041934967,0.0002380273188464345,0.014712733362952894,0.35444688933785073,0.0008059948307770053,neutral,"Canon EOS R5/EOS R6 official announcement coming July 9th, 2020, also includes many new RF lenses (600mm and 800mm f/11 DO IS superteles, 50mm/85mm small primes, 70-200mm f/4L IS and 100-500mm f/4-7.1L IS zooms, 1.4x/2x TCs)"
sony_a7_iii_mirrorless_camera,1hot3y7,7,21,0.2963746062346867,0.0,0.037496772956741566,0.019411775150329817,0.013394689697536483,0.4847744745867593,0.5126541356245676,0.4931629087243761,0.4947539269924164,0.5573753714561462,0.5484887361526489,0.5417727828025818,0.6720534563064575,0.7533532381057739,1,6,0.14285714285714285,0.15550654913697923,1.15374194270109,0.3462398358738274,0.8571428571428571,0.6666666666666666,0.5714285714285714,0.5714285714285714,0.0,0.42857142857142855,0.0,158.10523491055713,191.5,1.012567835657731,3.0,1.5714285714285714,1.0,1.25,0.0009647160186432302,0.001901863026432693,0.0017637113109230996,3.2164929442452765e-06,5.321793651091866e-06,4.815951797354501e-06,8.062249928895784e-05,0.00015851705393288285,0.00013201678084442394,0.00013303267353746508,0.0003924087795894593,0.000386127521051094,0.00012629816566394375,0.00018627884855959564,0.00016636204964015633,0.00011779435070431126,0.00021020851272623986,0.00016864631325006488,0.00023761336679702558,0.0004556194885481091,0.0004309410809582914,neutral,First Full frame - Nikon Z5 or Z6 or Sony a7 III - Need help 
sony_rx100_vii_digital_camera_with_basic_bundle,1s4lg5c,7,21,0.29949940953935894,0.14285714285714285,0.03955970184662584,0.02755427259416666,0.022759504162947017,0.5108197530110677,0.5033408119564965,0.4998030988943009,0.5129324197769165,0.6001526713371277,0.3712829053401947,0.40490421652793884,0.5168784856796265,0.5541419982910156,0,7,0.0,0.031083447858691216,1.15374194270109,0.3462398358738274,0.8571428571428571,0.8333333333333334,0.5714285714285714,0.42857142857142855,0.2857142857142857,0.14285714285714285,0.14285714285714285,35.21711086899639,31.5,0.7425294460330565,3.0,1.5714285714285714,1.0,1.25,0.016108212476995374,0.10612767934799194,0.04472453333437446,7.788661004529526e-06,4.165000791545026e-05,1.92963051631523e-05,0.0001417519514299264,0.0006684866966679692,0.00033488775370642563,0.013120466433974798,0.09090229123830795,0.03683123136870566,0.0003171808816010265,0.0012448598863556981,0.0007206841954030099,0.00031513601529046094,0.0015096894931048155,0.0007636857044417415,0.005001756070049352,0.03341577611172397,0.013899053110299075,neutral,Help picking a camera
hasselblad_x2d_ii_100c_medium_format_mirrorless_camera,1sj3avo,25,300,0.30983946245649585,0.0,0.06416101621644259,0.05515058163389337,0.05292377753419974,0.4811055041352908,0.4879255493481954,0.48205704073111216,0.49120713770389557,0.627618134021759,0.1716633290052414,0.14036238193511963,0.6025140881538391,0.3776779770851135,1,24,0.04,0.09379738338291645,1.4760098121240504,0.4429529483010163,0.88,0.625,0.52,0.08,0.12,0.16,0.64,23.032637712602522,15.0,1.1379761715712708,6.0,2.32,1.0625,2.076923076923077,0.0036361153260804713,0.028946388512849808,0.010927099920809272,3.6950732692275778e-06,2.098952063533943e-05,7.857853233872449e-06,0.0002972154023882467,0.0030964158941060305,0.0006321392254903914,7.143794049625284e-05,0.0004894781159237027,0.00012914276449009778,0.0005254855137900449,0.0037961036432534456,0.0015223842347040788,0.00021553049213252963,0.0015669887652620673,0.00042896951781585846,0.0007915799580261289,0.005824436793924785,0.002284543844962173,neutral,camera modifications/repainting/engraving
kodak_pixpro_wpz2_digital_camera_blue,1r6qlve,16,120,0.3242899020512899,0.3333333333333333,0.05720584502877055,0.04990410874365818,0.04799223858022587,0.48616525953014694,0.48107402498523394,0.47904286632935206,0.48007752001285553,0.670906662940979,0.1761654019355774,0.1720435619354248,0.4568963944911957,0.3561635911464691,4,12,0.25,0.28003978135529906,1.749778989184166,0.5251115241699749,0.875,0.7333333333333333,0.3125,0.1875,0.125,0.3125,0.375,14.383149863642526,15.5,0.8460676390377957,3.0,1.4375,1.2,1.25,0.2392616814649955,0.9824915528297424,0.9325330555438995,0.0018273847864449522,0.014146114699542522,0.006565492367371917,0.22108492237953214,0.9393430948257446,0.9283532500267029,0.00033169341224947857,0.002302017295733094,0.0006780225376132876,0.10295263494117535,0.6743892431259155,0.41858499497175217,0.0014046895057617803,0.008900878019630909,0.004225798067636788,0.09447716774835987,0.4356013404612895,0.3665908412731369,neutral,"Dad Guild burglarized on Sunday, 2/15"
nikon_d850_dslr_camera,1pyomhv,20,190,0.311568010794489,0.15789473684210525,0.044160654319208854,0.031563490858206894,0.02691751543909306,0.4755192772338265,0.47951533025816867,0.4697309663421229,0.4754393994808197,0.7416037321090698,0.23744089901447296,0.21579663455486298,0.6141160130500793,0.5145668387413025,1,19,0.05,0.10280091809108853,1.0097627067113208,0.3030314326830524,1.1,0.5789473684210527,0.7,0.1,0.15,0.5,0.25,28.66439428978049,33.75,0.7553200076358495,5.0,2.2,1.1818181818181819,2.0625,0.011509331056731752,0.16431936621665955,0.006381071807118213,2.748455773371461e-06,2.109452907461673e-05,2.4170679921553603e-06,0.00023073568308973336,0.002767783822491765,0.0001700379707472184,2.996744769916404e-05,0.00012127781519666314,4.457994327822236e-05,0.007877436797207338,0.12535975873470306,0.0031769809793332085,0.00020719631065730938,0.0022089718841016293,0.00014885009441059136,0.0033095692918597777,0.04913304216703788,0.0016438604152426914,neutral,photo Christmas tree led lights
ricoh_gr_iv_digital_camera,1oo70g6,39,741,0.31638146574432785,0.13513513513513514,0.04848289691503107,0.0370891816031222,0.03294325053157866,0.46869895256321764,0.48002610014759095,0.4661829510198431,0.46318429708480835,0.8005814552307129,0.22464540600776672,0.21108907461166382,0.7040614485740662,0.4741884469985962,1,38,0.02564102564102564,0.09998824351873153,1.7753264283635375,0.5327783522717195,0.8717948717948718,0.7894736842105263,0.4358974358974359,0.3076923076923077,0.10256410256410256,0.10256410256410256,0.48717948717948717,46.2194405676933,46.5,1.1168266308178678,8.0,2.6153846153846154,1.2272727272727273,3.185185185185185,0.02564582966703874,0.6209399700164795,0.003285945672541861,2.3143626048038594e-05,0.0006064639892429113,5.959543432254583e-06,0.024173173482314524,0.6239931583404541,0.00020492400508374006,5.377096357943419e-05,0.0005219145677983761,0.00013157147623132925,0.003693237822564044,0.07295805960893631,0.0005358000751584786,0.00013741046318617195,0.0007190894102677703,0.00032143219141289646,0.00895442767078849,0.21545876181335188,0.0007677006906457499,neutral,Leica D-Lux 8 vs GR IV: Light & good quality camera to use instead of an iPhone
kodak_pixpro_wpz2_digital_camera_blue,1oo9do5,13,78,0.3041181037059197,0.0,0.06930359501410843,0.059697866542898395,0.056851829083446305,0.5389489076840572,0.5339012065759072,0.5340001728290167,0.5371801853179932,0.6580854654312134,0.2666880190372467,0.2496686726808548,0.5569726824760437,0.5258172750473022,1,12,0.07692307692307693,0.13707779433864814,1.072016968563193,0.3217140380458904,1.0,0.6666666666666666,0.6153846153846154,0.07692307692307693,0.15384615384615385,0.38461538461538464,0.38461538461538464,6.959732022318475,10.0,0.46879023984528584,4.0,1.9230769230769231,1.2,2.6666666666666665,0.07536868248448278,0.9329519867897034,0.02359044570475818,6.6919859504056285e-06,4.545119372778572e-05,1.5969569085427805e-05,0.000791993415707391,0.0082866745069623,0.0009378104412462568,7.009751817139868e-05,0.0003800196573138237,0.00010191221517743544,0.06956346724641313,0.8962953090667725,0.0037473829928785585,0.0001866280396755498,0.0005325382808223367,0.0003976704727392644,0.024331260115066772,0.3051694860654,0.00551206080872362,neutral,Budget underwater camera
kodak_pixpro_fz55_digital_camera_black,1i2ouxl,11,55,0.29233158989386127,0.0,0.04308270829627233,0.03212028568027285,0.02816051630204245,0.5038814149119637,0.46850100268017164,0.4800850277597254,0.49602997303009033,0.5636155009269714,0.3065009117126465,0.3207189440727234,0.558472752571106,0.4984176456928253,1,10,0.09090909090909091,0.1503101959824562,1.666332585328325,0.5000691224803339,0.8181818181818182,1.0,0.45454545454545453,0.18181818181818182,0.09090909090909091,0.2727272727272727,0.45454545454545453,51.615392668569115,27.0,1.1779446459631955,4.0,2.090909090909091,1.0,1.5,0.0030374556028453462,0.024254560470581055,0.00219524884596467,4.143123564145671e-06,2.46037761826301e-05,3.6167120924801566e-06,0.00012867456329827704,0.0007533320458605886,0.0002423525002086535,0.00029770874822464646,0.002908863825723529,7.512367301387712e-05,0.00017601478215179998,0.0004425026709213853,0.00022906027152203023,0.00022081040515331551,0.000977307092398405,0.0005391344311647117,0.0006441345375395885,0.004893528313611266,0.0005197989947494838,neutral,canon vs sony vs kodak vs nikon vs fujifilm
canon_eos_rebel_t7_dslr_camera_with_18_55mm_lens,rbliyd,2,1,0.3034737855195999,0.0,0.023190558448634484,0.01693381717556204,0.01454506903468799,0.5406895279884338,0.4707980155944824,0.5033290982246399,0.5033290982246399,0.5033290982246399,0.5262812972068787,0.5262812972068787,0.5262812972068787,0.5262812972068787,0,2,0.0,0.025639097206294537,-0.0,0.0,1.0,0.0,1.0,0.0,0.0,1.0,0.0,21.0,21.0,0.44680851063829785,1.0,1.0,0.0,0.0,0.0004165642603766173,0.0004411519330460578,0.00043623439851216974,1.5309187801904045e-06,1.5464351008631638e-06,1.543331836728612e-06,3.153667512378888e-05,3.404870585654862e-05,3.3546299709996676e-05,2.051076626230497e-05,2.1122632460901514e-05,2.1000259221182204e-05,9.950078310794197e-05,0.00010819172894116491,0.00010645353977452033,7.681428905925713e-05,7.856334559619427e-05,7.821353428880683e-05,0.00010774294878501678,0.00011331198381488623,0.00011219817680891234,neutral,Is a 18-55mm lens a 35mm lens?
leica_d_lux_8_digital_camera,1hnaqz8,11,55,0.29681628942489624,0.0,0.04833113957597017,0.025332420159969886,0.017158699038426553,0.47056073275479404,0.5367127190936696,0.4969539474357258,0.5006712675094604,0.6266723871231079,0.46855586767196655,0.4504631757736206,0.727678656578064,0.6989861130714417,1,10,0.09090909090909091,0.11502826450900598,0.7595473914748635,0.2279414091048473,0.7272727272727273,0.6,0.7272727272727273,0.45454545454545453,0.0,0.09090909090909091,0.45454545454545453,80.8453272746716,135.5,0.7337447194895937,3.0,1.3636363636363635,1.5,1.6666666666666667,0.0005505924636963755,0.0009178856271319091,0.0007760078879073262,1.8014860849937329e-06,3.1679062431066995e-06,2.145337020920124e-06,4.944610736856703e-05,0.00012730920570902526,5.7515790103934705e-05,2.705583442134825e-05,6.05793138674926e-05,5.389861325966194e-05,0.00013148317454827273,0.00023441972734872252,0.00015003040607552975,8.64187995003621e-05,0.00012459905701689422,0.0001184101274702698,0.0001411329776033199,0.0002446601395528584,0.00018379407390511915,neutral,Leica D-Lux 8 or Sony α6700?
hasselblad_x2d_ii_100c_medium_format_mirrorless_camera,1sfzuns,7,21,0.34981790610722135,0.2857142857142857,0.08985579079959123,0.08628738632010545,0.08919689490533793,0.5557579014982496,0.5702395779745919,0.5568810545262837,0.5494555830955505,0.6895614266395569,0.2901152968406677,0.2587870955467224,0.36142295598983765,0.42660602927207947,0,7,0.0,0.19011701909559114,1.277034259466139,0.3832400609166074,1.2857142857142858,1.0,0.42857142857142855,0.8571428571428571,0.14285714285714285,0.0,0.0,9.409070742900065,7.0,0.8900472324364926,6.0,3.142857142857143,1.0,2.3333333333333335,0.05238924501048002,0.3588312268257141,0.14565522628836344,1.586900277418733e-05,9.922092431224883e-05,4.17863718212175e-05,0.00018199529819997094,0.0008428699802607298,0.00048366308328695617,0.037999430715769576,0.26572296023368835,0.10633876203355622,0.0005980285849156124,0.002558266744017601,0.001505227573215962,0.001186172842738285,0.007413038983941078,0.0032242401677649492,0.015395123575812941,0.10591126394865569,0.04284671913605966,gratitude,"First Two Weeks with Medium Format [Hasselblad X2D II, 135mm]"
sony_rx100_vii_digital_camera_with_basic_bundle,1ockmst,47,1081,0.30941756433910794,0.0,0.0444856345216591,0.02967876498504561,0.024366664630689944,0.5040075783647948,0.5072179051679555,0.49993735256843497,0.5052772164344788,0.7288147211074829,0.26260486245155334,0.25884073972702026,0.6830893754959106,0.477338045835495,5,42,0.10638297872340426,0.11266645248186716,2.10800111771127,0.6326145683058431,0.723404255319149,0.8913043478260869,0.3191489361702128,0.3829787234042553,0.14893617021276595,0.06382978723404255,0.40425531914893614,57.50770609884793,55.5,0.9701587173890355,5.0,2.2127659574468086,1.4545454545454546,2.309734513274336,0.010573707655334766,0.24254626035690308,0.0012320661684498192,7.407698020908859e-06,0.00015706784324720502,3.105767609667963e-06,0.004000449487145314,0.18451419472694397,0.00010174196359002955,0.002936946254928269,0.1324356645345688,8.64104258653241e-05,0.0007919212753706156,0.028704099357128143,0.0002747631981037557,0.0003606496715331153,0.007910404354333878,0.00020203353487886468,0.0031118470070554977,0.07616237748152344,0.000314697984928595,neutral,Pocketable camera for travel with better IQ than iPhone Pro? Good in snow and rain.
sony_a7_iv_mirrorless_camera_with_basic_bundle,1mkyybb,41,820,0.3327259986828535,0.3076923076923077,0.05260433508622779,0.04092768475186285,0.0362808980311034,0.4894395619994257,0.49111534727782735,0.48621649836621633,0.48865771293640137,0.7237766981124878,0.1783035695552826,0.1615595668554306,0.6004813313484192,0.37894201278686523,9,32,0.21951219512195122,0.22692948552529987,1.6870145743833889,0.5062758210763862,0.7073170731707317,0.8,0.4634146341463415,0.12195121951219512,0.12195121951219512,0.0975609756097561,0.6585365853658537,28.540274933465703,24.0,0.8973552701473112,7.0,2.1463414634146343,1.1875,2.375,0.08880521381407318,0.9706931710243225,0.18728454411029816,0.00017546598864899397,0.006898240186274052,1.4615862710343208e-05,0.02492444567458112,0.8825541138648987,0.0020170691423118114,9.921873331732945e-05,0.000860454048961401,0.00024058460257947445,0.06779413959689341,0.7615032196044922,0.10730767995119095,0.00040211865948882274,0.0048726280219852924,0.0006722957477904856,0.0303667670778338,0.4224819670149979,0.04965105230712652,neutral,Too good to be true?
canon_eos_rebel_t7_dslr_camera_with_18_55mm_lens,80avju,17,136,0.31974344757887035,0.3076923076923077,0.04772574588833779,0.03467197832453206,0.02996821560708974,0.4560707671677365,0.49582365374354753,0.4694221567581682,0.47438904643058777,0.5948168039321899,0.23412418365478516,0.20713718235492706,0.5667679905891418,0.4625589847564697,4,13,0.23529411764705882,0.22888982482254505,1.5792331346113395,0.4739304354786751,0.7647058823529411,0.6875,0.47058823529411764,0.11764705882352941,0.17647058823529413,0.17647058823529413,0.5294117647058824,29.470059875503207,46.0,0.7648717830283275,4.0,1.588235294117647,1.1666666666666667,1.4545454545454546,0.030148562191136402,0.49741196632385254,0.00347714589443058,4.390867094544399e-06,4.7833305870881304e-05,3.098945626334171e-06,0.0005347147482954076,0.008327370509505272,0.00013066093670204286,5.472039779038716e-05,0.0004681265272665769,6.871884179417977e-05,0.021799368215450907,0.3673025965690613,0.0007092404877766972,0.00014315650568117716,0.000990882981568575,0.00017976635717786854,0.008780818820908138,0.14575812936952084,0.0007533415276460199,neutral,Canon introduces EOS Rebel T7 with 24MP sensor and Dual Pixel AF: Digital Photography Review
canon_eos_rebel_t7_dslr_with_18_55mm_and_75_300mm_lenses,80avju,17,136,0.31974344757887035,0.3076923076923077,0.04772574588833779,0.03467197832453206,0.02996821560708974,0.45607076585292816,0.4958236524287392,0.4694221563198987,0.4743890315294266,0.5948168039321899,0.23412418365478516,0.20713718235492706,0.5667680501937866,0.4625589847564697,4,13,0.23529411764705882,0.2288898112361922,1.5792331346113395,0.4739304354786751,0.7647058823529411,0.6875,0.47058823529411764,0.11764705882352941,0.17647058823529413,0.17647058823529413,0.5294117647058824,29.470059875503207,46.0,0.7648717830283275,4.0,1.588235294117647,1.1666666666666667,1.4545454545454546,0.030148562191136402,0.49741196632385254,0.00347714589443058,4.390867094544399e-06,4.7833305870881304e-05,3.098945626334171e-06,0.0005347147482954076,0.008327370509505272,0.00013066093670204286,5.472039779038716e-05,0.0004681265272665769,6.871884179417977e-05,0.021799368215450907,0.3673025965690613,0.0007092404877766972,0.00014315650568117716,0.000990882981568575,0.00017976635717786854,0.008780818820908138,0.14575812936952084,0.0007533415276460199,neutral,Canon introduces EOS Rebel T7 with 24MP sensor and Dual Pixel AF: Digital Photography Review
sony_rx100_vii_digital_camera_with_basic_bundle,1nurred,2,1,0.2942035347223282,0.0,0.1057610479781542,0.056628026013482005,0.0416451131818007,0.5516484975814819,0.5180051326751709,0.5342977643013,0.5342977643013,0.5342977643013,0.506889820098877,0.506889820098877,0.506889820098877,0.506889820098877,0,2,0.0,0.02089798543602228,-0.0,0.0,1.0,0.0,1.0,0.5,0.0,0.5,0.0,8.0,8.0,0.16666666666666666,1.0,1.0,0.0,0.0,0.00046460477460641414,0.0005666412762366235,0.0005462339759105816,1.6717633002372168e-06,1.939376716109109e-06,1.8858540329347306e-06,4.100630303582875e-05,5.178858191356994e-05,4.963212613802171e-05,2.5385215849382803e-05,3.364482108736411e-05,3.199290003976785e-05,0.00010851419574464671,0.00011952902423217893,0.00011732605853467248,7.101925439201295e-05,7.714742969255894e-05,7.592179463244975e-05,0.00011870025115475376,0.00014178175164640075,0.00013716545154807136,neutral,"deciding between sony rx100 vii, sony zv1 ii, and cannon g7x iii for a compact video/hybrid camera"
canon_eos_rebel_t7_dslr_camera_with_18_55mm_lens,1pys6ls,20,190,0.33401990681886673,0.25,0.040275891618723095,0.024692544802008737,0.019185459180450535,0.5123515941594776,0.48159472879610565,0.4924288694795809,0.49948592483997345,0.6488943696022034,0.2289436161518097,0.18410837650299072,0.7743183374404907,0.6569029688835144,0,20,0.0,0.0240520978346467,1.610333165700757,0.4832636054550227,0.8,0.7894736842105263,0.5,0.3,0.05,0.15,0.5,89.14207760648166,81.5,0.9871769391636951,5.0,2.2,1.7142857142857142,2.689655172413793,0.051417834249150474,0.9607841968536377,0.009864578396081937,0.0006594102633016519,0.013095799833536148,1.1758270920836368e-05,0.04678104307504327,0.9322187900543213,0.0006856827531009912,0.00032278084681820475,0.002946580061689019,0.0005508876172825713,0.008667581012559822,0.1596149355173111,0.0021653526229783978,0.0007753283342026406,0.006808756850659847,0.002069212007336321,0.018103996296846014,0.3457209107388432,0.002156180086960076,neutral,Theatre Photography
canon_eos_rebel_t7_dslr_with_18_55mm_and_75_300mm_lenses,1pys6ls,20,190,0.33401990681886673,0.25,0.040275891618723095,0.024692544802008737,0.019185459180450535,0.5123515918066627,0.4815947264432907,0.4924288682247463,0.49948592483997345,0.6488943696022034,0.2289436161518097,0.18410839140415192,0.7743183374404907,0.6569029688835144,0,20,0.0,0.0240520978346467,1.610333165700757,0.4832636054550227,0.8,0.7894736842105263,0.5,0.3,0.05,0.15,0.5,89.14207760648166,81.5,0.9871769391636951,5.0,2.2,1.7142857142857142,2.689655172413793,0.05141783416765975,0.9607841968536377,0.009864578396081937,0.0006594102631197529,0.013095799833536148,1.1758270920836368e-05,0.04678104305467059,0.9322187900543213,0.0006856827531009912,0.0003227808133487997,0.002946580061689019,0.0005508868576725965,0.008667581012559822,0.1596149355173111,0.0021653526229783978,0.0007753283785859822,0.006808756850659847,0.002069212950300428,0.01810399628165745,0.3457209107388432,0.002156180086960076,neutral,Theatre Photography
canon_eos_r5_mirrorless_camera,9dh9qa,188,17578,0.3167768096072333,0.16,0.0456646334329708,0.034547091751962654,0.03081293185296746,0.48944623921257685,0.49165516188424363,0.48685924785985435,0.4910520017147064,0.7459990382194519,0.17022790014743805,0.15465958416461945,0.7852729558944702,0.36255642771720886,22,166,0.11702127659574468,0.14500921134381217,2.005746536250015,0.6019278018876923,0.8457446808510638,0.7807486631016043,0.4787234042553192,0.18085106382978725,0.15425531914893617,0.17553191489361702,0.48936170212765956,55.936126712672156,35.5,1.3063343878238962,9.0,3.99468085106383,1.6734693877551021,4.388541666666667,0.04768162049963684,0.995194137096405,0.016808372363448176,0.0006570420141579137,0.09309841692447662,7.335312784562127e-06,0.03395138153716308,0.974881649017334,0.0003535924857715146,0.0036837898058056065,0.6455487608909607,0.00016637006483506426,0.014968590817512992,0.9816645383834839,0.0013664688332937734,0.0008853679795372064,0.08949051052331924,0.0005086742399726069,0.01697129877563561,0.5106040480895899,0.003984665895253184,neutral,Kai W: Canon EOS R Full Frame Mirrorless! Hands-on First Look
sony_rx100_vii_digital_camera_with_basic_bundle,1sbag7n,11,55,0.2972099781036377,0.0,0.04170473011945497,0.02949818084490866,0.02486410190987913,0.5100603965195742,0.5267544703050093,0.5134602210738443,0.5158997774124146,0.5999076962471008,0.3273365795612335,0.3023303747177124,0.5496311783790588,0.525012731552124,2,9,0.18181818181818182,0.18469862250441854,1.7677614722893296,0.5305080966343156,1.0909090909090908,0.9,0.36363636363636365,0.5454545454545454,0.09090909090909091,0.2727272727272727,0.09090909090909091,38.56238907588156,45.0,0.7740625544428781,4.0,1.9090909090909092,1.0,1.5,0.0006606301096987656,0.001961046364158392,0.0010582053801044822,1.5873527197320734e-06,2.8261797524464782e-06,1.9714884729182813e-06,4.506726691033691e-05,0.00013608939480036497,6.454392860177904e-05,2.2251163913593203e-05,3.087351069552824e-05,2.7210018743062392e-05,0.00016094372602475977,0.0005479331593960524,0.00016965468239504844,7.533164038746195e-05,0.00011170025391038507,8.252375846495852e-05,0.00016096854327577492,0.00045301145087250916,0.00024608490237672714,neutral,Camera suggestion for someone who never wants to pay for a photographer again (no offence to photographers)
sony_a7_iii_mirrorless_camera,12cfkws,10,45,0.3058754295110703,0.0,0.06656471455634982,0.053837243005724116,0.04951284418455583,0.47794066468874613,0.5069237702422672,0.4860001113679674,0.4884931147098541,0.8004835844039917,0.31534066796302795,0.31791165471076965,0.5530432462692261,0.5440942049026489,1,9,0.1,0.13757432755082846,1.3592367006650063,0.40790914738709694,1.0,1.0,0.5,0.4,0.3,0.2,0.1,17.29306219268294,21.75,0.7685805418970195,2.0,1.5,1.0,1.0,0.02909584672888741,0.15980540215969086,0.12833155021071432,2.4650141585880193e-05,0.0001320900919381529,0.00010316447805962524,0.008489466617174913,0.0731295794248581,0.017586376704275587,0.00022277871266851434,0.0014202495804056525,0.0004502062685787674,0.0035559509567974603,0.03269118443131447,0.004835287109017362,0.00025024252026923933,0.0011824341490864754,0.0006108392728492616,0.006939822612897236,0.044531337677957104,0.02546651693204087,gratitude,Sony mirrorless recommendations
sony_rx100_vii_digital_camera_with_basic_bundle,1sf0gqu,9,36,0.3251374736428261,0.125,0.048996905990527,0.03640549714806848,0.03231864580727972,0.5259853543506728,0.5066433275739352,0.512054807609982,0.5138370394706726,0.61004239320755,0.3606879711151123,0.3633216917514801,0.552643895149231,0.540328860282898,0,9,0.0,0.031047394292222127,1.3030924037617193,0.3910601524554098,1.0,0.875,0.5555555555555556,0.4444444444444444,0.1111111111111111,0.1111111111111111,0.3333333333333333,21.142082544559976,28.0,0.6795669389322849,4.0,1.7777777777777777,1.3333333333333333,2.0,0.001052771374816075,0.005407258868217468,0.001595615595579148,2.6761265164370543e-06,9.367904567625374e-06,4.054852797708009e-06,5.91109664027398e-05,0.0001928310957737267,9.38917452003807e-05,0.00036054495265286986,0.003002138575538993,0.0006527288060169672,0.0001179832874590324,0.00023891590535640717,0.00015469713835045699,9.727752896853619e-05,0.0002750922867562622,0.00012427005567587916,0.00028172737280261507,0.0015209341060350805,0.000432505197053009,neutral,Compact camera reco
hasselblad_x2d_ii_100c_medium_format_mirrorless_camera,1qf2czu,30,435,0.31213742068835665,0.17857142857142858,0.05174790242316449,0.02966236941022127,0.021782478579743653,0.4862933011575677,0.49704873061728205,0.4871786917078084,0.4911564290523529,0.8279830813407898,0.29710665345191956,0.2795408070087433,0.6999271512031555,0.5346524715423584,4,26,0.13333333333333333,0.15850916473815838,1.7146843766981141,0.5145795738113198,0.7333333333333333,0.6896551724137931,0.4,0.5,0.0,0.16666666666666666,0.3333333333333333,90.90085563709263,82.5,0.9777790136653922,5.0,1.8666666666666667,1.0666666666666667,1.6071428571428572,0.03859236534141625,0.43518587946891785,0.15100464075803774,3.9077747514208266e-05,0.0006646765395998955,3.1132492404140336e-05,0.03182395994323694,0.33164095878601074,0.0322792638326068,7.617493538418785e-05,0.00041275544208474457,0.00020316286972956748,0.005847780372520598,0.09621809422969818,0.013498620875179779,0.00017398960917489604,0.0008263359195552766,0.0005050891544669869,0.012758891324874512,0.12501839696778916,0.045727869738493694,neutral,D850 → Medium Format: X2D 100C or GFX100S II for Landscape Travel?
sony_a7_iv_mirrorless_camera,66vxhi,38,703,0.3185536555341772,0.13513513513513514,0.0532026308071763,0.040663611781025934,0.036176919880090024,0.4910881913573101,0.5080749593876503,0.4935487616876111,0.4955326318740845,0.6352527737617493,0.3524389863014221,0.341980516910553,0.8122110366821289,0.6337248086929321,0,38,0.0,0.06082853062176391,1.540021493719143,0.4621629581907535,1.0526315789473684,0.6486486486486487,0.5526315789473685,0.0,0.21052631578947367,0.2894736842105263,0.5,29.31575403947589,31.5,0.8933429458701554,4.0,1.6842105263157894,1.8,1.7234042553191489,0.0020363336248249795,0.056725870817899704,0.0009434234350919721,2.4862496693937205e-06,3.17293633997906e-05,2.203851113335986e-06,0.0003794649920133739,0.012807437218725681,8.414939293288626e-05,4.115358134233822e-05,0.0006175557500682771,3.6127549537923184e-05,0.0002207007888309339,0.003991174977272749,0.00018145795620512213,9.998349196393974e-05,0.0006179178599268198,0.00011001660459442064,0.0004633537881074932,0.01246528099788217,0.0002229148921647568,neutral,Do you believe the sony a7 series will price drop?
sony_a7r_v_mirrorless_camera,1k6opi0,4,6,0.30726752430200577,0.0,0.05056762209899351,0.02723574950741998,0.0201687249170185,0.498572438955307,0.5123085578282675,0.5018170674641927,0.4990873485803604,0.5414243340492249,0.4681985676288605,0.46227961778640747,0.4681985676288605,0.5956392288208008,0,4,0.0,0.026993547100573778,1.0397207708399179,0.3120218965147642,0.75,0.6666666666666666,0.5,1.0,0.0,0.0,0.0,34.127518222103404,24.25,0.4858009711331445,2.0,1.25,1.0,1.0,0.0005886859216843732,0.0008610187214799225,0.000776700075948611,1.8910921255610447e-06,2.161101292585954e-06,2.1068936803203543e-06,4.937877201882657e-05,6.013698657625355e-05,5.903943638259079e-05,2.5188197469105944e-05,2.903020867961459e-05,2.857084709830815e-05,0.00011334536247886717,0.00014820118667557836,0.00013652618436026386,7.868487591622397e-05,8.669088856549934e-05,8.636724232928828e-05,0.00014286237028215965,0.00019736553637509738,0.00018058779516347083,neutral,What hybrid camera to get ?
sony_rx100_vii_digital_camera_with_basic_bundle,1rmffnr,17,136,0.2912638204939225,0.058823529411764705,0.05809091434378114,0.04867207893691086,0.04470236124258962,0.4626121599884594,0.5129222832620144,0.47870933746590333,0.4677243232727051,0.8239577412605286,0.252662718296051,0.22428303956985474,0.5503320097923279,0.4580698013305664,4,13,0.23529411764705882,0.27923027239739895,1.3945573191650282,0.41850892251859534,1.1176470588235294,0.5625,0.5294117647058824,0.5294117647058824,0.058823529411764705,0.35294117647058826,0.058823529411764705,26.746147411993434,25.0,0.8985859802448387,3.0,1.5294117647058822,1.0,1.2222222222222223,0.0019318141310256632,0.02213403396308422,0.0018493721028789878,7.091712317934948e-06,8.123963925754651e-05,6.85302384226816e-06,0.0007781202514118323,0.012199883349239826,0.0001717206410830841,3.8393185283947625e-05,0.00014798429037909955,8.077991733443927e-05,0.00018569891108199954,0.0011701437178999186,0.00026240779843647046,0.00011660075645469238,0.0005726568051613867,0.00015057821001391862,0.0005096198245960117,0.006050990294170333,0.0004264195840581427,neutral,Pocketable Cameras!
sony_a7_iii_mirrorless_camera,1hhf186,3,3,0.2905753056208293,0.0,0.047284657529407616,0.026260262903095317,0.018013067471146064,0.5001654823621114,0.4225650330384572,0.4559805591901143,0.44482186436653137,0.5427737236022949,0.34677883982658386,0.22377516329288483,0.34677883982658386,0.5671144723892212,0,3,0.0,0.026657719785968464,1.0986122886681096,0.32969533691986563,1.0,1.0,0.3333333333333333,0.6666666666666666,0.3333333333333333,0.0,0.0,36.88721549082645,44.5,0.5505554550869619,1.0,1.0,0.0,0.0,0.003664557181764394,0.009878100827336311,0.008046371617820115,7.504642250448039e-06,1.8347947843722068e-05,1.5228079018925201e-05,0.00034695753796161927,0.0009157515014521778,0.0007519978331401944,5.832896992311968e-05,0.0001261555153178051,0.00010685267661756371,0.00021332717248393843,0.000418275740230456,0.000358995096758008,0.00012040720563769962,0.0001971577585209161,0.0001751656993292272,0.0007351804516702031,0.0019256315484502313,0.001575768500447339,love,A6700 vs A7 III (Or an alternative)
nikon_d850_dslr_camera,k5ys4x,48,1128,0.3203843171181886,0.13043478260869565,0.043326702614728256,0.03038223241285698,0.025913122126822064,0.5054067959810825,0.4870542010411303,0.49180245766720027,0.4955897033214569,0.683503270149231,0.25021496415138245,0.21907544136047363,0.799508273601532,0.5303405523300171,6,42,0.125,0.15299601154401898,1.7396841916155479,0.5220820589802506,0.8541666666666666,0.6808510638297872,0.5208333333333334,0.2708333333333333,0.125,0.16666666666666666,0.4375,47.32599708405519,46.75,0.927960727138337,9.0,3.0208333333333335,1.2666666666666666,3.757425742574257,0.03674287797548459,0.863956868648529,0.006450276495888809,7.827755535079935e-05,0.0024899381678551435,4.614192175722559e-06,0.03336413442851457,0.8411242365837097,0.0004273182770702987,0.00014781873460378847,0.004670344293117523,0.00011267447698628528,0.007119913685680028,0.17213080823421478,0.00042204303026664985,0.00021108285591253662,0.002582888351753354,0.0002579103413154369,0.012944017539257717,0.31380116801786545,0.0014548734155672063,neutral,"Nikon adds CFexpress Type B card support to its D500, D850 and D5 DSLR camera systems"
sony_a7_iii_mirrorless_camera,azwzld,2,1,0.27139905095100403,0.0,0.05501247339743026,0.036877876238466806,0.03041987967286621,0.5614114999771118,0.6192804574966431,0.5889278650283813,0.5889278650283813,0.5889278650283813,0.5448207855224609,0.5448207855224609,0.5448207855224609,0.5448207855224609,0,2,0.0,0.027978183701634407,0.6931471805599453,0.20801459767650946,0.5,1.0,0.5,0.5,0.5,0.0,0.0,14.5,14.5,0.42028985507246375,1.0,1.0,0.0,0.0,0.000585292698815465,0.0007667134632356465,0.0007304293103516102,1.5271277788997395e-06,1.5940579487505602e-06,1.5806719147803962e-06,3.9067981560947374e-05,4.472553700907156e-05,4.359402591944673e-05,2.351147668377962e-05,2.383576429565437e-05,2.377090677327942e-05,0.0001482649240642786,0.00019901151244994253,0.00018886219477280976,7.513516902690753e-05,7.899501360952854e-05,7.822304469300434e-05,0.00014546656298837962,0.0001857902480348154,0.00017772551102552823,neutral,Sony a7 mark iii vs Nikon Z6 - Upgrading from Nikon D50
sony_a7_iv_mirrorless_camera_with_28_70mm_lens,14sk3f1,9,36,0.30590010682741803,0.1111111111111111,0.04518205272839809,0.03900885834446292,0.0374317805755286,0.4705337865485085,0.5608649113112025,0.5083286033736335,0.5114889442920685,0.5822641253471375,0.3799210786819458,0.38112103939056396,0.5656719207763672,0.6022300720214844,1,8,0.1111111111111111,0.1359611064609554,1.2730283365896258,0.38203787693771873,0.8888888888888888,0.75,0.4444444444444444,0.2222222222222222,0.1111111111111111,0.1111111111111111,0.5555555555555556,41.41151506823813,18.0,1.19840397303583,1.0,1.0,0.0,0.0,0.0008362326027256333,0.0023088688030838966,0.0014207832515239717,1.6869239769019057e-06,2.2913955035619438e-06,2.08158580790041e-06,4.427455132827163e-05,6.637352635152638e-05,6.471817032434046e-05,4.3130461765233325e-05,0.00013267112080939114,6.650909199379386e-05,0.0001829289790799117,0.0003709862648975104,0.00029892133898101747,0.00011770743569488534,0.0002079278783639893,0.00018564160855021327,0.0002043268257618062,0.0005148094544817164,0.0003379083301524588,neutral,About to buy an A7iv is this a good deal? And would y’all trust eBay sellers?
canon_eos_r5_mirrorless_camera,17wpb0s,4,6,0.29015015810728073,0.0,0.06985563568512794,0.06004696244773991,0.057093388879495555,0.46587226788202923,0.4858144025007884,0.4734000265598297,0.47363854944705963,0.5475688576698303,0.23874883353710175,0.19402286410331726,0.23874883353710175,0.458701491355896,0,4,0.0,0.06842013634741306,0.6931471805599453,0.20801459767650946,0.75,0.6666666666666666,0.5,0.5,0.0,0.25,0.25,6.264982043070834,10.5,0.46407274393117287,3.0,1.75,1.0,1.3333333333333333,0.002089884874294512,0.00692423852160573,0.005033822829136626,3.1221975120843126e-06,7.4770182436623145e-06,5.808693049402792e-06,0.0002922455264524615,0.0010500666685402393,0.0007498616589145969,4.525354233919643e-05,0.00011141548748128116,8.599739230703565e-05,0.000350135165717802,0.0010804268531501293,0.0007975473301485183,0.00011312803508189972,0.0002305025263922289,0.00018533325783209878,0.00048229489023299266,0.0015673545125688786,0.001142642776447171,gratitude,Top 10 Sony Alpha and Canon EOS Mirrorless Camera Black Friday Deals 2023 (US only)
sony_a7_iii_mirrorless_camera,17wpb0s,4,6,0.29015015810728073,0.0,0.06985563568512794,0.06004696244773991,0.057093388879495555,0.46587226291497547,0.4858143925666809,0.4734000265598297,0.47363854944705963,0.5475688576698303,0.23874883353710175,0.19402286410331726,0.23874883353710175,0.458701491355896,0,4,0.0,0.06842013541609049,0.6931471805599453,0.20801459767650946,0.75,0.6666666666666666,0.5,0.5,0.0,0.25,0.25,6.264982043070834,10.5,0.46407274393117287,3.0,1.75,1.0,1.3333333333333333,0.002089884874294512,0.00692423852160573,0.005033822829136626,3.1221975120843126e-06,7.4770182436623145e-06,5.808693049402792e-06,0.0002922455264524615,0.0010500666685402393,0.0007498616589145969,4.525354233919643e-05,0.00011141548748128116,8.599739230703565e-05,0.000350135165717802,0.0010804268531501293,0.0007975473301485183,0.00011312803508189972,0.0002305025263922289,0.00018533325783209878,0.00048229489023299266,0.0015673545125688786,0.001142642776447171,gratitude,Top 10 Sony Alpha and Canon EOS Mirrorless Camera Black Friday Deals 2023 (US only)
canon_eos_r5_mirrorless_camera,9yhph7,109,5886,0.32641646005574937,0.22330097087378642,0.04062741846747658,0.025473884860827963,0.020480837078431277,0.48021245358440284,0.486471832740319,0.4782187508262828,0.48274239897727966,0.6768808364868164,0.2539188861846924,0.2247747778892517,0.8214432001113892,0.5194454193115234,3,106,0.027522935779816515,0.054327966243780536,1.9039177998126728,0.5713688322547066,0.7614678899082569,0.7407407407407407,0.45871559633027525,0.21100917431192662,0.11926605504587157,0.13761467889908258,0.5321100917431193,90.76715285482183,86.0,1.095881663843108,10.0,3.7889908256880735,1.6101694915254237,5.0205078125,0.03480834160998694,0.9306650161743164,0.025378898531198523,0.0001650532992281373,0.010066228918731213,8.786062971921643e-06,0.027699203596140927,0.9363437294960022,0.0007143553812056783,9.236270766075136e-05,0.0031876596622169018,9.726853750180456e-05,0.007984499176769248,0.34229815006256104,0.0043707679025828845,0.00026867145334942896,0.005788489244878292,0.0004941240651533011,0.011836355307189239,0.32856381516709615,0.006068033449006792,neutral,Canon EOS R review: Digital Photography Review
leica_d_lux_8_digital_camera,1qz6z9n,2,1,0.31703484058380127,0.0,0.03999080092770576,0.030142840240398337,0.026391492307410377,0.46912795305252075,0.47728967666625977,0.4731736183166504,0.4731736183166504,0.4731736183166504,0.4710069000720978,0.4710069000720978,0.4710069000720978,0.4710069000720978,0,2,0.0,0.10757265333086252,-0.0,0.0,0.5,0.0,1.0,0.5,0.0,0.0,0.5,12.5,12.5,0.423728813559322,1.0,1.0,0.0,0.0,0.017918551107868552,0.028480904176831245,0.026368433563038706,2.564550050010439e-05,4.268994598533027e-05,3.92810568882851e-05,0.00256071295007132,0.004360561724752188,0.004000591969816014,0.00015672232257202268,0.00022137624910101295,0.00020844546379521488,0.0011791541473940015,0.001469408511184156,0.0014113576384261251,0.002202395029598847,0.003516873111948371,0.0032539774954784663,0.004007196843000808,0.006348635619967051,0.0058803478645738025,neutral,Funda para Leica D-Lux 8
nikon_d850_dslr_camera,74o3or,74,2701,0.31451898955163504,0.047619047619047616,0.05147095981066466,0.04302636133864034,0.04022964323868047,0.47685919521650266,0.4787157727188201,0.47213040430185665,0.47725793719291687,0.6977487802505493,0.14043645560741425,0.11581704765558243,0.7540087103843689,0.3343904912471771,7,67,0.0945945945945946,0.15014872365203258,1.8668477655953628,0.5602440546175258,0.8513513513513513,0.7397260273972602,0.47297297297297297,0.20270270270270271,0.13513513513513514,0.22972972972972974,0.43243243243243246,45.6702319641057,20.0,1.4738757807866645,7.0,2.6216216216216215,1.275,3.128712871287129,0.07817979781012165,0.9913739562034607,0.07347798496484759,0.0002610503863307541,0.006712781731039286,0.00010652679520717389,0.05027564899245516,0.9070940613746643,0.008589019207283883,0.0006862453712553386,0.026918567717075348,0.0005525984859559689,0.022079857990713603,0.9743435382843018,0.007447687711101049,0.00044657420162489087,0.005362698342651129,0.000979605520842598,0.025321529125416898,0.3414758826935819,0.015206095372135076,neutral,Nikon D850 Sensor Review: First DSLR to hit 100 points at DxOMark
sony_a7_iii_mirrorless_camera,1k93fjb,3,3,0.28960517048835754,0.0,0.06511769606318034,0.04208609222259824,0.028270295035263546,0.5352946619192759,0.5719097852706909,0.5516002674897512,0.5496202111244202,0.6064151525497437,0.6117377877235413,0.6170840859413147,0.6117377877235413,0.6734349131584167,1,2,0.3333333333333333,0.19736740489800772,1.0986122886681096,0.32969533691986563,1.0,1.0,0.3333333333333333,0.3333333333333333,0.0,0.0,0.6666666666666666,23.612614331233114,28.5,0.5096247697388442,2.0,1.3333333333333333,1.0,1.0,0.0009081919367114702,0.001972530037164688,0.0016612358915153891,1.54126602562125e-06,1.7713264242047444e-06,1.7112314480982604e-06,5.66464726337775e-05,0.000111801375169307,9.572431008564308e-05,2.1706789387584042e-05,2.8100654162699357e-05,2.6251763847540134e-05,0.00024201910612949482,0.0005305702215991914,0.0004458437193534337,7.925499812699854e-05,0.0001015040252241306,9.518375882180408e-05,0.0002182267615024911,0.0004577129399573702,0.00038753732422189084,curiosity,Help choosing a camera for nature and wildlife photography: Canon R6 Mark II vs Sony A7 IV
sony_a7_iv_mirrorless_camera_with_28_70mm_lens,1k93fjb,3,3,0.28960517048835754,0.0,0.06511769606318034,0.04208609222259824,0.028270295035263546,0.5352946718533834,0.5719098051389059,0.5516002972920736,0.5496202707290649,0.6064151525497437,0.6117379069328308,0.6170842051506042,0.6117379069328308,0.6734349727630615,1,2,0.3333333333333333,0.19736740489800772,1.0986122886681096,0.32969533691986563,1.0,1.0,0.3333333333333333,0.3333333333333333,0.0,0.0,0.6666666666666666,23.612614331233114,28.5,0.5096247697388442,2.0,1.3333333333333333,1.0,1.0,0.0009081919367114702,0.001972530037164688,0.0016612358915153891,1.54126602562125e-06,1.7713264242047444e-06,1.7112314480982604e-06,5.66464726337775e-05,0.000111801375169307,9.572431008564308e-05,2.1706789387584042e-05,2.8100654162699357e-05,2.6251763847540134e-05,0.00024201910612949482,0.0005305702215991914,0.0004458437193534337,7.925499812699854e-05,0.0001015040252241306,9.518375882180408e-05,0.0002182267615024911,0.0004577129399573702,0.00038753732422189084,curiosity,Help choosing a camera for nature and wildlife photography: Canon R6 Mark II vs Sony A7 IV
sony_a7_iv_mirrorless_camera_with_basic_bundle,1k93fjb,3,3,0.28960517048835754,0.0,0.06511769606318034,0.04208609222259824,0.028270295035263546,0.5352947314580282,0.5719097256660461,0.5516002972920736,0.5496202111244202,0.6064151525497437,0.611737847328186,0.6170842051506042,0.611737847328186,0.6734349727630615,1,2,0.3333333333333333,0.19736740489800772,1.0986122886681096,0.32969533691986563,1.0,1.0,0.3333333333333333,0.3333333333333333,0.0,0.0,0.6666666666666666,23.612614331233114,28.5,0.5096247697388442,2.0,1.3333333333333333,1.0,1.0,0.0009081919367114702,0.001972530037164688,0.0016612358915153891,1.54126602562125e-06,1.7713264242047444e-06,1.7112314480982604e-06,5.66464726337775e-05,0.000111801375169307,9.572431008564308e-05,2.1706789387584042e-05,2.8100654162699357e-05,2.6251763847540134e-05,0.00024201910612949482,0.0005305702215991914,0.0004458437193534337,7.925499812699854e-05,0.0001015040252241306,9.518375882180408e-05,0.0002182267615024911,0.0004577129399573702,0.00038753732422189084,curiosity,Help choosing a camera for nature and wildlife photography: Canon R6 Mark II vs Sony A7 IV
canon_eos_rebel_t7_dslr_camera_with_18_55mm_lens,obpcpl,189,17766,0.330544690516862,0.2897727272727273,0.046192871608633994,0.034713641304454354,0.030656661452141083,0.48276979691016303,0.48069351704039043,0.4779835055897489,0.4832197576761246,0.9460002779960632,0.13881026208400726,0.10921874642372131,0.7703614830970764,0.3548724949359894,20,169,0.10582010582010581,0.147042860050326,1.8791818393406368,0.5639455302345268,0.8359788359788359,0.6968085106382979,0.48677248677248675,0.1746031746031746,0.10052910052910052,0.12169312169312169,0.6031746031746031,49.28694940614836,36.0,1.1987174672194107,10.0,3.746031746031746,1.5849056603773586,4.23973063973064,0.09593765815490828,0.9928620457649231,0.3776296138763425,0.00047742830242571344,0.05177399516105652,0.00010107555281138033,0.039934059920399764,0.9641048908233643,0.01035347804427134,0.0030549800072289406,0.3263501226902008,0.0003951053891796616,0.05321287476171545,0.9884397983551025,0.08618000000715254,0.000828956483019283,0.03006082773208618,0.001886622235178947,0.03224099293828292,0.4665334234208179,0.1144461197356576,neutral,My photography teacher banned kit lenses.
sony_a7_iv_mirrorless_camera,1tlsxv,40,780,0.3213339312510057,0.21212121212121213,0.0513169847303628,0.03058096980298252,0.023533187088065274,0.5097570792795756,0.5084262197980514,0.5047863727196669,0.5038860738277435,0.7271566987037659,0.3333593010902405,0.34379392862319946,0.7413908243179321,0.5599534511566162,3,37,0.075,0.10980118331499397,1.9936461833398922,0.5982964662739347,0.825,0.8205128205128205,0.3,0.525,0.075,0.075,0.325,85.44252088392523,56.25,1.081893268552393,7.0,2.2,1.3125,2.4558823529411766,0.05037146324757487,0.8711363077163696,0.01975785810500387,0.00016448764478411705,0.004458845127373934,3.3032176725100745e-05,0.03990907840538967,0.7473577260971069,0.013628669362515219,7.97892958871671e-05,0.00071917031891644,0.00019149958243360745,0.0036242679105271238,0.05863530561327934,0.0016983016394078797,0.00020083449708181434,0.0020672872196882963,0.0001907981073600243,0.015724986833540795,0.2807291070154558,0.006697446180866494,admiration,Sony a7 or Olympus EM-1?
sony_a7_iv_mirrorless_camera_with_basic_bundle,1oij6x7,29,406,0.3238657690011538,0.11538461538461539,0.06757785331324896,0.0595071582143307,0.057579831058090385,0.519561500898723,0.5058275629293743,0.5079449687538475,0.5049346089363098,0.8559371829032898,0.21734440326690674,0.19445565342903137,0.6344580054283142,0.42042115330696106,10,19,0.3448275862068966,0.3289491993471466,2.0889425675274014,0.6268950663588073,0.9310344827586207,0.9285714285714286,0.20689655172413793,0.3448275862068966,0.13793103448275862,0.1724137931034483,0.3448275862068966,15.55726638762126,15.0,0.8828977010587408,3.0,1.2758620689655173,1.0,1.25,0.06287801691134268,0.8557847142219543,0.041124643385410234,0.0001353575531295754,0.0021210708655416965,3.864357058773739e-05,0.05516929270900085,0.7962372899055481,0.02392204897478215,0.0002674473848385568,0.0033288460690528154,0.0005124477786011993,0.005263079727040443,0.10562355816364288,0.004290668945759533,0.0002612505315859192,0.0020437915809452534,0.0005053044063970445,0.020662407469489667,0.2937076046364382,0.011616607167161393,neutral,Didn’t plan to buy an A7IV today… but this deal made the decision for me.
sony_a7r_v_mirrorless_camera,1k5oody,7,21,0.31850741165024893,0.14285714285714285,0.07274982991579734,0.0629898218970421,0.059472600436752995,0.4918594871248518,0.48328358502615065,0.4849202689670381,0.49819427728652954,0.6046349406242371,0.2362155169248581,0.18902140855789185,0.3773312568664551,0.477573961019516,0,7,0.0,0.07125071782086577,1.5498260458782016,0.46510532026040424,1.0,0.8333333333333334,0.2857142857142857,0.14285714285714285,0.14285714285714285,0.14285714285714285,0.5714285714285714,6.180945043652553,4.5,0.4506939094329987,6.0,3.5714285714285716,1.2,2.380952380952381,0.14771852176636457,0.9846263527870178,0.4218192599713806,0.0035625194456250548,0.024920547381043434,0.00997345298546862,0.13657363194163605,0.955049455165863,0.38246971009066366,0.00042157886673521716,0.0018423970323055983,0.0013200441258959476,0.07790710897305482,0.533233642578125,0.2202287744730713,0.0014386847500905528,0.007583389524370432,0.00429659439250827,0.06127034095725104,0.4178759640781209,0.17335130600649806,neutral,Help deciding on a camera?
sony_a7_iv_mirrorless_camera,3fbl9c,44,946,0.3129944671423007,0.1282051282051282,0.04756592624074903,0.03293447067156684,0.027843511822233057,0.4944613665405338,0.49560862587445886,0.49080925719934587,0.49495792388916016,0.6987995505332947,0.21945028007030487,0.2011387050151825,0.7331374883651733,0.4444647431373596,6,38,0.13636363636363635,0.17596807635643266,1.6353317183840703,0.49076571182543843,0.8636363636363636,0.7441860465116279,0.5227272727272727,0.22727272727272727,0.18181818181818182,0.13636363636363635,0.45454545454545453,55.22942382642016,40.0,1.144112357986105,5.0,1.9318181818181819,1.375,2.3015873015873014,0.020470595030267512,0.4927889406681061,0.005358193651773045,1.6267473010988066e-05,0.0003700195229612291,7.601199104101398e-06,0.017221094802525014,0.49457621574401855,0.00021491110237548139,0.00011346694902220571,0.001402506255544722,0.0002496267057722435,0.002034057469328135,0.04608989506959915,0.00045316420146264186,0.0002536913289077347,0.0035876245237886906,0.0006138716737041263,0.006684862175510262,0.1724772060503407,0.0012707223523724094,neutral,"Sony a7, a7ii, a7r, a7s, a6000 shooters: What did you guys do about the battery problem?"
sony_a7_iv_mirrorless_camera_with_28_70mm_lens,1d909mx,9,36,0.29713769753774005,0.0,0.0559722289186994,0.04935548184748535,0.04689448965417856,0.4340549757083257,0.4580244653754764,0.4396021034982469,0.4317137897014618,0.8611538410186768,0.10543207079172134,0.03198862075805664,0.33175477385520935,0.3292871117591858,2,7,0.2222222222222222,0.1525756756050719,0.6837389058487535,0.20519115911430155,1.1111111111111112,0.25,0.7777777777777778,0.2222222222222222,0.0,0.1111111111111111,0.6666666666666666,24.98345131294259,23.0,0.8266583155017769,4.0,1.8888888888888888,1.0,1.5,0.004210203934538488,0.023405715823173523,0.012056112289428714,2.909288531959141e-06,7.063442353683058e-06,5.355975554266479e-06,0.00019436622662599094,0.0009475453989580274,0.0004965738160535695,4.3576497167426474e-05,0.00012056349078193307,7.004537037573756e-05,0.0008996453834697604,0.004292581230401993,0.0030614815652370455,0.0001708535896290818,0.0005113068618811667,0.0003553085844032467,0.000920259153327118,0.004880796041258388,0.0026741462668420967,neutral,"I'm looking for a hybrid camera that can produce high-quality videos and photos in various situations such as concerts, weddings, night shoots, and more. I've narrowed my choices down to the Lumix S5 II and the Sony A7 IV. What are your thoughts on these cameras? Are there any better suggestions wit"
sony_a7_iv_mirrorless_camera_with_basic_bundle,1d909mx,9,36,0.29713769753774005,0.0,0.0559722289186994,0.04935548184748535,0.04689448965417856,0.43405497322479886,0.4580244653754764,0.43960210267040467,0.4317137897014618,0.8611538410186768,0.10543207079172134,0.03198862075805664,0.33175477385520935,0.3292871117591858,2,7,0.2222222222222222,0.15257567477722964,0.6837389058487535,0.20519115911430155,1.1111111111111112,0.25,0.7777777777777778,0.2222222222222222,0.0,0.1111111111111111,0.6666666666666666,24.98345131294259,23.0,0.8266583155017769,4.0,1.8888888888888888,1.0,1.5,0.004210203934538488,0.023405715823173523,0.012056112289428714,2.909288531959141e-06,7.063442353683058e-06,5.355975554266479e-06,0.00019436622662599094,0.0009475453989580274,0.0004965738160535695,4.3576497167426474e-05,0.00012056349078193307,7.004537037573756e-05,0.0008996453834697604,0.004292581230401993,0.0030614815652370455,0.0001708535896290818,0.0005113068618811667,0.0003553085844032467,0.000920259153327118,0.004880796041258388,0.0026741462668420967,neutral,"I'm looking for a hybrid camera that can produce high-quality videos and photos in various situations such as concerts, weddings, night shoots, and more. I've narrowed my choices down to the Lumix S5 II and the Sony A7 IV. What are your thoughts on these cameras? Are there any better suggestions wit"
sony_a7_iii_mirrorless_camera,1podzt9,131,8515,0.3036014922247588,0.0916030534351145,0.04339434327213151,0.02857175878703001,0.023591620678500964,0.5040164756603404,0.48715821511417856,0.48938739802021175,0.4957987070083618,1.0,0.31337660551071167,0.31816238164901733,0.8046835064888,0.5176637172698975,13,118,0.09923664122137404,0.12635736242789802,1.6923484787252476,0.5078765344556435,0.7480916030534351,0.6923076923076923,0.48854961832061067,0.3816793893129771,0.0916030534351145,0.11450381679389313,0.4122137404580153,82.6557525410174,69.0,1.2237684881185895,6.0,1.8778625954198473,1.8,2.4563758389261743,0.04369481379887843,0.995465099811554,0.03487761318683624,0.0003968419492925481,0.04849110543727875,7.927688784548081e-06,0.024535611108524074,0.953227698802948,0.0011184531031176448,0.00037968565649292984,0.04049181938171387,0.00015073044050950557,0.02626481765687007,0.9829235672950745,0.00796324573457241,0.00028780171723648875,0.014243378303945065,0.0003311068576294929,0.015926595314549086,0.4923677085704791,0.007917167117132825,neutral,Should I spend more on body or lens on first camera?
nikon_d850_dslr_camera,bao29f,4,6,0.32579950243234634,0.25,0.055805651003012186,0.02921288829996599,0.02150739959574253,0.5075229754050573,0.5496035516262054,0.5271413028240204,0.538163810968399,0.5443692207336426,0.39496299624443054,0.405004620552063,0.39496302604675293,0.4626289904117584,1,3,0.25,0.2434725349303335,1.0397207708399179,0.3120218965147642,0.75,0.6666666666666666,0.5,0.5,0.0,0.0,0.5,37.97696670351649,61.5,0.5311463874617691,2.0,1.5,1.0,1.0,0.0020040173694724217,0.00606773653998971,0.004523457580944524,2.79023862503891e-06,6.129379471531138e-06,4.895163192486507e-06,0.0001393329994243686,0.00041126349242404103,0.0003102220900473186,8.153222597684362e-05,0.0002522783470340073,0.00018598542192194148,0.0003336450372444233,0.0008842392708174884,0.0006793695007218049,0.00011885301501024514,0.00022000727767590433,0.0001859011324995663,0.0004466951476255569,0.0013069423845687804,0.0009811438454941407,neutral,Time for a new camera... Nikon D850 or Canon 5D Mk IV or... ?
leica_d_lux_8_digital_camera,1nszqig,6,15,0.30298249423503876,0.0,0.040609262628755666,0.03418610427369375,0.032928389926689436,0.5566900173823038,0.4663476427396139,0.5042272965113322,0.524105429649353,0.6264584064483643,0.35720592737197876,0.3928358554840088,0.4537040591239929,0.5500926971435547,1,5,0.16666666666666666,0.1595845464617014,0.8675632284814612,0.2603571376943625,1.1666666666666667,0.8,0.6666666666666666,0.3333333333333333,0.16666666666666666,0.5,0.0,24.0653046706018,15.75,0.9958057105076606,4.0,2.0,1.0,1.6666666666666667,0.0008612661282919968,0.001677319873124361,0.0014684716006740928,3.1304367666962207e-06,6.086432676966069e-06,5.350956598704215e-06,7.02720044500893e-05,0.00011784431990236044,0.00011604590326896869,3.471593026915798e-05,7.179252133937553e-05,5.69542171433568e-05,0.00014223161148644672,0.00030329794390127063,0.0002252375998068601,0.00013326154294190928,0.00023861519002821296,0.00021499687136383727,0.00020747960903438274,0.0003675403350295407,0.00032578673371593447,neutral,Fujifilm xm-5 or Leica D-Lux 8
kodak_pixpro_wpz2_digital_camera_blue,1s149f0,1,0,0.31148213148117065,0.0,0.0,0.0,0.0,0.0,0.0,0.0,0.0,0.0,0.0,0.0,0.0,0.0,0,1,0.0,0.016775796189904213,-0.0,0.0,0.0,0.0,1.0,0.0,0.0,1.0,0.0,0.0,0.0,0.0,1.0,1.0,0.0,0.0,0.0008949344628490508,0.0008949344628490508,0.0008949344628490508,3.0046787742321612e-06,3.0046787742321612e-06,3.0046787742321612e-06,6.888514326419681e-05,6.888514326419681e-05,6.888514326419681e-05,5.1860242820112035e-05,5.1860242820112035e-05,5.1860242820112035e-05,0.0001319317234447226,0.0001319317234447226,0.0001319317234447226,0.0001337795110885054,0.0001337795110885054,0.0001337795110885054,0.00021406596037346995,0.00021406596037346995,0.00021406596037346995,neutral,Looking for an affordable digital camera that I can use for both nature/travel photography and photo shoots.
canon_eos_rebel_t7_dslr_camera_with_18_55mm_lens,1kzpmj0,12,66,0.3167452737689018,0.16666666666666666,0.04610763575413769,0.03273592087411282,0.027166162223084656,0.5357387508406783,0.49628378541180584,0.5109077886198506,0.5130018889904022,0.6132102012634277,0.3298569619655609,0.3600578308105469,0.5352146625518799,0.5173721313476562,0,12,0.0,0.02720635834460457,1.907283999321379,0.5723790342091266,0.75,1.0,0.16666666666666666,0.5833333333333334,0.08333333333333333,0.08333333333333333,0.25,56.22697059438844,53.5,0.9893308608983303,4.0,1.9166666666666667,1.2,1.6923076923076923,0.0016622828940550487,0.014515906572341919,0.0008011097495909782,1.864735281742469e-06,5.072849489806686e-06,2.01840732643177e-06,4.9791847383554945e-05,0.0001518490316811949,8.381682710023597e-05,3.6411107278884934e-05,0.00016539393982384354,3.9410972749465156e-05,0.00020716047280681474,0.001172916847281158,0.00019490884878905492,0.00021378398711628202,0.0017281280597671866,8.884370836312883e-05,0.00036188250732038796,0.002956544550064185,0.0001976463132336903,neutral,Looking for an upgrade from BestBuy starter pack but don’t know where to start
canon_eos_rebel_t7_dslr_camera_with_18_55mm_lens,1rkdeya,7,21,0.3037609074796949,0.0,0.05928860127423605,0.05316779829545869,0.051783860287950824,0.5072054337887537,0.46447632284391493,0.4784785537492661,0.4809705913066864,0.6085351705551147,0.20953118801116943,0.18985265493392944,0.3294336199760437,0.40711480379104614,3,4,0.42857142857142855,0.3346466709460531,1.15374194270109,0.3462398358738274,0.7142857142857143,0.5,0.5714285714285714,0.2857142857142857,0.0,0.14285714285714285,0.5714285714285714,7.267484195415373,10.5,0.5354988354516591,4.0,2.142857142857143,1.25,1.5555555555555556,0.018015098013815338,0.08569644391536713,0.05219628475606444,1.1102087764161947e-05,5.328787301550619e-05,2.8132481747888974e-05,0.0010632963037226415,0.0039555407129228115,0.002982469648122788,6.206910802575294e-05,0.00014121137792244554,0.00013302203151397408,0.006751793670576133,0.04409630596637726,0.01860193819738926,0.0004513926396612078,0.0016235349467024207,0.0011542290798388425,0.004392458637260872,0.0221867395979037,0.012546811793193537,neutral,Seeing the moon on an old canon FD lens using my T7 Rebel
sony_a7_iv_mirrorless_camera_with_28_70mm_lens,rz4td2,10,45,0.3048811137676239,0.0,0.07034841080845491,0.046841782159269534,0.038340521778674946,0.5054456233978272,0.5056334733963013,0.5042499403158823,0.5059263110160828,0.6191879510879517,0.33063116669654846,0.25541025400161743,0.6293979287147522,0.617344319820404,0,10,0.0,0.030295355245471,1.0888999753452238,0.3267806558751613,0.8,0.4444444444444444,0.6,0.3,0.1,0.0,0.6,15.836666315863324,25.25,0.5108602037375266,5.0,2.1,1.0,1.9090909090909092,0.050468879810068756,0.46853014826774597,0.06452570110559447,6.515191762446193e-06,2.213252810179256e-05,1.5653912032576042e-05,0.00073855528353306,0.003681398695334792,0.002983164158649742,0.0005137177598953713,0.003855583257973194,0.0011256566445808846,0.0329195679143595,0.3240043818950653,0.035700871027074636,0.00024777238722890617,0.0006505467463284731,0.0006304001610260457,0.014149168057808007,0.13282252057433652,0.017447128001231202,neutral,Lens decision help for Sony A7 IV
hasselblad_x2d_ii_100c_medium_format_mirrorless_camera,1rlbggp,80,3160,0.3151903010904789,0.075,0.051287961302914145,0.04127897117315533,0.0379114304001353,0.4801608898735876,0.4750129411963722,0.47182406596839427,0.4881253093481064,1.0000001192092896,0.1982639878988266,0.16093209385871887,0.9294831156730652,0.4663577079772949,6,74,0.075,0.1410411800025031,2.0432426943619904,0.6131804599996051,0.7875,0.810126582278481,0.4,0.2375,0.15,0.125,0.4875,60.48241479967545,26.5,1.5139528110056433,7.0,2.4375,1.302325581395349,2.397727272727273,0.027924061817248002,0.9420822858810425,0.00674351030029353,0.0001034105346931824,0.007942361757159233,9.580190271662991e-06,0.011940793653070613,0.9276599287986755,0.00039348640129901455,0.0004491755307299172,0.011190243065357208,0.0003977141808718442,0.012051262276600028,0.48240339756011963,0.0004008255637018005,0.0007321820742618001,0.04170185700058937,0.00032916004420258094,0.008866814314433922,0.3403389042262764,0.0015053235777031566,neutral,gfx100s vs hasselblad x2d
hasselblad_x2d_ii_100c_medium_format_mirrorless_camera,1smvotp,6,15,0.30823590358098346,0.0,0.05169520648793464,0.03602548519205489,0.029974143432078146,0.507490470012029,0.47162283460299176,0.48482853968938194,0.4861326217651367,0.581631064414978,0.27892130613327026,0.28856781125068665,0.36850041151046753,0.49693119525909424,0,6,0.0,0.025273657248665888,0.45056120886630463,0.13521415251989277,1.1666666666666667,0.4,0.8333333333333334,0.0,0.16666666666666666,0.3333333333333333,0.5,33.633647173956945,50.0,0.7529921009094839,2.0,1.1666666666666667,1.0,1.0,0.0020938712890104703,0.010154145769774914,0.005363223550375551,1.7076858398468175e-06,2.4993553324748063e-06,2.469713081154623e-06,7.154963532229885e-05,0.0002575851103756577,0.00016084259914350696,2.2620152473488513e-05,3.3317264751531184e-05,2.9486731364158913e-05,0.0008927118396968581,0.0047852834686636925,0.002464351484377403,0.00011571139839361422,0.0002648345835041255,0.0001804724379326217,0.0005330286667894294,0.0025829442587337326,0.0013626114108546972,neutral,HASSELBLAD X2D100C or LEİCA SL3???
hasselblad_x2d_ii_100c_medium_format_mirrorless_camera,90c7id,37,666,0.3269449944297473,0.25,0.041675790975554516,0.030534848909405114,0.026693667888778028,0.45774811906768037,0.48213433745029094,0.463043979427836,0.4652516394853592,0.7756593227386475,0.22234101593494415,0.20190533995628357,0.7407813668251038,0.46880707144737244,3,34,0.08108108108108109,0.10516851677282436,0.9134213270624091,0.2741192277584374,0.7837837837837838,0.5277777777777778,0.7297297297297297,0.13513513513513514,0.08108108108108109,0.13513513513513514,0.6486486486486487,87.0440137861972,69.0,1.306013183328993,4.0,1.7837837837837838,2.3333333333333335,2.4482758620689653,0.0360984863655176,0.8574545383453369,0.007203785981982937,6.31853354806284e-05,0.002233661012724042,9.859720194071994e-06,0.022957617961691466,0.8418872952461243,0.00019818521395791315,5.463791495532024e-05,0.00047101470408961177,6.507107755169268e-05,0.013870996664548796,0.3549043834209442,0.00098995886510238,0.00025684766345924847,0.0022310258354991674,0.0006785530829802149,0.012216961984275508,0.30887477180416073,0.0016693652202699595,neutral,"Hasselblad extols Medium Format advantages in ""fair"" & ""unbiased"" comparison with 35mm camera..."
kodak_pixpro_wpz2_digital_camera_blue,1q5ugjw,30,435,0.30950716446185933,0.0,0.04406958603615515,0.03482552768153925,0.0318312816452227,0.5150891547230468,0.49789216401933256,0.49986517813013887,0.4953506886959076,0.6845120191574097,0.2968500256538391,0.28324902057647705,0.6733015179634094,0.5188280940055847,1,29,0.03333333333333333,0.07480796774228414,1.7376441483182865,0.5214698386645311,0.7666666666666667,0.6551724137931034,0.5333333333333333,0.3,0.06666666666666667,0.13333333333333333,0.5,84.19544062609461,48.0,1.5936045544371218,5.0,1.7333333333333334,1.0909090909090908,1.6956521739130435,0.1819190115405945,0.9654924869537354,0.9193418741226197,0.000940159952411553,0.011369477957487106,0.0022080672439187803,0.14330789399797747,0.9181739687919617,0.7059418976306915,0.0001348910206312818,0.0009994568536058068,0.000521255616331473,0.08636273395556297,0.7889286875724792,0.2549634695053104,0.01182948744293147,0.33805108070373535,0.002836335403844715,0.07074902965168488,0.46603126616294804,0.3305205981741893,neutral,Kodak pixpro fz55 or wpz2?
canon_eos_rebel_t7_dslr_with_18_55mm_and_75_300mm_lenses,s4z9aj,7,21,0.3068024039268494,0.0,0.07759983917635986,0.050879759030040314,0.04129785568230442,0.5764767428239187,0.5525578161080679,0.5616771252382369,0.5770710110664368,0.6284873485565186,0.33695077896118164,0.35170838236808777,0.48480772972106934,0.54742830991745,0,7,0.0,0.07919769947017942,1.277034259466139,0.3832400609166074,0.7142857142857143,1.0,0.42857142857142855,0.14285714285714285,0.14285714285714285,0.2857142857142857,0.42857142857142855,10.27976018143201,16.5,0.32708327850010943,4.0,1.8571428571428572,1.0,1.6666666666666667,0.009634767043670374,0.03956422209739685,0.028270350769162185,7.848421156657942e-06,2.181297713832464e-05,1.8373219791101296e-05,0.00016449413435891205,0.0004410828114487231,0.0003804701264016331,0.004731760906517073,0.01791955903172493,0.015231643058359626,0.0003035709378309548,0.0009997421875596046,0.0006602443580050023,0.00039697211052823277,0.0012465434847399592,0.0009573180577717724,0.0025399022590103675,0.010014368086558534,0.007589958400603793,approval,Looking for recommendations!
canon_eos_r5_mirrorless_camera,d9xcj1,85,3570,0.31211208348924463,0.11688311688311688,0.04642878385422549,0.03322122745069044,0.028601968626147348,0.5040078255392256,0.5043493073360593,0.5009239031320193,0.5015423893928528,0.6486147046089172,0.21286658942699432,0.19717228412628174,0.7345269918441772,0.4131094217300415,13,72,0.15294117647058825,0.19441586228854515,2.088626400484827,0.6268001841144526,0.8352941176470589,0.8333333333333334,0.3411764705882353,0.35294117647058826,0.1411764705882353,0.17647058823529413,0.32941176470588235,38.00048078370045,39.0,0.8767754795370626,7.0,3.070588235294118,1.5238095238095237,3.666015625,0.025047681518309915,0.8417071104049683,0.004988182522356503,7.219394175107856e-05,0.00471796840429306,5.004261493013471e-06,0.014365062612448716,0.663027286529541,0.00029042492969892837,7.098997754356413e-05,0.0013678877148777246,0.00014646178460679936,0.007165962628427866,0.2749791443347931,0.0006507127662189302,0.00023439032357761307,0.0038761307951062918,0.00027937504928559026,0.007826046833676457,0.267800025952359,0.0010703157796797301,neutral,"Canon releases firmware update for EOS R/RP, significant autofocus improvements"
kodak_pixpro_fz55_digital_camera_black,1ml837z,2,1,0.3076658248901367,0.0,0.02160694943751619,0.015704179165244015,0.013423906726427607,0.4157140254974365,0.3498845398426056,0.37996912002563477,0.37996912002563477,0.37996912002563477,0.2759472131729126,0.2759472131729126,0.2759472131729126,0.2759472131729126,0,2,0.0,0.08662733342498541,-0.0,0.0,1.0,0.0,1.0,1.0,0.0,0.0,0.0,32.0,32.0,0.8421052631578947,1.0,1.0,0.0,0.0,0.0047247860638890415,0.008932789787650108,0.008091189042897896,1.764073260801524e-05,3.3179814636241645e-05,3.0071998230596365e-05,0.0003576481685740873,0.0006676344200968742,0.0006056371697923169,9.466837582294829e-05,0.00016424432396888733,0.0001503291343396995,0.0007140818233892787,0.0013298948761075735,0.0012067322655639145,0.0013876661723770667,0.002677149372175336,0.002419252732215682,0.0012160818894434064,0.0023008154324391703,0.0020838687238400174,neutral,Digital camera for everyday use
sony_a7_iv_mirrorless_camera_with_28_70mm_lens,1j6hpj0,15,105,0.31521281812872204,0.21428571428571427,0.06039151987093297,0.05385800403867916,0.052974637992090394,0.5157509366671245,0.47742326912425814,0.49195459541820347,0.4949161112308502,0.6559940576553345,0.26933085918426514,0.23923443257808685,0.5803171396255493,0.48041242361068726,3,12,0.2,0.24656285370389622,1.6792043316027068,0.50393195449892,0.8666666666666667,0.8571428571428571,0.4,0.06666666666666667,0.13333333333333333,0.3333333333333333,0.4666666666666667,23.290818410314017,16.5,1.0716634237874547,10.0,6.0,1.0833333333333333,4.1208791208791204,0.0572497105516959,0.7532299160957336,0.05823931023478505,5.002845712927713e-06,2.6355553927714936e-05,1.5047572378534824e-05,0.000406584936111661,0.005031759385019541,0.0003472722950391471,0.004248086362107036,0.05824526399374008,0.0030846207024296727,0.04230757660601133,0.6317395567893982,0.0009060572716407474,0.00026158247152731443,0.002335401251912117,0.00024985850905068213,0.01741309062886103,0.23171328784216408,0.01633590965520852,neutral,Strange green lines with camera lens on Sony camera when I zoom in on photo? How to get rid of them
sony_a7_iv_mirrorless_camera_with_28_70mm_lens,1rkfe79,1,0,0.057904183864593506,0.0,0.0,0.0,0.0,0.0,0.0,0.0,0.0,0.0,0.0,0.0,0.0,0.0,0,1,0.0,0.019841352477669716,-0.0,0.0,1.0,0.0,1.0,0.0,0.0,1.0,0.0,0.0,0.0,0.0,1.0,1.0,0.0,0.0,0.00045031277113594115,0.00045031277113594115,0.00045031277113594115,1.3638201608046074e-06,1.3638201608046074e-06,1.3638201608046074e-06,3.3582793548703194e-05,3.3582793548703194e-05,3.3582793548703194e-05,1.668378354224842e-05,1.668378354224842e-05,1.668378354224842e-05,0.00010770535300252959,0.00010770535300252959,0.00010770535300252959,6.20124556007795e-05,6.20124556007795e-05,6.20124556007795e-05,0.00011194349616516774,0.00011194349616516774,0.00011194349616516774,neutral,Sony a7 IV with 28-70mm Lens Kit Mirrorless Camera a74 $3025 + Postage & Insurance @ CCC Warehouse
hasselblad_x2d_ii_100c_medium_format_mirrorless_camera,56uxrs,11,55,0.33092296719551084,0.3,0.06289394248420623,0.051173489600713086,0.04676190093244632,0.49695261174982247,0.5242547002705661,0.5075451563705098,0.5035099983215332,0.6214895844459534,0.18663857877254486,0.1283324807882309,0.5152225494384766,0.5199518203735352,1,10,0.09090909090909091,0.09347130002623255,1.4142790651247086,0.4244274505979668,0.7272727272727273,0.7,0.45454545454545453,0.18181818181818182,0.18181818181818182,0.09090909090909091,0.5454545454545454,12.408341635720719,12.0,0.6593804733957871,3.0,1.5454545454545454,1.25,1.2857142857142858,0.006073198048397899,0.05602380260825157,0.0065048919059336185,3.3696684857370034e-06,1.5179007277765777e-05,8.635591257188935e-06,0.00014783715183015872,0.0009747999138198793,0.0003349676262587309,6.238341848074924e-05,0.000412200199207291,8.919304673327133e-05,0.0003855954491882585,0.0028015929274260998,0.0003773309290409088,0.00029346124740021133,0.002259243046864867,0.00031211640452966094,0.0011609741639638355,0.010414469617141245,0.0012711892506255633,neutral,Hasselblad Reinvents Itself with Swedish-Engineered Digital Medium-Format Cameras
canon_eos_rebel_t7_dslr_camera_with_18_55mm_lens,1qkv1ed,18,153,0.3173112024863561,0.1111111111111111,0.06003985515198815,0.04915392861390165,0.04510531582172922,0.49599123488064684,0.4932752068525825,0.4887624297266692,0.49893876910209656,1.0,0.2855874001979828,0.2875136733055115,0.6713716983795166,0.5284076929092407,0,18,0.0,0.062220166644288435,1.504077396776274,0.4513760761632218,0.9444444444444444,0.7647058823529411,0.4444444444444444,0.2222222222222222,0.0,0.16666666666666666,0.6111111111111112,26.276603215469265,18.75,0.9874297659257761,4.0,1.7777777777777777,1.5,1.9583333333333333,0.20259678495737413,0.905800461769104,0.6215998470783234,8.967808020719935e-06,2.834811675711535e-05,2.1567901603702926e-05,0.0021626747874405636,0.012039891444146633,0.005478529306128625,5.702862098486447e-05,0.00012703516404144466,9.782950874068775e-05,0.1676142254368137,0.8475126624107361,0.5104889869689941,0.0003587930671831903,0.0008958725375123322,0.000807614962104708,0.062133079112969516,0.29247813048929555,0.1871676516529836,neutral,Walmart EOS Rebel T7 Bundle (26 pc)- Seems too cheap?
hasselblad_x2d_ii_100c_medium_format_mirrorless_camera,1zj921,3,3,0.3152562777201335,0.0,0.05144026806292237,0.029001918175752997,0.02189797708888744,0.45492438475290936,0.477080633242925,0.46508902311325073,0.4531550705432892,0.5032316446304321,0.526678740978241,0.5152005553245544,0.526678740978241,0.5564058423042297,1,2,0.3333333333333333,0.2510529849678278,0.6365141682948128,0.1910189384688593,1.3333333333333333,1.0,0.6666666666666666,0.0,0.3333333333333333,0.3333333333333333,0.3333333333333333,20.215505600075073,23.5,0.3814246339636806,3.0,2.0,1.0,1.3333333333333333,0.0007054451561998576,0.0013163690455257893,0.0011406604724470528,2.7813902837200053e-06,5.4810716392239556e-06,4.6774644260949575e-06,6.0782111177104525e-05,0.00011692101543303579,0.00010075147365569138,2.6273462935932912e-05,4.216253000777215e-05,3.7824835817446e-05,0.00019657791078013057,0.0003856588155031204,0.0003300063821370714,0.00011186071787960827,0.00019771253573708236,0.00017232258542208004,0.00018395345820939232,0.00034405083564100397,0.00029770720231757266,neutral,Hasselblad Unveils World's First Medium Format CMOS Camera
nikon_d850_dslr_camera,6xwctq,84,3486,0.32588893063366414,0.3,0.04517689795306577,0.033665054115414525,0.029712443900251254,0.48774084986555666,0.4781516163224676,0.47877970590922453,0.48496975004673004,0.6731923222541809,0.17121359705924988,0.14965525269508362,0.7809993028640747,0.35662415623664856,11,73,0.13095238095238096,0.17463403401364172,1.9886375418726192,0.5967933648130315,0.8214285714285714,0.7590361445783133,0.4642857142857143,0.2976190476190476,0.11904761904761904,0.16666666666666666,0.4166666666666667,40.56692037047761,34.0,0.9761161017244684,8.0,3.6547619047619047,1.3773584905660377,3.5644444444444443,0.08010011608054074,0.9793055653572083,0.1274618452414875,0.00035754595924144964,0.012112137861549854,1.0184576149185889e-05,0.05608178184478502,0.9121292233467102,0.0004169779334915807,0.0002101349750340714,0.006081939674913883,0.0003749366966076195,0.041212924064633887,0.9103776812553406,0.01430997012648736,0.0004307677786311528,0.007908200845122337,0.0005310931184794754,0.029732211783811052,0.4372932298865635,0.035742287997118316,neutral,D850 Full Resolution TIFF Form Nikon Ambassador Dixie Dixon.
ricoh_gr_iiix_hdf_digital_camera,18bk7fi,7,21,0.33119372384888784,0.2857142857142857,0.07736685982797636,0.05125167942650336,0.039760246344070105,0.5322298279830388,0.5230827331542969,0.5252743604637328,0.5227065682411194,0.5883347392082214,0.3503521680831909,0.33328306674957275,0.47949647903442383,0.5843906998634338,1,6,0.14285714285714285,0.15345944863344943,0.7963116401738131,0.23897442000999627,1.0,0.6666666666666666,0.7142857142857143,0.14285714285714285,0.0,0.42857142857142855,0.42857142857142855,46.68653610047788,17.5,0.9784603374351651,3.0,1.7142857142857142,1.0,1.2,0.003434614452999085,0.02148115262389183,0.008908808010164656,5.856623325988559e-06,3.261761230533011e-05,1.396942705014227e-05,6.227380202160151e-05,0.00028303099679760635,0.00012993131604162054,4.686336329281663e-05,0.00020930553728248924,9.754884740686982e-05,0.00035505343735816756,0.001852328423410654,0.0008153777220286435,0.002779893443013342,0.018960798159241676,0.007645999816304545,0.0011140925203351668,0.007136538892154931,0.002934102402707597,neutral,Same JPG looks more/less noisy depending on which program used to open it
ricoh_gr_iv_digital_camera,1pvwmz7,10,45,0.31541468799114225,0.2,0.06934597764585743,0.05702880729878031,0.05103078474181216,0.48212247027291194,0.48764808310402763,0.4746493485238817,0.43324217200279236,0.8379806876182556,0.12304235994815826,0.04877229779958725,0.41400784254074097,0.3594420552253723,0,10,0.0,0.08967135604470969,0.8018185525433373,0.24062705338009957,0.9,0.6666666666666666,0.7,0.4,0.1,0.3,0.2,48.8865012043202,24.0,1.1135877267498906,4.0,2.3,1.1666666666666667,2.590909090909091,0.002069898179615848,0.0163725558668375,0.0021865849848836604,2.059246537555737e-06,6.456044957303675e-06,2.5345987751279593e-06,0.0002232149345218204,0.0019305068999528885,0.00023858101449150058,2.681779114936944e-05,6.194454908836633e-05,3.8037632475607086e-05,0.0005986217089230195,0.005034701433032751,0.0006141571429907327,9.016281910589896e-05,0.00019553631136659533,0.00012173343129688871,0.0005017957799755852,0.003933616850872568,0.0005226601048320831,neutral,Best compact camera for nostalgic/film look with minimal editing?
sony_a9_ii_mirrorless_camera,66ftxp,129,8256,0.31366840973496435,0.09166666666666666,0.0502729680314186,0.04254302658717063,0.0405289590945246,0.4774980426913979,0.46946685986463416,0.4691519923002798,0.47563549876213074,0.8886876106262207,0.11626949906349182,0.09386894106864929,0.746052086353302,0.3011630177497864,10,119,0.07751937984496124,0.12676296713798083,1.9477771468367306,0.5845310937215911,0.8992248062015504,0.7265625,0.5038759689922481,0.17829457364341086,0.11627906976744186,0.2248062015503876,0.4806201550387597,24.365264739661335,32.0,0.9379645333978848,10.0,3.387596899224806,1.5151515151515151,4.155860349127182,0.07667627772126823,0.9983744621276855,0.2629327476024632,0.0007902453203367385,0.07159221172332764,3.3084929600590844e-05,0.02543926872931479,0.9587858319282532,0.004328803159296514,0.009964886074031225,0.7693111896514893,0.0005154676968231805,0.03542692330445916,0.9831855297088623,0.024581962078809808,0.0007901086386581052,0.03100147470831871,0.0011864060070365672,0.02484795163134471,0.5069283787161112,0.07815607623924747,neutral,Sony's new A9 camera is a full-frame mirrorless with ludicrous speed
canon_eos_rebel_t7_dslr_camera_with_18_55mm_lens,1ouz6tw,17,136,0.3043654263019562,0.11764705882352941,0.05517213755257483,0.03332343805451409,0.025751124318781453,0.522435607498183,0.5271213034934857,0.5228851367445553,0.5324181616306305,0.6341527104377747,0.3144494295120239,0.28427907824516296,0.6389510631561279,0.561556339263916,2,15,0.11764705882352941,0.1287240884540712,1.6242225882334724,0.487431843776021,0.7058823529411765,0.8125,0.4117647058823529,0.35294117647058826,0.23529411764705882,0.29411764705882354,0.11764705882352941,52.7559504835112,37.0,0.8436981733016843,3.0,1.411764705882353,1.0,1.2857142857142858,0.0012416227751493674,0.01027606800198555,0.001140146260149777,2.282904494463497e-06,8.354504643648397e-06,3.285041202616413e-06,0.0001241289777253234,0.0013089939020574093,9.780395048437643e-05,4.594519476300133e-05,0.0001913743617478758,9.856930191745055e-05,0.00018607431539909586,0.0009344330755993724,0.00024880261917132885,0.00010609847402734244,0.00030063209123909473,0.0001568307401612401,0.000284358773593099,0.002168058102900735,0.000277307049736919,neutral,Anyone use their phone to control their DSLR/ take photos from a power wheelchair setup?
canon_eos_rebel_t7_dslr_with_18_55mm_and_75_300mm_lenses,1ouz6tw,17,136,0.3043654263019562,0.11764705882352941,0.05517213755257483,0.03332343805451409,0.025751124318781453,0.5224356004858718,0.5271213037126204,0.5228851323618608,0.5324181616306305,0.6341527104377747,0.3144494295120239,0.28427910804748535,0.6389510631561279,0.561556339263916,2,15,0.11764705882352941,0.1287240884540712,1.6242225882334724,0.487431843776021,0.7058823529411765,0.8125,0.4117647058823529,0.35294117647058826,0.23529411764705882,0.29411764705882354,0.11764705882352941,52.7559504835112,37.0,0.8436981733016843,3.0,1.411764705882353,1.0,1.2857142857142858,0.0012416227751493674,0.01027606800198555,0.001140146260149777,2.282904494463497e-06,8.354504643648397e-06,3.285041202616413e-06,0.0001241289777253234,0.0013089939020574093,9.780395048437643e-05,4.594519476300133e-05,0.0001913743617478758,9.856930191745055e-05,0.00018607431539909586,0.0009344330755993724,0.00024880261917132885,0.00010609847402734244,0.00030063209123909473,0.0001568307401612401,0.000284358773593099,0.002168058102900735,0.000277307049736919,neutral,Anyone use their phone to control their DSLR/ take photos from a power wheelchair setup?
ricoh_gr_iv_hdf_digital_camera,3jsmxf,7,21,0.29501681668417795,0.0,0.0466797101456539,0.03945176292287042,0.03712938513070295,0.5320622693924677,0.5102773890608833,0.515509097349076,0.5193755030632019,0.5962361693382263,0.41276586055755615,0.3902474045753479,0.5508886575698853,0.6130324602127075,2,5,0.2857142857142857,0.30815086433930056,0.5982695885852573,0.17954167781670785,1.0,0.6666666666666666,0.7142857142857143,0.42857142857142855,0.0,0.5714285714285714,0.0,23.16401149566777,25.5,0.8909235190641449,2.0,1.1428571428571428,1.0,1.0,0.0011331148603598454,0.005160878412425518,0.002408632379956545,3.1639295424871046e-06,1.1967585123784374e-05,5.985549751130751e-06,5.589407140048154e-05,0.0001650871563469991,9.299584780819718e-05,3.006558576349302e-05,6.500101153505966e-05,4.2520008355495535e-05,0.00019638505909824744,0.0007412119884975255,0.00037636545894201864,0.00035539308529613275,0.0020018864888697863,0.0008582429916714325,0.00029566943191011453,0.0013576721071331121,0.000629286905325444,neutral,"Looking for a small, compact camera with a 50mm lens (or 50mm equiv.) for under or around a 1000$. What are your suggestions?"
ricoh_gr_iv_monochrome_digital_camera,3jsmxf,7,21,0.29501681668417795,0.0,0.0466797101456539,0.03945176292287042,0.03712938513070295,0.532062258039202,0.5102773805459341,0.515509083157494,0.5193754434585571,0.5962361693382263,0.41276586055755615,0.3902474045753479,0.5508886575698853,0.6130324602127075,2,5,0.2857142857142857,0.30815086433930056,0.5982695885852573,0.17954167781670785,1.0,0.6666666666666666,0.7142857142857143,0.42857142857142855,0.0,0.5714285714285714,0.0,23.16401149566777,25.5,0.8909235190641449,2.0,1.1428571428571428,1.0,1.0,0.0011331148603598454,0.005160878412425518,0.002408632379956545,3.1639295424871046e-06,1.1967585123784374e-05,5.985549751130751e-06,5.589407140048154e-05,0.0001650871563469991,9.299584780819718e-05,3.006558576349302e-05,6.500101153505966e-05,4.2520008355495535e-05,0.00019638505909824744,0.0007412119884975255,0.00037636545894201864,0.00035539308529613275,0.0020018864888697863,0.0008582429916714325,0.00029566943191011453,0.0013576721071331121,0.000629286905325444,neutral,"Looking for a small, compact camera with a 50mm lens (or 50mm equiv.) for under or around a 1000$. What are your suggestions?"
leica_d_lux_8_digital_camera,15dx01k,2,1,0.28863218426704407,0.0,0.015605412161283841,0.011361045514417667,0.009728601237415058,0.3795488774776459,0.48882585763931274,0.42731162905693054,0.42731162905693054,0.42731162905693054,-0.017839975655078888,-0.017839975655078888,-0.017839975655078888,-0.017839975655078888,0,2,0.0,0.0319052254781127,0.6931471805599453,0.20801459767650946,1.0,1.0,0.5,0.0,0.0,0.5,0.5,34.0,34.0,0.7083333333333334,1.0,1.0,0.0,0.0,0.00204897447838448,0.0036240331828594208,0.0033090214419644326,3.5562742368711042e-06,5.951607818133198e-06,5.472541101880779e-06,0.00033066746982512996,0.0006364872097037733,0.0005753232617280446,8.489189622196136e-05,0.00015289396105799824,0.00013929354809079087,0.0002656507131177932,0.0004053973243571818,0.00037744800210930406,0.00011731477206922136,0.0001633676147321239,0.0001541570461995434,0.0004751759339759095,0.0008313551500881052,0.0007601193068656661,neutral,"Camera shoot off: Ricoh GR ii vs Leica D-LUX 3, help me decide!"
sony_a7_iii_mirrorless_camera,1j2wo42,3,3,0.30184705058733624,0.0,0.4091055932505398,0.39541294557963164,0.3905067969600249,0.7289628187815348,0.7493194341659546,0.7388558785120646,0.6256554126739502,0.9672724008560181,0.6312416195869446,0.44686251878738403,0.6312416791915894,0.8893725275993347,0,3,0.0,0.06653291483720143,-0.0,0.0,1.3333333333333333,0.0,1.0,0.3333333333333333,0.0,0.0,0.6666666666666666,2.357022603955158,2.5,0.16444343748524357,1.0,1.0,0.0,0.0,0.0003711136911685268,0.00038683743332512677,0.00038274855469353495,1.4394521864839287e-06,1.4484321582131088e-06,1.4472150269284612e-06,2.9772473377912927e-05,3.168772309436463e-05,3.130657314613927e-05,1.7649705720638547e-05,1.8002103388425894e-05,1.7980881239054725e-05,9.425323029669623e-05,9.811829659156501e-05,9.71227214904502e-05,6.772433698642999e-05,6.965004286030307e-05,6.935913988854736e-05,9.699214828944806e-05,0.00010021921965138365,9.936935562867197e-05,neutral,Recommendation: Camera Update/Replacement for Sony a7iii and FS5 mkii
sony_a7r_v_mirrorless_camera,1j2wo42,3,3,0.30184705058733624,0.0,0.4091055932505398,0.39541294557963164,0.3905067969600249,0.7289628386497498,0.7493194341659546,0.7388558983802795,0.625655472278595,0.9672724008560181,0.6312416195869446,0.44686251878738403,0.6312416791915894,0.8893725275993347,0,3,0.0,0.06653291483720143,-0.0,0.0,1.3333333333333333,0.0,1.0,0.3333333333333333,0.0,0.0,0.6666666666666666,2.357022603955158,2.5,0.16444343748524357,1.0,1.0,0.0,0.0,0.0003711136911685268,0.00038683743332512677,0.00038274855469353495,1.4394521864839287e-06,1.4484321582131088e-06,1.4472150269284612e-06,2.9772473377912927e-05,3.168772309436463e-05,3.130657314613927e-05,1.7649705720638547e-05,1.8002103388425894e-05,1.7980881239054725e-05,9.425323029669623e-05,9.811829659156501e-05,9.71227214904502e-05,6.772433698642999e-05,6.965004286030307e-05,6.935913988854736e-05,9.699214828944806e-05,0.00010021921965138365,9.936935562867197e-05,neutral,Recommendation: Camera Update/Replacement for Sony a7iii and FS5 mkii
sony_a7_iv_mirrorless_camera,1numz89,13,78,0.31115728120009106,0.16666666666666666,0.05824891484423763,0.03286562054004681,0.024629933054379674,0.5320648310276178,0.50420459990318,0.5152068573694962,0.5142470598220825,0.6305620670318604,0.24082019925117493,0.22489923238754272,0.537986159324646,0.47366848587989807,1,12,0.07692307692307693,0.10191093686108406,1.5171515848932915,0.4552996613084595,0.8461538461538461,0.9166666666666666,0.5384615384615384,0.3076923076923077,0.0,0.23076923076923078,0.46153846153846156,45.74873490668491,44.0,0.6333690668657123,4.0,1.6923076923076923,1.0,1.5555555555555556,0.0005896611143655789,0.0012576369335874915,0.0006896615261211992,1.6705370871232635e-06,2.2676240405417047e-06,2.0791288079635704e-06,4.350104693283076e-05,7.686507888138294e-05,6.267101634875872e-05,2.6226253864409115e-05,5.233769115875475e-05,3.443486566538923e-05,0.00013088954382020837,0.00029191418434493244,0.0001407690579071641,8.329197477835875e-05,0.00012779401731677353,9.149794350378216e-05,0.00014587341180808487,0.0002931336514204001,0.00017101427617944865,neutral,Trail running with a camera
sony_rx100_vii_digital_camera_with_basic_bundle,1s4udrg,2,1,0.2868208736181259,0.0,0.007380091417222491,0.005662486199148667,0.004968285870925012,0.38526952266693115,0.5404981374740601,0.4498697817325592,0.4498697817325592,0.4498697817325592,0.2897387742996216,0.2897387742996216,0.2897387742996216,0.2897387742996216,0,2,0.0,0.03167538903653622,0.6931471805599453,0.20801459767650946,0.5,1.0,0.5,0.0,1.0,0.0,0.0,64.5,64.5,0.8543046357615894,2.0,1.5,1.0,1.0,0.0008651394455228001,0.0012407730100676417,0.0011656462971586733,2.0908097440042184e-06,2.3793884338374482e-06,2.3216726958708023e-06,6.11612467764644e-05,8.904933201847598e-05,8.347171497007367e-05,3.481880412437022e-05,4.2884126742137596e-05,4.127106221858412e-05,0.00016040649279602803,0.00022844305203761905,0.00021483574018930086,0.00010441383710713126,0.00012482987949624658,0.00012074667101842352,0.00020467177267846637,0.0002853713572600706,0.0002692314403437498,neutral,Suggestions compact camera for video
canon_eos_rebel_t7_dslr_camera_with_18_55mm_lens,115jnmb,9,36,0.30037227604124284,0.0,0.04227865635485074,0.023197641880728734,0.01661394746490484,0.40767380057109726,0.5350923107730018,0.4550734791490767,0.46014460921287537,0.5588194131851196,0.26179516315460205,0.22627855837345123,0.4840029180049896,0.5148613452911377,0,9,0.0,0.028187081010805234,1.3689223607402194,0.4108158297487698,0.5555555555555556,0.875,0.3333333333333333,0.3333333333333333,0.0,0.1111111111111111,0.5555555555555556,80.18928224927768,127.0,0.7557105133439781,3.0,1.6666666666666667,1.0,1.3333333333333333,0.14374919837508868,0.9817622900009155,0.4397463321685792,8.88397186018766e-06,4.2736221075756475e-05,2.2288898617262023e-05,0.0009634951143703398,0.006587221287190914,0.002002880536019803,5.025601725113423e-05,0.00014330413250718266,9.296952339354904e-05,0.13449297297645696,0.9717929363250732,0.3841162204742433,0.00025712604433970735,0.0011495364597067237,0.0005609051790088416,0.0465869887498945,0.32595793308125093,0.13832997539054004,neutral,Canon T7 Bundle Questions
canon_eos_rebel_t7_dslr_with_18_55mm_and_75_300mm_lenses,115jnmb,9,36,0.30037227604124284,0.0,0.04227865635485074,0.023197641880728734,0.01661394746490484,0.40767382168107563,0.5350922635859914,0.4550734816326035,0.460144579410553,0.5588194131851196,0.26179516315460205,0.22627857327461243,0.4840029180049896,0.5148612260818481,0,9,0.0,0.028187079148160085,1.3689223607402194,0.4108158297487698,0.5555555555555556,0.875,0.3333333333333333,0.3333333333333333,0.0,0.1111111111111111,0.5555555555555556,80.18928224927768,127.0,0.7557105133439781,3.0,1.6666666666666667,1.0,1.3333333333333333,0.14374919837508868,0.9817622900009155,0.4397463321685792,8.883971999138237e-06,4.2736221075756475e-05,2.2288898617262023e-05,0.0009634951143703398,0.006587221287190914,0.002002880536019803,5.025601725113423e-05,0.00014330413250718266,9.296952339354904e-05,0.13449297297645696,0.9717929363250732,0.3841162204742433,0.0002571260289793524,0.0011495364597067237,0.0005609051790088416,0.0465869887473576,0.32595793308125093,0.13832997539054004,neutral,Canon T7 Bundle Questions
sony_a7_iii_mirrorless_camera,1q80i90,11,55,0.2959525260058316,0.0,0.048981605188921605,0.0396841637834118,0.03520250098118323,0.4575660477985035,0.4907259382984855,0.46023284684528004,0.44834139943122864,0.726024329662323,0.2590736150741577,0.1823987364768982,0.6530390977859497,0.6435354948043823,0,11,0.0,0.08904404023831541,1.3667110520552042,0.41015221241127964,1.0909090909090908,0.9,0.45454545454545453,0.45454545454545453,0.2727272727272727,0.2727272727272727,0.0,37.415027696377045,55.0,0.9005805353613731,3.0,1.6363636363636365,1.0,1.1428571428571428,0.000594523460180922,0.0014731277478858829,0.0007233569631353021,2.0755783535522907e-06,4.388413799460977e-06,2.991007477248786e-06,5.2976053914542057e-05,0.0001655376545386389,5.9338777646189556e-05,3.0395324508638375e-05,6.0019254306098446e-05,4.417634045239538e-05,0.0001165253733316521,0.00024360883980989456,0.00011522460408741608,8.276596914087845e-05,0.00012479678844101727,0.00011277468729531392,0.00014654362657169753,0.0003426059641545483,0.00017809158820606777,neutral,Help with deciding if to buy A7 III
sony_a7_iv_mirrorless_camera,uie5qn,192,18336,0.3272640414413859,0.2677595628415301,0.03958308202937181,0.028365104222232377,0.02466268206402371,0.48405593056004187,0.4783342301765909,0.47611437412710245,0.48104821145534515,0.7932621240615845,0.1844877302646637,0.15727148950099945,0.8415839076042175,0.4308234453201294,19,173,0.09895833333333333,0.1271647867106367,2.0857106637447846,0.6259251667704874,0.8072916666666666,0.7172774869109948,0.4270833333333333,0.3020833333333333,0.08854166666666667,0.10416666666666667,0.5052083333333334,75.54795202754048,59.25,1.2103810738724776,10.0,3.1041666666666665,1.8837209302325582,5.2995222344726205,0.03773991405068955,0.9382534623146057,0.04134287163615231,8.436958312785237e-05,0.00792934000492096,1.308703394897748e-05,0.020585430403703715,0.9189810752868652,0.0006935328361578287,0.0011233831239347107,0.07567369937896729,0.00038882028893567655,0.01386822905540915,0.6210368871688843,0.002744709770195188,0.0002559425040734216,0.0045161060988903046,0.0004939226899296046,0.012276211453489729,0.33614728241809644,0.011660784514606367,neutral,"Photography is not about the gear you have, but.."
sony_a7_iv_mirrorless_camera_with_basic_bundle,uie5qn,192,18336,0.3272640411156774,0.2677595628415301,0.03958308202937181,0.028365104222232377,0.02466268206402371,0.4840559300407442,0.478334228916136,0.4761143735127221,0.48104822635650635,0.7932621240615845,0.1844877302646637,0.15727148950099945,0.8415839076042175,0.4308234453201294,19,173,0.09895833333333333,0.1271647867106367,2.0857106637447846,0.6259251667704874,0.8072916666666666,0.7172774869109948,0.4270833333333333,0.3020833333333333,0.08854166666666667,0.10416666666666667,0.5052083333333334,75.54795202754048,59.25,1.2103810738724776,10.0,3.1041666666666665,1.8837209302325582,5.2995222344726205,0.0377399132745874,0.9382534623146057,0.04134287163615231,8.436958278679185e-05,0.00792934000492096,1.308703394897748e-05,0.02058543036489861,0.9189810752868652,0.0006935328361578287,0.0011233831248442054,0.07567369937896729,0.00038882028893567655,0.013868228783773398,0.6210368871688843,0.002744709770195188,0.0002559425040734216,0.0045161060988903046,0.0004939226899296046,0.012276211272493969,0.33614728241809644,0.011660784514606367,neutral,"Photography is not about the gear you have, but.."
ricoh_gr_iiix_hdf_digital_camera,1qj76rr,91,4095,0.3098483805576067,0.0,0.05394721955843531,0.0379957245229402,0.03235719298410964,0.5164358091623646,0.49779661386586516,0.5010257946557032,0.5024253726005554,0.7021135687828064,0.33520999550819397,0.3491796553134918,0.7984364628791809,0.5943499803543091,38,53,0.4175824175824176,0.41336804566966306,2.0005215155821277,0.600359764676311,0.7472527472527473,0.8111111111111111,0.34065934065934067,0.27472527472527475,0.07692307692307693,0.054945054945054944,0.5934065934065934,47.58966267202922,31.5,1.0949833889139466,3.0,1.1538461538461537,1.5,1.7777777777777777,0.028572538187970398,0.9667320847511292,0.011693388223648071,1.4897882976413882e-05,0.00040066413930617273,7.99427925812779e-06,0.0092455041161644,0.27423563599586487,0.0006712544709444046,0.00014925038350146688,0.004261689260601997,0.00021471608488354832,0.013969427399778007,0.8816166520118713,0.0032014832831919193,0.0002270058104621277,0.005481041502207518,0.000378648896003142,0.008696437296808808,0.3165113334932054,0.002813022606233062,neutral,Do you regret selling your once beloved camera?
ricoh_gr_iv_digital_camera,1qj76rr,91,4095,0.3098483805576067,0.0,0.05394721955843531,0.0379957245229402,0.03235719298410964,0.5164358084127579,0.4977966126432058,0.5010257936877646,0.5024253726005554,0.7021135687828064,0.3352099657058716,0.34917959570884705,0.7984364628791809,0.5943499803543091,38,53,0.4175824175824176,0.41336804566966306,2.0005215155821277,0.600359764676311,0.7472527472527473,0.8111111111111111,0.34065934065934067,0.27472527472527475,0.07692307692307693,0.054945054945054944,0.5934065934065934,47.58966267202922,31.5,1.0949833889139466,3.0,1.1538461538461537,1.5,1.7777777777777777,0.028572538187970398,0.9667320847511292,0.011693388223648071,1.4897882976413882e-05,0.00040066413930617273,7.99427925812779e-06,0.0092455041161644,0.27423563599586487,0.0006712544709444046,0.00014925038350146688,0.004261689260601997,0.00021471608488354832,0.013969427399778007,0.8816166520118713,0.0032014832831919193,0.0002270058104621277,0.005481041502207518,0.000378648896003142,0.008696437296808808,0.3165113334932054,0.002813022606233062,neutral,Do you regret selling your once beloved camera?
ricoh_gr_iv_hdf_digital_camera,1qj76rr,91,4095,0.3098483805576067,0.0,0.05394721955843531,0.0379957245229402,0.03235719298410964,0.5164359542039725,0.4977967707010416,0.501025947946623,0.502428412437439,0.7021171450614929,0.3352099657058716,0.34917959570884705,0.7984364628791809,0.5943499207496643,38,53,0.4175824175824176,0.41336804566966306,2.0005215155821277,0.600359764676311,0.7472527472527473,0.8111111111111111,0.34065934065934067,0.27472527472527475,0.07692307692307693,0.054945054945054944,0.5934065934065934,47.58966267202922,31.5,1.0949833889139466,3.0,1.1538461538461537,1.5,1.7777777777777777,0.02857253162937423,0.9667320847511292,0.011693388223648071,1.4897880757646587e-05,0.00040066413930617273,7.99427925812779e-06,0.009245501660008993,0.27423563599586487,0.0006712544709444046,0.00014925038028325486,0.004261689260601997,0.00021471608488354832,0.013969425272959628,0.8816166520118713,0.0032014832831919193,0.00022700580182692526,0.005481041502207518,0.000378648896003142,0.008696435437535116,0.3165113334932054,0.002813022606233062,neutral,Do you regret selling your once beloved camera?
ricoh_gr_iv_monochrome_digital_camera,1qj76rr,91,4095,0.3098483805576067,0.0,0.05394721955843531,0.0379957245229402,0.03235719298410964,0.516435956354543,0.4977967820834182,0.5010259535723117,0.5024290680885315,0.7021176218986511,0.3352099657058716,0.34917959570884705,0.7984364628791809,0.5943499803543091,38,53,0.4175824175824176,0.41336804566966306,2.0005215155821277,0.600359764676311,0.7472527472527473,0.8111111111111111,0.34065934065934067,0.27472527472527475,0.07692307692307693,0.054945054945054944,0.5934065934065934,47.58966267202922,31.5,1.0949833889139466,3.0,1.1538461538461537,1.5,1.7777777777777777,0.02857253162937423,0.9667320847511292,0.011693388223648071,1.4897880757646587e-05,0.00040066413930617273,7.99427925812779e-06,0.009245501660008993,0.27423563599586487,0.0006712544709444046,0.00014925038028325486,0.004261689260601997,0.00021471608488354832,0.013969425272959628,0.8816166520118713,0.0032014832831919193,0.00022700580182692526,0.005481041502207518,0.000378648896003142,0.008696435437535116,0.3165113334932054,0.002813022606233062,neutral,Do you regret selling your once beloved camera?
ricoh_gr_iiix_hdf_digital_camera,1c8ua1p,12,66,0.3016876553495725,0.0,0.05182714797736418,0.02781162226883287,0.02041715885290676,0.5177508606152101,0.5542049687920194,0.5342397224722486,0.5333090126514435,0.5940332412719727,0.3214399516582489,0.2917766571044922,0.5315917730331421,0.496243417263031,0,12,0.0,0.043708105105906725,1.3579778549873243,0.40753136574919385,0.75,0.8181818181818182,0.5,0.5833333333333334,0.0,0.16666666666666666,0.25,44.265926198626204,56.75,0.5615128059022352,4.0,2.0833333333333335,1.0,1.4615384615384615,0.0014567543718537006,0.009172490797936916,0.0019872075412422424,5.896470886076107e-06,3.584574005799368e-05,1.0765722026917502e-05,8.917739069147501e-05,0.0003298695373814553,0.0001969254590221681,8.108025167530286e-05,0.0004232229548506439,0.0002064096966932994,0.00022947209678629102,0.001128927106037736,0.0003125313116470352,0.0005602461988019058,0.005359247792512178,0.0003279052674770356,0.00040377113011579193,0.002741600654796154,0.0005062050903006822,neutral,About panoramic and digital cameras 
sony_a7_iv_mirrorless_camera,48766p,47,1081,0.30572285387251114,0.08888888888888889,0.05358210997999877,0.03848575605051402,0.032826482638670156,0.5076390797897801,0.5188696434881597,0.5092735838327663,0.512543797492981,0.7391235828399658,0.25582629442214966,0.24278026819229126,0.7135174870491028,0.49577561020851135,13,34,0.2765957446808511,0.2655730898630746,1.8399652890912706,0.5521765796405237,0.5531914893617021,0.7391304347826086,0.5106382978723404,0.14893617021276595,0.06382978723404255,0.10638297872340426,0.6808510638297872,28.95332720395476,35.5,0.7277039457678469,4.0,1.5957446808510638,1.6363636363636365,2.1020408163265305,0.06057303620965537,0.9371023178100586,0.09619451165199276,0.0001666709197784354,0.004573277663439512,6.41680016997269e-05,0.04164997959916481,0.8549986481666565,0.0021923846914432897,0.0020984373484370347,0.038759514689445496,0.0005427137773949649,0.00941352838801438,0.2276962846517563,0.0015721241710707544,0.0003533680485796798,0.003398914821445942,0.0012623680988326667,0.019042503418938286,0.338565362462153,0.022258461367891866,neutral,"Sony a7 (R,S) shooters, do you ever get paranoid that your camera doesn't have a backup memory card slot?"
ricoh_gr_iiix_hdf_digital_camera,36mf7m,51,1275,0.32032324915582483,0.13636363636363635,0.046465858647337155,0.031184761967430655,0.02582884347860263,0.5152929851821825,0.5054318387952506,0.5046825600371642,0.5082007646560669,0.6900140643119812,0.24175512790679932,0.22742922604084015,0.7713295817375183,0.45912811160087585,9,42,0.17647058823529413,0.207169340156457,2.180678522321377,0.6544251757845198,1.0392156862745099,0.92,0.19607843137254902,0.5098039215686274,0.13725490196078433,0.11764705882352941,0.23529411764705882,62.03606744447455,47.0,1.0645489366312928,4.0,1.8627450980392157,1.5789473684210527,2.3,0.044327401676484586,0.9510771632194519,0.006685794796794653,6.524312746870576e-05,0.001744010136462748,1.7522181224194355e-05,0.028308684193047263,0.6525941491127014,0.0004915090976282954,0.00034692383668894476,0.013865726999938488,0.0001293958048336208,0.015201637258310346,0.5783475041389465,0.0007589798769913614,0.0004737805932510288,0.004118232522159815,0.0014352306025102735,0.014787278447541812,0.33470734588142176,0.002578616234435079,admiration,Anyone here use Ricoh GR (16mp) for street photography? How's your experience with this camera?
ricoh_gr_iv_digital_camera,36mf7m,51,1275,0.32032324915582483,0.13636363636363635,0.046465858647337155,0.031184761967430655,0.02582884347860263,0.5152929850886849,0.5054318390640558,0.5046825598034205,0.5082007646560669,0.6900140643119812,0.24175512790679932,0.22742922604084015,0.7713295817375183,0.45912814140319824,9,42,0.17647058823529413,0.207169340156457,2.180678522321377,0.6544251757845198,1.0392156862745099,0.92,0.19607843137254902,0.5098039215686274,0.13725490196078433,0.11764705882352941,0.23529411764705882,62.03606744447455,47.0,1.0645489366312928,4.0,1.8627450980392157,1.5789473684210527,2.3,0.044327401669636626,0.9510771632194519,0.006685794796794653,6.524312742412268e-05,0.001744010136462748,1.7522181224194355e-05,0.028308684193047263,0.6525941491127014,0.0004915090976282954,0.00034692383412095976,0.013865726999938488,0.0001293958048336208,0.015201637258310346,0.5783475041389465,0.0007589798769913614,0.0004737805946776872,0.004118232522159815,0.0014352306025102735,0.014787278446202833,0.33470734588142176,0.002578616234435079,admiration,Anyone here use Ricoh GR (16mp) for street photography? How's your experience with this camera?
ricoh_gr_iv_hdf_digital_camera,36mf7m,51,1275,0.32032324915582483,0.13636363636363635,0.046465858647337155,0.031184761967430655,0.02582884347860263,0.5152929297381756,0.5054318219540166,0.5046825216096991,0.50819993019104,0.6900143027305603,0.24175512790679932,0.22742922604084015,0.7713295817375183,0.45912817120552063,9,42,0.17647058823529413,0.20716933997384473,2.180678522321377,0.6544251757845198,1.0392156862745099,0.92,0.19607843137254902,0.5098039215686274,0.13725490196078433,0.11764705882352941,0.23529411764705882,62.03606744447455,47.0,1.0645489366312928,4.0,1.8627450980392157,1.5789473684210527,2.3,0.0443274020234479,0.9510771632194519,0.006685750558972359,6.524313481599628e-05,0.001744010136462748,1.7522181224194355e-05,0.028308682729866454,0.6525941491127014,0.0004915090976282954,0.00034692385138352587,0.013865726999938488,0.0001293958048336208,0.015201637197820032,0.5783475041389465,0.0007589798769913614,0.00047378058012577195,0.004118232522159815,0.0014352319994941354,0.014787278252909946,0.33470734588142176,0.002578595841744876,admiration,Anyone here use Ricoh GR (16mp) for street photography? How's your experience with this camera?
ricoh_gr_iv_monochrome_digital_camera,36mf7m,51,1275,0.32032324915582483,0.13636363636363635,0.046465858647337155,0.031184761967430655,0.02582884347860263,0.5152929295979294,0.5054318163324805,0.5046825199968674,0.50819993019104,0.6900143027305603,0.24175512790679932,0.22742922604084015,0.7713295817375183,0.45912811160087585,9,42,0.17647058823529413,0.20716933997384473,2.180678522321377,0.6544251757845198,1.0392156862745099,0.92,0.19607843137254902,0.5098039215686274,0.13725490196078433,0.11764705882352941,0.23529411764705882,62.03606744447455,47.0,1.0645489366312928,4.0,1.8627450980392157,1.5789473684210527,2.3,0.0443274020234479,0.9510771632194519,0.006685750558972359,6.524313481599628e-05,0.001744010136462748,1.7522181224194355e-05,0.028308682729866454,0.6525941491127014,0.0004915090976282954,0.00034692385138352587,0.013865726999938488,0.0001293958048336208,0.015201637197820032,0.5783475041389465,0.0007589798769913614,0.00047378058012577195,0.004118232522159815,0.0014352319994941354,0.014787278252909946,0.33470734588142176,0.002578595841744876,admiration,Anyone here use Ricoh GR (16mp) for street photography? How's your experience with this camera?
kodak_pixpro_fz55_digital_camera_black,1rwqnkm,1,0,0.2966988980770111,0.0,0.0,0.0,0.0,0.0,0.0,0.0,0.0,0.0,0.0,0.0,0.0,0.0,0,1,0.0,0.05491187050938606,-0.0,0.0,1.0,0.0,1.0,0.0,0.0,1.0,0.0,0.0,0.0,0.0,1.0,1.0,0.0,0.0,0.00037667970173060894,0.00037667970173060894,0.00037667970173060894,1.3629099839818082e-06,1.3629099839818082e-06,1.3629099839818082e-06,2.5742023353814147e-05,2.5742023353814147e-05,2.5742023353814147e-05,1.8497195924283005e-05,1.8497195924283005e-05,1.8497195924283005e-05,9.856082033365965e-05,9.856082033365965e-05,9.856082033365965e-05,7.218560494948179e-05,7.218560494948179e-05,7.218560494948179e-05,9.883804271263823e-05,9.883804271263823e-05,9.883804271263823e-05,neutral,Found a lost digital camera from Morning on the Green
sony_a7_iv_mirrorless_camera,3frekb,21,210,0.3228429641042437,0.14285714285714285,0.053634227934352935,0.04427281164850874,0.04064365899982165,0.46854810076100484,0.4623404752640497,0.45661869261946,0.46034057438373566,0.6484844088554382,0.20543797314167023,0.17538194358348846,0.6531649231910706,0.41333913803100586,2,19,0.09523809523809523,0.1082314753993636,0.9781728311151882,0.29355125957252753,0.9523809523809523,0.6,0.7142857142857143,0.2857142857142857,0.0,0.38095238095238093,0.3333333333333333,31.15384981469616,31.0,1.0655225506655037,4.0,2.0952380952380953,1.2727272727272727,2.176470588235294,0.019237218238967693,0.1989016979932785,0.06614309549331665,2.784661461689774e-05,0.0003840888093691319,2.5867131626000628e-05,0.01564869687345414,0.1896115243434906,0.00043893043766729534,7.584475055669568e-05,0.00032036210177466273,0.00016267309547401965,0.0016399775784174423,0.019304143264889717,0.004395767580717802,0.0035378026521010767,0.06545150279998779,0.003057374618947506,0.006694564451352323,0.06869575247886435,0.022774455495891743,neutral,What would happen if I use a micro 4/3 lens on a Sony a7?
sony_a7_iv_mirrorless_camera,1plvp5,45,990,0.3156233831893566,0.13953488372093023,0.04825682986522162,0.031588437078509814,0.026103363076533298,0.4898732620206746,0.4889525084332986,0.48590851233463095,0.49131280183792114,0.6140778064727783,0.19048535823822021,0.1794443130493164,0.6981121301651001,0.4128272831439972,8,37,0.17777777777777778,0.18274910598993302,2.206658484351226,0.6622218046980561,0.8,0.7954545454545454,0.35555555555555557,0.17777777777777778,0.2222222222222222,0.13333333333333333,0.4666666666666667,34.12839952768058,40.0,0.709694075205927,9.0,2.911111111111111,1.2962962962962963,3.051470588235294,0.042039753227598134,0.9473282694816589,0.010866993665695206,0.00024195687303997854,0.010137787088751793,1.362976072414314e-05,0.03353762408163068,0.923947811126709,0.0006426647363696257,9.218751648505632e-05,0.001244638697244227,0.00013164995762053881,0.005525512992365597,0.14516203105449677,0.0006147842970676721,0.0010698816596737338,0.03441014140844345,0.0007953396881930536,0.013751152725132196,0.33863770241926733,0.002165428330439078,neutral,What We’re Finding Wrong With the Sony A7 and A7r So Far
fujifilm_x_t30_iii_mirrorless_camera_with_13_33mm_f_3_5_6_3_lens_silver,1r2iuds,10,45,0.3281760483980179,0.2,0.05474377496273934,0.04539182704819927,0.04294697832852936,0.4662524673673842,0.5236668897999658,0.48791002300050523,0.4930863082408905,0.643133819103241,0.2983885109424591,0.28715750575065613,0.5297686457633972,0.5048931241035461,2,8,0.2,0.2269514501094818,1.8343719702816235,0.5504980155570266,0.9,0.7777777777777778,0.3,0.8,0.0,0.0,0.2,19.289634522198703,38.75,0.7390664567892223,5.0,2.1,1.0,1.9090909090909092,0.0007689235324505716,0.0016463631764054298,0.00152980568818748,1.71640409689644e-06,2.3424236132996157e-06,2.2291572122412616e-06,4.499553324421868e-05,7.51909683458507e-05,7.503659071517177e-05,3.62575396138709e-05,6.768461025785655e-05,5.9637197409756475e-05,0.00014487095468211918,0.00026765067013911903,0.00021918033744441342,9.546583241899498e-05,0.00017511777696199715,0.00013971528969705104,0.00018203829941777864,0.00037090134264872177,0.00033879291942184864,admiration,FujiFilm x-T30 iii
hasselblad_x2d_ii_100c_medium_format_mirrorless_camera,x8numi,45,990,0.3223091194575483,0.18181818181818182,0.043221123662889875,0.032447287166016144,0.02870380073874175,0.4843823400260222,0.4940555156029836,0.4830153010108254,0.48642799258232117,0.6561252474784851,0.18313683569431305,0.1695731282234192,0.6768528819084167,0.38578280806541443,1,44,0.022222222222222223,0.06966534161733257,1.877276285680354,0.563373670477881,0.8222222222222222,0.75,0.4666666666666667,0.13333333333333333,0.1111111111111111,0.24444444444444444,0.5111111111111111,55.10329693705571,37.0,1.149581994514375,6.0,2.9555555555555557,1.4074074074074074,3.300518134715026,0.023527054636118313,0.5313840508460999,0.0021506100427359353,2.750415031490168e-06,2.378208955633454e-05,3.6363735489430837e-06,0.0001662955727321484,0.00430891290307045,9.094773267861458e-05,0.0005705602387428775,0.021976599469780922,7.279695419128985e-05,0.01694331033326711,0.3850831389427185,0.00022949083067942412,0.00014794802377259152,0.0015638794284313917,0.00021272805170156068,0.006892986536610754,0.1537739259577696,0.0004984890994289043,neutral,"Hasselblad announces X2D 100C | 100MP sensor, 16-bit, 5-axis IBIS, PDAF, 5.76m dot OLED EVF, 1TB SSD internal + CFExpress | DPReview"
sony_a7_iv_mirrorless_camera_with_28_70mm_lens,1o0moin,15,105,0.30659512678782147,0.06666666666666667,0.048217913088021015,0.030723022173021544,0.0245731114910968,0.5317439056578137,0.503643562680199,0.5137117482367016,0.5081135630607605,0.6893540620803833,0.3967760503292084,0.4016255736351013,0.6422383785247803,0.5754490494728088,0,15,0.0,0.021435591640571752,0.9495936677167384,0.2849746060954733,0.7333333333333333,0.42857142857142855,0.7333333333333333,0.2,0.06666666666666667,0.06666666666666667,0.6666666666666666,33.53207419769914,48.5,0.6326806452396064,3.0,1.6,1.2,1.4,0.017659170869349813,0.23991388082504272,0.009970923978835339,3.7908373390867686e-06,2.5827179342741147e-05,5.344206692825537e-06,0.0011604150748704947,0.015830859541893005,0.0006383145111612973,7.359743982912429e-05,0.00034417182905599475,0.00024321438686456524,0.013172840430343058,0.1946098506450653,0.0008324924798216668,0.00012988298646329592,0.0003792104544118047,0.0002052042487775907,0.005366616273032478,0.07265977494080289,0.003459094376527596,neutral,"I need help picking a camera, between the Sony a7 iv and the Canon R6 Mark ii."
canon_eos_rebel_t7_dslr_camera_with_18_55mm_lens,tr0qas,18,153,0.31949254169183616,0.29411764705882354,0.04131644070529093,0.031177454787076984,0.027720372628961213,0.5052647510774775,0.4858221483775993,0.4877394056008532,0.488553911447525,0.7474120259284973,0.23195084929466248,0.18071474134922028,0.6419345140457153,0.49776533246040344,3,15,0.16666666666666666,0.1961850823006696,1.5607104090414063,0.4683717353708719,0.8333333333333334,0.7647058823529411,0.5,0.2777777777777778,0.05555555555555555,0.1111111111111111,0.5555555555555556,77.38639622690576,41.5,1.2873892163440883,4.0,2.1666666666666665,1.1,1.84,0.08954783260479518,0.7149834632873535,0.40381475985050214,3.9092510854111926e-05,0.0006386077729985118,1.3968466555525095e-05,0.01627178071693278,0.288984090089798,0.0010535730747506032,8.431426704191836e-05,0.0007769072544761002,0.00011533135257195683,0.051147593190156236,0.6187721490859985,0.10386782884597795,0.00030254614891115733,0.002140298020094633,0.0006963996536796919,0.026232193239781897,0.2224554914280361,0.11459207266640688,neutral,First big boy camera - need some help choosing.
canon_eos_rebel_t7_dslr_with_18_55mm_and_75_300mm_lenses,tr0qas,18,153,0.31949254169183616,0.29411764705882354,0.04131644070529093,0.031177454787076984,0.027720372628961213,0.5052647567262837,0.48582214720888073,0.4877394091070088,0.488553911447525,0.7474120259284973,0.23195084929466248,0.18071474134922028,0.6419345140457153,0.4977653920650482,3,15,0.16666666666666666,0.19618508147282732,1.5607104090414063,0.4683717353708719,0.8333333333333334,0.7647058823529411,0.5,0.2777777777777778,0.05555555555555555,0.1111111111111111,0.5555555555555556,77.38639622690576,41.5,1.2873892163440883,4.0,2.1666666666666665,1.1,1.84,0.08954783260479518,0.7149834632873535,0.40381475985050214,3.9092510854111926e-05,0.0006386077729985118,1.3968466555525095e-05,0.01627178071693278,0.288984090089798,0.0010535730747506032,8.431426704191836e-05,0.0007769072544761002,0.00011533135257195683,0.051147593190156236,0.6187721490859985,0.10386782884597795,0.00030254614891115733,0.002140298020094633,0.0006963996536796919,0.026232193239781897,0.2224554914280361,0.11459207266640688,neutral,First big boy camera - need some help choosing.
ricoh_gr_iiix_hdf_digital_camera,1jxwnpo,5,10,0.31656240820884707,0.0,0.04229354389686075,0.04392563350241041,0.04666700444469313,0.3953893095254898,0.4873858720064163,0.42885676920413973,0.4297173172235489,0.5400415062904358,0.1655120998620987,0.08898752927780151,0.1655121147632599,0.3469139039516449,1,4,0.2,0.19226431772112845,0.9502705392332347,0.28517773633985943,0.6,0.75,0.6,0.2,0.0,0.0,0.8,53.8048324967191,16.0,1.5285463777477015,3.0,1.6,1.0,1.3333333333333333,0.0007246289635077119,0.000968635140452534,0.0009511433658190072,1.6017505686249933e-06,1.955592324520694e-06,1.8243958493258105e-06,4.540533991530538e-05,5.617006900138222e-05,5.379011927288957e-05,2.5011058096424676e-05,3.438870044192299e-05,3.099270252278075e-05,0.00017134240915765985,0.000226200238103047,0.00022557736374437807,8.46267765155062e-05,0.00010158894292544574,0.00010101241350639612,0.00017543604962687217,0.00022208672739528387,0.00022175242695918012,neutral,Does a compact digital camera with a usable optical viewfinder exist?
ricoh_gr_iv_digital_camera,1jxwnpo,5,10,0.31656240820884707,0.0,0.04229354389686075,0.04392563350241041,0.04666700444469313,0.3953893184661865,0.48738587498664854,0.4288567751646042,0.4297173172235489,0.5400415062904358,0.1655120551586151,0.08898749947547913,0.1655120551586151,0.3469139039516449,1,4,0.2,0.19226431772112845,0.9502705392332347,0.28517773633985943,0.6,0.75,0.6,0.2,0.0,0.0,0.8,53.8048324967191,16.0,1.5285463777477015,3.0,1.6,1.0,1.3333333333333333,0.0007246289169415832,0.000968635140452534,0.0009511433658190072,1.6017505686249933e-06,1.955592324520694e-06,1.8243958493258105e-06,4.54053508292418e-05,5.617012357106432e-05,5.3790152014698835e-05,2.5011062098201366e-05,3.438870044192299e-05,3.099270252278075e-05,0.00017134239024017007,0.000226200238103047,0.00022557736374437807,8.462676341878251e-05,0.00010158894292544574,0.00010101241350639612,0.00017543603901610066,0.00022208672739528387,0.00022175242695918012,neutral,Does a compact digital camera with a usable optical viewfinder exist?
ricoh_gr_iv_hdf_digital_camera,1jxwnpo,5,10,0.31656240820884707,0.0,0.04229354389686075,0.04392563350241041,0.04666700444469313,0.39538940936326983,0.4873859167098999,0.42885683476924896,0.4297172725200653,0.5400416851043701,0.1655120551586151,0.08898749947547913,0.1655120551586151,0.3469139039516449,1,4,0.2,0.19226431772112845,0.9502705392332347,0.28517773633985943,0.6,0.75,0.6,0.2,0.0,0.0,0.8,53.8048324967191,16.0,1.5285463777477015,3.0,1.6,1.0,1.3333333333333333,0.0007246289635077119,0.000968635140452534,0.0009511433658190072,1.6017505686249933e-06,1.955592324520694e-06,1.8243958493258105e-06,4.540533991530538e-05,5.617006900138222e-05,5.379011927288957e-05,2.5011058096424676e-05,3.438870044192299e-05,3.099270252278075e-05,0.00017134240915765985,0.000226200238103047,0.00022557736374437807,8.46267765155062e-05,0.00010158894292544574,0.00010101241350639612,0.00017543604962687217,0.00022208672739528387,0.00022175242695918012,neutral,Does a compact digital camera with a usable optical viewfinder exist?
ricoh_gr_iv_monochrome_digital_camera,1jxwnpo,5,10,0.31656240820884707,0.0,0.04229354389686075,0.04392563350241041,0.04666700444469313,0.39538939744234086,0.4873859077692032,0.42885683178901673,0.4297172576189041,0.5400416851043701,0.1655120998620987,0.08898749947547913,0.1655120849609375,0.3469139039516449,1,4,0.2,0.19226431772112845,0.9502705392332347,0.28517773633985943,0.6,0.75,0.6,0.2,0.0,0.0,0.8,53.8048324967191,16.0,1.5285463777477015,3.0,1.6,1.0,1.3333333333333333,0.0007246289635077119,0.000968635140452534,0.0009511433658190072,1.6017505686249933e-06,1.955592324520694e-06,1.8243958493258105e-06,4.540533991530538e-05,5.617006900138222e-05,5.379011927288957e-05,2.5011058096424676e-05,3.438870044192299e-05,3.099270252278075e-05,0.00017134240915765985,0.000226200238103047,0.00022557736374437807,8.46267765155062e-05,0.00010158894292544574,0.00010101241350639612,0.00017543604962687217,0.00022208672739528387,0.00022175242695918012,neutral,Does a compact digital camera with a usable optical viewfinder exist?
sony_a7_iii_mirrorless_camera,1mn5gv5,28,378,0.2979538238474301,0.03571428571428571,0.0395632778445779,0.025983908043970338,0.02119022710990288,0.4811575103689123,0.4775446438915515,0.47490399689586077,0.4805673360824585,0.597439169883728,0.2348324954509735,0.21036884188652039,0.6312493681907654,0.48297202587127686,2,26,0.07142857142857142,0.10727751890330442,1.715612767984741,0.5148581855483222,0.8571428571428571,0.7407407407407407,0.5,0.5714285714285714,0.03571428571428571,0.03571428571428571,0.35714285714285715,69.67058056251841,47.75,1.035443872479042,5.0,1.6428571428571428,1.1111111111111112,1.75,0.06715748444548808,0.9906643629074097,0.0017509818193502736,6.395735833767244e-05,0.0013464743969962,4.01152185531828e-06,0.023700775890639698,0.6229343414306641,0.00013459633628372107,5.0797694127270787e-05,0.00042447567102499306,6.970825816097207e-05,0.042640499380857885,0.9696800708770752,0.0003753561963094399,0.0001885490672585937,0.0017440732335671782,0.0001559115858981386,0.02230034397278487,0.3335740068747934,0.0003873566099249125,neutral,"I was burgled, they took my cameras. Where from here?"
hasselblad_x2d_ii_100c_medium_format_mirrorless_camera,4dqocj,151,11325,0.3183770597808891,0.1875,0.04585700947259794,0.033830169894906253,0.029549134091416154,0.48322711268797613,0.4883459734811425,0.4810504113180485,0.48395535349845886,1.0,0.15898290276527405,0.13700726628303528,0.757685124874115,0.3453991711139679,11,140,0.0728476821192053,0.11180027583552314,1.9582264847581294,0.587666957048554,0.7814569536423841,0.7066666666666667,0.4900662251655629,0.23178807947019867,0.0728476821192053,0.16556291390728478,0.5298013245033113,42.94798438515186,39.0,0.9931310324897291,10.0,3.4966887417218544,1.524390243902439,5.207940446650124,0.05700677142066832,0.9742154479026794,0.017939509823918343,0.00016861766081869341,0.007955112494528294,1.2763848644681275e-05,0.03697558068798746,0.9059722423553467,0.0016293134540319443,0.0001667737382653864,0.007065557409077883,0.000205762597033754,0.02524694200645244,0.8388158679008484,0.002775434637442231,0.0003437557537571237,0.008082644082605839,0.000414599955547601,0.019984740211324892,0.3759083215069647,0.004294566761927854,neutral,Hasselblad unveils all new range of medium format cameras
sony_a7_iv_mirrorless_camera,ryk71e,194,18721,0.32520590658469867,0.22580645161290322,0.04172178082101336,0.03127055619041362,0.028059064890936982,0.4818224422253577,0.4726766061849061,0.4717873083074839,0.4794188439846039,0.9937159419059753,0.205949068069458,0.1851211041212082,0.7797020673751831,0.43286406993865967,29,165,0.14948453608247422,0.18344673493723432,2.0376526451943264,0.6115028771409918,0.8556701030927835,0.7979274611398963,0.4381443298969072,0.37628865979381443,0.04639175257731959,0.1134020618556701,0.4639175257731959,60.19797906928382,52.5,1.1992614437709037,9.0,2.829896907216495,1.881578947368421,5.019103600293901,0.03345272115827178,0.9855362772941589,0.010594114381819935,0.0003186553418045244,0.03809092566370964,1.0864069736271626e-05,0.023871880904987416,0.9716420769691467,0.000544769153930246,0.0015942065995181317,0.22943951189517975,0.00017037264042301094,0.008347511528197559,0.48234808444976807,0.0008292246726341543,0.0003977188877900882,0.022779759019613266,0.00033917151740752143,0.011330449070094914,0.40786084889744717,0.0022905624227102304,neutral,How do you hobbyists pull the trigger on such expensive gear?
sony_a9_ii_mirrorless_camera,6pn0ww,38,703,0.3279293835163116,0.23333333333333334,0.03892554774156678,0.02699599628851943,0.023209189465508873,0.4616229224255889,0.49777099511362244,0.47408163102388723,0.47923973202705383,0.617530882358551,0.2460983246564865,0.21646645665168762,0.773704469203949,0.5299544930458069,4,34,0.10526315789473684,0.1324791967574703,1.9125904444700947,0.5739715070398044,0.8421052631578947,0.7297297297297297,0.47368421052631576,0.21052631578947367,0.07894736842105263,0.13157894736842105,0.5789473684210527,78.27109027864121,68.25,1.1296245463685401,8.0,2.8684210526315788,1.15,3.5811965811965814,0.06453594255282569,0.7801050543785095,0.17045206800103097,5.656913293107305e-05,0.00107424589805305,7.126363088900673e-05,0.03166205263402701,0.5927550792694092,0.0017638694262132,0.013486289408702808,0.25432339310646057,0.004543599765747785,0.005677122531778878,0.14723165333271027,0.006221584789454929,0.0006890160341419304,0.009669147431850433,0.0009285749285481864,0.019351165382401225,0.24959983306083208,0.04267178608649046,neutral,Sony a9 review: This mirrorless DSLR-killer moves the goalposts
nikon_d850_dslr_camera,1bgf4ax,1,0,0.3565593957901001,1.0,0.0,0.0,0.0,0.0,0.0,0.0,0.0,0.0,0.0,0.0,0.0,0.0,0,1,0.0,0.05777944251894951,-0.0,0.0,1.0,0.0,1.0,0.0,0.0,1.0,0.0,0.0,0.0,0.0,1.0,1.0,0.0,0.0,0.00036640206235460937,0.00036640206235460937,0.00036640206235460937,1.3120121593601652e-06,1.3120121593601652e-06,1.3120121593601652e-06,2.494880936865229e-05,2.494880936865229e-05,2.494880936865229e-05,1.7702081095194444e-05,1.7702081095194444e-05,1.7702081095194444e-05,9.971880353987217e-05,9.971880353987217e-05,9.971880353987217e-05,7.254195224959403e-05,7.254195224959403e-05,7.254195224959403e-05,9.710428679454708e-05,9.710428679454708e-05,9.710428679454708e-05,neutral,Has anyone used the nikon d750/d850 with a 10.5mm in DX mode?
sony_a7_iv_mirrorless_camera,qcy894,192,18336,0.3075187536165676,0.0427807486631016,0.045139371104937445,0.033323381860664435,0.029201598633092858,0.49364997023459767,0.4998567297121747,0.49185971329297484,0.49424058198928833,0.9574100971221924,0.16790148615837097,0.1472920924425125,0.8563371896743774,0.35591018199920654,10,182,0.052083333333333336,0.07927025541236314,1.8370820409107793,0.5513113121661873,0.8958333333333334,0.8167539267015707,0.3854166666666667,0.19791666666666666,0.10416666666666667,0.3333333333333333,0.3645833333333333,40.5825335602021,44.25,0.9443517687018305,10.0,2.7552083333333335,1.208695652173913,3.125984251968504,0.015534350764937699,0.9407424330711365,0.0020698640495538725,1.0272979475682101e-05,0.0012452262453734875,3.6463870401348688e-06,0.003367132320666618,0.3916454017162323,0.00011888263907167135,0.0005044439453930257,0.0800018236041069,8.183118407032452e-05,0.008845889910920354,0.9065800905227661,0.00031343367008958013,0.00017057073123775504,0.006516649387776852,0.00015689775464124977,0.00473877677543852,0.3083439081628967,0.0004762585705861968,neutral,Anything you want to know about Sony a7 IV? AMA
sony_a7_iv_mirrorless_camera_with_28_70mm_lens,qcy894,192,18336,0.30751875218223124,0.0427807486631016,0.045139371104937445,0.033323381860664435,0.029201598633092858,0.4936499721029315,0.49985672110597396,0.49185971146202395,0.4942405968904495,0.9574100375175476,0.16790148615837097,0.1472920924425125,0.8563371896743774,0.3559102416038513,10,182,0.052083333333333336,0.07927025526684399,1.8370820409107793,0.5513113121661873,0.8958333333333334,0.8167539267015707,0.3854166666666667,0.19791666666666666,0.10416666666666667,0.3333333333333333,0.3645833333333333,40.5825335602021,44.25,0.9443517687018305,10.0,2.7552083333333335,1.208695652173913,3.125984251968504,0.015534350765240864,0.9407424330711365,0.0020698640495538725,1.0272979469168794e-05,0.0012452262453734875,3.6463870401348688e-06,0.003367132321140313,0.3916454017162323,0.00011888263907167135,0.0005044439436687753,0.0800018236041069,8.183119280147366e-05,0.00884588991292882,0.9065800905227661,0.00031343367008958013,0.00017057073275357956,0.006516649387776852,0.00015689788560848683,0.004738776775866917,0.3083439081628967,0.0004762585705861968,neutral,Anything you want to know about Sony a7 IV? AMA
sony_a7_iv_mirrorless_camera_with_basic_bundle,qcy894,192,18336,0.3075187523416019,0.0427807486631016,0.045139371104937445,0.033323381860664435,0.029201598633092858,0.49364997646291897,0.4998567226337981,0.4918597138902891,0.49424058198928833,0.9574100375175476,0.16790150105953217,0.1472920924425125,0.8563371896743774,0.3559102416038513,10,182,0.052083333333333336,0.07927025526684399,1.8370820409107793,0.5513113121661873,0.8958333333333334,0.8167539267015707,0.3854166666666667,0.19791666666666666,0.10416666666666667,0.3333333333333333,0.3645833333333333,40.5825335602021,44.25,0.9443517687018305,10.0,2.7552083333333335,1.208695652173913,3.125984251968504,0.015534350765240864,0.9407424330711365,0.0020698640495538725,1.0272979469168794e-05,0.0012452262453734875,3.6463870401348688e-06,0.003367132321140313,0.3916454017162323,0.00011888263907167135,0.0005044439436687753,0.0800018236041069,8.183119280147366e-05,0.00884588991292882,0.9065800905227661,0.00031343367008958013,0.00017057073275357956,0.006516649387776852,0.00015689788560848683,0.004738776775866917,0.3083439081628967,0.0004762585705861968,neutral,Anything you want to know about Sony a7 IV? AMA
sony_a7r_v_mirrorless_camera,1rtqs3x,2,1,0.2904769480228424,0.0,0.010649990831588,0.007208935018165596,0.0049915612270758905,0.3887627124786377,0.5887464880943298,0.4682977497577667,0.4682977497577667,0.4682977497577667,0.16980436444282532,0.16980436444282532,0.16980436444282532,0.16980436444282532,0,2,0.0,0.02144719660282135,0.6931471805599453,0.20801459767650946,1.0,1.0,0.5,1.0,0.0,0.0,0.0,113.5,113.5,0.8194945848375451,2.0,1.5,1.0,1.0,0.0008929209288908169,0.0013569528236985207,0.00126414644473698,1.7934446532308357e-06,1.9364124455023557e-06,1.9078188870480515e-06,4.775514935317915e-05,5.436101127997972e-05,5.303983889461961e-05,2.524928186176112e-05,3.082488547079265e-05,2.9709764748986345e-05,0.00022415490457206033,0.0003429513017181307,0.00031919202228891663,8.297766544274054e-05,9.162294009001926e-05,8.989388516056351e-05,0.00021247522912896483,0.0003131082291171576,0.000292981629119519,approval,Recommendation Request for Macro photography and/or Astrophotography
sony_a7_iii_mirrorless_camera,wyywh0,19,171,0.2996994021691774,0.0,0.047663216699865785,0.03475562532228981,0.029762383509457643,0.5012501713476682,0.5094283535117992,0.5028130518414123,0.49975451827049255,0.6510769128799438,0.330831915140152,0.3085785508155823,0.6453410983085632,0.5424795746803284,5,14,0.2631578947368421,0.2672236750980741,1.3750242529845458,0.4126470175482262,0.8947368421052632,0.5555555555555556,0.631578947368421,0.21052631578947367,0.10526315789473684,0.10526315789473684,0.5789473684210527,39.80513476252283,29.0,0.922314098156017,3.0,1.368421052631579,1.0,1.1428571428571428,0.009674216565479966,0.09889611601829529,0.018095933645963666,2.8663235920440025e-06,6.849944838904776e-06,5.381991650210693e-06,0.00022590495331984895,0.001150250667706132,0.0005618593539111316,8.221918084784288e-05,0.0003350468468852341,0.00013422253250610082,0.005374441690372278,0.07963405549526215,0.004837589245289564,0.00020989527662382707,0.00068841123720631,0.00046390328789129847,0.002594923998372635,0.030079174732539588,0.003979836309493596,neutral,Sony Alpha A7 III for under $500 - Legit or Scam?
sony_a7_iii_mirrorless_camera,1kps1x5,1,0,0.3062536120414734,0.0,0.0,0.0,0.0,0.0,0.0,0.0,0.0,0.0,0.0,0.0,0.0,0.0,0,1,0.0,0.0332830473780632,-0.0,0.0,1.0,0.0,1.0,0.0,0.0,1.0,0.0,0.0,0.0,0.0,1.0,1.0,0.0,0.0,0.0007031791610643268,0.0007031791610643268,0.0007031791610643268,1.7155763316623052e-06,1.7155763316623052e-06,1.7155763316623052e-06,4.133192851440981e-05,4.133192851440981e-05,4.133192851440981e-05,3.752226984943263e-05,3.752226984943263e-05,3.752226984943263e-05,0.00013176804350223392,0.00013176804350223392,0.00013176804350223392,8.667766087455675e-05,8.667766087455675e-05,8.667766087455675e-05,0.00016703244002277037,0.00016703244002277037,0.00016703244002277037,neutral,Looking for a Mirrorless Camera with Smooth Exposure Change on Video
sony_a7r_v_mirrorless_camera,1l8xz7l,9,36,0.31228579746352303,0.1111111111111111,0.047520011379161876,0.039525697554194814,0.0366876391529993,0.4728185683488846,0.4636168811056349,0.46419455773300594,0.48344777524471283,0.596439778804779,0.18873153626918793,0.213182732462883,0.36506521701812744,0.37577855587005615,0,9,0.0,0.04885945344964663,1.7351264569629226,0.520714275388725,1.1111111111111112,0.875,0.2222222222222222,0.1111111111111111,0.3333333333333333,0.2222222222222222,0.3333333333333333,19.131126469708992,21.0,0.7862106768373559,3.0,1.7777777777777777,1.25,1.375,0.00045731769447835785,0.0007703622104600072,0.000589435757137835,1.6049376275380685e-06,2.4452820071019232e-06,2.164788747904822e-06,3.534642099920246e-05,7.058626943035051e-05,5.6649492762517184e-05,2.2212354047547302e-05,3.265150371589698e-05,2.7081583539256826e-05,0.00010206585365166474,0.00011770450510084629,0.0001145052898209542,8.30861738197402e-05,0.00011070202162954956,9.184338559862227e-05,0.00011693890577067512,0.00018407529872395875,0.00014454944248427638,neutral,What camera to buy if I’m already used to the R5 from work
sony_a7_iii_mirrorless_camera,1bv0bax,10,45,0.29746724367141725,0.0,0.04022414218291781,0.028474709640073214,0.024126943099350148,0.4742580559518602,0.5276122596528795,0.49413760503133136,0.5002033710479736,0.5918394923210144,0.38871973752975464,0.4004940986633301,0.6443666219711304,0.6429036259651184,0,10,0.0,0.032981828693300484,0.639031859650177,0.1917745017446655,0.8,0.3333333333333333,0.8,0.3,0.1,0.2,0.4,31.18797845324381,30.0,0.7104323110078318,3.0,1.7,1.25,1.5555555555555556,0.000639640583540313,0.0011582097504287958,0.001131596474442631,2.331364032670535e-06,5.892623448744416e-06,3.890993866662028e-06,5.734763271902921e-05,0.00017673804541118443,0.00011002848841599187,4.461133503355086e-05,0.00022077195171732455,6.608737312490114e-05,0.00011247131042182445,0.0001645280426600948,0.00013924631057307124,9.908167776302434e-05,0.00021325811394490302,0.00013186513242544601,0.00015924731725173538,0.0002869822475683274,0.00027493085891971226,neutral,Need some practical advice for purchase recommendation! Nikon Z7ii vs some Sony A7 models
ricoh_gr_iiix_hdf_digital_camera,1g6gfbc,1,0,0.31829214096069336,0.0,0.0,0.0,0.0,0.0,0.0,0.0,0.0,0.0,0.0,0.0,0.0,0.0,0,1,0.0,0.020800964906811714,-0.0,0.0,1.0,0.0,1.0,0.0,0.0,1.0,0.0,0.0,0.0,0.0,1.0,1.0,0.0,0.0,0.01247329544275999,0.01247329544275999,0.01247329544275999,1.7483107512816787e-05,1.7483107512816787e-05,1.7483107512816787e-05,0.0004014377773273736,0.0004014377773273736,0.0004014377773273736,0.007566674146801233,0.007566674146801233,0.007566674146801233,0.00030715917819179595,0.00030715917819179595,0.00030715917819179595,0.0004327601636759937,0.0004327601636759937,0.0004327601636759937,0.003533134969378201,0.003533134969378201,0.003533134969378201,neutral,Raw & JPG organizing
sony_a7_iii_mirrorless_camera,1dmjxc1,2,1,0.2829810827970505,0.0,0.021262183734054904,0.014573183888825891,0.012102125123824244,0.35401421785354614,0.5356422662734985,0.42628809809684753,0.42628809809684753,0.42628809809684753,0.38614559173583984,0.38614559173583984,0.38614559173583984,0.38614559173583984,0,2,0.0,0.03707539476454258,0.6931471805599453,0.20801459767650946,0.5,1.0,0.5,1.0,0.0,0.0,0.0,13.5,13.5,0.36,1.0,1.0,0.0,0.0,0.0015667490079067647,0.002593419048935175,0.002388085040729493,4.185552938906767e-06,6.840074547653785e-06,6.309170225904382e-06,0.00013097577721055131,0.00022657473164144903,0.0002074549407552695,0.00021606408881780226,0.0004109734727535397,0.0003719915959663922,0.00016459286416647956,0.00019921960483770818,0.00019229425670346247,0.00015383049685624428,0.00021061317238491029,0.0001992566372791771,0.00037273296464945815,0.0006079400175167393,0.0005608986069432832,neutral,Compact Mirrorless Camera Recommendations?
ricoh_gr_iv_monochrome_digital_camera,1r8hevj,2,1,0.32778553664684296,0.5,0.13275905915196118,0.08960271445070238,0.062227022554146104,0.595725417137146,0.5636540651321411,0.5792461633682251,0.5792461633682251,0.5792461633682251,0.5021154880523682,0.5021154880523682,0.5021154880523682,0.5021154880523682,0,2,0.0,0.03131926618516445,0.6931471805599453,0.20801459767650946,1.0,1.0,0.5,0.5,0.0,0.5,0.0,1.5,1.5,0.03529411764705882,1.0,1.0,0.0,0.0,0.0005358041380532086,0.0006229692953638732,0.0006055362639017404,1.6203824770855135e-06,1.7803529317461653e-06,1.748358840814035e-06,3.666082011477556e-05,3.995137012680061e-05,3.92932601243956e-05,2.2087316210672725e-05,2.3030961529002525e-05,2.2842232465336564e-05,0.00012156842058175243,0.0001317196583840996,0.00012968941082363016,9.345061698695645e-05,0.00011744036601157859,0.00011264241620665417,0.00013519861573740855,0.00015583411895174018,0.00015170701830887387,neutral,Selling my Leica Q2 for the GR IV Monochrome?
canon_eos_rebel_t7_dslr_with_18_55mm_and_75_300mm_lenses,187lvwc,46,1035,0.3111100894483653,0.045454545454545456,0.03835329440956452,0.027933210106435062,0.024813700785334472,0.48960200499221324,0.48924362013017497,0.4821150384951329,0.4906297028064728,0.6924962401390076,0.21160054206848145,0.17631129920482635,0.7950214147567749,0.5417494177818298,5,41,0.10869565217391304,0.14017052790554968,1.5590695134414898,0.4678792999291378,0.8695652173913043,0.6666666666666666,0.5652173913043478,0.41304347826086957,0.08695652173913043,0.13043478260869565,0.3695652173913043,106.33789814657155,76.25,1.4112935126203956,5.0,1.565217391304348,1.4166666666666667,2.0476190476190474,0.008687738261474095,0.12883734703063965,0.005691202357411385,3.966309921195163e-06,4.022789289592765e-05,7.137335614970652e-06,0.00016561586428155272,0.0017871486488729715,0.0003858746640617028,0.002239565628137232,0.07217065989971161,0.0002595969781395979,0.0028478377674258336,0.09955576062202454,0.0008873018668964505,0.00024134543341263097,0.0017440990777686238,0.0005767596740042791,0.00236434487744209,0.03850383273083935,0.0013458740490553587,neutral,How much to charge for photography?
sony_a7_iii_mirrorless_camera,1gyjoxp,3,3,0.3143545190493266,0.0,0.03955082397781493,0.01956526472365314,0.012940559235080548,0.4993698795636495,0.5480574170748392,0.5190117458502451,0.509320080280304,0.5613185167312622,0.7551526427268982,0.7636854648590088,0.7551526427268982,0.7923192977905273,0,3,0.0,0.018520911534627277,-0.0,0.0,1.0,0.0,1.0,0.6666666666666666,0.0,0.3333333333333333,0.0,90.48879611433794,107.0,0.7646940516704616,1.0,1.0,0.0,0.0,0.0005826905835419893,0.000682246289215982,0.0006777278846129774,2.227494216337315e-06,2.6816032914211974e-06,2.6698524379753506e-06,5.4342862616370745e-05,7.65189397498034e-05,7.224680084618739e-05,3.4331881882584035e-05,5.846490239491686e-05,5.178691972105298e-05,0.00010420212735577176,0.00011464461567811668,0.00011264740896876901,8.777988841757178e-05,0.00010455005394760519,0.0001025015691993758,0.00014426247300510417,0.0001660673797232448,0.00016528134677476676,neutral,"Content creation, fashion editorial - XT 4 vs Sony a7 iii"
canon_eos_rebel_t7_dslr_camera_with_18_55mm_lens,1dt73cm,7,21,0.30341980712754385,0.0,0.050303881990835866,0.04100487775202433,0.03764414476075295,0.44795622144426617,0.4922358478818621,0.4665370924132211,0.46184155344963074,0.5765656232833862,0.22346074879169464,0.20468664169311523,0.41028013825416565,0.4893331825733185,2,5,0.2857142857142857,0.2603877519390413,0.7963116401738131,0.23897442000999627,0.8571428571428571,0.6666666666666666,0.7142857142857143,0.14285714285714285,0.42857142857142855,0.14285714285714285,0.2857142857142857,47.46083240151712,8.5,1.2350402483666165,4.0,2.2857142857142856,1.0,1.5555555555555556,0.00047021042389263,0.0005587693303823471,0.0005401607370004058,1.4834653906551206e-06,1.9280812466604402e-06,1.6749481801525692e-06,2.9212916550542495e-05,4.230926060699858e-05,3.374744337634184e-05,2.626335663080681e-05,5.176439299248159e-05,3.938543959520758e-05,0.00010929370806219854,0.00011888927838299423,0.00011720507463905961,8.7423125348453e-05,0.00011185117909917608,0.0001023077013087459,0.00012064783264588101,0.0001429055591491609,0.000137178491998687,neutral,need camera advice - filming softball games
canon_eos_r5_mirrorless_camera,1egc5go,13,78,0.29768284926047694,0.0,0.05267844949922569,0.032647578321932325,0.025159213052140545,0.5427965441575417,0.5233002266822717,0.5294227091929852,0.5313539803028107,0.5854707956314087,0.4670301079750061,0.4875231385231018,0.6860244870185852,0.6652275919914246,0,13,0.0,0.021537165730618514,0.2711893730418441,0.08138437248186343,1.0,0.16666666666666666,0.9230769230769231,0.3076923076923077,0.0,0.07692307692307693,0.6153846153846154,36.29465215631539,61.0,0.6266009004410359,1.0,1.0,0.0,0.0,0.07983416245686105,0.9887034296989441,0.03444530840497467,9.285539922879812e-06,8.490385516779497e-05,1.560001651341737e-05,0.00021911971550882579,0.002117050811648369,0.00029170810157666007,0.002143320446591063,0.027435708791017532,0.00013113887107465424,0.0759224569763039,0.9847617149353027,0.0006812870764406402,0.00024591847837795143,0.001213220413774252,0.0008322085981490097,0.026395710602260945,0.3295053809379169,0.009702891121249507,neutral,Why is JPEG the Default Image Quality on the Canon R5?
sony_a7_iv_mirrorless_camera_with_basic_bundle,1scwszq,3,3,0.3261287907759349,0.0,0.1768592919415715,0.17141711069093288,0.16546064743632774,0.4940541585286458,0.588658849398295,0.5133340954780579,0.381458580493927,0.7860004305839539,0.18705017864704132,-0.010715401731431484,0.18705017864704132,0.4755263328552246,0,3,0.0,0.08636487337450187,0.6365141682948128,0.1910189384688593,1.0,0.5,0.6666666666666666,1.0,0.0,0.0,0.0,41.96294661828324,45.0,1.2464241569787102,3.0,2.0,1.0,1.3333333333333333,0.00044064286824626225,0.0005001260433346033,0.0004897192236967384,1.3929364589178779e-06,1.4711981748405378e-06,1.4671819826617138e-06,3.122803658091774e-05,3.421640576561913e-05,3.370665144757368e-05,2.000643507926725e-05,2.1248157281661406e-05,2.100446909025777e-05,0.00010836695097774889,0.00011579328565858305,0.00011491377372294665,7.2465707489755e-05,7.56763038225472e-05,7.496353791793808e-05,0.00011235048913881152,0.00012475188551282676,0.00012249105592824588,gratitude,Looking for a suitable hybrid
sony_rx100_vii_digital_camera_with_basic_bundle,1smeirq,4,6,0.30683427304029465,0.0,0.02323598642123964,0.01952056666609814,0.018365156881269162,0.418553094069163,0.5400267839431763,0.46970151861508685,0.4800271540880203,0.5226897597312927,0.17474497854709625,0.18066361546516418,0.17474497854709625,0.35251015424728394,1,3,0.25,0.2119529522024095,1.0397207708399179,0.3120218965147642,0.75,1.0,0.5,0.5,0.0,0.25,0.25,42.28696607703135,35.25,1.0251385715643964,2.0,1.5,1.0,1.0,0.002909995469963178,0.009437114000320435,0.006881577125750484,7.03866442108847e-06,2.221417162218131e-05,1.635202161196503e-05,0.0006517006740978104,0.0024374511558562517,0.0017321233965049035,5.921954016230302e-05,0.00014821293007116765,0.00011377756163710731,0.0002496569686627481,0.0005648135556839406,0.00045515907549997797,0.00015712690219515935,0.00035045744152739644,0.0002767501064226963,0.0006724563699170478,0.0021600438758468954,0.0015766924689387455,neutral,Camera Recommendations
ricoh_gr_iv_hdf_digital_camera,1qutund,6,15,0.2897346764802933,0.0,0.04911110663596552,0.029845243007812737,0.021918916587916813,0.5544532517592112,0.5372954348723094,0.5426193416118622,0.5410929322242737,0.5899635553359985,0.4603537917137146,0.47146910429000854,0.5217404961585999,0.571575403213501,0,6,0.0,0.022124844913681347,1.329661348854758,0.39903353614536874,0.5,1.0,0.3333333333333333,0.5,0.0,0.16666666666666666,0.3333333333333333,97.88556243559789,36.5,1.081608424702739,1.0,1.0,0.0,0.0,0.000830783843412064,0.0023553473874926567,0.0015077122661750764,2.1439263377942552e-06,4.647157766157761e-06,3.2723874596740643e-06,5.4413128054875415e-05,0.00015263263776432723,0.00010031863166659605,4.157595806949151e-05,0.00010106843546964228,7.294213537534233e-05,0.0001301284125171757,0.0002140521683031693,0.00017405439575668424,0.00010814564666361548,0.0001968981378013268,0.00014965570153435692,0.0001945318191758361,0.0005041076540995467,0.000333696923860316,approval,Ricoh GR IV vs Sony a7C II rental for family vacation — help me choose
ricoh_gr_iv_monochrome_digital_camera,1qutund,6,15,0.2897346764802933,0.0,0.04911110663596552,0.029845243007812737,0.021918916587916813,0.5544532517592112,0.5372954328854879,0.5426193416118622,0.5410929322242737,0.5899636149406433,0.4603537917137146,0.47146910429000854,0.5217404961585999,0.571575403213501,0,6,0.0,0.022124844913681347,1.329661348854758,0.39903353614536874,0.5,1.0,0.3333333333333333,0.5,0.0,0.16666666666666666,0.3333333333333333,97.88556243559789,36.5,1.081608424702739,1.0,1.0,0.0,0.0,0.000830783843412064,0.0023553473874926567,0.0015077122661750764,2.1439263377942552e-06,4.647157766157761e-06,3.2723874596740643e-06,5.4413128054875415e-05,0.00015263263776432723,0.00010031863166659605,4.157595806949151e-05,0.00010106843546964228,7.294213537534233e-05,0.0001301284125171757,0.0002140521683031693,0.00017405439575668424,0.00010814564666361548,0.0001968981378013268,0.00014965570153435692,0.0001945318191758361,0.0005041076540995467,0.000333696923860316,approval,Ricoh GR IV vs Sony a7C II rental for family vacation — help me choose
sony_a7_iv_mirrorless_camera,16vaknb,197,19306,0.3158456646290022,0.15979381443298968,0.050322541655378535,0.03261292552865934,0.026434635563631383,0.5066178580171998,0.5058903211914331,0.5026058243998811,0.5065852701663971,1.0,0.28251177072525024,0.2701106369495392,0.8697404861450195,0.5239624977111816,40,157,0.20304568527918782,0.21173890896122619,1.9394326493686664,0.5820268964424075,0.8324873096446701,0.7806122448979592,0.45685279187817257,0.24873096446700507,0.05583756345177665,0.14213197969543148,0.5532994923857868,52.023079333344505,48.0,0.9456123480964078,8.0,2.2436548223350252,2.0,3.9713977334052886,0.04073062292545405,0.9942423701286316,0.028880361467599945,0.0004664782498009907,0.07751975208520889,8.124949272314558e-06,0.02390009565752379,0.9733659625053406,0.000644136418122799,0.0006548136996035435,0.050735123455524445,0.00017066786531358966,0.01754933155842331,0.9632875919342041,0.0031751147005707097,0.0008423029705162602,0.08392630517482758,0.0005623458302579821,0.014023940843553668,0.4912087327878301,0.006743952948545507,neutral,How difficult is it to switch from a DSLR to Mirrorless?
sony_a7_iv_mirrorless_camera_with_basic_bundle,16vaknb,197,19306,0.31584566432176175,0.15979381443298968,0.050322541655378535,0.03261292552865934,0.026434635563631383,0.5065824452355021,0.5058576416158249,0.5025745972745544,0.5065446496009827,1.0,0.28251177072525024,0.2701106369495392,0.8697404861450195,0.5239624977111816,40,157,0.20304568527918782,0.21173891115007062,1.9394326493686664,0.5820268964424075,0.8324873096446701,0.7806122448979592,0.45685279187817257,0.24873096446700507,0.05583756345177665,0.14213197969543148,0.5532994923857868,52.023079333344505,48.0,0.9456123480964078,8.0,2.2436548223350252,2.0,3.9713977334052886,0.04073062292545405,0.9942423701286316,0.028880361467599945,0.0004664782498009907,0.07751975208520889,8.124949272314558e-06,0.02390009565752379,0.9733659625053406,0.000644136418122799,0.0006548136996035435,0.050735123455524445,0.00017066786531358966,0.01754933155842331,0.9632875919342041,0.0031751147005707097,0.0008423029705162602,0.08392630517482758,0.0005623458302579821,0.014023940843553668,0.4912087327878301,0.006743952948545507,neutral,How difficult is it to switch from a DSLR to Mirrorless?
nikon_d850_dslr_camera,6vuwpg,20,190,0.3129940077662468,0.05,0.04734920668643413,0.03482607718940093,0.030560976663786116,0.511219395775544,0.4977248154188457,0.4991937640466188,0.5013234913349152,0.5945769548416138,0.2925412952899933,0.27323824167251587,0.5888032913208008,0.5147621035575867,3,17,0.15,0.1390881066210568,1.5827205566756732,0.4749770165194499,0.75,0.7368421052631579,0.35,0.15,0.2,0.2,0.45,55.28008230818764,37.25,1.1952450228797327,7.0,2.7,1.1666666666666667,2.6818181818181817,0.0005436474530142732,0.002109408611431718,0.0006563875067513447,1.457641070601312e-06,3.1079077871254412e-06,1.5170388110163913e-06,3.059139344259165e-05,5.3843432397115976e-05,4.1994581260951255e-05,3.2092308447317916e-05,0.0002550419303588569,2.7094772667624078e-05,0.00012408529728418215,0.0004375733551569283,0.0001428902745828964,8.284434970846632e-05,0.00019840749155264348,9.715548876556573e-05,0.00013578640716123877,0.00046261181095511955,0.00016238524653620847,neutral,Photons To Photos published first Nikon D850 dynamic range chart
canon_eos_r5_mirrorless_camera,ovtben,26,325,0.3003129053574342,0.0,0.04677134079361933,0.035502478061446165,0.03131607093387481,0.49599806886452896,0.4796753899867718,0.48240942533199604,0.4848802983760834,0.667390763759613,0.2449250966310501,0.2364673763513565,0.6312763094902039,0.4281505346298218,3,23,0.11538461538461539,0.15283664939208672,1.285293024120099,0.38571852963866243,0.8076923076923077,0.68,0.6153846153846154,0.2692307692307692,0.11538461538461539,0.2692307692307692,0.34615384615384615,42.01692037302516,49.25,0.9780124706344263,6.0,2.923076923076923,1.4166666666666667,2.839080459770115,0.04366325261183262,0.8969099521636963,0.01249523926526308,0.00010508188334002765,0.002611190313473344,5.881801826035371e-06,0.03489945133738869,0.869045615196228,0.0003010774598806165,6.230680782419558e-05,0.0003384703304618597,0.00018662272486835718,0.011614780496109653,0.19485563039779663,0.003082370269112289,0.0003767837224586401,0.0025378267746418715,0.0009616185852792114,0.015120276143158971,0.3277035675322016,0.0029140730790497096,neutral,"Looking to buy the Canon EOS R5: On Amazon it's listed for £3,784.03 but it's £4,299.99 on the Canon website - anyone have an idea what the reason is for this discrepancy in price?"
ricoh_gr_iv_digital_camera,ta9tt,1,0,0.3164975941181183,0.0,0.0,0.0,0.0,0.0,0.0,0.0,0.0,0.0,0.0,0.0,0.0,0.0,1,0,1.0,0.8055521845817566,-0.0,0.0,1.0,0.0,1.0,0.0,0.0,0.0,1.0,0.0,0.0,0.0,1.0,1.0,0.0,0.0,0.0003369230544194579,0.0003369230544194579,0.0003369230544194579,1.165322032647964e-06,1.165322032647964e-06,1.165322032647964e-06,2.3594748199684545e-05,2.3594748199684545e-05,2.3594748199684545e-05,1.5144088138185907e-05,1.5144088138185907e-05,1.5144088138185907e-05,9.180976485367864e-05,9.180976485367864e-05,9.180976485367864e-05,6.529822712764144e-05,6.529822712764144e-05,6.529822712764144e-05,8.898920079521606e-05,8.898920079521606e-05,8.898920079521606e-05,neutral,Ricoh GR Digital IV Preview
ricoh_gr_iv_hdf_digital_camera,ta9tt,1,0,0.3164975941181183,0.0,0.0,0.0,0.0,0.0,0.0,0.0,0.0,0.0,0.0,0.0,0.0,0.0,1,0,1.0,0.8055521845817566,-0.0,0.0,1.0,0.0,1.0,0.0,0.0,0.0,1.0,0.0,0.0,0.0,1.0,1.0,0.0,0.0,0.0003369230544194579,0.0003369230544194579,0.0003369230544194579,1.165322032647964e-06,1.165322032647964e-06,1.165322032647964e-06,2.3594748199684545e-05,2.3594748199684545e-05,2.3594748199684545e-05,1.5144088138185907e-05,1.5144088138185907e-05,1.5144088138185907e-05,9.180976485367864e-05,9.180976485367864e-05,9.180976485367864e-05,6.529822712764144e-05,6.529822712764144e-05,6.529822712764144e-05,8.898920079521606e-05,8.898920079521606e-05,8.898920079521606e-05,neutral,Ricoh GR Digital IV Preview
ricoh_gr_iv_monochrome_digital_camera,ta9tt,1,0,0.3164975941181183,0.0,0.0,0.0,0.0,0.0,0.0,0.0,0.0,0.0,0.0,0.0,0.0,0.0,1,0,1.0,0.8055521845817566,-0.0,0.0,1.0,0.0,1.0,0.0,0.0,0.0,1.0,0.0,0.0,0.0,1.0,1.0,0.0,0.0,0.0003369230544194579,0.0003369230544194579,0.0003369230544194579,1.165322032647964e-06,1.165322032647964e-06,1.165322032647964e-06,2.3594748199684545e-05,2.3594748199684545e-05,2.3594748199684545e-05,1.5144088138185907e-05,1.5144088138185907e-05,1.5144088138185907e-05,9.180976485367864e-05,9.180976485367864e-05,9.180976485367864e-05,6.529822712764144e-05,6.529822712764144e-05,6.529822712764144e-05,8.898920079521606e-05,8.898920079521606e-05,8.898920079521606e-05,neutral,Ricoh GR Digital IV Preview
sony_a7r_v_mirrorless_camera,1s1sl2s,56,1540,0.3051838045770472,0.01818181818181818,0.05650594730901972,0.05022814249378423,0.049344291244336876,0.49195737809716883,0.47304731335539324,0.4749036323134001,0.48276737332344055,1.000000238418579,0.1605960726737976,0.1298532634973526,0.8726442456245422,0.3646368980407715,6,50,0.10714285714285714,0.1739538933782439,2.0174479168693082,0.6054394052672454,0.9642857142857143,0.8909090909090909,0.3392857142857143,0.25,0.17857142857142858,0.16071428571428573,0.4107142857142857,42.811162089924586,23.5,1.4433624786488723,10.0,3.0,1.0,2.6964285714285716,0.01952270536639844,0.5846475958824158,0.0022261803969740868,1.4311214637733169e-05,0.0005453207995742559,3.4867799740823102e-06,0.010956155854078784,0.5603628754615784,0.00017184883472509682,4.3340654623794504e-05,0.0003192346484865993,7.058224582578987e-05,0.00762191989360872,0.3674602806568146,0.00031933125865180045,0.00026642088921237573,0.008375873789191246,0.00016666492592776194,0.006404142312093307,0.19762951636706325,0.0004883972048332907,neutral,Sony a7R in 2026 just for vintage glass & landscapes?
sony_a7_iii_mirrorless_camera,1sbc1vb,84,3486,0.3178870875433267,0.0963855421686747,0.043573265437092036,0.03518869307140869,0.03315232574390445,0.48043029194102504,0.4765946816095181,0.4712281733947927,0.4812341332435608,0.9246654510498047,0.1993304193019867,0.1493489146232605,0.793167769908905,0.4999728202819824,3,81,0.03571428571428571,0.10105586547537573,2.094224732583146,0.6284802526940442,0.8809523809523809,0.8554216867469879,0.30952380952380953,0.35714285714285715,0.09523809523809523,0.17857142857142858,0.36904761904761907,55.97754753170595,43.5,1.259269949829486,6.0,2.2023809523809526,1.3611111111111112,2.627450980392157,0.005877698134836031,0.15659911930561066,0.00446091014891863,2.7371763444588873e-06,2.0925304852426052e-05,5.096368931845067e-06,0.0001719355898872198,0.0034256470389664173,0.0001754967015585863,0.00017307298812089096,0.007821041159331799,7.703267765464262e-05,0.002377121421800222,0.0802605077624321,0.000410900212591514,0.00014202651012359033,0.00144887191709131,0.0003097945271292702,0.0014574319701854024,0.03992742093093208,0.000998411124055565,neutral,"Just bought a Sony A7 III, now Im questioning it because of phone cameras."
canon_eos_rebel_t7_dslr_with_18_55mm_and_75_300mm_lenses,1jkt8v8,13,78,0.32329629226164386,0.18181818181818182,0.05644727370518112,0.03516091482728846,0.027349538280999237,0.49408392187876576,0.493838430979313,0.4908905613880891,0.501616358757019,0.8077204823493958,0.3188376724720001,0.30301129817962646,0.6525677442550659,0.5699885487556458,3,10,0.23076923076923078,0.26443726318673444,1.303875529336385,0.3912951697156873,0.9230769230769231,0.8333333333333334,0.5384615384615384,0.23076923076923078,0.15384615384615385,0.46153846153846156,0.15384615384615385,46.25604070578402,70.0,0.6550419707790766,3.0,1.5384615384615385,1.2,1.4444444444444444,0.001354399018544847,0.011855115182697773,0.0006471315515227616,1.697871163322326e-06,3.1240942917065695e-06,2.395886690464977e-06,6.308435121564589e-05,0.00038158701499924064,5.6830918765626855e-05,2.4527829737053253e-05,5.2648811106337234e-05,3.8759093877160934e-05,0.0006076845204985987,0.006548300385475159,0.0001506690779933706,8.771076178303562e-05,0.000192872088518925,0.00010607667936710641,0.0003565173921570838,0.0031705521381203048,0.00016081395010966542,neutral,Sharpness
ricoh_gr_iv_hdf_digital_camera,2im2sz,5,10,0.31286444067955016,0.2,0.038869458277951574,0.03170122034203726,0.02964180997661724,0.48583547174930575,0.4971700370311737,0.4838613599538803,0.47978921234607697,0.5949832201004028,0.18425491452217102,0.13410097360610962,0.18425491452217102,0.37197932600975037,0,5,0.0,0.03365577273070812,1.3321790402101223,0.399789099421175,1.0,0.75,0.4,0.2,0.0,0.0,0.8,49.49989898979592,62.0,1.0227251857395852,2.0,1.2,1.0,1.0,0.0037113178987056017,0.015470297075808048,0.009767223289236428,2.689275629563781e-06,7.793714758008718e-06,5.290544777381002e-06,0.00024867344109225087,0.0010993561008945107,0.0006758935560355895,0.00011139457601530011,0.0004562721587717533,0.0002846643386874348,0.0007566272048279643,0.0030644903890788555,0.0019437750452198093,0.00013387966755544766,0.0003051149542443454,0.00022953005391173066,0.0008274303439710215,0.003400554065592587,0.0021487926465852073,neutral,My $650 camera is dead from corrosion. Is there any way to earn my money back
sony_a7r_v_mirrorless_camera,1gumrns,10,45,0.30011062920093534,0.0,0.041458221253327536,0.027724617619840825,0.022790265636277927,0.48785576555464005,0.5026645845837063,0.4872003608279758,0.4882735311985016,0.5899530053138733,0.2236315906047821,0.2000889629125595,0.4631684720516205,0.44285067915916443,0,10,0.0,0.03939789235591888,1.2275294114572126,0.3683835754104631,0.9,0.7777777777777778,0.6,0.4,0.2,0.2,0.2,55.536024344563955,48.0,0.9658439016445906,3.0,1.6,1.0,1.3333333333333333,0.0005271018366329372,0.0010690087219700217,0.0007963044976349919,2.06148869210665e-06,4.562587946566055e-06,2.8684499966402646e-06,4.550311023194808e-05,0.00011886762513313442,6.716596399201078e-05,3.701355381053872e-05,0.00013691042840946466,7.733195889159104e-05,0.0001001003896817565,0.0001264509337488562,0.00011085185833508148,8.39148553495761e-05,0.00010628018208080903,9.603293874533847e-05,0.00013261587239981056,0.00025646134152642236,0.000191370737430437,neutral,Upgrade suggestion from Nikon D750 to Sony a7RV for macro jewelry
nikon_d850_dslr_camera,72kgzu,55,1485,0.31641221046447754,0.1,0.056471219897431306,0.04693937917806233,0.04314478254334103,0.4670745875498261,0.485589099221358,0.4708602109140017,0.482822060585022,0.7853026986122131,0.1970800757408142,0.17986351251602173,0.6485129594802856,0.40384283661842346,7,48,0.12727272727272726,0.1636231105774641,1.5596234393227577,0.4680455339881748,0.8545454545454545,0.5555555555555556,0.509090909090909,0.32727272727272727,0.12727272727272726,0.10909090909090909,0.43636363636363634,27.732810177307645,25.5,1.067392973934164,5.0,2.7454545454545456,1.5862068965517242,3.1524926686217007,0.046916632517770104,0.8562957644462585,0.0034915445372462276,5.169526623169738e-05,0.0019245470175519586,5.8307551626057835e-06,0.026247624880654092,0.8246489763259888,0.0003066136618144811,0.001173394244225082,0.06069837883114815,0.000182718670112081,0.017283722833963112,0.7264622449874878,0.00068563079694286,0.00023664347232128918,0.003565104678273201,0.00020012641325592995,0.01531828553586089,0.3017423522833269,0.0008263061501944929,neutral,The Nikon D850 could be the only DSLR you’ll ever need:
sony_a7_iv_mirrorless_camera_with_28_70mm_lens,1h00mhp,17,136,0.3236134694172786,0.3076923076923077,0.06800328881628082,0.06220089704306013,0.06393890300907837,0.45140602461555424,0.42739954021047144,0.4292996681350119,0.42354506254196167,0.6537899374961853,0.15065765380859375,0.1255449652671814,0.6025352478027344,0.3691823184490204,1,16,0.058823529411764705,0.0997531876406249,1.2341113432738555,0.3703588238673164,0.9411764705882353,0.5625,0.5882352941176471,0.23529411764705882,0.0,0.47058823529411764,0.29411764705882354,35.318618946536645,58.0,1.04967923442504,7.0,3.1176470588235294,1.1818181818181819,2.35,0.000758674884256085,0.004339743871241808,0.0010197336203418674,1.583120853651695e-06,2.7470891836856026e-06,2.120271346939262e-06,4.553049909779528e-05,0.00015413569053635,9.800434927456083e-05,2.6236654615358394e-05,5.392822276917286e-05,3.971175392507576e-05,0.00019325003086123616,0.0013789403019472957,0.0001860409392975271,8.769344982711653e-05,0.00016803138714749366,9.824246808420867e-05,0.00018549477325187382,0.0010133810064113884,0.00023856612265262813,neutral,"I dont know anything about lenses,  the camera sony bundles i see either have a 28-70mm  lens or a 50 mm f1.8 prime lens , which is better. "
sony_a7_iv_mirrorless_camera_with_28_70mm_lens,1scq841,13,78,0.3120285937419304,0.23076923076923078,0.04857303187076035,0.03569752351366097,0.031062096866884794,0.4885350740872897,0.5093243989424828,0.49530744094115037,0.49656860530376434,0.6288297176361084,0.25379955768585205,0.25331854820251465,0.5423919558525085,0.47413837909698486,2,11,0.15384615384615385,0.1850096100511459,1.0317671113505356,0.3096349903494628,0.8461538461538461,0.5,0.6153846153846154,0.3076923076923077,0.15384615384615385,0.23076923076923078,0.3076923076923077,26.561528436808906,45.0,0.6961690920937819,5.0,2.230769230769231,1.2857142857142858,1.8571428571428572,0.007147972716036468,0.07575570046901703,0.008157178340479736,4.772828149795644e-06,2.0157989638391882e-05,1.3704813864023893e-05,0.0005267351585084376,0.0026734434068202972,0.0019627923611551523,5.266214485835427e-05,0.0002595645491965115,0.00011803996894741434,0.002411754769967117,0.028995895758271217,0.0009036377596203242,0.00035936003517305764,0.003499721409752965,0.00026475106569705546,0.0017505429421155387,0.01839333797776514,0.0019999557513983753,neutral,Shutter Type Comparisons
canon_eos_rebel_t7_dslr_with_18_55mm_and_75_300mm_lenses,1m504ow,7,21,0.31598893659455435,0.14285714285714285,0.03592375267721721,0.02463445689689595,0.020887071218424997,0.46239387563296724,0.5317151773543585,0.48781930406888324,0.48270025849342346,0.6008304953575134,0.3501335680484772,0.3674153685569763,0.43295279145240784,0.49098795652389526,0,7,0.0,0.08273480779358319,1.4750763110546947,0.44267280310989576,0.5714285714285714,0.8333333333333334,0.42857142857142855,0.5714285714285714,0.0,0.2857142857142857,0.14285714285714285,74.98353560779125,51.0,1.1983670074304538,2.0,1.2857142857142858,2.0,1.3333333333333333,0.0007656295783817768,0.0011573578231036663,0.0011347844498232006,1.94068257185011e-06,2.387755785093759e-06,2.293275611009449e-06,4.675167604416076e-05,5.5702585086692125e-05,5.459559979499318e-05,5.881104724332025e-05,0.0001581001270096749,0.00012271761661395434,0.0001430434432612466,0.00018163755885325372,0.0001727736700559035,0.00010322527876789016,0.00016787652566563338,0.00014084497524891051,0.0001865669510450408,0.0002827334776232722,0.00027103481200659496,neutral,Tips on Photographing Hummingbirds
sony_a9_ii_mirrorless_camera,ogw8la,16,120,0.31278705994288125,0.13333333333333333,0.07958694779368178,0.0753770652723219,0.07584531405835596,0.5095035195350647,0.4592886162300905,0.4782239827016989,0.4766038805246353,0.8895446062088013,0.22682787477970123,0.2144145965576172,0.5337640047073364,0.4324817955493927,1,15,0.0625,0.14101182390004396,1.890362775338868,0.5673009473357549,0.75,0.8666666666666667,0.3125,0.1875,0.125,0.3125,0.375,16.672863431336562,14.5,1.1208647684932143,5.0,2.3125,1.1,1.7826086956521738,0.0010764193848444847,0.005763097666203976,0.00170781189808622,2.227138722332711e-06,9.586653504811693e-06,2.61973809756455e-06,5.0666491233641864e-05,0.00016046514792833477,7.957193156471476e-05,0.00028309128163073183,0.00407094182446599,4.7542194806737825e-05,0.00015310767957998905,0.0003919644223060459,0.000252155979978852,0.00013786322733722045,0.0004101400263607502,0.0002975998941110447,0.0002838958672247334,0.001760702693748802,0.0004003210011092051,neutral,[S] [USA-GA] Sony A9ii + 24-70mm f/2.8 GM
canon_eos_rebel_t7_dslr_camera_with_18_55mm_lens,1nkp0hj,131,8515,0.3221001446247101,0.19230769230769232,0.05915285249639328,0.048272710853310516,0.04455341924609887,0.49584470472473013,0.4908489589612763,0.4891057268003821,0.492574542760849,0.9999998807907104,0.2190331220626831,0.2000669538974762,0.8923956155776978,0.4457562565803528,24,107,0.183206106870229,0.19961160928977809,1.9068748983317785,0.5722562623359264,0.8625954198473282,0.6307692307692307,0.5267175572519084,0.12213740458015267,0.10687022900763359,0.12213740458015267,0.648854961832061,51.05956969425638,22.5,1.6903724109041158,10.0,2.717557251908397,1.5254237288135593,2.958695652173913,0.10912463600606878,0.9944878220558167,0.628345787525177,0.0018179334720715267,0.14778222143650055,0.00039085993194021285,0.07592017231262485,0.9841448068618774,0.4499105215072632,0.000789806735065907,0.08155983686447144,0.000386889063520357,0.04293868334446047,0.9175882935523987,0.09228784590959549,0.0007611015705589048,0.03505941107869148,0.0010458504548296332,0.03855872224014174,0.4938634700762729,0.19514353803242557,neutral,Replacing my Canon EOS 60D with an EOS Rebel T7!!
canon_eos_rebel_t7_dslr_with_18_55mm_and_75_300mm_lenses,1nkp0hj,131,8515,0.3221001400397374,0.19230769230769232,0.05915285249639328,0.048272710853310516,0.04455341924609887,0.4958447016254986,0.4908488857627125,0.48910569113734464,0.492574542760849,0.9999998807907104,0.2190331071615219,0.2000669538974762,0.8923956155776978,0.4457562267780304,24,107,0.183206106870229,0.19961161089648727,1.9068748983317785,0.5722562623359264,0.8625954198473282,0.6307692307692307,0.5267175572519084,0.12213740458015267,0.10687022900763359,0.12213740458015267,0.648854961832061,51.05956969425638,22.5,1.6903724109041158,10.0,2.717557251908397,1.5254237288135593,2.958695652173913,0.10912463179734386,0.9944878220558167,0.628345787525177,0.0018179334703219644,0.14778222143650055,0.00039085993194021285,0.07592017198026355,0.9841448068618774,0.4499105215072632,0.0007898055975726861,0.0815596878528595,0.000386889063520357,0.0429386803763141,0.9175882935523987,0.09228784590959549,0.0007611015838889035,0.03505941107869148,0.0010458504548296332,0.038558720800950845,0.4938634700762729,0.19514353803242557,neutral,Replacing my Canon EOS 60D with an EOS Rebel T7!!
sony_a7r_v_mirrorless_camera,1ozb1lt,1,0,0.2926012873649597,0.0,0.0,0.0,0.0,0.0,0.0,0.0,0.0,0.0,0.0,0.0,0.0,0.0,0,1,0.0,0.019768618047237396,-0.0,0.0,1.0,0.0,1.0,0.0,0.0,0.0,1.0,0.0,0.0,0.0,1.0,1.0,0.0,0.0,0.0004110050213057548,0.0004110050213057548,0.0004110050213057548,1.333263185188116e-06,1.333263185188116e-06,1.333263185188116e-06,2.789115569612477e-05,2.789115569612477e-05,2.789115569612477e-05,1.9899865947081707e-05,1.9899865947081707e-05,1.9899865947081707e-05,0.00010700432903831825,0.00010700432903831825,0.00010700432903831825,7.103599637048319e-05,7.103599637048319e-05,7.103599637048319e-05,0.00010636160525715847,0.00010636160525715847,0.00010636160525715847,approval,New vs Used Sony Camera for Beginners: Which Should I Choose for My First Camera Purchase?
nikon_d850_dslr_camera,1i6x9ll,3,3,0.3200678924719493,0.0,0.019774800863077736,0.016179931208519956,0.014859249269967808,0.36109719673792523,0.40862177809079486,0.3747924566268921,0.372186541557312,0.3890121579170227,0.18799956142902374,0.1463550478219986,0.18799956142902374,0.3554677367210388,0,3,0.0,0.05109874283274015,0.6365141682948128,0.1910189384688593,1.0,1.0,0.6666666666666666,0.3333333333333333,0.0,0.3333333333333333,0.3333333333333333,478.76159690044756,512.0,1.3678902768584216,2.0,1.3333333333333333,1.0,1.0,0.0005752454162575305,0.0009602101054042578,0.0008467258827295155,2.1732744623174463e-06,3.5072266655333806e-06,3.126546266685182e-06,5.849259590225605e-05,0.00011152782826684415,9.637798284529708e-05,2.3978584067663178e-05,3.6239565815776587e-05,3.260526500525884e-05,0.00010732006679366653,0.00013939381460659206,0.00013041755883023143,8.743195454978074e-05,0.0001277230039704591,0.00011600975849432871,0.00014244031533886906,0.00022976692412157718,0.00020395042251190415,neutral,How to Achieve the Best Quality for Reproducing a 10x10 cm Artwork on A1 (300/150 DPI) Using Nikon D850 and 85mm f/1.8?
canon_eos_r5_mirrorless_camera,i3mlum,30,435,0.32158263027668,0.22727272727272727,0.046262400025980116,0.02642756793971376,0.01996323423298906,0.49445309310123836,0.48027687668800356,0.48327342285507024,0.4946841299533844,0.646581768989563,0.3181557357311249,0.3010338544845581,0.7825896143913269,0.5811340808868408,6,24,0.2,0.21365214977413416,1.6703485822493696,0.501274329696392,0.8333333333333334,0.6896551724137931,0.4666666666666667,0.2,0.13333333333333333,0.1,0.5666666666666667,115.81750011692246,109.75,1.0141637488346975,9.0,2.9,1.2666666666666666,3.6736842105263157,0.012390633641431729,0.16305679082870483,0.016390356607735267,3.0934634689098554e-06,1.6023117495933548e-05,5.608938317891443e-06,0.00040487765181751456,0.005806379020214081,0.0006378239195328212,3.6912769064656456e-05,0.00014760633348487318,5.757358339906211e-05,0.008269047939393204,0.14334982633590698,0.00695359471719718,0.00015032585191268784,0.0007701606955379248,0.00025136669137282313,0.00354248188618145,0.0513116573389046,0.004221255381571639,neutral,Canon R5 & R6 Review: Good cameras. Terrible Marketing.
canon_eos_rebel_t7_dslr_camera_with_18_55mm_lens,1iiruaa,1,0,0.30000779032707214,0.0,0.0,0.0,0.0,0.0,0.0,0.0,0.0,0.0,0.0,0.0,0.0,0.0,0,1,0.0,0.1456434428691864,-0.0,0.0,1.0,0.0,1.0,1.0,0.0,0.0,0.0,0.0,0.0,0.0,1.0,1.0,0.0,0.0,0.0006120731704868376,0.0006120731704868376,0.0006120731704868376,1.5626941376467585e-06,1.5626941376467585e-06,1.5626941376467585e-06,3.378071778570302e-05,3.378071778570302e-05,3.378071778570302e-05,2.892144584620837e-05,2.892144584620837e-05,2.892144584620837e-05,0.00013766434858553112,0.00013766434858553112,0.00013766434858553112,0.00011070898472098634,0.00011070898472098634,0.00011070898472098634,0.00015411856026048554,0.00015411856026048554,0.00015411856026048554,admiration,Advice on lens upgrade for wildlife - Sigma 150-600mm C for Canon EOS Rebel T7?
sony_rx100_vii_digital_camera_with_basic_bundle,1s3a0bo,3,3,0.2877129316329956,0.0,0.042762101798241546,0.024892797680886414,0.01928699819110571,0.5480487942695618,0.5129463871320089,0.5282601912816366,0.5269946455955505,0.5685951709747314,0.5166885256767273,0.4933982789516449,0.5166885256767273,0.5796689391136169,0,3,0.0,0.021723271658023197,0.6365141682948128,0.1910189384688593,1.3333333333333333,0.5,0.6666666666666666,0.0,0.3333333333333333,0.3333333333333333,0.3333333333333333,25.590796956892316,31.0,0.4437710454952425,2.0,1.3333333333333333,1.0,1.0,0.0004756386430623631,0.0005891849286854267,0.0005576437979470938,1.4181942636544893e-06,1.519700731478224e-06,1.5189746363830638e-06,3.387612074826999e-05,4.238732435624115e-05,4.02463527279906e-05,2.0749370378325693e-05,2.4018194380914792e-05,2.356548866373487e-05,0.0001146440675559764,0.00012967274233233184,0.00012643842928810044,6.937578655197285e-05,7.942131924210116e-05,7.722665322944522e-05,0.00011928369709342708,0.0001425378748649564,0.00013625082356535738,neutral,Point and shoot advice
sony_a7_iv_mirrorless_camera_with_28_70mm_lens,1nsudhv,16,120,0.3237496316432953,0.1875,0.05166259260935678,0.027853690406614798,0.019161085057820375,0.47631877213716506,0.48660937771201135,0.4788409322500229,0.477730393409729,0.583592414855957,0.36502113938331604,0.35437166690826416,0.6373798251152039,0.5782220363616943,0,16,0.0,0.04548176669050008,0.9180459180656309,0.2755070750496526,1.0625,0.6,0.6875,0.4375,0.0,0.0625,0.5,101.72327658898921,67.75,0.8548174503276404,6.0,1.9375,1.0,2.3333333333333335,0.0014677050603495445,0.01379863265901804,0.0014189043431542814,2.2701751873910325e-06,5.3522248890658375e-06,3.7893962598900544e-06,8.142260162458115e-05,0.00041663425508886576,0.00015113702102098614,3.562230119769083e-05,0.00019066566892433912,4.1624438381404616e-05,0.0006127067995294055,0.007831856608390808,0.0002381655722274445,9.049224354384933e-05,0.000182323667104356,0.0001593638298800215,0.0003817031969054103,0.003712235838406741,0.0003349773922233604,neutral,Beginner ISO question
sony_a7_iv_mirrorless_camera_with_basic_bundle,1nsudhv,16,120,0.3237496316432953,0.1875,0.05166259260935678,0.027853690406614798,0.019161085057820375,0.4763392609854539,0.48616948276758193,0.4786654859781265,0.4775353670120239,0.583592414855957,0.36502113938331604,0.35437166690826416,0.6373798251152039,0.5782219171524048,0,16,0.0,0.04548176797106862,0.9180459180656309,0.2755070750496526,1.0625,0.6,0.6875,0.4375,0.0,0.0625,0.5,101.72327658898921,67.75,0.8548174503276404,6.0,1.9375,1.0,2.3333333333333335,0.0014677043836854864,0.013798621483147144,0.0014189043431542814,2.270174896068511e-06,5.3522248890658375e-06,3.7893962598900544e-06,8.14225779777189e-05,0.0004166338767390698,0.00015113702102098614,3.5622299492388265e-05,0.00019066566892433912,4.1624438381404616e-05,0.0006127070223556075,0.007831860333681107,0.0002381655722274445,9.049224354384933e-05,0.000182323667104356,0.0001593638298800215,0.00038170311699185306,0.0037122345325618276,0.0003349773922233604,neutral,Beginner ISO question
nikon_d850_dslr_camera,1mdsx69,6,15,0.3257811019817988,0.16666666666666666,0.06233122185813999,0.04356065922473173,0.0357251319713212,0.5037438372770945,0.4757291277249654,0.48714231650034584,0.5262439250946045,0.5675588846206665,0.1977333277463913,0.20743849873542786,0.29244786500930786,0.3955491781234741,0,6,0.0,0.16643177345395088,1.0986122886681096,0.32969533691986563,1.3333333333333333,0.8,0.3333333333333333,0.5,0.0,0.16666666666666666,0.3333333333333333,27.243755655603398,10.25,0.7430115178800927,6.0,3.5,1.0,2.3333333333333335,0.0008817008153224984,0.0029165884479880333,0.0017232735408470035,2.407814217046204e-06,6.274953193496913e-06,4.245462378094089e-06,4.682487785127402e-05,7.597623334731907e-05,6.85975028318353e-05,2.68301018877537e-05,5.528984547709115e-05,4.0356382669415325e-05,0.000145131674798904,0.000341640756232664,0.0002317047728865873,0.00036957217040859785,0.0018506215419620275,0.0009643915436754469,0.00024541124241434566,0.0008743986297001053,0.0005021067364623377,neutral,DSLR - FX for exclusive MF lenses
sony_a7r_v_mirrorless_camera,11t7z17,8,28,0.311184648424387,0.0,0.07049331511014807,0.05180438124493748,0.04448470713305045,0.5342305632574218,0.5385527993951525,0.5348422601819038,0.5367134213447571,0.5886958837509155,0.2748502790927887,0.26250213384628296,0.42462196946144104,0.4452522397041321,0,8,0.0,0.025490479078143835,0.9002560512685369,0.2701683070530393,0.875,0.7142857142857143,0.625,0.0,0.0,0.25,0.75,9.848857801796104,15.5,0.38622971771749426,4.0,1.75,1.0,1.6666666666666667,0.09679079327906948,0.645635187625885,0.2792468890547751,8.130924928195782e-05,0.0006044693291187286,0.00020411447694641528,0.07740936060986314,0.6176570057868958,0.18617028781445685,0.005047425360316993,0.03940548002719879,0.012075389787787565,0.008266521655059478,0.054696209728717804,0.023693561367690557,0.00040578728658147156,0.0015621217899024487,0.0011644149431958794,0.031333532906695424,0.2199886320498384,0.08639897498906063,neutral,Sony sensor dusting problem!
leica_d_lux_8_digital_camera,1m4bis8,12,66,0.30374788492918015,0.08333333333333333,0.04177014537815242,0.02738066369418193,0.022700206628358054,0.4644030215162219,0.473184017069412,0.463568313555284,0.48582319915294647,0.6053189039230347,0.3251376450061798,0.3146054148674011,0.5789610147476196,0.5147457122802734,1,11,0.08333333333333333,0.08427799570684631,1.234267866079077,0.37040579661606077,1.0,0.5454545454545454,0.5833333333333334,0.3333333333333333,0.08333333333333333,0.25,0.3333333333333333,29.310004928162137,58.75,0.6992446503736495,3.0,1.5,1.25,1.5,0.0450019118701069,0.5086848139762878,0.02337400493561291,5.87861408500127e-06,4.253958468325436e-05,1.0886347718042092e-05,0.001325139642328092,0.010211058892309666,0.004766949036275039,4.43393782916246e-05,0.00023416151816491038,4.802573312190361e-05,0.033202046581815615,0.3961361050605774,0.0010113038239069286,0.00015559362933951584,0.0007001293706707656,0.00025538377230986957,0.013289151619327791,0.15173987781327014,0.005745421079533725,neutral,help me pick out my first serious digital camera?
sony_rx100_vii_digital_camera_with_basic_bundle,1ofcbmw,39,741,0.3017465528604147,0.05405405405405406,0.042154141927558,0.027835843561346517,0.022882320967577023,0.5051457164821677,0.48820160960781106,0.49293736105988384,0.49835556745529175,0.6451560854911804,0.2966833710670471,0.3107445538043976,0.7140048742294312,0.5301693677902222,5,34,0.1282051282051282,0.1546780905710199,1.740168693827939,0.5222274588832012,0.8974358974358975,0.7894736842105263,0.46153846153846156,0.46153846153846156,0.07692307692307693,0.1282051282051282,0.3333333333333333,62.901423562011274,45.0,1.0041569868679654,5.0,1.435897435897436,1.0,1.8235294117647058,0.006595184380272165,0.16726262867450714,0.00921889636665583,2.6400814243597547e-06,1.3833981029165443e-05,4.095445092389128e-06,0.00013019819193570397,0.001977946376428008,0.00023527666926384012,0.00028029121168424934,0.0049797664396464825,0.00014384138630703152,0.00312792565334045,0.09979204833507538,0.0006168248481117195,0.00014777314703305587,0.0009777951054275036,0.0003015451540704818,0.0017140021109483307,0.04494250041837707,0.002077227896127929,neutral,Are there any compact cameras worth buying over an iPhone 17 Pro for travel?
canon_eos_rebel_t7_dslr_camera_with_18_55mm_lens,1f2ra89,6,15,0.3044460465510686,0.0,0.04321427472319196,0.02950221464998253,0.024176764504913552,0.501962258418401,0.5498889764149983,0.5206563313802083,0.5131853222846985,0.5783698558807373,0.3078850507736206,0.28151947259902954,0.40860071778297424,0.5247439742088318,0,6,0.0,0.02902698889374733,1.5607104090414063,0.4683717353708719,0.6666666666666666,0.8,0.3333333333333333,0.3333333333333333,0.0,0.16666666666666666,0.5,31.68289058080963,45.5,0.7228035873948965,3.0,2.0,1.0,1.3333333333333333,0.0006317150643250594,0.001002534874714911,0.0009134982828982174,2.0761882334833595e-06,3.3555841127963504e-06,2.8759426413671463e-06,4.8125909718995295e-05,7.933752203825861e-05,6.582495916518383e-05,3.826230749837123e-05,8.448275912087411e-05,7.008666761976201e-05,0.00011874590200022794,0.00017405935795977712,0.00015523808542639017,9.154625513474457e-05,0.00011838787759188563,0.00011713343701558188,0.00015507860448514698,0.0002375324296887508,0.00021790501943996787,neutral,I have a Canon EOS Rebel T7 DSLR - commercial fashion/store photography? 
canon_eos_rebel_t7_dslr_with_18_55mm_and_75_300mm_lenses,1f2ra89,6,15,0.3044460465510686,0.0,0.04321427472319196,0.02950221464998253,0.024176764504913552,0.5019622643788656,0.5498889724413554,0.5206563353538514,0.5131853818893433,0.5783698558807373,0.307885080575943,0.2815195918083191,0.4086008071899414,0.5247440338134766,0,6,0.0,0.02902698889374733,1.5607104090414063,0.4683717353708719,0.6666666666666666,0.8,0.3333333333333333,0.3333333333333333,0.0,0.16666666666666666,0.5,31.68289058080963,45.5,0.7228035873948965,3.0,2.0,1.0,1.3333333333333333,0.0006317150303705906,0.001002534874714911,0.0009134982828982174,2.0761884987526478e-06,3.3555841127963504e-06,2.8759426413671463e-06,4.8125909718995295e-05,7.933752203825861e-05,6.582495916518383e-05,3.826231053002024e-05,8.448275912087411e-05,7.008666761976201e-05,0.00011874588623565312,0.00017405935795977712,0.00015523808542639017,9.154626604868099e-05,0.00011838787759188563,0.00011713343701558188,0.00015507859856711548,0.0002375324296887508,0.00021790501943996787,neutral,I have a Canon EOS Rebel T7 DSLR - commercial fashion/store photography? 
canon_eos_rebel_t7_dslr_camera_with_18_55mm_lens,1ebkthb,197,19306,0.3035684916161999,0.041237113402061855,0.04402037305652252,0.03288535707953618,0.02924253574067153,0.49693517544291665,0.47675623232609715,0.48170397381723623,0.4908744990825653,0.8143852949142456,0.3185158371925354,0.3164663016796112,0.8259590864181519,0.5917222499847412,44,153,0.2233502538071066,0.2755784771977191,1.6684344867689251,0.5006999065256054,0.9187817258883249,0.5612244897959183,0.5989847715736041,0.39593908629441626,0.02030456852791878,0.29441624365482233,0.2893401015228426,42.08312438660628,49.0,0.9876549325901164,9.0,1.6598984771573604,1.4545454545454546,3.5830388692579507,0.02876292462835944,0.9870702028274536,0.006185803562402746,0.0002330438125098106,0.043491851538419724,1.0599261077004489e-05,0.010662678193996722,0.9595233798027039,0.00037293299683369716,0.0003880972065135534,0.05770716443657875,9.937377326423304e-05,0.01673618260682986,0.9755454659461975,0.0005980505840852857,0.0003693017417464233,0.022540448233485222,0.00031861554016359155,0.009525371364992635,0.40885999787133187,0.0014684201829065116,neutral,How many cameras do you own?
canon_eos_rebel_t7_dslr_with_18_55mm_and_75_300mm_lenses,1ebkthb,197,19306,0.3035684911553393,0.041237113402061855,0.04402037305652252,0.03288535707953618,0.02924253574067153,0.4969351671425392,0.4767562337694397,0.4817039712539525,0.4908745288848877,0.8143852949142456,0.3185158669948578,0.3164662718772888,0.8259590864181519,0.5917221307754517,44,153,0.2233502538071066,0.2755784854519791,1.6684344867689251,0.5006999065256054,0.9187817258883249,0.5612244897959183,0.5989847715736041,0.39593908629441626,0.02030456852791878,0.29441624365482233,0.2893401015228426,42.08312438660628,49.0,0.9876549325901164,9.0,1.6598984771573604,1.4545454545454546,3.5830388692579507,0.02876292371033303,0.9870702028274536,0.006185803562402746,0.00023304381011950156,0.043491851538419724,1.0599261077004489e-05,0.010662678799120019,0.9595233798027039,0.00037293299683369716,0.00038809720556250816,0.05770716443657875,9.937377326423304e-05,0.01673618245510583,0.9755454659461975,0.0005980505840852857,0.00036930173531994295,0.022540448233485222,0.00031861554016359155,0.009525371285926803,0.40885999787133187,0.0014684201829065116,neutral,How many cameras do you own?
canon_eos_rebel_t7_dslr_with_18_55mm_and_75_300mm_lenses,1lm64et,5,10,0.2959804356098175,0.0,0.03511763257316657,0.027154506947032607,0.024034196332321518,0.49948843419551847,0.4806734353303909,0.46816099584102633,0.49045489728450775,0.572112500667572,0.3137597441673279,0.32698994874954224,0.31375980377197266,0.41257309913635254,0,5,0.0,0.08060896247625352,0.9502705392332347,0.28517773633985943,1.0,0.75,0.6,0.2,0.2,0.4,0.2,25.463699652642777,29.0,0.9430999871349177,1.0,1.0,0.0,0.0,0.0006194324058014899,0.0011289663380011916,0.0008929161354899408,1.887927078314533e-06,2.726288130361354e-06,2.4694410058145878e-06,4.6011631275177935e-05,7.485422247555107e-05,6.737370567861944e-05,3.269487970101181e-05,6.511330138891935e-05,5.067255842732266e-05,0.00012220342905493452,0.00019531977886799723,0.00016849782841745763,8.236673602368683e-05,9.137157758232206e-05,8.948627510108054e-05,0.00015076616815576927,0.0002565013494404411,0.00020803543106922008,neutral,Using your phone as a monitor for a camera
nikon_d850_dslr_camera,1kxosm0,1,0,0.31073373556137085,0.0,0.0,0.0,0.0,0.0,0.0,0.0,0.0,0.0,0.0,0.0,0.0,0.0,0,1,0.0,0.028076525777578354,-0.0,0.0,1.0,0.0,1.0,1.0,0.0,0.0,0.0,0.0,0.0,0.0,1.0,1.0,0.0,0.0,0.0004789216036442667,0.0004789216036442667,0.0004789216036442667,2.676863687156583e-06,2.676863687156583e-06,2.676863687156583e-06,8.409229485550895e-05,8.409229485550895e-05,8.409229485550895e-05,2.0944411517120898e-05,2.0944411517120898e-05,2.0944411517120898e-05,0.0001000905322143808,0.0001000905322143808,0.0001000905322143808,8.044315472943708e-05,8.044315472943708e-05,8.044315472943708e-05,0.00012786147677464518,0.00012786147677464518,0.00012786147677464518,neutral,Camera Recommendations
sony_a7_iii_mirrorless_camera,118uzbt,7,21,0.2955962802682604,0.0,0.04836572251825289,0.026012998018699062,0.01858457455876539,0.5061477919419607,0.5403969912301927,0.5208015427702949,0.5227562189102173,0.5796318650245667,0.3464866280555725,0.3132938742637634,0.5124026536941528,0.5797422528266907,1,6,0.14285714285714285,0.15463006842349256,1.4750763110546947,0.44267280310989576,0.8571428571428571,0.8333333333333334,0.42857142857142855,0.2857142857142857,0.2857142857142857,0.0,0.42857142857142855,57.26380058241731,88.5,0.6362644509157479,3.0,1.5714285714285714,1.0,1.25,0.0007058517159228879,0.0016661880072206259,0.0011940023628994826,1.910249271272083e-06,2.9898067168687703e-06,2.439671743559302e-06,5.3295188990887254e-05,0.00010137178469449282,8.38175168610178e-05,4.467067187111492e-05,0.00017235975246876478,8.968786278273916e-05,0.00014325352614313097,0.00024994401610456407,0.00021262306836433711,9.507240195359503e-05,0.00013683382712770253,0.00013595611089840532,0.00017400895902548136,0.00038803738899180945,0.0002824459424194478,neutral,Nikon Z6 II vs Sony A7 III
hasselblad_x2d_ii_100c_medium_format_mirrorless_camera,1q1xbsw,27,351,0.3083704337477684,0.041666666666666664,0.04818803279002377,0.0335322739181652,0.028316748560239947,0.51427173750353,0.5223347094663527,0.5137152068125896,0.5161024928092957,0.6788139939308167,0.3081040680408478,0.30065858364105225,0.7275207042694092,0.5495131015777588,4,23,0.14814814814814814,0.14993863518315334,1.4280648236309732,0.42856457917581026,0.8518518518518519,0.6538461538461539,0.5925925925925926,0.14814814814814814,0.1111111111111111,0.2962962962962963,0.4444444444444444,54.78933341665535,38.5,1.0454501782683354,7.0,2.740740740740741,1.3846153846153846,2.3114754098360657,0.039165017750174565,0.979418158531189,0.0013672795379534354,5.582707874257014e-06,7.29004095774144e-05,2.9147969598852766e-06,0.0005416656759835961,0.008636580780148506,0.0001122879039030521,5.6750233886338753e-05,0.0008539100526832044,5.095838932902549e-05,0.03587945169689461,0.9581893682479858,0.00028867702349089075,0.00014648446840173738,0.0007568918517790735,0.0002493451640475539,0.012632492088869187,0.3239241355222475,0.0003445337744475787,neutral,X2D II the last Hasselblad?
ricoh_gr_iiix_hdf_digital_camera,1b33khm,27,351,0.3104481708544951,0.19230769230769232,0.08032241157262825,0.06988110803374259,0.0653840126754308,0.48233393208253755,0.4824775222190085,0.4771147613172178,0.4493330717086792,0.8993479609489441,0.18302074074745178,0.13772447407245636,0.6439480781555176,0.43807005882263184,8,19,0.2962962962962963,0.2593149488998784,1.2662338895461533,0.3799988523152128,0.8148148148148148,0.5,0.6666666666666666,0.25925925925925924,0.037037037037037035,0.037037037037037035,0.6666666666666666,51.28571892551032,42.0,1.0643462036808444,9.0,3.074074074074074,1.0,2.875,0.09915240938318204,0.9823530316352844,0.4357568025588987,0.000460784087076044,0.011220368556678295,0.00019151558226440082,0.055950428598508656,0.7794247269630432,0.1233279965817926,0.0002559802555710862,0.0030568137299269438,0.00044160080724395766,0.05683719531602778,0.8742584586143494,0.03955374620854851,0.0005401320616969046,0.0056524924002587795,0.0012047073571011422,0.03553282161701042,0.44225644568602246,0.12787897064893808,neutral,To Sell or not to sell... a little advice on when to pull the trigger
ricoh_gr_iv_digital_camera,1rkelfa,18,153,0.3022101362546285,0.0,0.03776055576365492,0.024141905752158764,0.020043125256298134,0.4646236154378629,0.5252895653247833,0.4872958872442931,0.487821102142334,0.6056749224662781,0.21962812542915344,0.22106973826885223,0.6410394310951233,0.5188531279563904,5,13,0.2777777777777778,0.29575622894076836,1.801951139793263,0.5407684715301337,0.5,0.7647058823529411,0.3333333333333333,0.5,0.0,0.2222222222222222,0.2777777777777778,74.59818287926917,88.75,1.0080835524225564,2.0,1.0555555555555556,1.0,1.0,0.0344644655544673,0.29548385739326477,0.1023903202265503,1.7843498716906146e-05,0.00022305855236481875,2.4518993632227683e-05,0.015707513275224808,0.26350149512290955,0.005975554266478878,0.00020568957784740228,0.0023070352617651224,0.00036901868879795095,0.006577137216987062,0.08794837445020676,0.010643983259797108,0.00029663681076878373,0.002189665799960494,0.0006199128343723721,0.009544880989002044,0.096288408965241,0.023589090108028704,neutral,Parents with young kids: did you go with a Ricoh-style compact camera or a mirrorless system like Sony?
ricoh_gr_iv_digital_camera,1p852ff,6,15,0.3106438418229421,0.16666666666666666,0.08463260408922282,0.05316884193254845,0.040017539313232264,0.5495636264483134,0.5200307667255402,0.5335650602976482,0.5225265622138977,0.6673949360847473,0.4328441023826599,0.45808637142181396,0.5612212419509888,0.744017481803894,0,6,0.0,0.058194974126915135,0.45056120886630463,0.13521415251989277,1.0,0.4,0.8333333333333334,0.0,0.5,0.0,0.5,16.37749132871766,15.0,0.501351775368908,2.0,1.1666666666666667,1.0,1.0,0.0010783460214346026,0.0032755890861153603,0.002143016899935901,3.4461591174779946e-06,9.469763426750433e-06,6.220221280273108e-06,0.00012663456618611235,0.0004471789870876819,0.0002644858141138684,4.495895821795178e-05,8.189043001038954e-05,6.646062138315756e-05,0.00019243196341752386,0.0005144147435203195,0.0003721337270690128,0.0001365188315200309,0.0003694139886647463,0.0002352514275116846,0.00026372274998228323,0.0007829928331375413,0.0005118376101146774,neutral,Do we expect a GR IVx with 40mm equivalent lense?
canon_eos_rebel_t7_dslr_camera_with_18_55mm_lens,1rkt3tp,13,78,0.3342460416830503,0.23076923076923078,0.04964446976801433,0.03543905695868432,0.029808576981041168,0.5294082837227063,0.5065773843954771,0.5120925521239256,0.5322237610816956,0.6303205490112305,0.33669647574424744,0.32846853137016296,0.6846954226493835,0.6583961248397827,0,13,0.0,0.04194611296630823,1.072016968563193,0.3217140380458904,0.8461538461538461,0.6666666666666666,0.6153846153846154,0.0,0.07692307692307693,0.3076923076923077,0.6153846153846154,30.92537304908143,39.0,0.7528648869626564,2.0,1.0769230769230769,1.0,1.0,0.004159017244371801,0.04588419198989868,0.0021554048638790855,1.9165208606444558e-06,3.7709341995650902e-06,3.133592213089288e-06,9.243764977257412e-05,0.0006190725835040212,0.00012809114268748096,2.94614453126157e-05,9.482949826633558e-05,3.857225456158631e-05,0.002028634440928447,0.02478812076151371,0.00028694342763628815,9.550213816020495e-05,0.0002674552670214325,0.00015427032049046834,0.0010678282399010476,0.011933913066059176,0.000467874415013133,neutral,Is this resolution enough for a 23inchx12inch print?
canon_eos_rebel_t7_dslr_with_18_55mm_and_75_300mm_lenses,1rkt3tp,13,78,0.3342460416830503,0.23076923076923078,0.04964446976801433,0.03543905695868432,0.029808576981041168,0.5294082837227063,0.506577383631315,0.5120925521239256,0.5322237908840179,0.6303204894065857,0.33669647574424744,0.3284686207771301,0.6846954226493835,0.6583961248397827,0,13,0.0,0.04194611296630823,1.072016968563193,0.3217140380458904,0.8461538461538461,0.6666666666666666,0.6153846153846154,0.0,0.07692307692307693,0.3076923076923077,0.6153846153846154,30.92537304908143,39.0,0.7528648869626564,2.0,1.0769230769230769,1.0,1.0,0.004159017244371801,0.04588419198989868,0.0021554048638790855,1.9165208606444558e-06,3.7709341995650902e-06,3.133592213089288e-06,9.243764977257412e-05,0.0006190725835040212,0.00012809114268748096,2.94614453126157e-05,9.482949826633558e-05,3.857225456158631e-05,0.002028634440928447,0.02478812076151371,0.00028694342763628815,9.550213816020495e-05,0.0002674552670214325,0.00015427032049046834,0.0010678282399010476,0.011933913066059176,0.000467874415013133,neutral,Is this resolution enough for a 23inchx12inch print?
sony_a7_iii_mirrorless_camera,favpjy,3,3,0.31321515639623004,0.0,0.04427763483317559,0.018620244848280745,0.00973111138097443,0.47262629866600037,0.5855949521064758,0.5206298828125,0.5079896450042725,0.556769073009491,0.4894578456878662,0.4340360760688782,0.4894578456878662,0.6495870351791382,1,2,0.3333333333333333,0.2064405574152867,1.0986122886681096,0.32969533691986563,0.6666666666666666,1.0,0.3333333333333333,0.6666666666666666,0.0,0.3333333333333333,0.0,147.5518741173949,179.0,0.7015144569765209,2.0,1.3333333333333333,1.0,1.0,0.0007502855539011458,0.0012231144355610013,0.001108788710553199,2.9145561105300053e-06,3.92807851312682e-06,3.819766334345331e-06,8.000837927587175e-05,0.00013150193262845278,0.00012097154249204322,4.524726440043499e-05,8.613870159024373e-05,7.501807194785216e-05,0.00011933251031829666,0.0001529301080154255,0.0001436701466445811,0.00010647963305624823,0.00012873394007328898,0.00012672653974732384,0.00018404464951042124,0.0002877245327302565,0.00026316579628655746,approval,Upgrade from Canon EOS 60D to Sony A7?
fujifilm_x_e5_mirrorless_camera_with_xf_23mm_f_2_8_lens_black,1qiy6jy,16,120,0.2673281863904916,0.0,0.06410021290924507,0.05771689155885866,0.05480381063847327,0.4562504950910807,0.4704746232678493,0.4496109200020631,0.437576100230217,0.9531551599502563,0.2903929650783539,0.271325945854187,0.6810797452926636,0.538880467414856,3,13,0.1875,0.2785671828314662,1.1601862439785164,0.34817378118173037,1.125,0.6,0.625,0.6875,0.0,0.1875,0.125,233.1418224493409,45.5,2.388136465550227,3.0,1.5625,1.4,1.6428571428571428,0.0012135440010752063,0.00805970374494791,0.0015622212667949498,3.611649972867781e-06,1.7138305338448845e-05,7.992762903086259e-06,0.0001385796819022289,0.001174242701381445,0.00016152665921254084,3.664817654680519e-05,0.0001039751005009748,7.048477891657967e-05,0.0001622440559003735,0.0005407105199992657,0.0002338929771212861,0.00013908883374824654,0.0006120783509686589,0.00027057790794060566,0.00028228606652428806,0.0017209239398046823,0.0003948023079753208,neutral,"[S] [USA-NY] Fujifilm X-T5, X-E5, X-E4, Nikon Zfc, Sony A7c Mirrorless Camera Body and Multiple Fuji X-Mount Lenses and Sony e-Mount Lenses."
sony_a9_ii_mirrorless_camera,1leixin,43,903,0.32818235692225006,0.15789473684210525,0.06642138086306608,0.06425134021567896,0.06721467887907152,0.4816529994391128,0.5114907316723272,0.49136307267915635,0.49140259623527527,0.9999995231628418,0.14563803374767303,0.11784084141254425,0.6845883131027222,0.32193973660469055,5,38,0.11627906976744186,0.21041382944514586,2.1163602439756293,0.635123155710618,0.9767441860465116,0.8333333333333334,0.20930232558139536,0.5348837209302325,0.09302325581395349,0.09302325581395349,0.27906976744186046,15.95538669294364,18.5,0.9649530630050303,6.0,2.2093023255813953,1.173913043478261,2.015625,0.008529291068593603,0.22241388261318207,0.005128599889576433,4.535755647867877e-06,5.23816779605113e-05,7.413071762130121e-06,0.0001067255083356475,0.0008686544024385512,0.00031022825569380045,0.004691182189353005,0.12616762518882751,0.000988032750319687,0.0003063676411456558,0.004324864596128464,0.0004409475775901228,0.00032247569148704885,0.0073540122248232365,0.0003638261812739072,0.0023267629757604716,0.06017305300701992,0.0011382472227523977,admiration,Shot from Iceland with sony A9
sony_rx100_vii_digital_camera_with_basic_bundle,1sc5mhu,6,15,0.311103031039238,0.16666666666666666,0.044472784298128946,0.039151627263832874,0.03777814583531778,0.4788199047247569,0.46656331419944763,0.46947583357493083,0.4694313704967499,0.5922026634216309,0.20541684329509735,0.16449102759361267,0.29487165808677673,0.45107370615005493,1,5,0.16666666666666666,0.22005218546837568,1.3296613488547582,0.3990335361453688,1.1666666666666667,1.0,0.3333333333333333,0.16666666666666666,0.3333333333333333,0.16666666666666666,0.3333333333333333,28.061935468214273,22.0,0.9962817325993233,4.0,2.1666666666666665,1.0,1.5714285714285714,0.0006063304172130302,0.0010821254691109061,0.0008814407628960907,1.659423560340656e-06,2.1515820662898477e-06,2.1441054514070856e-06,4.968066635531917e-05,0.00010829091479536146,8.845127013046294e-05,2.5970383831008803e-05,3.5298540751682594e-05,3.509414273139555e-05,0.0001359961994846041,0.00023104844149202108,0.00018437339895172045,7.689049501398888e-05,8.84064647834748e-05,8.693442578078248e-05,0.00014942126424304864,0.000256043276484282,0.0002105573633457425,neutral,Compact Camera Advice
hasselblad_x2d_ii_100c_medium_format_mirrorless_camera,1p0n08s,31,465,0.3063653320074081,0.06666666666666667,0.050827835801335396,0.03502107514616274,0.02964539505615117,0.5044656625037552,0.47279635155072774,0.48136046996680637,0.50095134973526,0.6435849070549011,0.22536133229732513,0.21726356446743011,0.6619734764099121,0.48914164304733276,6,25,0.1935483870967742,0.21247617440718797,1.7577362546558566,0.5274995124964393,1.0,0.6666666666666666,0.4838709677419355,0.45161290322580644,0.0967741935483871,0.16129032258064516,0.2903225806451613,40.75392513797812,57.0,0.878561668482143,5.0,2.129032258064516,1.3636363636363635,2.6545454545454548,0.008721087977568048,0.2508023977279663,0.0014150989009067416,7.74185065394352e-06,0.00018187084060627967,4.838946551899426e-06,0.010102358278022767,0.3115044832229614,9.339808457298204e-05,4.650646719857187e-05,0.00047816731967031956,5.5864300520624965e-05,0.0007138591388338095,0.018042953684926033,0.00012920187145937234,0.00010027055419237924,0.0006029977230355144,0.00011555723176570609,0.003281970711078253,0.09688822783937212,0.00037757145613189397,neutral,Best lens for the Hasselblad X2D II 100C?
ricoh_gr_iiix_hdf_digital_camera,25b1r5,31,465,0.3149492904063194,0.0967741935483871,0.054567887478005596,0.040506236502767794,0.036160925991762266,0.5133148183745723,0.5066848278045655,0.5030050229641699,0.5074115991592407,0.65895015001297,0.1806231439113617,0.15434832870960236,0.6113818883895874,0.3939155042171478,7,24,0.22580645161290322,0.2352427552424131,1.7612970546559639,0.5285681143752359,0.8709677419354839,0.7666666666666667,0.3548387096774194,0.3548387096774194,0.16129032258064516,0.12903225806451613,0.3548387096774194,24.019806256751174,39.0,0.7972312569157242,6.0,3.3225806451612905,1.3888888888888888,3.439306358381503,0.024809202097634216,0.7255236506462097,0.002778528491035104,3.489541530055454e-06,3.407953408895992e-05,5.535218406294007e-06,0.00010977720998081139,0.0016479884507134557,0.00017221896268893033,6.414727871625444e-05,0.0008387414272874594,7.457500032614917e-05,0.0208721570086181,0.639824390411377,0.0008619770524092019,0.000685299436642503,0.017573481425642967,0.00025615363847464323,0.007757345428853656,0.22787525964622546,0.0007149898534635213,neutral,A Layman's Review of the Ricoh GR APS-C compact digital camera!
ricoh_gr_iv_digital_camera,25b1r5,31,465,0.31494929713587605,0.0967741935483871,0.054567887478005596,0.040506236502767794,0.036160925991762266,0.5133148191436645,0.5066848292145678,0.5030050255278106,0.5074115991592407,0.6589502096176147,0.1806231588125229,0.15434831380844116,0.6113818883895874,0.3939155042171478,7,24,0.22580645161290322,0.2352427546415598,1.7612970546559639,0.5285681143752359,0.8709677419354839,0.7666666666666667,0.3548387096774194,0.3548387096774194,0.16129032258064516,0.12903225806451613,0.3548387096774194,24.019806256751174,39.0,0.7972312569157242,6.0,3.3225806451612905,1.3888888888888888,3.439306358381503,0.024809202097634216,0.7255236506462097,0.002778528491035104,3.4895414713783764e-06,3.407953408895992e-05,5.535218406294007e-06,0.00010977722077739364,0.0016479884507134557,0.00017221929738298059,6.414728094598339e-05,0.0008387414272874594,7.457500032614917e-05,0.0208721570086181,0.639824390411377,0.0008619770524092019,0.0006852994460308353,0.017573481425642967,0.00025615363847464323,0.007757345432579651,0.22787525964622546,0.0007149898534635213,neutral,A Layman's Review of the Ricoh GR APS-C compact digital camera!
ricoh_gr_iv_hdf_digital_camera,25b1r5,31,465,0.31494929713587605,0.0967741935483871,0.054567887478005596,0.040506236502767794,0.036160925991762266,0.5133148054281871,0.5066848395332213,0.5030050257200835,0.5074115991592407,0.65895015001297,0.1806231439113617,0.1543482542037964,0.6113818883895874,0.3939155042171478,7,24,0.22580645161290322,0.2352427546415598,1.7612970546559639,0.5285681143752359,0.8709677419354839,0.7666666666666667,0.3548387096774194,0.3548387096774194,0.16129032258064516,0.12903225806451613,0.3548387096774194,24.019806256751174,39.0,0.7972312569157242,6.0,3.3225806451612905,1.3888888888888888,3.439306358381503,0.024809202095756547,0.7255236506462097,0.002778528491035104,3.489541530055454e-06,3.407953408895992e-05,5.535218406294007e-06,0.00010977721115435293,0.0016479884507134557,0.00017221896268893033,6.414727760138996e-05,0.0008387414272874594,7.457500032614917e-05,0.0208721570086181,0.639824390411377,0.0008619770524092019,0.000685299436642503,0.017573481425642967,0.00025615363847464323,0.007757345428550492,0.22787525964622546,0.0007149898534635213,neutral,A Layman's Review of the Ricoh GR APS-C compact digital camera!
ricoh_gr_iv_monochrome_digital_camera,25b1r5,31,465,0.31494929713587605,0.0967741935483871,0.054567887478005596,0.040506236502767794,0.036160925991762266,0.5133148079277366,0.5066848399818584,0.5030050258482656,0.5074116587638855,0.6589502692222595,0.1806231439113617,0.15434831380844116,0.6113818883895874,0.3939155042171478,7,24,0.22580645161290322,0.2352427546415598,1.7612970546559639,0.5285681143752359,0.8709677419354839,0.7666666666666667,0.3548387096774194,0.3548387096774194,0.16129032258064516,0.12903225806451613,0.3548387096774194,24.019806256751174,39.0,0.7972312569157242,6.0,3.3225806451612905,1.3888888888888888,3.439306358381503,0.024809202095756547,0.7255236506462097,0.002778528491035104,3.489541530055454e-06,3.407953408895992e-05,5.535218406294007e-06,0.00010977721115435293,0.0016479884507134557,0.00017221896268893033,6.414727760138996e-05,0.0008387414272874594,7.457500032614917e-05,0.0208721570086181,0.639824390411377,0.0008619770524092019,0.000685299436642503,0.017573481425642967,0.00025615363847464323,0.007757345428550492,0.22787525964622546,0.0007149898534635213,neutral,A Layman's Review of the Ricoh GR APS-C compact digital camera!
sony_a7_iii_mirrorless_camera,1lzsfyw,1,0,0.3243626058101654,0.0,0.0,0.0,0.0,0.0,0.0,0.0,0.0,0.0,0.0,0.0,0.0,0.0,0,1,0.0,0.04629956930875778,-0.0,0.0,0.0,0.0,1.0,0.0,0.0,0.0,1.0,0.0,0.0,0.0,1.0,1.0,0.0,0.0,0.06156087666749954,0.06156087666749954,0.06156087666749954,6.0345577367115766e-05,6.0345577367115766e-05,6.0345577367115766e-05,0.07134730368852615,0.07134730368852615,0.07134730368852615,0.00022153632016852498,0.00022153632016852498,0.00022153632016852498,0.003541545709595084,0.003541545709595084,0.003541545709595084,0.00027768019936047494,0.00027768019936047494,0.00027768019936047494,0.022834881360419484,0.022834881360419484,0.022834881360419484,neutral,Trying to switch cameras - Canon EOS200D to Sony A7 IV or A7 III - Is it worth it for portraits and night events? Budget ~$3000-4000
sony_a7_iv_mirrorless_camera_with_28_70mm_lens,1lzsfyw,1,0,0.3243626058101654,0.0,0.0,0.0,0.0,0.0,0.0,0.0,0.0,0.0,0.0,0.0,0.0,0.0,0,1,0.0,0.04629956930875778,-0.0,0.0,0.0,0.0,1.0,0.0,0.0,0.0,1.0,0.0,0.0,0.0,1.0,1.0,0.0,0.0,0.06156087666749954,0.06156087666749954,0.06156087666749954,6.0345577367115766e-05,6.0345577367115766e-05,6.0345577367115766e-05,0.07134730368852615,0.07134730368852615,0.07134730368852615,0.00022153632016852498,0.00022153632016852498,0.00022153632016852498,0.003541545709595084,0.003541545709595084,0.003541545709595084,0.00027768019936047494,0.00027768019936047494,0.00027768019936047494,0.022834881360419484,0.022834881360419484,0.022834881360419484,neutral,Trying to switch cameras - Canon EOS200D to Sony A7 IV or A7 III - Is it worth it for portraits and night events? Budget ~$3000-4000
sony_a7_iv_mirrorless_camera_with_basic_bundle,1lzsfyw,1,0,0.3243626058101654,0.0,0.0,0.0,0.0,0.0,0.0,0.0,0.0,0.0,0.0,0.0,0.0,0.0,0,1,0.0,0.04629956930875778,-0.0,0.0,0.0,0.0,1.0,0.0,0.0,0.0,1.0,0.0,0.0,0.0,1.0,1.0,0.0,0.0,0.06156087666749954,0.06156087666749954,0.06156087666749954,6.0345577367115766e-05,6.0345577367115766e-05,6.0345577367115766e-05,0.07134730368852615,0.07134730368852615,0.07134730368852615,0.00022153632016852498,0.00022153632016852498,0.00022153632016852498,0.003541545709595084,0.003541545709595084,0.003541545709595084,0.00027768019936047494,0.00027768019936047494,0.00027768019936047494,0.022834881360419484,0.022834881360419484,0.022834881360419484,neutral,Trying to switch cameras - Canon EOS200D to Sony A7 IV or A7 III - Is it worth it for portraits and night events? Budget ~$3000-4000
kodak_pixpro_wpz2_digital_camera_blue,1r6dnus,51,1275,0.3289334146266288,0.3191489361702128,0.04700139080636587,0.040841534879543916,0.03959282032909122,0.47596952864936753,0.47424236188916596,0.4689743818021288,0.4743932783603668,0.8273972272872925,0.1360929012298584,0.11797858774662018,0.6750157475471497,0.3135643005371094,6,45,0.11764705882352941,0.17893163954802588,2.380860448352115,0.7145000977826934,0.9803921568627451,0.88,0.3333333333333333,0.23529411764705882,0.058823529411764705,0.11764705882352941,0.5882352941176471,39.48609710603766,23.5,1.3093569261429914,10.0,3.0,1.368421052631579,4.761467889908257,0.23735801825715303,0.9965613484382629,0.9475730061531067,0.0015109774528341672,0.03085695207118988,0.0021438999101519585,0.1218850829371185,0.9645949602127075,0.709653377532959,0.000618210004141278,0.011834163218736649,0.001032245228998363,0.13393529657404024,0.9936869740486145,0.5657593011856079,0.0037523097366918626,0.036929722875356674,0.016115382313728333,0.08317664916032984,0.43252517193711054,0.33994249178795144,neutral,"Dad Guild burglarized on Sunday, 2/15"
sony_a7r_v_mirrorless_camera,1lv35w3,5,10,0.30568304657936096,0.25,0.0718729549505858,0.060812452159363,0.05563252402463673,0.4316325157880783,0.5389467895030975,0.47556118071079256,0.4530206173658371,0.7119165062904358,0.2818359434604645,0.24304980039596558,0.28183597326278687,0.5182136297225952,2,3,0.4,0.24355661496520042,0.9502705392332347,0.28517773633985943,1.0,0.75,0.6,0.2,0.0,0.6,0.2,9.264987857520376,18.0,0.6434019345500261,2.0,1.4,1.0,1.0,0.00048666298389434817,0.0007000202895142138,0.0006156772025860846,1.3431469142233254e-06,1.5740239405204193e-06,1.5206386478894274e-06,2.9555725632235408e-05,3.5261025914223865e-05,3.470447481959127e-05,2.3561213311040774e-05,3.678574285004288e-05,3.0951616645324974e-05,0.00012747130676871166,0.00017232820391654968,0.0001633126230444759,7.270779751706868e-05,8.312828140333295e-05,7.883976213634014e-05,0.00012355036233960469,0.00017149401738455103,0.00015311500233868477,neutral,Sony A7R V doesn’t tether via USB-C hub (works fine with direct connection)
canon_eos_r5_mirrorless_camera,ieyfds,48,1128,0.33037958056368727,0.3191489361702128,0.052523967785503924,0.03221610088632377,0.025064286139825344,0.5079529334573035,0.5032880251025055,0.5025012818369883,0.5020825862884521,0.7562801837921143,0.28375405073165894,0.25929611921310425,0.7810123562812805,0.5366090536117554,2,46,0.041666666666666664,0.09017754437324281,1.6936504422722023,0.5082672558363328,0.8333333333333334,0.5957446808510638,0.5,0.10416666666666667,0.08333333333333333,0.125,0.6875,54.39054694726118,89.5,0.735421479850292,10.0,4.604166666666667,1.3125,4.956989247311828,0.04440662114150958,0.8525429368019104,0.03905673697590806,4.960602091112302e-05,0.001797960721887648,8.776253616815664e-06,0.02589053072904335,0.7120836973190308,0.0006030267715686898,0.0001683438884659457,0.004002590663731098,0.0001646945587708613,0.019501797900375095,0.34688764810562134,0.004007690493017431,0.0002299707190710857,0.001691231387667358,0.0006325781345367427,0.015041145066562693,0.30897688900101156,0.009747319726610176,neutral,Canon EOS R5 so-called overheat timer defeated by a single screw in battery door
sony_a7_iii_mirrorless_camera,1mrtiyh,2,1,0.3021831065416336,0.0,0.053320401151156605,0.0434579029882117,0.03981310713807242,0.5622169971466064,0.4236583411693573,0.48320087790489197,0.48320087790489197,0.48320087790489197,0.26287364959716797,0.26287364959716797,0.26287364959716797,0.26287364959716797,0,2,0.0,0.029011529870331287,0.6931471805599453,0.20801459767650946,1.0,1.0,0.5,0.0,0.5,0.0,0.5,6.0,6.0,0.375,1.0,1.0,0.0,0.0,0.0009102565381908789,0.0013443345669656992,0.0012575189612107351,2.6238355985697126e-06,3.009737838510773e-06,2.932557390522561e-06,5.6317039707209915e-05,6.445284088840708e-05,6.282568065216765e-05,4.9557209422346205e-05,7.54583888920024e-05,7.027815299807117e-05,0.0001323343167314306,0.00018290539446752518,0.00017279117892030627,0.0001517587406851817,0.00022173264005687088,0.00020773786018253305,0.00021714128005593616,0.00031531559485150257,0.0002956807318923893,curiosity,"Returning to photography, Canon R6 Mark II or Sony a7 IV/III"
sony_rx100_vii_digital_camera_with_basic_bundle,1s4zp7z,5,10,0.3104622423648834,0.0,0.07725299991918966,0.06217712295325499,0.05171621293629134,0.5294227063655853,0.5882458090782166,0.5498304069042206,0.5258439183235168,0.6884852051734924,0.36162739992141724,0.34283310174942017,0.36162739992141724,0.5667744874954224,0,5,0.0,0.08668342567980289,0.9502705392332347,0.28517773633985943,0.6,0.75,0.6,0.4,0.2,0.2,0.2,34.42673379802388,8.0,1.0432343575158751,3.0,2.0,1.5,1.5,0.1279045908304397,0.5925794839859009,0.3737146168947221,3.166333135595778e-06,6.347304861265002e-06,5.569874429056654e-06,0.00039960588183021175,0.0010210672626271844,0.0009602539474144578,3.493268704914954e-05,4.554273982648738e-05,4.4495023757917807e-05,0.1067566587269539,0.504131555557251,0.31420978978276254,0.00016321203438565134,0.0003815700765699148,0.00031153205782175064,0.03921036108229904,0.18300225560650082,0.11486930848721691,neutral,"Beginner: Looking for Compact, travel-friendly camera. Fixed or Mirrorless?"
ricoh_gr_iv_monochrome_digital_camera,2wkfbe,15,105,0.3244291186332703,0.26666666666666666,0.05524446017989863,0.045514884059113477,0.04214155733105836,0.4927100854260581,0.4752158973898206,0.47945312233198256,0.4818660616874695,0.6260324716567993,0.28367847204208374,0.24465030431747437,0.6133593320846558,0.528407633304596,2,13,0.13333333333333333,0.15013700822989146,1.5226999259857525,0.4569647275057828,0.5333333333333333,0.7142857142857143,0.4666666666666667,0.26666666666666666,0.06666666666666667,0.2,0.4666666666666667,27.21486521901016,20.0,1.00300486065148,6.0,2.1333333333333333,1.1666666666666667,2.590909090909091,0.0005932126097225894,0.0014139417326077819,0.0008815034292638301,1.5175265540771457e-06,2.4677860892552417e-06,1.7394026599504286e-06,3.90712491935119e-05,9.836890239967033e-05,4.8395422345492983e-05,2.2352699185527552e-05,2.9055247068754397e-05,2.5843179537332615e-05,0.00013632016052724793,0.00024168286472558975,0.00021432198409456756,8.650600502733142e-05,0.00018461055879015476,0.00010851159458979964,0.00014649670836838088,0.00032770071500938985,0.0002111782107476756,neutral,The Ricoh GR vs Leica Monochrom
canon_eos_r5_mirrorless_camera,l2nwsv,37,666,0.3224627850232301,0.18518518518518517,0.04351219464342996,0.0320988121301009,0.028165356034099732,0.505689596315404,0.49141770292509784,0.4952546827964955,0.4972389489412308,0.7102007269859314,0.20888842642307281,0.18727180361747742,0.6339021325111389,0.4157385230064392,12,25,0.32432432432432434,0.3287623065045556,1.6814668007102818,0.5046109251625351,0.8378378378378378,0.7222222222222222,0.5675675675675675,0.24324324324324326,0.05405405405405406,0.10810810810810811,0.5945945945945946,47.66614478490948,35.0,1.0780240568714246,5.0,2.0,1.3333333333333333,2.183333333333333,0.12639482815850628,0.9673863053321838,0.5699293136596675,0.0005695829518762784,0.016151029616594315,0.00027889553457498544,0.08317110302227407,0.9512863159179688,0.2326576352119445,0.0011213022237800917,0.028903184458613396,0.0014012790750712154,0.03889222574542981,0.6835210919380188,0.0949603885412216,0.000620347741681365,0.005326313432306051,0.002279136795550585,0.04179489830725799,0.3612159109131123,0.1771687312645855,neutral,"Canon Korea is going to replace EOS-R5, R6's damaged part for $25~$30"
canon_eos_r5_mirrorless_camera,1bpqugc,2,1,0.29851284623146057,0.0,0.020053587965701523,0.012038072859363246,0.009350182057141436,0.49507126212120056,0.5769039988517761,0.5328641533851624,0.5328641533851624,0.5328641533851624,0.543076753616333,0.543076753616333,0.543076753616333,0.543076753616333,0,2,0.0,0.02277836762368679,0.6931471805599453,0.20801459767650946,0.5,1.0,0.5,0.0,0.0,0.5,0.5,43.5,43.5,0.7073170731707317,2.0,1.5,1.0,1.0,0.00041860018973238766,0.00042825110722333193,0.0004263209237251431,1.4742979033144366e-06,1.5983797538865474e-06,1.5735633837721253e-06,2.969105935335392e-05,3.0123281248961575e-05,3.0036836869840043e-05,1.9934953343181405e-05,1.998457264562603e-05,1.9974648785137107e-05,0.00010036374078481458,0.00011106140300398692,0.00010892187056015246,7.241301500471309e-05,7.837231532903388e-05,7.718045526416972e-05,0.00010707954268696085,0.00010952084270835864,0.00010903258270407909,curiosity,Canon EOS R5 Full-Frame Mirrorless Camera
sony_a7_iv_mirrorless_camera_with_basic_bundle,15kpsga,52,1326,0.3330196583500275,0.17307692307692307,0.06857473319450136,0.06412580658154424,0.06503175235353116,0.4959992928652382,0.49532625912990685,0.4909358689867713,0.49248819053173065,1.0,0.1863802671432495,0.1545640379190445,0.6890667676925659,0.40298694372177124,7,45,0.1346153846153846,0.20147657881562525,1.7455981110841523,0.5238568358435991,0.9615384615384616,0.7450980392156863,0.4423076923076923,0.5,0.17307692307692307,0.09615384615384616,0.23076923076923078,13.78720088647524,11.5,0.9571888465910715,3.0,1.3461538461538463,1.0666666666666667,1.1578947368421053,0.02329604724386277,0.9309425354003906,0.023892235290259103,0.00015740824194118922,0.007924101315438747,2.35121881814848e-05,0.01841202891966112,0.9351403117179871,0.0005793887248728422,0.0023972199251847295,0.04256369546055794,0.001505105290561914,0.0029284507052999777,0.13100041449069977,0.0006977875018492337,0.0002840845341219952,0.002528358483687043,0.0006041950720828026,0.007912539928345296,0.334703335344481,0.005779546724776685,admiration,First shots with my new Sony A7 IV - What do you think?
sony_a7_iv_mirrorless_camera_with_28_70mm_lens,1kvqlqn,12,66,0.29885249336560565,0.08333333333333333,0.04109867808043223,0.027729711011625677,0.022629000175447056,0.4907113855535334,0.4905364892699502,0.4871969213991454,0.4902016371488571,0.5928360223770142,0.31644970178604126,0.3035462498664856,0.6250818371772766,0.5719096064567566,1,11,0.08333333333333333,0.12336385793363054,1.242453324894,0.37286226613644224,0.75,0.8181818181818182,0.5,0.4166666666666667,0.25,0.0,0.3333333333333333,48.10058904698223,50.75,0.84386998328039,5.0,2.25,1.0,1.7333333333333334,0.011791042554250453,0.13614626228809357,0.0006957875273656101,3.4651830560505914e-06,2.2970838472247124e-05,2.1820294477947755e-06,0.0002494106356607517,0.002522929571568966,8.691267648828216e-05,9.747897456691135e-05,0.0009004363673739135,4.430825720191934e-05,0.0039007676580998427,0.04561284929513931,0.00013589533191407102,0.0002670194141198105,0.0023536996450275183,8.408165231230669e-05,0.0027181974032923027,0.03125985800094592,0.000170083000671184,neutral,"for macro: Sony 7C II or a7 IV, which kit ?"
sony_a7r_v_mirrorless_camera,1m4grd6,4,6,0.30883781611919403,0.0,0.09396132407354502,0.05231023162883808,0.03636145384351438,0.5196721851825714,0.5252151588598887,0.5218969384829203,0.519438773393631,0.5706318616867065,0.5474464297294617,0.5356429815292358,0.5474464297294617,0.6850764751434326,0,4,0.0,0.019892972894012928,0.5623351446188083,0.16875769266311968,0.75,0.6666666666666666,0.75,0.5,0.25,0.0,0.25,21.18372016431486,15.5,0.2567723656280589,3.0,1.75,1.0,1.3333333333333333,0.0004230672348057851,0.0004461909120436758,0.0004457237519090995,1.477784508097102e-06,1.5740464505142882e-06,1.5642320931874565e-06,3.3886002256622305e-05,4.1336024878546596e-05,3.941347604268231e-05,2.1245008611003868e-05,2.6419749701744877e-05,2.4923751880123746e-05,0.00010782733988889959,0.00011147297482239082,0.00011092459317296743,7.103838652255945e-05,7.970340084284544e-05,7.78913097747136e-05,0.00010975695943216124,0.00011594907609454215,0.0001151486284773758,neutral,Looking to get my first camera
sony_rx100_vii_digital_camera_with_basic_bundle,1qe9znl,16,120,0.3141359031200409,0.13333333333333333,0.05759166415278756,0.046989609110108556,0.04286472005502177,0.4849194680651029,0.49255081564188,0.4830363010366758,0.4942079931497574,0.6160413026809692,0.24575501680374146,0.20090097188949585,0.6104365587234497,0.526644229888916,0,16,0.0,0.051891061128117144,1.4013926466081226,0.4205602154156015,0.875,0.7333333333333333,0.4375,0.25,0.125,0.125,0.5,16.63944391348461,12.25,0.7716843554079819,3.0,1.5,1.4,1.3636363636363635,0.011999898475551163,0.13190613687038422,0.02498974814079702,5.502311260840997e-06,4.0292699850397184e-05,1.0644703706930159e-05,0.00013949057768058992,0.000680567289236933,0.0004118385404581204,0.003394598976456109,0.04785514622926712,0.0029896724299760535,0.00043096085346405744,0.002872904995456338,0.001098731328966096,0.0008177882227755617,0.007091024424880743,0.0022730375203536823,0.00279803990286472,0.03157369253373569,0.005362776477871496,neutral,[Sony RX100 VII vs Canon G7X III) Which one is more beginner friendly
ricoh_gr_iv_digital_camera,3vlc1d,13,78,0.3163544312119484,0.16666666666666666,0.07321071150548439,0.06897944231097079,0.07144115086449335,0.4854749246285512,0.5298024140871488,0.5011318773031235,0.502015233039856,0.6233686208724976,0.17513057589530945,0.15841829776763916,0.4793090224266052,0.3920916020870209,1,12,0.07692307692307693,0.18406853581277224,1.2852930241200995,0.3857185296386626,0.9230769230769231,0.5833333333333334,0.6153846153846154,0.23076923076923078,0.15384615384615385,0.15384615384615385,0.46153846153846156,20.41260777590697,9.0,1.251716514560333,5.0,2.4615384615384617,1.2857142857142858,2.7837837837837838,0.005894813673176731,0.04077150672674179,0.022481457190588132,4.679444513245611e-06,2.2568181520910002e-05,1.5593566104143985e-05,0.0005561830204477211,0.006071864161640406,0.0004404128179885449,0.0006875948673461188,0.008433220908045769,0.0001548096493934282,0.001374074451002973,0.015164359472692013,0.0006889568292535843,0.00021793116768374323,0.0011545185698196292,0.0005538925877772274,0.0014558794373617555,0.010476389452681664,0.005222943714769225,neutral,I love the size of the Ricoh GR series - What compact digital camera is best for shooting video?
ricoh_gr_iv_hdf_digital_camera,3vlc1d,13,78,0.3163544312119484,0.16666666666666666,0.07321071150548439,0.06897944231097079,0.07144115086449335,0.48547486846263593,0.5298024958524948,0.5011318780672855,0.5020152032375336,0.6233686804771423,0.17513059079647064,0.15841832756996155,0.4793090224266052,0.3920916020870209,1,12,0.07692307692307693,0.18406853581277224,1.2852930241200995,0.3857185296386626,0.9230769230769231,0.5833333333333334,0.6153846153846154,0.23076923076923078,0.15384615384615385,0.15384615384615385,0.46153846153846156,20.41260777590697,9.0,1.251716514560333,5.0,2.4615384615384617,1.2857142857142858,2.7837837837837838,0.005894813673176731,0.04077150672674179,0.022481457190588132,4.679444513245611e-06,2.2568181520910002e-05,1.5593566104143985e-05,0.0005561830372383925,0.006071864161640406,0.0004404128616442906,0.00068759486370814,0.008433220908045769,0.00015480963993468332,0.001374074451002973,0.015164359472692013,0.0006889568292535843,0.00021793116768374323,0.0011545185698196292,0.0005538925877772274,0.0014558794395538711,0.010476389452681664,0.0052229437204687245,neutral,I love the size of the Ricoh GR series - What compact digital camera is best for shooting video?
canon_eos_r5_mirrorless_camera,1ntxkq4,13,78,0.30525885407741254,0.07692307692307693,0.04624948991998227,0.025421905054935082,0.018909432106747445,0.5189769176336435,0.5138822281971956,0.5127276938695174,0.517332911491394,0.6305713057518005,0.3626279830932617,0.3541972041130066,0.6124920845031738,0.5387945175170898,1,12,0.07692307692307693,0.06904237273220833,1.377819508039033,0.4134858781421518,0.6153846153846154,0.8333333333333334,0.46153846153846156,0.9230769230769231,0.0,0.0,0.07692307692307693,112.82856031904616,93.0,1.1154154252073003,5.0,2.6153846153846154,1.125,1.9545454545454546,0.0011282424854401213,0.006120381411164999,0.0027882445137947815,2.68374763506402e-06,8.341074135387316e-06,5.031623913964723e-06,6.420653768985246e-05,0.00025744689628481865,0.00010676061792764814,0.0002185853654037391,0.0025278266984969378,5.64246154681314e-05,0.0001434328330035966,0.00037286794395186007,0.0003032280641491527,0.00012397794769360469,0.0003755588550120592,0.00021610578987747435,0.00028018815281099634,0.0015860779876675224,0.0005980518318059093,neutral,Buying Advice: Canon EOS R5 vs R6 mark ii (used)
leica_d_lux_8_digital_camera,18fgf7,11,55,0.3165696154941212,0.09090909090909091,0.05751277026427831,0.04917267245362723,0.047336028781319504,0.5064480239694769,0.5025323965332725,0.4986813409761949,0.4950169026851654,0.6048760414123535,0.2027743011713028,0.19070079922676086,0.4773018956184387,0.4261164367198944,1,10,0.09090909090909091,0.1311468488790772,1.0335620542068176,0.3101736556236982,0.9090909090909091,0.6,0.6363636363636364,0.09090909090909091,0.36363636363636365,0.18181818181818182,0.36363636363636365,21.78596105691814,31.5,0.9111998921144469,4.0,2.5454545454545454,1.3333333333333333,2.0833333333333335,0.0006332375209736215,0.0009226209367625415,0.0009182783542200923,1.749804782362348e-06,2.6668471946322825e-06,2.6358979994256515e-06,4.433634702846493e-05,0.00010607606964185834,7.472463039448485e-05,2.810006811738607e-05,4.368451482150704e-05,4.01662546209991e-05,0.0001325818454709158,0.00018241285579279065,0.00017410119471605867,9.814295613482086e-05,0.0001802667393349111,0.00012492717360146344,0.00015635809041792857,0.00021880298550058797,0.00021635945260338,neutral,Ideas to repurpose a digital camera with a broken LCD screen? 
sony_a7_iv_mirrorless_camera_with_28_70mm_lens,1pf9e3p,9,36,0.2982923256026374,0.0,0.060594585709431686,0.04230348239464197,0.033369474415463445,0.47670986089441514,0.5441244658496645,0.5029624750216802,0.526789516210556,0.6195680499076843,0.2489679902791977,0.22999274730682373,0.5353072881698608,0.5485825538635254,0,9,0.0,0.13207568704254097,1.5229550675313182,0.4570412958991052,0.6666666666666666,0.875,0.3333333333333333,0.1111111111111111,0.2222222222222222,0.2222222222222222,0.4444444444444444,21.817424229271428,42.0,0.6174742706397573,5.0,2.3333333333333335,1.0,1.8333333333333333,0.0005394848218808571,0.0008564569870941341,0.0008087713154964149,1.4638460596769519e-06,1.7985618114835233e-06,1.653157164582808e-06,3.4449923178827805e-05,4.8946945753414184e-05,4.4235856330487876e-05,2.589352475802621e-05,3.5818062315229326e-05,3.42718165484257e-05,0.00012787790021522797,0.00018951817764900625,0.00018916658009402454,7.850734093355843e-05,9.789680916583166e-05,8.611066004959866e-05,0.00013461289283769578,0.00020258685026419698,0.00019527893873600986,neutral,First-Time Camera Buyer: Concerned About Open-Box Sony A7 IV Condition
hasselblad_x2d_ii_100c_medium_format_mirrorless_camera,1knsojz,18,153,0.3193664749463399,0.2222222222222222,0.057051646015291606,0.029902374841035907,0.020959880787817527,0.5062508109737845,0.5192143646330615,0.5072021723962298,0.5094913244247437,0.6014516353607178,0.3904646337032318,0.3745778799057007,0.7220379114151001,0.6066192984580994,0,18,0.0,0.020328840137355857,0.760755259244303,0.22830389218946928,0.7777777777777778,0.35294117647058826,0.7777777777777778,0.1111111111111111,0.16666666666666666,0.16666666666666666,0.5555555555555556,68.78426194528821,108.75,0.7236216920018631,5.0,2.0,1.0,1.7777777777777777,0.0004648692734513639,0.0008083863067440689,0.0006315813981927932,1.5458242993796982e-06,2.8277706860535545e-06,2.0414088567122234e-06,3.3884442523736245e-05,5.42746638529934e-05,5.005942548450549e-05,2.12522749683962e-05,5.324449739418924e-05,2.7147230321133984e-05,0.00010733988771486717,0.00015616256860084832,0.00012048394710291177,7.850283226515684e-05,0.00011666974751278758,9.625186867197044e-05,0.00011789908920381667,0.0001862101766884431,0.00015423724325955843,neutral,Is Hasselblad X2D 100C technically has same image quality as Sony A7R5? (due to same cmos with difference size)
sony_a7_iv_mirrorless_camera_with_basic_bundle,1q2l5uv,16,120,0.2969106316566467,0.06666666666666667,0.06150363749349361,0.04715402097656556,0.04120781682502647,0.5355915933847427,0.5229757624367873,0.5262121657530466,0.5193633437156677,0.6876026391983032,0.2970658540725708,0.3515971302986145,0.614458441734314,0.52655428647995,1,15,0.0625,0.09295132802799344,1.628619830332818,0.4887514632909452,0.8125,0.8666666666666667,0.4375,0.25,0.125,0.3125,0.3125,32.16364407215078,17.75,0.9746558809742661,3.0,1.3125,1.0,1.2,0.0023561580001114635,0.025505317375063896,0.002246879623271525,2.291168016199663e-06,1.2021254406135995e-05,2.9341176741581876e-06,8.309732811540016e-05,0.0006426572799682617,0.00013852537813363597,0.00019870549465395015,0.002530404832214117,0.00014704450586577877,0.00024549275940444204,0.0014408968854695559,0.00037447303475346416,0.00016724951956348377,0.001256404328159988,0.00015522504691034555,0.0005088323783108233,0.005231283659213659,0.0005068960406333645,neutral,"Accidentally ordered ""no kit"" instead of ""basic bundle"" despite same price on B&H and now am kicking myself 😭"
canon_eos_rebel_t7_dslr_camera_with_18_55mm_lens,1pql3pk,72,2556,0.32096159549859854,0.16923076923076924,0.049670954503016986,0.03922733822634969,0.03591414971923967,0.5115714761631123,0.4910384983418973,0.49527713479197266,0.5010173320770264,0.7488334774971008,0.28983211517333984,0.2869192659854889,0.7755171060562134,0.49082866311073303,5,67,0.06944444444444445,0.0976204033035578,1.6776858992861896,0.5034762704879655,0.8194444444444444,0.7183098591549296,0.5277777777777778,0.2916666666666667,0.06944444444444445,0.1388888888888889,0.5,34.69603178914817,30.25,1.0225600854763275,7.0,2.0277777777777777,1.2222222222222223,2.2371134020618557,0.0515595561482769,0.8346990942955017,0.09810208901762961,2.3923056289731903e-05,0.001317693036980927,1.197177116409875e-05,0.011455569002843427,0.7572551369667053,0.0015731961815617969,8.817112024593775e-05,0.0008173293899744749,0.0001983535854378715,0.0327559196758658,0.5981312394142151,0.042177300900220864,0.000368609973924726,0.0048488713800907135,0.0008780659234616906,0.016041958162907752,0.2907230790151516,0.024721204265423086,neutral,Christmas Gift for wife
nikon_d850_dslr_camera,79mqdz,26,325,0.31622904309859645,0.11538461538461539,0.044581778214599216,0.03299258194034031,0.02887495559922629,0.4786340017502124,0.5076565118936393,0.48919497517439037,0.4934220612049103,0.628706693649292,0.34289222955703735,0.3171258270740509,0.7552486062049866,0.5342002511024475,4,22,0.15384615384615385,0.1567751091833298,0.745740170586414,0.22379783963115868,0.8846153846153846,0.36,0.8076923076923077,0.23076923076923078,0.11538461538461539,0.11538461538461539,0.5384615384615384,42.39510201139057,35.0,0.9413088405603371,9.0,4.115384615384615,1.4375,3.8536585365853657,0.0506868873624346,0.9193689227104187,0.018336822278797626,9.41386833976419e-06,0.0001751069212332368,5.415403848019196e-06,0.01015570873767921,0.2598222494125366,0.0004972612950950861,4.32294381635774e-05,0.00029164436273276806,7.596386785735376e-05,0.03693074911335806,0.8806025981903076,0.007920441741589457,0.00015272141508131215,0.0009157210006378591,0.0003979395696660504,0.016329784989176088,0.30049119458393153,0.00456985404275656,neutral,Nikon to close digital camera plant in China- Nikkei Asian Review
ricoh_gr_iiix_hdf_digital_camera,27bjlu,11,55,0.3034947731278159,0.0,0.0724453779827605,0.04925210678307668,0.040631342070934266,0.49534163800152864,0.514865307374434,0.5032300401817669,0.5092703104019165,0.6268620491027832,0.2785584330558777,0.2752101421356201,0.5796523690223694,0.5317113995552063,1,10,0.09090909090909091,0.13176923295990986,1.540305825226517,0.4622482865391504,0.7272727272727273,0.6,0.45454545454545453,0.18181818181818182,0.09090909090909091,0.18181818181818182,0.5454545454545454,11.35235803953748,15.0,0.3567883955283208,6.0,3.090909090909091,1.5,3.1333333333333333,0.0008378068609586494,0.002442804630845785,0.0019315042300149798,1.7054631536501057e-06,2.5179158456012374e-06,2.1947275854472537e-06,4.914927789782682e-05,9.944399062078446e-05,9.340707765659317e-05,3.071034866893156e-05,7.528804417233914e-05,5.026537473895587e-05,0.00021319307415978983,0.0008632910321466625,0.00041403810610063374,8.259005302203481e-05,0.00010917982581304386,9.756345389178023e-05,0.00020252584631014707,0.0005884262460540413,0.0004334315569849423,neutral,Ricoh GR (Digital) Firmware 4.0 Update with Faster Auto Focus Mode
ricoh_gr_iv_digital_camera,27bjlu,11,55,0.30349476770921185,0.0,0.0724453779827605,0.04925210678307668,0.040631342070934266,0.4953416390852495,0.514865307374434,0.5032300412654876,0.5092703104019165,0.6268620491027832,0.2785584330558777,0.2752101421356201,0.5796524286270142,0.5317113995552063,1,10,0.09090909090909091,0.13176925463432615,1.540305825226517,0.4622482865391504,0.7272727272727273,0.6,0.45454545454545453,0.18181818181818182,0.09090909090909091,0.18181818181818182,0.5454545454545454,11.35235803953748,15.0,0.3567883955283208,6.0,3.090909090909091,1.5,3.1333333333333333,0.0008378068794792688,0.002442804630845785,0.0019315042300149798,1.7054635463864543e-06,2.517918119337992e-06,2.1947275854472537e-06,4.914928385088305e-05,9.944399062078446e-05,9.340707765659317e-05,3.071035329908641e-05,7.528811693191528e-05,5.026537473895587e-05,0.000213193095326212,0.0008632910321466625,0.00041403810610063374,8.25900702197528e-05,0.00010917982581304386,9.75636430666782e-05,0.0002025258576202649,0.0005884262460540413,0.0004334315569849423,neutral,Ricoh GR (Digital) Firmware 4.0 Update with Faster Auto Focus Mode
ricoh_gr_iv_hdf_digital_camera,27bjlu,11,55,0.30349476770921185,0.0,0.0724453779827605,0.04925210678307668,0.040631342070934266,0.49534173716198315,0.5148654390465129,0.5032301577654752,0.5092706680297852,0.6268620491027832,0.2785584330558777,0.2752101421356201,0.5796524286270142,0.5317113995552063,1,10,0.09090909090909091,0.13176923295990986,1.540305825226517,0.4622482865391504,0.7272727272727273,0.6,0.45454545454545453,0.18181818181818182,0.09090909090909091,0.18181818181818182,0.5454545454545454,11.35235803953748,15.0,0.3567883955283208,6.0,3.090909090909091,1.5,3.1333333333333333,0.0008378068609586494,0.002442804630845785,0.0019315042300149798,1.7054631536501057e-06,2.5179158456012374e-06,2.1947275854472537e-06,4.914927789782682e-05,9.944399062078446e-05,9.340707765659317e-05,3.071034866893156e-05,7.528804417233914e-05,5.026537473895587e-05,0.00021319307415978983,0.0008632910321466625,0.00041403810610063374,8.259005302203481e-05,0.00010917982581304386,9.756345389178023e-05,0.00020252584631014707,0.0005884262460540413,0.0004334315569849423,neutral,Ricoh GR (Digital) Firmware 4.0 Update with Faster Auto Focus Mode
ricoh_gr_iv_monochrome_digital_camera,27bjlu,11,55,0.30349476770921185,0.0,0.0724453779827605,0.04925210678307668,0.040631342070934266,0.4953417317433791,0.5148654320023277,0.5032301496375691,0.5092706680297852,0.6268620491027832,0.2785584330558777,0.2752101421356201,0.5796524286270142,0.5317113995552063,1,10,0.09090909090909091,0.13176925192502412,1.540305825226517,0.4622482865391504,0.7272727272727273,0.6,0.45454545454545453,0.18181818181818182,0.09090909090909091,0.18181818181818182,0.5454545454545454,11.35235803953748,15.0,0.3567883955283208,6.0,3.090909090909091,1.5,3.1333333333333333,0.0008378068609586494,0.002442804630845785,0.0019315042300149798,1.705463360353447e-06,2.517918119337992e-06,2.1947275854472537e-06,4.914927789782682e-05,9.944399062078446e-05,9.340707765659317e-05,3.071035528343848e-05,7.528811693191528e-05,5.026537473895587e-05,0.000213193095326212,0.0008632910321466625,0.00041403810610063374,8.25900702197528e-05,0.00010917982581304386,9.75636430666782e-05,0.00020252585384103884,0.0005884262460540413,0.0004334315569849423,neutral,Ricoh GR (Digital) Firmware 4.0 Update with Faster Auto Focus Mode
nikon_d850_dslr_camera,6qt1zc,51,1275,0.30982453376054764,0.06818181818181818,0.056282747856692995,0.047162278553332285,0.044467007874539555,0.5118548216422399,0.48289024251348833,0.4893898067462678,0.5018138289451599,0.675195038318634,0.20485778152942657,0.1891920268535614,0.7320454716682434,0.40084415674209595,3,48,0.058823529411764705,0.1352656362760885,1.8711025461003512,0.5615209211759846,0.9019607843137255,0.86,0.4117647058823529,0.1568627450980392,0.0784313725490196,0.23529411764705882,0.5294117647058824,23.287052470510762,22.0,0.9395883512626969,6.0,2.5098039215686274,1.4230769230769231,2.656050955414013,0.04065467914687378,0.8795889616012573,0.014019607566297054,0.0001268632518165795,0.004972688388079405,1.3183273040340282e-05,0.026546763097619133,0.7146435976028442,0.0011216101702302694,0.00038660010699566235,0.008803973905742168,0.0002597568673081696,0.0034971756133874055,0.05817493051290512,0.0007210695766843855,0.0004006442173062276,0.010834753513336182,0.00048290775157511234,0.011935454238999799,0.2767394040517199,0.003183380379141454,neutral,"The Nikon D850 is the ""baby Nikon D5 camera"" (rumoured specs)"
sony_a7_iv_mirrorless_camera,347iwc,58,1653,0.3079400746417897,0.14285714285714285,0.04997244960929784,0.037447065466718193,0.03278345163526911,0.4785039482770079,0.47878766764818503,0.47421570629764886,0.47623977065086365,0.6506603956222534,0.24362018704414368,0.2368287295103073,0.7320062518119812,0.457790732383728,7,51,0.1206896551724138,0.14858215048523812,1.7474178686584072,0.524402948055109,0.896551724137931,0.7017543859649122,0.5172413793103449,0.1724137931034483,0.08620689655172414,0.25862068965517243,0.4827586206896552,28.10165532677101,24.0,0.8345601684345718,7.0,2.810344827586207,1.7407407407407407,2.6820276497695854,0.024598828508871896,0.9667556285858154,0.0023911276133730995,0.0003216114538084749,0.0184414554387331,7.939398892631287e-06,0.0166597227668623,0.9609279632568359,0.0002331540774321183,0.002989672792989887,0.1462656706571579,9.401724528288448e-05,0.006323607247583729,0.25304776430130005,0.0005118448054417966,0.0002928507168815423,0.005007468163967133,0.0004500838927924616,0.008531048914499639,0.36752277790219523,0.0005969534980674017,neutral,The Sony a7 Price Dropped to $998!
sony_a7_iii_mirrorless_camera,1glimdr,7,21,0.3089107232434409,0.0,0.04633214754405222,0.025169093470648007,0.018304026742254467,0.47905688768341426,0.4890012230191912,0.4778065085411072,0.49630677700042725,0.5746840238571167,0.5015467405319214,0.5131732821464539,0.6311980485916138,0.66973477602005,0,7,0.0,0.08821209413664681,1.15374194270109,0.3462398358738274,0.7142857142857143,0.8333333333333334,0.5714285714285714,0.5714285714285714,0.0,0.2857142857142857,0.14285714285714285,54.47523309182039,53.0,0.7688036928281103,1.0,1.0,0.0,0.0,0.0005856055899390153,0.001164397457614541,0.0008907026145607234,1.856128976994244e-06,2.538806711527286e-06,2.4238386231445475e-06,5.1845799004825365e-05,0.00011151465150760487,8.370268915314229e-05,2.5127163618370624e-05,4.0366041503148153e-05,3.289154919912108e-05,0.0001233208760303179,0.00021440799173433334,0.0001639748399611563,8.544589114275627e-05,0.00011164764873683453,0.0001055885455571115,0.00014553357478537993,0.00027246234875140846,0.00021325618550539126,neutral,Looking for my first Mirrorless Camera
sony_a7_iii_mirrorless_camera,1m05n51,4,6,0.32243621349334717,0.25,0.027005153319026146,0.01955996239837832,0.01656618288480428,0.4464028427998225,0.43312057356039685,0.43483269214630127,0.43074482679367065,0.5433194637298584,0.1811012178659439,0.13595430552959442,0.1811012476682663,0.45351123809814453,0,4,0.0,0.03865291178226471,1.0397207708399179,0.3120218965147642,1.25,0.6666666666666666,0.5,0.75,0.0,0.25,0.0,32.65252670161989,22.75,0.9396410561617234,3.0,2.0,1.5,1.6666666666666667,0.0004200099137960933,0.00046963675413280725,0.0004545912554021925,1.4968479717936134e-06,1.5596582443322404e-06,1.5532387692474003e-06,3.351842678966932e-05,3.997800740762614e-05,3.799458827415947e-05,2.0122066871408606e-05,2.0706645955215208e-05,2.0670637604780494e-05,0.00010413800555397756,0.00011866987915709615,0.00011413007232476957,7.272967923199758e-05,7.967528654262424e-05,7.832319388398901e-05,0.00010866915670249,0.00012092963830430865,0.00011722089862094738,gratitude,[US] mirrorless camera recommendations ~$2.5k
sony_a7_iv_mirrorless_camera_with_basic_bundle,1gzla3y,3,3,0.30212776859601337,0.0,0.03207543827088702,0.026740981745474023,0.024800197543093982,0.33632364869117737,0.378299613793691,0.35488370060920715,0.3146626651287079,0.44514787197113037,0.2305847555398941,0.16552306711673737,0.2305847555398941,0.3749327063560486,0,3,0.0,0.12325010510782401,1.0986122886681096,0.32969533691986563,1.0,1.0,0.3333333333333333,0.3333333333333333,0.0,0.0,0.6666666666666666,14.055445761538678,16.0,0.6487128813017851,3.0,2.0,1.0,1.3333333333333333,0.095288749987958,0.28468388319015503,0.22791131079429763,6.159219060464238e-05,0.00018194210133515298,0.00014584316700165802,0.0012175289114869277,0.0035942152608186007,0.0028818563150707637,0.00036574168674026925,0.0010439049219712615,0.0008420364749326837,0.010270287246385124,0.030555378645658493,0.0244759584806161,0.08082404496478073,0.24230201542377472,0.19386113785440104,0.03133799083132595,0.09372688992395221,0.07501969051438664,neutral,is this a good deal or it is better to buy body only and lens seperately?
sony_rx100_vii_digital_camera_with_basic_bundle,1ondpqw,11,55,0.30344158411026,0.0,0.04752625237234625,0.030263284512870567,0.023659614136150555,0.5248748779296875,0.5379877518523823,0.52934978983619,0.5260298252105713,0.6121963858604431,0.33190011978149414,0.3262690007686615,0.5296815633773804,0.4954254627227783,1,10,0.09090909090909091,0.12294437143612992,1.7986522062521288,0.5397784562021247,0.8181818181818182,0.8,0.2727272727272727,0.45454545454545453,0.0,0.0,0.5454545454545454,55.17814874724915,62.0,0.800738306358497,6.0,2.6363636363636362,1.0,2.1666666666666665,0.055890745538900694,0.5501589775085449,0.05353981629014015,4.194159086265162e-05,0.00041533156763762236,2.421880344627425e-05,0.04768781640384325,0.522685170173645,0.0010729571804404259,0.002926274009620432,0.031538911163806915,0.00023767877428326756,0.006488180746435484,0.068857841193676,0.0009234405588358641,0.00027572291715345767,0.0013091160217300057,0.0008129148627631366,0.018885113534469325,0.19052798568009166,0.014639556571637513,curiosity,Help me choose my honeymoon camera — Fuji X-T30 (used) vs Sony RX100 VII (used)
canon_eos_rebel_t7_dslr_with_18_55mm_and_75_300mm_lenses,1no8dd5,2,1,0.30832086503505707,0.0,0.10896429757004464,0.10348822898560252,0.10495437379544942,0.48439937829971313,0.4274471402168274,0.454144686460495,0.454144686460495,0.454144686460495,0.4555720090866089,0.4555720090866089,0.4555720090866089,0.4555720090866089,0,2,0.0,0.13436902593821287,-0.0,0.0,1.0,0.0,1.0,0.0,0.0,1.0,0.0,3.0,3.0,0.42857142857142855,2.0,1.5,1.0,1.0,0.00044340819295030087,0.0004810307000298053,0.0004735061986139044,1.6450937323497783e-06,1.8311758367417497e-06,1.7939594158633554e-06,3.281003864685772e-05,3.969476165366359e-05,3.831781705230242e-05,2.5524313059577253e-05,2.9074317353661172e-05,2.836431649484439e-05,0.00010106646732310764,0.00010592626495053992,0.00010495430542505347,8.577664993936196e-05,9.813439100980759e-05,9.566284279571846e-05,0.00011503845927525921,0.00012594860180570322,0.0001237665732996144,neutral,Canon EOS rebel t7 and 75x800 zoom lens issues
sony_a7_iii_mirrorless_camera,1p3j6s7,20,190,0.3090301594313453,0.058823529411764705,0.05587078091287723,0.049306130436490764,0.04752770126124095,0.48253184980467745,0.5010810216790751,0.4868329758706846,0.4957106113433838,0.7374247312545776,0.24978268146514893,0.21485233306884766,0.5926963686943054,0.47844186425209045,2,18,0.1,0.17854700218886138,1.094408629847781,0.3284338120622249,0.9,0.5789473684210527,0.65,0.1,0.05,0.35,0.5,17.24898547741287,10.75,0.856029055951011,3.0,1.55,1.75,1.588235294117647,0.007149618164112326,0.0659581795334816,0.017242853902280343,2.528395634726621e-06,1.0135488992091268e-05,4.117321395824549e-06,0.00016308266476698917,0.001547289895825088,0.0003063058975385502,7.627599316037959e-05,0.0004853373975493014,0.00016240722761722297,0.0029034775092441124,0.030168045312166214,0.00900092702358961,0.00020441521592147184,0.0008375263423658907,0.0005220944760367278,0.0017498996571400007,0.016464800713341294,0.00437524688109837,neutral,Is this a good camera to start vlogging with? (Sony A7 III + Rode mic for $550)
sony_a7_iv_mirrorless_camera,2hj7p2,43,903,0.30978401802306954,0.06976744186046512,0.04846274257044838,0.03163006746238059,0.02559585165686687,0.508826956565462,0.49932583493251737,0.49969076443616206,0.5017498731613159,0.6628082394599915,0.3201119899749756,0.3101782202720642,0.7274224758148193,0.5521796941757202,3,40,0.06976744186046512,0.08197283151364604,1.7051047383396476,0.511704708739499,0.627906976744186,0.6428571428571429,0.5348837209302325,0.13953488372093023,0.16279069767441862,0.13953488372093023,0.5581395348837209,51.83193500351652,49.0,0.8798946723850021,8.0,3.0930232558139537,1.45,2.9652777777777777,0.05532587359545666,0.7348144054412842,0.19999383836984588,1.90273526799882e-05,0.0006153971189633012,9.989174759539309e-06,0.013946029713711035,0.5265569090843201,0.0012317626911681119,0.00046226412653828277,0.016461193561553955,0.00015195688174571834,0.03536793505952309,0.6572683453559875,0.10510364137589896,0.0002447547596475911,0.0026581883430480957,0.00046549523831345113,0.017560980767926112,0.23288614703445396,0.060728113584749,neutral,What is your opinion on switching from M43 to Sony A7?
sony_a7_iv_mirrorless_camera_with_basic_bundle,tayyb9,55,1485,0.3368843346834183,0.3076923076923077,0.06052110745584069,0.05495967598760907,0.0546482555977197,0.47644588472666566,0.492269972909982,0.4733857517290597,0.4845409095287323,0.9231241941452026,0.15213148295879364,0.13187065720558167,0.7673935294151306,0.32128819823265076,10,45,0.18181818181818182,0.23951681578023867,1.6668002896213934,0.5002094813003404,1.0,0.7037037037037037,0.4,0.6,0.10909090909090909,0.14545454545454545,0.14545454545454545,21.931855393279786,14.5,1.1369010807072464,4.0,1.7272727272727273,1.35,1.6964285714285714,0.022723282290495594,0.8714601993560791,0.0026269809342920804,8.356355068082682e-05,0.004423816222697496,4.369273938209519e-06,0.0166048400907047,0.9052947759628296,0.00015274717006832363,0.0011194099760111632,0.05895477533340454,0.00012052596430294223,0.0038476401289120653,0.06919343769550323,0.00040886513888835943,0.00017816139866640285,0.001335281296633184,0.00014197408163454388,0.00742614957257846,0.30868864863199025,0.0005663318883004352,admiration,"4K real-time video of Northern Lights with Sony a7 IV, 14mm f/1.8GM"
sony_a7_iv_mirrorless_camera_with_28_70mm_lens,1r79dpr,1,0,0.31438401341438293,0.0,0.0,0.0,0.0,0.0,0.0,0.0,0.0,0.0,0.0,0.0,0.0,0.0,0,1,0.0,0.01913362182676792,-0.0,0.0,1.0,0.0,1.0,0.0,0.0,0.0,1.0,0.0,0.0,0.0,1.0,1.0,0.0,0.0,0.0004134603077545762,0.0004134603077545762,0.0004134603077545762,1.716509132165811e-06,1.716509132165811e-06,1.716509132165811e-06,3.5399199987296015e-05,3.5399199987296015e-05,3.5399199987296015e-05,2.3663069441681728e-05,2.3663069441681728e-05,2.3663069441681728e-05,9.047584899235517e-05,9.047584899235517e-05,9.047584899235517e-05,7.561880920547992e-05,7.561880920547992e-05,7.561880920547992e-05,0.00010672229075225914,0.00010672229075225914,0.00010672229075225914,approval,Low light run-and-gun camera - Lumix S5II vs Sony A7 IV
ricoh_gr_iv_hdf_digital_camera,1mxc7wv,2,1,0.305238738656044,0.0,0.06495576568339362,0.032629059771977435,0.02318031370936821,0.5283820033073425,0.5536781549453735,0.5407344102859497,0.5407344102859497,0.5407344102859497,0.5971740484237671,0.5971740484237671,0.5971740484237671,0.5971740484237671,0,2,0.0,0.022499808110296726,0.6931471805599453,0.20801459767650946,0.5,1.0,0.5,1.0,0.0,0.0,0.0,12.5,12.5,0.12953367875647667,1.0,1.0,0.0,0.0,0.0004736528644571081,0.0004952526069246233,0.0004909326584311202,1.5209774346658378e-06,1.5515212226091535e-06,1.5454124650204904e-06,3.7792175135109574e-05,3.9255715819308534e-05,3.896300768246874e-05,2.3180484276963398e-05,2.5296532840002328e-05,2.4873323127394542e-05,0.00011512405399116687,0.00012376057566143572,0.00012203327132738195,7.21594988135621e-05,7.705648022238165e-05,7.607708394061775e-05,0.00012057167568476265,0.0001253863970494725,0.0001244234527765305,approval,Ricoh GR IV as a main camera ?
ricoh_gr_iv_monochrome_digital_camera,1mxc7wv,2,1,0.305238738656044,0.0,0.06495576568339362,0.032629059771977435,0.02318031370936821,0.5283820033073425,0.5536781549453735,0.5407344102859497,0.5407344102859497,0.5407344102859497,0.5971740484237671,0.5971740484237671,0.5971740484237671,0.5971740484237671,0,2,0.0,0.022499808110296726,0.6931471805599453,0.20801459767650946,0.5,1.0,0.5,1.0,0.0,0.0,0.0,12.5,12.5,0.12953367875647667,1.0,1.0,0.0,0.0,0.0004736525152111426,0.0004952519084326923,0.0004909320297883824,1.520978173630283e-06,1.5515212226091535e-06,1.5454126128133793e-06,3.77921369363321e-05,3.9255639421753585e-05,3.8962938924669294e-05,2.3180484276963398e-05,2.5296532840002328e-05,2.4873323127394542e-05,0.00011512405399116687,0.00012376057566143572,0.00012203327132738195,7.21594988135621e-05,7.705648022238165e-05,7.607708394061775e-05,0.00012057161123379956,0.0001253862681475463,0.00012442333676479695,approval,Ricoh GR IV as a main camera ?
sony_a7_iv_mirrorless_camera_with_28_70mm_lens,1mme585,21,210,0.31283303052186967,0.1,0.04684594784493097,0.031069243239271814,0.025207138390566212,0.4837208447002229,0.47935312347752707,0.4759789695342382,0.4799709618091583,0.6156719923019409,0.25462424755096436,0.22702297568321228,0.699773907661438,0.5262334942817688,0,21,0.0,0.03489978766689698,0.8000458530531239,0.24009506337624467,0.8571428571428571,0.5,0.7619047619047619,0.19047619047619047,0.047619047619047616,0.2857142857142857,0.47619047619047616,39.63701515656221,42.0,0.7867460475310079,4.0,1.8095238095238095,1.375,2.107142857142857,0.049668915361897756,0.9775641560554504,0.0009384275763295591,3.5295087118789697e-06,3.6117329727858305e-05,3.861375262204092e-06,0.00011963853882792006,0.0010024226503446698,6.89687512931414e-05,2.957278324867643e-05,0.00010380391904618591,6.165742524899542e-05,0.04756555787510782,0.9689215421676636,0.00026519817765802145,0.00015286471066896671,0.001109000644646585,0.00018249271670356393,0.016256679796410503,0.3247582005545458,0.000228495328713052,neutral,Does Image Stabilisation Stack?
sony_a7_iv_mirrorless_camera_with_basic_bundle,1sdjqc1,3,3,0.30570075909296673,0.0,0.01872575332403018,0.010068474702607987,0.007569297111951287,0.5260253747304281,0.48670198520024616,0.498244176308314,0.4989314079284668,0.5446707010269165,0.4577888250350952,0.44261494278907776,0.4577887952327728,0.577526867389679,0,3,0.0,0.04874229555328687,1.0986122886681096,0.32969533691986563,1.0,1.0,0.3333333333333333,1.0,0.0,0.0,0.0,120.68416079447488,140.5,0.942845006206835,2.0,1.3333333333333333,1.0,1.0,0.0004177001731780668,0.00046525252400897443,0.00045714848092757163,1.6722705519593244e-06,1.8227934788228595e-06,1.8177132915297988e-06,3.738212459817684e-05,4.568049553199671e-05,4.4173401693115015e-05,2.1149732371365342e-05,2.7371535907150246e-05,2.5599011132726444e-05,9.67217735402907e-05,0.00010368815856054425,0.00010256640234729275,6.928167082757379e-05,7.314636604860425e-05,7.198760577011853e-05,0.0001073179575112388,0.00011785561431073195,0.00011587855856684353,admiration,What's a good camera i can start with?
canon_eos_rebel_t7_dslr_with_18_55mm_and_75_300mm_lenses,15ha36t,14,91,0.3030026874371937,0.0,0.03976981562083869,0.030078658573187124,0.026329043974045917,0.4695391582918691,0.47338106278534775,0.45472403656650373,0.4503853917121887,0.7982644438743591,0.2778160274028778,0.291523814201355,0.607998251914978,0.554426372051239,0,14,0.0,0.08803894902978625,1.2396593920543857,0.3720238023413532,0.9285714285714286,0.8461538461538461,0.42857142857142855,0.5714285714285714,0.0,0.0,0.42857142857142855,36.67897134293041,53.0,0.785176756576492,4.0,1.9285714285714286,1.1666666666666667,1.9411764705882353,0.0035687978400216836,0.02687186934053898,0.00817986978217959,5.038417100422521e-06,2.7667827453115024e-05,1.075540985766565e-05,0.00013582695542676708,0.0005808366695418954,0.00035077253996860234,0.0010358273938046686,0.011739996261894703,0.0015342541097197668,0.00027988324654870667,0.0009777704253792763,0.000695537228602916,0.0002562597957356567,0.0016416053986176848,0.0005662091774865981,0.0008802722747729843,0.006771627843590977,0.0018756948824072113,neutral,Is Canon EOS rebel T7 good enough for a beginner to learn and improve their skills?
sony_rx100_vii_digital_camera_with_basic_bundle,1sgjllt,3,3,0.27894261479377747,0.0,0.061007467143268414,0.033659198929176785,0.025207491812039445,0.5613594651222229,0.5276497801144918,0.5417933861414591,0.5460542440414429,0.5500895380973816,0.3525513708591461,0.34998446702957153,0.3525513708591461,0.3608607053756714,1,2,0.3333333333333333,0.3404212382932504,1.0986122886681096,0.32969533691986563,0.6666666666666666,1.0,0.3333333333333333,0.6666666666666666,0.0,0.0,0.3333333333333333,22.88133640230735,28.0,0.377164885752319,1.0,1.0,0.0,0.0,0.0005170865430651853,0.0007052418659441173,0.0006553058628924191,1.9064900698140264e-06,2.372722065047128e-06,2.254901164633338e-06,4.7322249277688876e-05,6.356884841807187e-05,6.0813273012172435e-05,2.3847992755084608e-05,2.7068630515714176e-05,2.613214783195872e-05,0.00010551662853686139,0.00011641882883850485,0.0001139639993198216,8.321027659500639e-05,0.0001008710460155271,9.58421325776726e-05,0.00012981503004994008,0.00016925699029949706,0.00015895237745553457,fear,From EOS R to ?
ricoh_gr_iiix_hdf_digital_camera,1bpevne,21,210,0.3267498186656407,0.19047619047619047,0.05944560749014132,0.046767894185376836,0.04188275260477192,0.5182385216156642,0.5034172082231159,0.5060855747688384,0.502923458814621,0.800788938999176,0.22058817744255066,0.21361836791038513,0.5753917694091797,0.42927202582359314,0,21,0.0,0.08573774886982781,2.1082942189189384,0.6327025284555798,0.8571428571428571,0.85,0.23809523809523808,0.0,0.09523809523809523,0.09523809523809523,0.8095238095238095,17.29430456889036,16.0,0.6750564980421888,4.0,1.619047619047619,1.125,1.5333333333333334,0.0984124423162679,0.9043381214141846,0.1792462170124054,0.00024344165622313172,0.004996100906282663,1.7892221876536496e-05,0.02998392857989529,0.6257271766662598,0.0006645144312642515,0.00022629979849582362,0.002064469736069441,0.0004369524249341339,0.04546282009583332,0.7489863634109497,0.07812386751174927,0.003325557824393313,0.049079567193984985,0.004053638782352209,0.029609081711851466,0.26974378881277516,0.04943335535684431,neutral,Ricoh's New GR III HDF and GR IIIx HDF Cameras Feature a Dreamy Filter
sony_a7_iii_mirrorless_camera,1i138dv,3,3,0.319881796836853,0.0,0.04054815210560104,0.020574890728537024,0.014969593885917181,0.44054457545280457,0.5698401927947998,0.4903506437937419,0.47314003109931946,0.5602326393127441,0.25409677624702454,0.0765463188290596,0.25409677624702454,0.5143855810165405,1,2,0.3333333333333333,0.30536627272764844,1.0986122886681096,0.32969533691986563,1.0,1.0,0.3333333333333333,0.6666666666666666,0.0,0.3333333333333333,0.0,42.23742416388575,51.0,0.6704353041886627,2.0,1.3333333333333333,1.0,1.0,0.0004304666751219581,0.0004955569747835398,0.0004821595794055611,1.5303507249579222e-06,1.5747084489703411e-06,1.564868875902903e-06,3.607494363677688e-05,3.664932228275575e-05,3.658722853288055e-05,2.064565220886531e-05,2.776236942736432e-05,2.5692191047710367e-05,0.00010234370226195703,0.00011012967297574505,0.00010860949114430696,6.769774093603094e-05,7.221838313853368e-05,7.086258992785587e-05,0.0001097931774817577,0.0001226166329691599,0.00011983065619839789,neutral,Lumix s5 or Sony A7 iii for wedding videography? 
canon_eos_rebel_t7_dslr_camera_with_18_55mm_lens,1rftypq,5,10,0.3223123013973236,0.0,0.06229280392710027,0.06641973652677383,0.07809678969616102,0.45474008917808534,0.5415748745203018,0.46201664209365845,0.40472206473350525,0.7472785711288452,0.18180474638938904,0.1533069908618927,0.18180474638938904,0.40162575244903564,0,5,0.0,0.12168521247804165,0.6730116670092565,0.20197189726925563,1.0,0.75,0.6,1.0,0.0,0.0,0.0,31.15381196579321,16.0,1.366395261657597,3.0,1.8,1.0,1.25,0.0004584424488712102,0.0005964464507997036,0.0005451449775137007,1.5652148249500896e-06,2.0428376501513412e-06,1.9886635072907665e-06,3.4241729008499536e-05,5.196970596443862e-05,4.961953673046082e-05,2.215477579738945e-05,2.8116817702539265e-05,2.6494075427763164e-05,0.00010914949089055881,0.00013492289872374386,0.00012906174233648927,7.609641615999863e-05,8.479550888296217e-05,8.411549497395755e-05,0.0001169416792587678,0.0001494097915989793,0.0001366745094022311,gratitude,Beginner shooting maternity silhouettes on Canon EOS Rebel T7 — mode + settings advice?
canon_eos_rebel_t7_dslr_camera_with_18_55mm_lens,1qshlox,28,378,0.3072521409818104,0.03571428571428571,0.0541996681297213,0.04972026674640266,0.05007777859434357,0.44521791732342786,0.4553445053321344,0.442230985278175,0.4493238627910614,0.666782796382904,0.20051707327365875,0.18367165327072144,0.656764566898346,0.40152204036712646,0,28,0.0,0.060157326449240954,1.2351713199465557,0.37067692459296614,0.8214285714285714,0.48148148148148145,0.6785714285714286,0.07142857142857142,0.07142857142857142,0.21428571428571427,0.6428571428571429,13.86082425325391,13.25,0.8741060339889852,10.0,3.142857142857143,1.2142857142857142,4.612612612612613,0.10468944464394424,0.9553809762001038,0.40827788412570987,7.729115567453196e-05,0.0014064700808376074,7.164129019656699e-05,0.02965428750556904,0.6813192367553711,0.016523654409684275,0.00011243425784154429,0.001725846785120666,0.00013016661105211827,0.06567875632520424,0.9255961775779724,0.11508482918143276,0.0005403506277486615,0.005372317973524332,0.0007894798414781694,0.033458760752663706,0.3225370753849954,0.12158921926281145,neutral,Is this Canon EOS 2000D bundle good for a beginner? What else would I need?
ricoh_gr_iiix_hdf_digital_camera,4niwoa,14,91,0.29833903695855823,0.0,0.05851478210427922,0.041433451923596896,0.034967262382543454,0.5149144251922985,0.4686469465166658,0.4875210333656479,0.48184332251548767,0.6429548263549805,0.2489279806613922,0.23139217495918274,0.5443934798240662,0.43815484642982483,1,13,0.07142857142857142,0.10488945565053395,1.8662160235859526,0.5600544678117098,0.7142857142857143,0.9230769230769231,0.35714285714285715,0.42857142857142855,0.07142857142857142,0.0,0.5,32.97440256456204,22.5,0.8860683990477324,7.0,3.0714285714285716,1.2222222222222223,2.825,0.0023241299474778187,0.019380440935492516,0.0026415753178298472,3.913407925080849e-06,2.2481570340460166e-05,5.474148110806708e-06,0.0001266015703679711,0.0006699069635942578,0.00026673060201574104,0.0007947624404291023,0.009852186776697636,0.0005489058741659387,0.00016488864275743254,0.0004261727153789252,0.00028442122566048046,0.00012992535942300622,0.0005144750466570258,0.00019591176387621088,0.0005907035613967351,0.00514427733469347,0.0006307383838816349,neutral,An rumors of an upcoming Ricoh GR?
ricoh_gr_iv_digital_camera,4niwoa,14,91,0.29833903695855823,0.0,0.05851478210427922,0.041433451923596896,0.034967262382543454,0.5149144179873414,0.46864693898421067,0.4875210255056947,0.48184332251548767,0.6429548263549805,0.2489279806613922,0.23139217495918274,0.5443934202194214,0.43815484642982483,1,13,0.07142857142857142,0.10488945458616529,1.8662160235859526,0.5600544678117098,0.7142857142857143,0.9230769230769231,0.35714285714285715,0.42857142857142855,0.07142857142857142,0.0,0.5,32.97440256456204,22.5,0.8860683990477324,7.0,3.0714285714285716,1.2222222222222223,2.825,0.002324129930847058,0.019380440935492516,0.0026415753178298472,3.913407925080849e-06,2.2481570340460166e-05,5.474148110806708e-06,0.00012660156776941482,0.0006699069635942578,0.00026673060201574104,0.0007947624428977308,0.009852186776697636,0.0005489058741659387,0.00016488863132378486,0.0004261727153789252,0.00028442122566048046,0.0001299253547456049,0.0005144750466570258,0.00019591176387621088,0.0005907035559181123,0.00514427733469347,0.0006307383838816349,neutral,An rumors of an upcoming Ricoh GR?
ricoh_gr_iv_hdf_digital_camera,4niwoa,14,91,0.29833904121603283,0.0,0.05851478210427922,0.041433451923596896,0.034967262382543454,0.5149144474621657,0.4686469419316931,0.4875210435180874,0.48184338212013245,0.64295494556427,0.2489279806613922,0.23139217495918274,0.5443934798240662,0.43815484642982483,1,13,0.07142857142857142,0.10488945565053395,1.8662160235859526,0.5600544678117098,0.7142857142857143,0.9230769230769231,0.35714285714285715,0.42857142857142855,0.07142857142857142,0.0,0.5,32.97440256456204,22.5,0.8860683990477324,7.0,3.0714285714285716,1.2222222222222223,2.825,0.0023241299474778187,0.019380440935492516,0.0026415753178298472,3.913407925080849e-06,2.2481570340460166e-05,5.474148110806708e-06,0.0001266015703679711,0.0006699069635942578,0.00026673060201574104,0.0007947624404291023,0.009852186776697636,0.0005489058741659387,0.00016488864275743254,0.0004261727153789252,0.00028442122566048046,0.00012992535942300622,0.0005144750466570258,0.00019591176387621088,0.0005907035613967351,0.00514427733469347,0.0006307383838816349,neutral,An rumors of an upcoming Ricoh GR?
ricoh_gr_iv_monochrome_digital_camera,4niwoa,14,91,0.29833904121603283,0.0,0.05851478210427922,0.041433451923596896,0.034967262382543454,0.5149144458246755,0.468646947826658,0.4875210454830757,0.48184338212013245,0.64295494556427,0.2489279806613922,0.2313922941684723,0.5443934202194214,0.43815484642982483,1,13,0.07142857142857142,0.10488945565053395,1.8662160235859526,0.5600544678117098,0.7142857142857143,0.9230769230769231,0.35714285714285715,0.42857142857142855,0.07142857142857142,0.0,0.5,32.97440256456204,22.5,0.8860683990477324,7.0,3.0714285714285716,1.2222222222222223,2.825,0.0023241299474778187,0.019380440935492516,0.0026415753178298472,3.913407925080849e-06,2.2481570340460166e-05,5.474148110806708e-06,0.0001266015703679711,0.0006699069635942578,0.00026673060201574104,0.0007947624404291023,0.009852186776697636,0.0005489058741659387,0.00016488864275743254,0.0004261727153789252,0.00028442122566048046,0.00012992535942300622,0.0005144750466570258,0.00019591176387621088,0.0005907035613967351,0.00514427733469347,0.0006307383838816349,neutral,An rumors of an upcoming Ricoh GR?
canon_eos_r5_mirrorless_camera,ioysbk,44,946,0.31787167162429997,0.1951219512195122,0.04009741241786713,0.027797297496943145,0.023649690395602396,0.4989628124879732,0.45584075825473974,0.47207744911029526,0.47585588693618774,0.6452952027320862,0.18099726736545563,0.13143110275268555,0.7129746079444885,0.4485679864883423,3,41,0.06818181818181818,0.11751914769411087,1.5831132438035622,0.4750948625660205,1.0,0.6976744186046512,0.5909090909090909,0.2727272727272727,0.11363636363636363,0.09090909090909091,0.5227272727272727,81.8005883862126,85.25,1.127223892575432,8.0,3.522727272727273,1.48,4.173584905660378,0.05170944282012484,0.9715111255645752,0.09134581387043006,2.4215136146598194e-05,0.0005537312827073038,3.544593673723288e-05,0.00832673085849158,0.24822627007961273,0.0070819422602653665,0.0008932227980577326,0.023251203820109367,0.0006124299950897698,0.0301595579353902,0.9572348594665527,0.0042622776702046445,0.0004194142571908411,0.004809474106878042,0.0007970296661369507,0.01525543063423363,0.32208414433625876,0.02576547897873149,neutral,Lensrentals Canon EOS R5 teardown
ricoh_gr_iiix_hdf_digital_camera,1jkvfox,30,435,0.3117952694495519,0.1,0.0607885098549134,0.03346132180119274,0.024429693423486467,0.5154805537612959,0.5178756776212275,0.5153453543953512,0.5174449682235718,0.6184335947036743,0.37954196333885193,0.3792189657688141,0.6898359060287476,0.54692143201828,3,27,0.1,0.1297102087487777,1.7980847806211457,0.5396081708462138,0.9,0.8275862068965517,0.4,0.36666666666666664,0.1,0.13333333333333333,0.4,42.16245038209025,51.5,0.578889478930301,3.0,1.4,1.3333333333333333,1.5333333333333334,0.0023346124430342267,0.026211794465780258,0.0036756624700501612,3.605957878486758e-06,2.9930000891909003e-05,8.821226583677343e-06,0.00011965069406869589,0.0012178289471194148,0.00025825400516623655,0.0006884298568062756,0.010442444123327732,0.0004391447291709502,0.0002443511548335664,0.0029808583203703165,0.0002198619040427734,0.00012914479157188907,0.0008538234978914261,0.00016228996682912122,0.0005866324830321902,0.0059916057192216,0.00101095540123879,neutral,Anyone else prefer fixed lens cameras to interchangeable systems?
ricoh_gr_iv_digital_camera,1jkvfox,30,435,0.3117952694495519,0.1,0.0607885098549134,0.03346132180119274,0.024429693423486467,0.5154805534872515,0.5178756776897386,0.5153453543953512,0.5174449682235718,0.6184335947036743,0.3795419931411743,0.3792189657688141,0.6898359060287476,0.54692143201828,3,27,0.1,0.129710209214439,1.7980847806211457,0.5396081708462138,0.9,0.8275862068965517,0.4,0.36666666666666664,0.1,0.13333333333333333,0.4,42.16245038209025,51.5,0.578889478930301,3.0,1.4,1.3333333333333333,1.5333333333333334,0.0023346124430342267,0.026211794465780258,0.0036756624700501612,3.605957878486758e-06,2.9930000891909003e-05,8.821226583677343e-06,0.00011965069406869589,0.0012178289471194148,0.00025825400516623655,0.0006884298568062756,0.010442444123327732,0.0004391447291709502,0.0002443511548335664,0.0029808583203703165,0.0002198619040427734,0.00012914479157188907,0.0008538234978914261,0.00016228996682912122,0.0005866324830321902,0.0059916057192216,0.00101095540123879,neutral,Anyone else prefer fixed lens cameras to interchangeable systems?
ricoh_gr_iv_hdf_digital_camera,1jkvfox,30,435,0.3117952694495519,0.1,0.0607885098549134,0.03346132180119274,0.024429693423486467,0.5154805493080753,0.5178756695369194,0.5153453498051084,0.5174450278282166,0.6184336543083191,0.3795419931411743,0.3792189657688141,0.6898359060287476,0.54692143201828,3,27,0.1,0.1297102087487777,1.7980847806211457,0.5396081708462138,0.9,0.8275862068965517,0.4,0.36666666666666664,0.1,0.13333333333333333,0.4,42.16245038209025,51.5,0.578889478930301,3.0,1.4,1.3333333333333333,1.5333333333333334,0.0023346124430342267,0.026211794465780258,0.0036756624700501612,3.605957878486758e-06,2.9930000891909003e-05,8.821226583677343e-06,0.00011965069406869589,0.0012178289471194148,0.00025825400516623655,0.0006884298568062756,0.010442444123327732,0.0004391447291709502,0.0002443511548335664,0.0029808583203703165,0.0002198619040427734,0.00012914479157188907,0.0008538234978914261,0.00016228996682912122,0.0005866324830321902,0.0059916057192216,0.00101095540123879,neutral,Anyone else prefer fixed lens cameras to interchangeable systems?
ricoh_gr_iv_monochrome_digital_camera,1jkvfox,30,435,0.3117952694495519,0.1,0.0607885098549134,0.03346132180119274,0.024429693423486467,0.5154805464991208,0.5178756689888308,0.5153453477497758,0.5174450278282166,0.6184336543083191,0.37954196333885193,0.3792189657688141,0.6898359060287476,0.54692143201828,3,27,0.1,0.1297102087487777,1.7980847806211457,0.5396081708462138,0.9,0.8275862068965517,0.4,0.36666666666666664,0.1,0.13333333333333333,0.4,42.16245038209025,51.5,0.578889478930301,3.0,1.4,1.3333333333333333,1.5333333333333334,0.0023346124430342267,0.026211794465780258,0.0036756624700501612,3.605957878486758e-06,2.9930000891909003e-05,8.821226583677343e-06,0.00011965069406869589,0.0012178289471194148,0.00025825400516623655,0.0006884298568062756,0.010442444123327732,0.0004391447291709502,0.0002443511548335664,0.0029808583203703165,0.0002198619040427734,0.00012914479157188907,0.0008538234978914261,0.00016228996682912122,0.0005866324830321902,0.0059916057192216,0.00101095540123879,neutral,Anyone else prefer fixed lens cameras to interchangeable systems?
sony_a7_iv_mirrorless_camera,1ddual7,6,15,0.3043694893519084,0.0,0.0863926290326973,0.054713699936328734,0.04016822494311017,0.5442484200000763,0.599448041121165,0.5657483299573263,0.5621330142021179,0.6162691712379456,0.4914558231830597,0.4786396622657776,0.5682412385940552,0.7098240852355957,3,3,0.5,0.5359747416029373,1.5607104090414063,0.4683717353708719,0.5,1.0,0.3333333333333333,0.16666666666666666,0.3333333333333333,0.16666666666666666,0.3333333333333333,16.849002608133482,7.0,0.42836447308813935,3.0,1.6666666666666667,1.0,1.25,0.03741305624619903,0.1713799387216568,0.104743218049407,1.9571279400073156e-05,6.845288589829579e-05,4.664751213567797e-05,0.0017037062837819879,0.008654534816741943,0.004691093723522499,0.02613348097626537,0.13295355439186096,0.07827071193605661,0.0005582787004338267,0.0013280186103656888,0.0011558213154785335,0.0008538777741099087,0.003923583775758743,0.0023154844238888472,0.011113661876698365,0.05173020016930726,0.03118768448530318,neutral,Brand new camera shaving metal off the lens
canon_eos_rebel_t7_dslr_camera_with_18_55mm_lens,14rphqc,9,36,0.308931440114975,0.1111111111111111,0.04772551342141624,0.028922942336913393,0.022505444356925718,0.5418321490287781,0.5158702971206771,0.5220048510366015,0.5394615232944489,0.6155062317848206,0.3114219903945923,0.30339327454566956,0.5828514099121094,0.6134238243103027,0,9,0.0,0.022650145615140598,1.0027182645175161,0.3009173841088146,0.4444444444444444,0.625,0.6666666666666666,0.1111111111111111,0.1111111111111111,0.2222222222222222,0.5555555555555556,30.413609689101154,42.0,0.5836300366778473,1.0,1.0,0.0,0.0,0.15398438086978988,0.8537542223930359,0.3909414649009706,0.00016305713692569648,0.001385275274515152,0.0003261856501922014,0.08011793137080127,0.7112267017364502,0.14807832539081586,0.0001090157384169288,0.0005513258511200547,0.00025325897149741655,0.05450883251210649,0.2149234116077423,0.1939083516597748,0.0009732336410605866,0.0055524492636322975,0.002641971036791802,0.048309408544850135,0.29291441056799766,0.12432260727194569,neutral,Canon rebel T7
canon_eos_rebel_t7_dslr_camera_with_18_55mm_lens,10a2o0u,6,15,0.2933667053778966,0.0,0.03493146487344297,0.026765299346498465,0.02330317903974632,0.4769546091556549,0.5641744554042816,0.5102277080217997,0.5173614621162415,0.5885008573532104,0.3068479895591736,0.34586116671562195,0.3948597311973572,0.4901820421218872,1,5,0.16666666666666666,0.14046444029857716,1.7917594692280547,0.5377099345963751,0.8333333333333334,1.0,0.16666666666666666,0.5,0.3333333333333333,0.16666666666666666,0.0,30.388685760036125,48.0,0.7628958768209906,2.0,1.1666666666666667,1.0,1.0,0.0008337344722046206,0.0024615067522972822,0.0015690056898165494,1.9304923171148403e-06,2.795570026137284e-06,2.475724500072829e-06,5.329630039341282e-05,9.55588766373694e-05,8.657974103698507e-05,3.709815640225619e-05,6.089289308874868e-05,5.766861067968421e-05,0.00017043896029160047,0.00044811671250499785,0.00030082139710430056,0.00010135476501697364,0.00018916754925157875,0.00014242854376789182,0.00019964219110432975,0.0005399067319255361,0.00035308553771074003,caring,Beginner photographer
canon_eos_rebel_t7_dslr_with_18_55mm_and_75_300mm_lenses,10a2o0u,6,15,0.2933667053778966,0.0,0.03493146487344297,0.026765299346498465,0.02330317903974632,0.4769546111424764,0.5641744554042816,0.5102277080217997,0.5173614621162415,0.5885008573532104,0.3068479895591736,0.34586116671562195,0.3948597311973572,0.49018198251724243,1,5,0.16666666666666666,0.14046440925449133,1.7917594692280547,0.5377099345963751,0.8333333333333334,1.0,0.16666666666666666,0.5,0.3333333333333333,0.16666666666666666,0.0,30.388685760036125,48.0,0.7628958768209906,2.0,1.1666666666666667,1.0,1.0,0.0008337345643667504,0.0024615067522972822,0.0015690058353357017,1.9304923171148403e-06,2.795570026137284e-06,2.475724500072829e-06,5.3296293723785006e-05,9.55588766373694e-05,8.657974103698507e-05,3.709815518959658e-05,6.089289308874868e-05,5.7668636145535856e-05,0.0001704389796941541,0.00044811671250499785,0.00030082139710430056,0.00010135476744229284,0.00018916754925157875,0.00014242854376789182,0.00019964220878894892,0.0005399067319255361,0.0003530855149733725,caring,Beginner photographer
sony_a7r_v_mirrorless_camera,1aix6ol,13,78,0.30926140684347886,0.07692307692307693,0.052244284198442785,0.036127875609442285,0.02930788739034041,0.48689142671915203,0.521762014963688,0.5007110967850074,0.5034680068492889,0.5858066082000732,0.19202569127082825,0.18408846855163574,0.5426727533340454,0.4655039608478546,1,12,0.07692307692307693,0.10765877437706177,1.1786549963416462,0.35371628384227644,0.7692307692307693,0.5833333333333334,0.6153846153846154,0.46153846153846156,0.15384615384615385,0.07692307692307693,0.3076923076923077,40.81753306995855,87.0,0.6927257570619597,8.0,3.6153846153846154,1.375,3.4464285714285716,0.07632704729957578,0.9691599011421204,0.010559473745524886,6.734160968755112e-06,3.687217758852057e-05,1.946402990142815e-05,0.0008888883534942019,0.009187119081616402,0.001434939610771836,3.8033116652513854e-05,0.0001127050127252005,7.57749192416668e-05,0.07400220939934325,0.9590414762496948,0.0010561296017840508,0.00018282025065183497,0.0008033575722947717,0.0005536232376471166,0.02524095543011439,0.32178249194051506,0.0032384868257698462,neutral,Fujifilm GFX100 II vs Sony A7R V vs Phase One XF
hasselblad_x2d_ii_100c_medium_format_mirrorless_camera,1pk0w9u,47,1081,0.3047495807739014,0.0851063829787234,0.052905330774998274,0.036551593585507844,0.031194190773572057,0.49391161786886856,0.486583711715565,0.4822725932510995,0.49906179308891296,0.8062035441398621,0.27828356623649597,0.26154831051826477,0.790207028388977,0.5344567894935608,6,41,0.1276595744680851,0.16893469455077292,1.7150923407058103,0.514702004474399,0.8723404255319149,0.7608695652173914,0.48936170212765956,0.2978723404255319,0.0425531914893617,0.2127659574468085,0.44680851063829785,32.92973712533253,42.0,0.8193211460511535,6.0,2.404255319148936,1.1851851851851851,2.9130434782608696,0.022531894723602394,0.9363864660263062,0.007391873002052303,0.00013110946286437963,0.0059390501119196415,1.2847078505728852e-05,0.02080986435531157,0.9260531663894653,0.00031509355758316813,0.0006097732268167323,0.015860388055443764,0.0007932807668112212,0.004705946924235483,0.21129733324050903,0.0004884271242190152,0.00020434553493458302,0.002946867374703288,0.0003316560760140418,0.00816548903796086,0.34720751166848157,0.0017236493979908116,neutral,X2D II 100C - Off Camera Flash - what do you use?
canon_eos_r5_mirrorless_camera,ht5fgb,102,5151,0.30815154668128136,0.04950495049504951,0.04966348770656505,0.034436850795445055,0.02902829848316522,0.5005452424501868,0.5188718679008658,0.5047388495322316,0.5047274827957153,0.8143436908721924,0.22177518904209137,0.20817533135414124,0.7771185040473938,0.433604896068573,10,92,0.09803921568627451,0.13184238529271064,2.014245643472431,0.604478397805939,0.8627450980392157,0.8811881188118812,0.27450980392156865,0.37254901960784315,0.18627450980392157,0.14705882352941177,0.29411764705882354,44.155691657232204,50.0,0.9069433244135491,10.0,2.950980392156863,1.1935483870967742,3.1285714285714286,0.013403722007733807,0.8441566228866577,0.00839590532705188,1.0709504396363271e-05,0.0006755762151442468,7.684273623453937e-06,0.00016736004937567987,0.004280019085854292,0.0003459332190686842,0.007769320340230479,0.6716116666793823,0.0003964550342061569,0.0008701704032051459,0.025902334600687027,0.0005745409929659223,0.0009470387595844359,0.0582292340695858,0.0004597634106175982,0.003861386844087652,0.26102189563486417,0.0020974551202471063,neutral,"I got to try out the Canon R5 and R6 today, if anyone has any questions I'd be happy to answer what I can."
hasselblad_x2d_ii_100c_medium_format_mirrorless_camera,1pjq63l,59,1711,0.3130769919732521,0.06896551724137931,0.04952706438744606,0.037832836084947676,0.03387338759677074,0.5115619488169337,0.4807218073370302,0.4902640037687113,0.49300041794776917,0.8192402124404907,0.22020353376865387,0.1829575002193451,0.7375328540802002,0.47541525959968567,6,53,0.1016949152542373,0.146048904080891,1.9916475772474789,0.5976966813308707,0.8813559322033898,0.7586206896551724,0.4067796610169492,0.4915254237288136,0.05084745762711865,0.1694915254237288,0.288135593220339,41.641387716164,45.0,1.0454646277675217,7.0,2.6779661016949152,1.0555555555555556,2.477064220183486,0.004024461203775668,0.08560623973608017,0.0015426769619807607,2.7752829452256883e-06,3.2636809919495136e-05,3.4527359730418544e-06,0.00019114167495853647,0.006514300592243671,0.00014230028900783512,0.0007822505558733148,0.0443572923541069,5.5934001284185835e-05,0.0006583484641465722,0.01577908731997013,0.00029030976002104614,0.00014780767218079577,0.0015906683402135968,0.00012827250175178053,0.0009677974756466854,0.02233261939818476,0.0003511490184867703,neutral,Hasselblad X2D II & Leica Q3 43
kodak_pixpro_fz55_digital_camera_black,1ljz7ei,1,0,0.2960261106491089,0.0,0.0,0.0,0.0,0.0,0.0,0.0,0.0,0.0,0.0,0.0,0.0,0.0,0,1,0.0,0.01757471077144146,-0.0,0.0,0.0,0.0,1.0,0.0,0.0,0.0,1.0,0.0,0.0,0.0,1.0,1.0,0.0,0.0,0.0006663475069217384,0.0006663475069217384,0.0006663475069217384,1.5617912367815734e-06,1.5617912367815734e-06,1.5617912367815734e-06,4.055851240991615e-05,4.055851240991615e-05,4.055851240991615e-05,3.2415649911854416e-05,3.2415649911854416e-05,3.2415649911854416e-05,0.00014637474669143558,0.00014637474669143558,0.00014637474669143558,7.453426223946735e-05,7.453426223946735e-05,7.453426223946735e-05,0.00016029874490186558,0.00016029874490186558,0.00016029874490186558,disapproval,Looking for a simple camera for causal use
kodak_pixpro_fz55_digital_camera_red,1ljz7ei,1,0,0.29602617025375366,0.0,0.0,0.0,0.0,0.0,0.0,0.0,0.0,0.0,0.0,0.0,0.0,0.0,0,1,0.0,0.01757471077144146,-0.0,0.0,0.0,0.0,1.0,0.0,0.0,0.0,1.0,0.0,0.0,0.0,1.0,1.0,0.0,0.0,0.0006663475069217384,0.0006663475069217384,0.0006663475069217384,1.5617912367815734e-06,1.5617912367815734e-06,1.5617912367815734e-06,4.055851240991615e-05,4.055851240991615e-05,4.055851240991615e-05,3.2415649911854416e-05,3.2415649911854416e-05,3.2415649911854416e-05,0.00014637474669143558,0.00014637474669143558,0.00014637474669143558,7.453426223946735e-05,7.453426223946735e-05,7.453426223946735e-05,0.00016029874490186558,0.00016029874490186558,0.00016029874490186558,disapproval,Looking for a simple camera for causal use
sony_a7_iv_mirrorless_camera_with_basic_bundle,1fhi9t1,41,820,0.3181257140942109,0.1794871794871795,0.045467054671524045,0.027745319053637158,0.021704778206900456,0.4961594316290646,0.49098303417970496,0.4905302550734543,0.4997676610946655,0.6363748908042908,0.28373581171035767,0.27609050273895264,0.7610080242156982,0.5253256559371948,0,41,0.0,0.04742927656213685,1.63756561889421,0.49143610900643925,0.8292682926829268,0.7,0.5609756097560976,0.14634146341463414,0.04878048780487805,0.14634146341463414,0.6585365853658537,62.39376217696825,70.0,0.872491217345054,7.0,1.9024390243902438,1.6,2.7540983606557377,0.014021958952780994,0.2326156049966812,0.008988337591290474,6.105193359339532e-06,8.111260831356049e-05,1.3627160114992876e-05,0.002862724589937077,0.11177477985620499,0.0003894813125953078,0.0012335775390078553,0.02913106605410576,0.0007448784890584648,0.005363350596226377,0.15661107003688812,0.0010146201821044087,0.0002626916681126714,0.0028572906740009785,0.0006542053888551891,0.003958401423237386,0.06524327759264754,0.0019132731187407141,neutral,Dealing with high ISO images
sony_a7r_v_mirrorless_camera,1m2dw57,5,10,0.2971114873886108,0.0,0.04326982047692625,0.020511164201293407,0.013173874071711384,0.5649150729179382,0.4824286848306656,0.5173490434885025,0.5164993405342102,0.55411297082901,0.49969372153282166,0.485343337059021,0.49969372153282166,0.6532307863235474,0,5,0.0,0.026845512539148332,1.3321790402101223,0.399789099421175,0.8,1.0,0.4,0.8,0.0,0.2,0.0,122.38398588050644,159.0,0.8417055425069219,1.0,1.0,0.0,0.0,0.0005812429124489426,0.0007924468955025077,0.0007058619055896998,2.1389811763583564e-06,3.182462023687549e-06,2.8858165023848413e-06,5.407344615377951e-05,9.2334630608093e-05,7.673858344787731e-05,2.768102094705682e-05,4.561223977361806e-05,3.745422072825022e-05,0.00010901735804509371,0.00013580523955170065,0.00013051027490291746,8.534359512850642e-05,0.0001034103988786228,0.0001006409918772988,0.00014324955231662294,0.0001932590757860453,0.00017077891000856957,admiration,Need Help Choosing a Camera—Feeling Super Anxious and Indecisive
canon_eos_r5_mirrorless_camera,1mfw403,5,10,0.29948690533638,0.0,0.038896446237910595,0.016124082764937483,0.010180764861130436,0.48417394459247587,0.4671453297138214,0.4739987522363663,0.4872859716415405,0.5248079895973206,0.34712299704551697,0.372009813785553,0.34712302684783936,0.46313750743865967,1,4,0.2,0.16587059199810028,0.5004024235381879,0.15017158220936364,1.0,0.5,0.8,0.6,0.2,0.0,0.2,161.61806829683368,171.0,0.7587702736940548,2.0,1.2,1.0,1.0,0.0027015879517421127,0.00875262450426817,0.0062498321756720545,4.729123361357779e-06,9.996518201660365e-06,8.457505646219943e-06,0.0001130921686126385,0.00023031052842270583,0.0002000398613745347,0.0010392646949185292,0.005044516175985336,0.003050507993611973,0.000264727245667018,0.0005247008521109819,0.00046810997882857925,0.00028762522561009973,0.0007831502589397132,0.0006167287472635508,0.000735171068318626,0.002464627979255359,0.001742377768490163,neutral,Settings to make Canon EOS R5 work as efficiently as possible?
sony_rx100_vii_digital_camera_with_basic_bundle,1sfk0fr,7,21,0.2924588067190988,0.0,0.05682722295858495,0.035044536594784174,0.025537247219011266,0.5289912308965411,0.508864871093205,0.5141004621982574,0.5190672874450684,0.5934520363807678,0.49962857365608215,0.4929805397987366,0.5895857214927673,0.6706570982933044,0,7,0.0,0.030752093132053102,1.15374194270109,0.3462398358738274,1.0,0.8333333333333334,0.5714285714285714,0.42857142857142855,0.2857142857142857,0.2857142857142857,0.0,32.3494945233827,38.5,0.5851329758751393,3.0,1.5714285714285714,1.0,1.25,0.0017922945595013776,0.009883732534945011,0.004325013398192826,3.4621034988699e-06,1.480806076870067e-05,6.917280165907873e-06,8.044962513460112e-05,0.00035401081549935043,0.0001672157071880066,0.0006811749218676206,0.004634709097445011,0.0018718794912274477,0.000133482064744125,0.00031519518233835697,0.00020792878058273353,0.000134884993063419,0.00048316075117327273,0.00025335562677355496,0.0004709580446350022,0.0026142694070282837,0.001137825430093169,neutral,need advice for a point&shoot with good zoom!
kodak_pixpro_fz55_digital_camera_red,1rbmpbm,1,0,0.060059864073991776,0.0,0.0,0.0,0.0,0.0,0.0,0.0,0.0,0.0,0.0,0.0,0.0,0.0,0,1,0.0,0.030087057501077652,-0.0,0.0,1.0,0.0,1.0,1.0,0.0,0.0,0.0,0.0,0.0,0.0,1.0,1.0,0.0,0.0,0.0019531957805156708,0.0019531957805156708,0.0019531957805156708,2.5369524792040465e-06,2.5369524792040465e-06,2.5369524792040465e-06,0.00011860109952976927,0.00011860109952976927,0.00011860109952976927,3.2927706342888996e-05,3.2927706342888996e-05,3.2927706342888996e-05,0.0003896606795024127,0.0003896606795024127,0.0003896606795024127,0.00013259980187285691,0.00013259980187285691,0.00013259980187285691,0.0004382536700404671,0.0004382536700404671,0.0004382536700404671,gratitude,For sale: Kodak pixpro fz55
ricoh_gr_iv_digital_camera,sn80vk,30,435,0.29858372708161673,0.06666666666666667,0.05579773525280427,0.03776737475288303,0.03167600569237145,0.5148417435158258,0.5032961643290246,0.5058121005008961,0.5184890031814575,0.745919942855835,0.33172979950904846,0.3254063129425049,0.6714755296707153,0.549281120300293,5,25,0.16666666666666666,0.20362168277303377,1.5641315026219942,0.4693984111256586,0.8666666666666667,0.6896551724137931,0.5333333333333333,0.3333333333333333,0.06666666666666667,0.2,0.4,61.934230348724675,43.25,1.2778727032061488,3.0,1.2,1.25,1.2857142857142858,0.0034890212351456284,0.06608147919178009,0.0013473434955813006,3.3610525141133015e-06,2.2548842025571503e-05,3.888962146447745e-06,0.00010990221241324131,0.0009064072510227561,0.00016852660628501327,0.0008949080771950927,0.01599927991628647,0.000137256854213775,0.00020523175699054262,0.001981121953576803,0.00019853993289871142,0.00017638676484542278,0.002185204066336155,0.00018205380765721208,0.000813135183184007,0.014527391119978953,0.00032131555525059764,neutral,How do you travel with camera gear if the primary goal isn't photography?
ricoh_gr_iv_hdf_digital_camera,sn80vk,30,435,0.2985837290684382,0.06666666666666667,0.05579773525280427,0.03776737475288303,0.03167600569237145,0.5148417331706518,0.5032961636439137,0.505812097212364,0.5184890031814575,0.745919942855835,0.33172979950904846,0.3254062831401825,0.6714755296707153,0.5492810606956482,5,25,0.16666666666666666,0.20362169692913692,1.5641315026219942,0.4693984111256586,0.8666666666666667,0.6896551724137931,0.5333333333333333,0.3333333333333333,0.06666666666666667,0.2,0.4,61.934230348724675,43.25,1.2778727032061488,3.0,1.2,1.25,1.2857142857142858,0.0034890211827587336,0.06608147919178009,0.0013473434955813006,3.361052301897871e-06,2.2548842025571503e-05,3.888962146447745e-06,0.00010990221059425191,0.0009064072510227561,0.00016852660628501327,0.000894908073314582,0.01599927991628647,0.000137256854213775,0.00020523175699054262,0.001981121953576803,0.00019853993289871142,0.00017638676217757165,0.002185204066336155,0.00018205380765721208,0.0008131351730229301,0.014527391119978953,0.00032131555525059764,neutral,How do you travel with camera gear if the primary goal isn't photography?
canon_eos_r5_mirrorless_camera,10c450,79,3081,0.3207881732990867,0.25,0.044215843433290214,0.030400723726672775,0.025639824320723346,0.48333363864221424,0.4837062432177072,0.4796265656783263,0.48284292221069336,0.6581001877784729,0.24465559422969818,0.22939148545265198,0.8352686762809753,0.4744020998477936,8,71,0.10126582278481013,0.1382397661645767,1.611208813053441,0.4835263886515553,0.8734177215189873,0.6538461538461539,0.5822784810126582,0.189873417721519,0.06329113924050633,0.16455696202531644,0.5822784810126582,48.738411783805795,47.0,0.9575564613082959,8.0,3.1772151898734178,1.3695652173913044,3.28525641025641,0.05577739145454974,0.930903434753418,0.04951508194208156,0.00014485582000038966,0.006617285311222076,1.1021972932212522e-05,0.02778317487057773,0.8946782350540161,0.0011537800775840885,5.244164449207726e-05,0.000634197611361742,9.168505785055459e-05,0.02404266616157875,0.785476803779602,0.017925743013620484,0.0003336293639797906,0.005295616574585438,0.00042217222508043054,0.018022359885863086,0.33203427339321934,0.013606918401971323,neutral,Rumors speak of a 46.1 megapixel Canon camera to combat the Nikon D800.
ricoh_gr_iiix_hdf_digital_camera,4fn2s4,10,45,0.31754057109355927,0.2,0.04914104500454174,0.028885816856713372,0.021621497992138937,0.550502081712087,0.48873431351449753,0.5119119630919562,0.5198332667350769,0.6228495836257935,0.44296184182167053,0.4505600035190582,0.6486701965332031,0.650399923324585,1,9,0.1,0.10604682825505733,1.313834033192747,0.39428373294040914,0.8,0.7777777777777778,0.3,0.9,0.1,0.0,0.0,44.340613437344324,29.75,0.6832143827017615,2.0,1.3,1.0,1.0,0.0006632407079450786,0.002112952759489417,0.0007831488386727864,2.306603607848956e-06,6.722679700033041e-06,3.19323339681432e-06,7.432388738379814e-05,0.0003825104213319719,0.0001043169671902432,2.7869480072695295e-05,5.168275674805045e-05,4.270987374184187e-05,0.00012372176715871319,0.00027035074890591204,0.00016251059714704748,9.572694907546974e-05,0.00019095312745776027,0.0001075232910807244,0.00016453156587393402,0.0005025287489388575,0.00019173812759163398,neutral,Purchase advice
ricoh_gr_iv_hdf_digital_camera,4fn2s4,10,45,0.31754058301448823,0.2,0.04914104500454174,0.028885816856713372,0.021621497992138937,0.5505021101898617,0.48873436119821334,0.5119120101133983,0.5198333859443665,0.6228494644165039,0.44296184182167053,0.4505600035190582,0.6486701965332031,0.650399923324585,1,9,0.1,0.10604682825505733,1.313834033192747,0.39428373294040914,0.8,0.7777777777777778,0.3,0.9,0.1,0.0,0.0,44.340613437344324,29.75,0.6832143827017615,2.0,1.3,1.0,1.0,0.0006632407079450786,0.002112952759489417,0.0007831488386727864,2.306603607848956e-06,6.722679700033041e-06,3.19323339681432e-06,7.432388738379814e-05,0.0003825104213319719,0.0001043169671902432,2.7869480072695295e-05,5.168275674805045e-05,4.270987374184187e-05,0.00012372176715871319,0.00027035074890591204,0.00016251059714704748,9.572694907546974e-05,0.00019095312745776027,0.0001075232910807244,0.00016453156587393402,0.0005025287489388575,0.00019173812759163398,neutral,Purchase advice
ricoh_gr_iv_monochrome_digital_camera,4fn2s4,10,45,0.3175405740737915,0.2,0.04914104500454174,0.028885816856713372,0.021621497992138937,0.550502108865314,0.48873436053593955,0.5119120101133983,0.5198333859443665,0.6228494644165039,0.44296184182167053,0.4505600929260254,0.6486701965332031,0.650399923324585,1,9,0.1,0.10604682825505733,1.313834033192747,0.39428373294040914,0.8,0.7777777777777778,0.3,0.9,0.1,0.0,0.0,44.340613437344324,29.75,0.6832143827017615,2.0,1.3,1.0,1.0,0.0006632407079450786,0.002112952759489417,0.0007831488386727864,2.306603607848956e-06,6.722679700033041e-06,3.19323339681432e-06,7.432388738379814e-05,0.0003825104213319719,0.0001043169671902432,2.7869480072695295e-05,5.168275674805045e-05,4.270987374184187e-05,0.00012372176715871319,0.00027035074890591204,0.00016251059714704748,9.572694907546974e-05,0.00019095312745776027,0.0001075232910807244,0.00016453156587393402,0.0005025287489388575,0.00019173812759163398,neutral,Purchase advice
ricoh_gr_iiix_hdf_digital_camera,c42pz,14,91,0.31337760388851166,0.0,0.042085134369904055,0.02797279542131675,0.022989414464655737,0.48260235688188574,0.5238984390929505,0.4947246152621049,0.49894317984580994,0.6429834961891174,0.30770960450172424,0.3039434254169464,0.5877910256385803,0.5321013927459717,2,12,0.14285714285714285,0.16246697692466633,1.9701814400260846,0.591254658593117,1.0,0.8461538461538461,0.21428571428571427,0.5,0.2857142857142857,0.07142857142857142,0.14285714285714285,51.411753202423846,50.0,0.9661269058173608,5.0,2.357142857142857,1.4285714285714286,2.871794871794872,0.00803823779486785,0.06747423857450485,0.027497359819244567,9.021675306744978e-06,8.483328565489501e-05,1.461433660097099e-05,0.0021124739315772395,0.028712956234812737,0.000273438742442522,0.00202449913831515,0.02174331806600094,0.004338463082967788,0.0003717264002521655,0.0031174360774457455,0.0005903947399929161,0.0002282816681794689,0.0017759492620825768,0.0003375009153387507,0.002130706768083103,0.017660333622188773,0.007485666950291632,gratitude,Ask Photo: Any thoughts on the Ricoh GR Digital III?
ricoh_gr_iv_digital_camera,c42pz,14,91,0.31337760388851166,0.0,0.042085134369904055,0.02797279542131675,0.022989414464655737,0.48260235426190135,0.5238984345079778,0.4947246119871244,0.4989430606365204,0.6429834961891174,0.30770960450172424,0.3039434254169464,0.5877910852432251,0.5321013927459717,2,12,0.14285714285714285,0.1624669742637447,1.9701814400260846,0.591254658593117,1.0,0.8461538461538461,0.21428571428571427,0.5,0.2857142857142857,0.07142857142857142,0.14285714285714285,51.411753202423846,50.0,0.9661269058173608,5.0,2.357142857142857,1.4285714285714286,2.871794871794872,0.00803823779486785,0.06747423857450485,0.027497359819244567,9.021675306744978e-06,8.483328565489501e-05,1.461433660097099e-05,0.0021124739315772395,0.028712956234812737,0.000273438742442522,0.00202449913831515,0.02174331806600094,0.004338463082967788,0.0003717264002521655,0.0031174360774457455,0.0005903947399929161,0.0002282816681794689,0.0017759492620825768,0.0003375009153387507,0.002130706768083103,0.017660333622188773,0.007485666950291632,gratitude,Ask Photo: Any thoughts on the Ricoh GR Digital III?
ricoh_gr_iv_hdf_digital_camera,c42pz,14,91,0.31337760388851166,0.0,0.042085134369904055,0.02797279542131675,0.022989414464655737,0.48260239290667106,0.5238984548128568,0.494724649976898,0.49894312024116516,0.6429834961891174,0.30770963430404663,0.3039434254169464,0.5877910256385803,0.5321013927459717,2,12,0.14285714285714285,0.16246697692466633,1.9701814400260846,0.591254658593117,1.0,0.8461538461538461,0.21428571428571427,0.5,0.2857142857142857,0.07142857142857142,0.14285714285714285,51.411753202423846,50.0,0.9661269058173608,5.0,2.357142857142857,1.4285714285714286,2.871794871794872,0.00803823779486785,0.06747423857450485,0.027497359819244567,9.021675306744978e-06,8.483328565489501e-05,1.461433660097099e-05,0.0021124739315772395,0.028712956234812737,0.000273438742442522,0.00202449913831515,0.02174331806600094,0.004338463082967788,0.0003717264002521655,0.0031174360774457455,0.0005903947399929161,0.0002282816681794689,0.0017759492620825768,0.0003375009153387507,0.002130706768083103,0.017660333622188773,0.007485666950291632,gratitude,Ask Photo: Any thoughts on the Ricoh GR Digital III?
ricoh_gr_iv_monochrome_digital_camera,c42pz,14,91,0.31337760388851166,0.0,0.042085134369904055,0.02797279542131675,0.022989414464655737,0.48260239290667106,0.5238984548128568,0.4947246496494,0.49894312024116516,0.6429834961891174,0.30770960450172424,0.3039434254169464,0.5877910852432251,0.5321013927459717,2,12,0.14285714285714285,0.16246697692466633,1.9701814400260846,0.591254658593117,1.0,0.8461538461538461,0.21428571428571427,0.5,0.2857142857142857,0.07142857142857142,0.14285714285714285,51.411753202423846,50.0,0.9661269058173608,5.0,2.357142857142857,1.4285714285714286,2.871794871794872,0.00803823779486785,0.06747423857450485,0.027497359819244567,9.021675306744978e-06,8.483328565489501e-05,1.461433660097099e-05,0.0021124739315772395,0.028712956234812737,0.000273438742442522,0.00202449913831515,0.02174331806600094,0.004338463082967788,0.0003717264002521655,0.0031174360774457455,0.0005903947399929161,0.0002282816681794689,0.0017759492620825768,0.0003375009153387507,0.002130706768083103,0.017660333622188773,0.007485666950291632,gratitude,Ask Photo: Any thoughts on the Ricoh GR Digital III?
canon_eos_rebel_t7_dslr_with_18_55mm_and_75_300mm_lenses,151ct7a,57,1596,0.3046558279740183,0.05263157894736842,0.049289045654001315,0.03252623743756315,0.026477257009242583,0.5029763686925846,0.5093429589686089,0.5012941626005603,0.505587637424469,0.7515400648117065,0.21953034400939941,0.21177394688129425,0.6840705275535583,0.4261769652366638,3,54,0.05263157894736842,0.10213714690977022,1.7910526973533498,0.5374978312057977,0.8596491228070176,0.8928571428571429,0.43859649122807015,0.3684210526315789,0.15789473684210525,0.14035087719298245,0.3333333333333333,98.74888952549136,41.0,1.490647961587131,8.0,3.4035087719298245,1.2105263157894737,4.153256704980843,0.01871844998707897,0.45363032817840576,0.0017997317714616655,1.0247092929379856e-05,0.0004332583339419216,3.851195197057676e-06,0.007923009582794438,0.43544629216194153,0.00010896793683059513,8.993882658072388e-05,0.0014204455073922873,0.00015158231253735704,0.007525778557209649,0.2283153235912323,0.00023956725199241187,0.00013162166048954403,0.001215085736475885,0.00018598934402689336,0.005733174284513785,0.15474540911479076,0.00041432532244319487,neutral,Blurry pictures in extremely low lights
sony_a7_iv_mirrorless_camera,8myxwn,50,1225,0.31524466120061423,0.09523809523809523,0.05647162274265727,0.04456798986283939,0.04026065476592309,0.5078032956074695,0.5134140413148063,0.5080865767537331,0.5126484632492065,0.6666062474250793,0.21491046249866486,0.19469226896762848,0.6764058470726013,0.38204169273376465,0,50,0.0,0.037323969677090646,1.5612663862001626,0.46853858502162365,0.96,0.6326530612244898,0.6,0.12,0.22,0.22,0.44,14.819500666351752,20.5,0.5770833592816103,5.0,2.08,1.5238095238095237,2.4690265486725664,0.00952093239990063,0.21888133883476257,0.010805830359458923,8.087858620910993e-06,0.00023950569448061287,8.31454735816806e-06,0.0030530865857144817,0.14785489439964294,0.00036308876296970994,0.002078211875632405,0.04077621549367905,0.0003816693526459863,0.0003935011802241206,0.008318315260112286,0.0006309088028501722,0.0002211365550465416,0.0024857858661562204,0.0003779283957555891,0.0025458260758565152,0.06267209456321628,0.0024110598190645763,neutral,Sony's new mirrorless camera EVF is 60 percent sharper and has a 240hz refresh rate.
sony_a7r_v_mirrorless_camera,8myxwn,50,1225,0.31524466120061423,0.09523809523809523,0.05647162274265727,0.04456798986283939,0.04026065476592309,0.5078032922014898,0.5134140384197236,0.5080865735910377,0.5126484632492065,0.6666061878204346,0.21491044759750366,0.19469226896762848,0.6764059066772461,0.3820416331291199,0,50,0.0,0.037323967330157755,1.5612663862001626,0.46853858502162365,0.96,0.6326530612244898,0.6,0.12,0.22,0.22,0.44,14.819500666351752,20.5,0.5770833592816103,5.0,2.08,1.5238095238095237,2.4690265486725664,0.00952093239990063,0.21888133883476257,0.010805830359458923,8.087858620910993e-06,0.00023950569448061287,8.31454735816806e-06,0.0030530865857144817,0.14785489439964294,0.00036308876296970994,0.002078211875632405,0.04077621549367905,0.0003816693526459863,0.0003935011802241206,0.008318315260112286,0.0006309088028501722,0.0002211365550465416,0.0024857858661562204,0.0003779283957555891,0.0025458260758565152,0.06267209456321628,0.0024110598190645763,neutral,Sony's new mirrorless camera EVF is 60 percent sharper and has a 240hz refresh rate.
sony_a9_ii_mirrorless_camera,8myxwn,50,1225,0.3152446647485097,0.09523809523809523,0.05647162274265727,0.04456798986283939,0.04026065476592309,0.5078032257362288,0.5134140087633717,0.5080865276589686,0.5126484632492065,0.6666061878204346,0.21491044759750366,0.19469226896762848,0.6764058470726013,0.38204169273376465,0,50,0.0,0.0373239679262042,1.5612663862001626,0.46853858502162365,0.96,0.6326530612244898,0.6,0.12,0.22,0.22,0.44,14.819500666351752,20.5,0.5770833592816103,5.0,2.08,1.5238095238095237,2.4690265486725664,0.00952093239990063,0.21888133883476257,0.010805830359458923,8.087858620910993e-06,0.00023950569448061287,8.31454735816806e-06,0.0030530865857144817,0.14785489439964294,0.00036308876296970994,0.002078211875632405,0.04077621549367905,0.0003816693526459863,0.0003935011802241206,0.008318315260112286,0.0006309088028501722,0.0002211365550465416,0.0024857858661562204,0.0003779283957555891,0.0025458260758565152,0.06267209456321628,0.0024110598190645763,neutral,Sony's new mirrorless camera EVF is 60 percent sharper and has a 240hz refresh rate.
leica_d_lux_8_digital_camera,1qwsvi6,4,6,0.2963487058877945,0.0,0.026305394559686068,0.02134190370350328,0.019510448166587965,0.4377550482749939,0.4205059657494227,0.4283582667509715,0.42200274765491486,0.5219524502754211,0.3552670478820801,0.39062029123306274,0.3552670478820801,0.5512378215789795,0,4,0.0,0.0446856371127069,0.5623351446188083,0.16875769266311968,0.5,0.6666666666666666,0.75,0.0,0.0,0.25,0.75,20.0187412191676,29.5,0.6355155942592889,2.0,1.25,1.0,1.0,0.0029408717309706844,0.007728956174105406,0.006109722098335624,3.692975298008605e-06,8.54330664878944e-06,6.835620683887102e-06,0.0005124106100993231,0.0018020473653450608,0.0012980885017896075,6.597383617190644e-05,0.0001810415560612455,0.00013664256366610066,0.00046107904381642584,0.0009348997264169157,0.0008487212238833309,0.00014513848327624146,0.000213422259548679,0.00020401992078404875,0.0006881944466054317,0.0018114850646876828,0.0014325694815606011,neutral,Opinions on Fuji vs. Leica D-Lux 8
sony_a7_iv_mirrorless_camera_with_28_70mm_lens,1sea2aw,16,120,0.29818619415163994,0.0625,0.048054308594104006,0.034660160571645,0.029772478259090965,0.5276050694286823,0.5143738329410553,0.5125836374859015,0.5100875198841095,0.6384971737861633,0.23335906863212585,0.2475453019142151,0.5990033745765686,0.4900509715080261,0,16,0.0,0.03795947530306876,1.2468296415485096,0.37417560589129406,0.875,0.6,0.625,0.25,0.125,0.1875,0.4375,27.404094128432707,43.75,0.7482346519708589,4.0,1.875,1.5,2.08,0.033637306645687204,0.46215179562568665,0.0341874819714576,2.9354422764527044e-05,0.00039132373058237135,2.8230991347300005e-05,0.022130062176870524,0.33175861835479736,0.010882331323955441,7.255857985910552e-05,0.0004313692625146359,0.00018953501785290428,0.0041363596033079375,0.045149315148591995,0.009737532498547807,0.000216101586829609,0.001473144395276904,0.0004450445521797519,0.01003695716921982,0.14020458880016426,0.009254691386388458,neutral,What happens if I use this lens on a full frame camera?
